retrieval_id,ticker,company,sample_role,construct,condition_component,source_id,source_file,retrieval_operator,query_or_seed,rank_or_path_depth,score,included_in_conditions,context_word_count,notes
T-NKE-REVENUE-01,NKE,"Nike, Inc.",main_deep_case,revenue,text,T-NKE-REVENUE-071,nke-20250531.htm,keyword-ranked text retrieval over extracted 10-K chunks,revenue recognition; revenue; sales; returns; refund; contract liabilities; deferred revenue; gift card; stored value; loyalty; breakage; customer incentives; receivables; wholesale; licensed; digital,1,12,text; hybrid,77,Prompt rendering may truncate long text chunks.
T-NKE-REVENUE-02,NKE,"Nike, Inc.",main_deep_case,revenue,text,T-NKE-REVENUE-021,nke-20250531.htm,keyword-ranked text retrieval over extracted 10-K chunks,revenue recognition; revenue; sales; returns; refund; contract liabilities; deferred revenue; gift card; stored value; loyalty; breakage; customer incentives; receivables; wholesale; licensed; digital,2,10,text; hybrid,238,Prompt rendering may truncate long text chunks.
T-NKE-REVENUE-03,NKE,"Nike, Inc.",main_deep_case,revenue,text,T-NKE-REVENUE-062,nke-20250531.htm,keyword-ranked text retrieval over extracted 10-K chunks,revenue recognition; revenue; sales; returns; refund; contract liabilities; deferred revenue; gift card; stored value; loyalty; breakage; customer incentives; receivables; wholesale; licensed; digital,3,9,text; hybrid,50,Prompt rendering may truncate long text chunks.
T-NKE-REVENUE-04,NKE,"Nike, Inc.",main_deep_case,revenue,text,T-NKE-REVENUE-065,nke-20250531.htm,keyword-ranked text retrieval over extracted 10-K chunks,revenue recognition; revenue; sales; returns; refund; contract liabilities; deferred revenue; gift card; stored value; loyalty; breakage; customer incentives; receivables; wholesale; licensed; digital,4,9,text; hybrid,55,Prompt rendering may truncate long text chunks.
T-NKE-REVENUE-05,NKE,"Nike, Inc.",main_deep_case,revenue,text,T-NKE-REVENUE-068,nke-20250531.htm,keyword-ranked text retrieval over extracted 10-K chunks,revenue recognition; revenue; sales; returns; refund; contract liabilities; deferred revenue; gift card; stored value; loyalty; breakage; customer incentives; receivables; wholesale; licensed; digital,5,9,text; hybrid,51,Prompt rendering may truncate long text chunks.
F-NKE-REVENUE-01,NKE,"Nike, Inc.",main_deep_case,revenue,xbrl_fact,F-NKE-0003,nke-20250531_htm.xml,seed-pattern concept selection from extracted XBRL instance,Revenue; SalesRevenue; ContractWithCustomer; DeferredRevenue; RefundLiability; Receivable; Customer; StoredValue; Loyalty; Gift,1,3,xbrl; hybrid,24,concept=RevenueFromContractWithCustomerExcludingAssessedTax period=duration:2022-06-01/2023-05-31
F-NKE-REVENUE-02,NKE,"Nike, Inc.",main_deep_case,revenue,xbrl_fact,F-NKE-0181,nke-20250531_htm.xml,seed-pattern concept selection from extracted XBRL instance,Revenue; SalesRevenue; ContractWithCustomer; DeferredRevenue; RefundLiability; Receivable; Customer; StoredValue; Loyalty; Gift,2,3,xbrl; hybrid,40,concept=RevenueFromContractWithCustomerExcludingAssessedTax period=duration:2022-06-01/2023-05-31
F-NKE-REVENUE-03,NKE,"Nike, Inc.",main_deep_case,revenue,xbrl_fact,F-NKE-0182,nke-20250531_htm.xml,seed-pattern concept selection from extracted XBRL instance,Revenue; SalesRevenue; ContractWithCustomer; DeferredRevenue; RefundLiability; Receivable; Customer; StoredValue; Loyalty; Gift,3,3,xbrl; hybrid,40,concept=RevenueFromContractWithCustomerExcludingAssessedTax period=duration:2022-06-01/2023-05-31
F-NKE-REVENUE-04,NKE,"Nike, Inc.",main_deep_case,revenue,xbrl_fact,F-NKE-0253,nke-20250531_htm.xml,seed-pattern concept selection from extracted XBRL instance,Revenue; SalesRevenue; ContractWithCustomer; DeferredRevenue; RefundLiability; Receivable; Customer; StoredValue; Loyalty; Gift,4,3,xbrl; hybrid,23,concept=ContractWithCustomerRefundLiabilityCurrent period=instant:2024-05-31
F-NKE-REVENUE-05,NKE,"Nike, Inc.",main_deep_case,revenue,xbrl_fact,F-NKE-0252,nke-20250531_htm.xml,seed-pattern concept selection from extracted XBRL instance,Revenue; SalesRevenue; ContractWithCustomer; DeferredRevenue; RefundLiability; Receivable; Customer; StoredValue; Loyalty; Gift,5,3,xbrl; hybrid,23,concept=ContractWithCustomerRefundLiabilityCurrent period=instant:2025-05-31
F-NKE-REVENUE-06,NKE,"Nike, Inc.",main_deep_case,revenue,xbrl_fact,F-NKE-0011,nke-20250531_htm.xml,seed-pattern concept selection from extracted XBRL instance,Revenue; SalesRevenue; ContractWithCustomer; DeferredRevenue; RefundLiability; Receivable; Customer; StoredValue; Loyalty; Gift,6,1,xbrl; hybrid,23,concept=AccountsReceivableNetCurrent period=instant:2024-05-31
F-NKE-REVENUE-07,NKE,"Nike, Inc.",main_deep_case,revenue,xbrl_fact,F-NKE-0010,nke-20250531_htm.xml,seed-pattern concept selection from extracted XBRL instance,Revenue; SalesRevenue; ContractWithCustomer; DeferredRevenue; RefundLiability; Receivable; Customer; StoredValue; Loyalty; Gift,7,1,xbrl; hybrid,23,concept=AccountsReceivableNetCurrent period=instant:2025-05-31
F-NKE-REVENUE-08,NKE,"Nike, Inc.",main_deep_case,revenue,xbrl_fact,F-NKE-0024,nke-20250531_htm.xml,seed-pattern concept selection from extracted XBRL instance,Revenue; SalesRevenue; ContractWithCustomer; DeferredRevenue; RefundLiability; Receivable; Customer; StoredValue; Loyalty; Gift,8,1,xbrl; hybrid,23,concept=AllowanceForDoubtfulAccountsReceivable period=instant:2024-05-31
F-NKE-REVENUE-09,NKE,"Nike, Inc.",main_deep_case,revenue,xbrl_fact,F-NKE-0023,nke-20250531_htm.xml,seed-pattern concept selection from extracted XBRL instance,Revenue; SalesRevenue; ContractWithCustomer; DeferredRevenue; RefundLiability; Receivable; Customer; StoredValue; Loyalty; Gift,9,1,xbrl; hybrid,23,concept=AllowanceForDoubtfulAccountsReceivable period=instant:2025-05-31
F-NKE-REVENUE-10,NKE,"Nike, Inc.",main_deep_case,revenue,xbrl_fact,F-NKE-0016,nke-20250531_htm.xml,seed-pattern concept selection from extracted XBRL instance,Revenue; SalesRevenue; ContractWithCustomer; DeferredRevenue; RefundLiability; Receivable; Customer; StoredValue; Loyalty; Gift,10,1,xbrl; hybrid,24,concept=IncreaseDecreaseInAccountsReceivable period=duration:2022-06-01/2023-05-31
F-NKE-REVENUE-11,NKE,"Nike, Inc.",main_deep_case,revenue,xbrl_fact,F-NKE-0015,nke-20250531_htm.xml,seed-pattern concept selection from extracted XBRL instance,Revenue; SalesRevenue; ContractWithCustomer; DeferredRevenue; RefundLiability; Receivable; Customer; StoredValue; Loyalty; Gift,11,1,xbrl; hybrid,24,concept=IncreaseDecreaseInAccountsReceivable period=duration:2023-06-01/2024-05-31
F-NKE-REVENUE-12,NKE,"Nike, Inc.",main_deep_case,revenue,xbrl_fact,F-NKE-0014,nke-20250531_htm.xml,seed-pattern concept selection from extracted XBRL instance,Revenue; SalesRevenue; ContractWithCustomer; DeferredRevenue; RefundLiability; Receivable; Customer; StoredValue; Loyalty; Gift,12,1,xbrl; hybrid,24,concept=IncreaseDecreaseInAccountsReceivable period=duration:2024-06-01/2025-05-31
X-NKE-REVENUE-01,NKE,"Nike, Inc.",main_deep_case,revenue,xbrl_relation_path,X-NKE-0008,nke-20250531_pre.xml,seed-pattern relation selection from XBRL linkbases,Revenue; SalesRevenue; ContractWithCustomer; DeferredRevenue; RefundLiability; Receivable; Customer; StoredValue; Loyalty; Gift,direct_arc,10,xbrl; hybrid,43,presentation: us-gaap:RevenueFromContractWithCustomerAbstract -> us-gaap:RevenueFromContractWithCustomerTextBlock
X-NKE-REVENUE-02,NKE,"Nike, Inc.",main_deep_case,revenue,xbrl_relation_path,X-NKE-0034,nke-20250531_pre.xml,seed-pattern relation selection from XBRL linkbases,Revenue; SalesRevenue; ContractWithCustomer; DeferredRevenue; RefundLiability; Receivable; Customer; StoredValue; Loyalty; Gift,direct_arc,9,xbrl; hybrid,42,presentation: us-gaap:RevenueFromContractWithCustomerAbstract -> us-gaap:ContractWithCustomerRefundLiabilityCurrent
X-NKE-REVENUE-03,NKE,"Nike, Inc.",main_deep_case,revenue,xbrl_relation_path,X-NKE-0089,nke-20250531_def.xml,seed-pattern relation selection from XBRL linkbases,Revenue; SalesRevenue; ContractWithCustomer; DeferredRevenue; RefundLiability; Receivable; Customer; StoredValue; Loyalty; Gift,direct_arc,8,xbrl; hybrid,45,definition: us-gaap:RevenuesFromExternalCustomersAndLongLivedAssetsLineItems -> us-gaap:ScheduleOfRevenuesFromExternalCustomersAndLongLivedAssetsTable
X-NKE-REVENUE-04,NKE,"Nike, Inc.",main_deep_case,revenue,xbrl_relation_path,X-NKE-0043,nke-20250531_pre.xml,seed-pattern relation selection from XBRL linkbases,Revenue; SalesRevenue; ContractWithCustomer; DeferredRevenue; RefundLiability; Receivable; Customer; StoredValue; Loyalty; Gift,direct_arc,8,xbrl; hybrid,49,presentation: us-gaap:ScheduleOfRevenuesFromExternalCustomersAndLongLivedAssetsTable -> us-gaap:RevenuesFromExternalCustomersAndLongLivedAssetsLineItems
X-NKE-REVENUE-05,NKE,"Nike, Inc.",main_deep_case,revenue,xbrl_relation_path,X-NKE-0083,nke-20250531_def.xml,seed-pattern relation selection from XBRL linkbases,Revenue; SalesRevenue; ContractWithCustomer; DeferredRevenue; RefundLiability; Receivable; Customer; StoredValue; Loyalty; Gift,direct_arc,7,xbrl; hybrid,39,definition: us-gaap:DisaggregationOfRevenueLineItems -> us-gaap:RevenueFromContractWithCustomerExcludingAssessedTax
X-NKE-REVENUE-06,NKE,"Nike, Inc.",main_deep_case,revenue,xbrl_relation_path,X-NKE-0032,nke-20250531_pre.xml,seed-pattern relation selection from XBRL linkbases,Revenue; SalesRevenue; ContractWithCustomer; DeferredRevenue; RefundLiability; Receivable; Customer; StoredValue; Loyalty; Gift,direct_arc,7,xbrl; hybrid,43,presentation: us-gaap:DisaggregationOfRevenueLineItems -> us-gaap:RevenueFromContractWithCustomerExcludingAssessedTax
X-NKE-REVENUE-07,NKE,"Nike, Inc.",main_deep_case,revenue,xbrl_relation_path,X-NKE-0021,nke-20250531_pre.xml,seed-pattern relation selection from XBRL linkbases,Revenue; SalesRevenue; ContractWithCustomer; DeferredRevenue; RefundLiability; Receivable; Customer; StoredValue; Loyalty; Gift,direct_arc,7,xbrl; hybrid,40,presentation: us-gaap:RevenueFromContractWithCustomerAbstract -> us-gaap:DisaggregationOfRevenueTable
X-NKE-REVENUE-08,NKE,"Nike, Inc.",main_deep_case,revenue,xbrl_relation_path,X-NKE-0013,nke-20250531_pre.xml,seed-pattern relation selection from XBRL linkbases,Revenue; SalesRevenue; ContractWithCustomer; DeferredRevenue; RefundLiability; Receivable; Customer; StoredValue; Loyalty; Gift,direct_arc,7,xbrl; hybrid,42,presentation: us-gaap:RevenueFromContractWithCustomerAbstract -> us-gaap:DisaggregationOfRevenueTableTextBlock
X-NKE-REVENUE-09,NKE,"Nike, Inc.",main_deep_case,revenue,xbrl_relation_path,X-NKE-0078,nke-20250531_def.xml,seed-pattern relation selection from XBRL linkbases,Revenue; SalesRevenue; ContractWithCustomer; DeferredRevenue; RefundLiability; Receivable; Customer; StoredValue; Loyalty; Gift,direct_arc,6,xbrl; hybrid,38,definition: us-gaap:ContractWithCustomerSalesChannelAxis -> us-gaap:ContractWithCustomerSalesChannelDomain
X-NKE-REVENUE-10,NKE,"Nike, Inc.",main_deep_case,revenue,xbrl_relation_path,X-NKE-0079,nke-20250531_def.xml,seed-pattern relation selection from XBRL linkbases,Revenue; SalesRevenue; ContractWithCustomer; DeferredRevenue; RefundLiability; Receivable; Customer; StoredValue; Loyalty; Gift,direct_arc,6,xbrl; hybrid,38,definition: us-gaap:ContractWithCustomerSalesChannelAxis -> us-gaap:ContractWithCustomerSalesChannelDomain
T-NKE-INVENTORY-01,NKE,"Nike, Inc.",main_deep_case,inventory,text,T-NKE-REVENUE_INVENTORY-016,nke-20250531.htm,keyword-ranked text retrieval over extracted 10-K chunks,inventory; inventories; cost of sales; cost of goods; gross margin; gross profit; markdown; obsolescence; lower of cost; net realizable value; reserve,1,20,text; hybrid,106,Prompt rendering may truncate long text chunks.
T-NKE-INVENTORY-02,NKE,"Nike, Inc.",main_deep_case,inventory,text,T-NKE-REVENUE_INVENTORY-023,nke-20250531.htm,keyword-ranked text retrieval over extracted 10-K chunks,inventory; inventories; cost of sales; cost of goods; gross margin; gross profit; markdown; obsolescence; lower of cost; net realizable value; reserve,2,16,text; hybrid,73,Prompt rendering may truncate long text chunks.
T-NKE-INVENTORY-03,NKE,"Nike, Inc.",main_deep_case,inventory,text,T-NKE-REVENUE_INVENTORY-022,nke-20250531.htm,keyword-ranked text retrieval over extracted 10-K chunks,inventory; inventories; cost of sales; cost of goods; gross margin; gross profit; markdown; obsolescence; lower of cost; net realizable value; reserve,3,12,text; hybrid,84,Prompt rendering may truncate long text chunks.
T-NKE-INVENTORY-04,NKE,"Nike, Inc.",main_deep_case,inventory,text,T-NKE-INVENTORY-007,nke-20250531.htm,keyword-ranked text retrieval over extracted 10-K chunks,inventory; inventories; cost of sales; cost of goods; gross margin; gross profit; markdown; obsolescence; lower of cost; net realizable value; reserve,4,6,text; hybrid,28,Prompt rendering may truncate long text chunks.
T-NKE-INVENTORY-05,NKE,"Nike, Inc.",main_deep_case,inventory,text,T-NKE-INVENTORY-009,nke-20250531.htm,keyword-ranked text retrieval over extracted 10-K chunks,inventory; inventories; cost of sales; cost of goods; gross margin; gross profit; markdown; obsolescence; lower of cost; net realizable value; reserve,5,6,text; hybrid,42,Prompt rendering may truncate long text chunks.
F-NKE-INVENTORY-01,NKE,"Nike, Inc.",main_deep_case,inventory,xbrl_fact,F-NKE-0353,nke-20250531_htm.xml,seed-pattern concept selection from extracted XBRL instance,Inventory; Inventories; CostOfRevenue; CostOfGoods; CostOfSales; CostOfGoodsAndServicesSold; GrossProfit; GrossMargin; Markdown; Obsolescence; LIFOReserve,1,1,xbrl; hybrid,35,concept=InventoryFinishedGoodsNetOfReserves period=instant:2023-05-31
F-NKE-INVENTORY-02,NKE,"Nike, Inc.",main_deep_case,inventory,xbrl_fact,F-NKE-0354,nke-20250531_htm.xml,seed-pattern concept selection from extracted XBRL instance,Inventory; Inventories; CostOfRevenue; CostOfGoods; CostOfSales; CostOfGoodsAndServicesSold; GrossProfit; GrossMargin; Markdown; Obsolescence; LIFOReserve,2,1,xbrl; hybrid,35,concept=InventoryFinishedGoodsNetOfReserves period=instant:2023-05-31
F-NKE-INVENTORY-03,NKE,"Nike, Inc.",main_deep_case,inventory,xbrl_fact,F-NKE-0355,nke-20250531_htm.xml,seed-pattern concept selection from extracted XBRL instance,Inventory; Inventories; CostOfRevenue; CostOfGoods; CostOfSales; CostOfGoodsAndServicesSold; GrossProfit; GrossMargin; Markdown; Obsolescence; LIFOReserve,3,1,xbrl; hybrid,35,concept=InventoryFinishedGoodsNetOfReserves period=instant:2023-05-31
F-NKE-INVENTORY-04,NKE,"Nike, Inc.",main_deep_case,inventory,xbrl_fact,F-NKE-0027,nke-20250531_htm.xml,seed-pattern concept selection from extracted XBRL instance,Inventory; Inventories; CostOfRevenue; CostOfGoods; CostOfSales; CostOfGoodsAndServicesSold; GrossProfit; GrossMargin; Markdown; Obsolescence; LIFOReserve,4,1,xbrl; hybrid,23,concept=InventoryValuationReserves period=instant:2024-05-31
F-NKE-INVENTORY-05,NKE,"Nike, Inc.",main_deep_case,inventory,xbrl_fact,F-NKE-0026,nke-20250531_htm.xml,seed-pattern concept selection from extracted XBRL instance,Inventory; Inventories; CostOfRevenue; CostOfGoods; CostOfSales; CostOfGoodsAndServicesSold; GrossProfit; GrossMargin; Markdown; Obsolescence; LIFOReserve,5,1,xbrl; hybrid,23,concept=InventoryValuationReserves period=instant:2025-05-31
F-NKE-INVENTORY-06,NKE,"Nike, Inc.",main_deep_case,inventory,xbrl_fact,F-NKE-0009,nke-20250531_htm.xml,seed-pattern concept selection from extracted XBRL instance,Inventory; Inventories; CostOfRevenue; CostOfGoods; CostOfSales; CostOfGoodsAndServicesSold; GrossProfit; GrossMargin; Markdown; Obsolescence; LIFOReserve,6,1,xbrl; hybrid,24,concept=GrossProfit period=duration:2022-06-01/2023-05-31
F-NKE-INVENTORY-07,NKE,"Nike, Inc.",main_deep_case,inventory,xbrl_fact,F-NKE-0344,nke-20250531_htm.xml,seed-pattern concept selection from extracted XBRL instance,Inventory; Inventories; CostOfRevenue; CostOfGoods; CostOfSales; CostOfGoodsAndServicesSold; GrossProfit; GrossMargin; Markdown; Obsolescence; LIFOReserve,7,1,xbrl; hybrid,36,concept=GrossProfit period=duration:2022-06-01/2023-05-31
F-NKE-INVENTORY-08,NKE,"Nike, Inc.",main_deep_case,inventory,xbrl_fact,F-NKE-0345,nke-20250531_htm.xml,seed-pattern concept selection from extracted XBRL instance,Inventory; Inventories; CostOfRevenue; CostOfGoods; CostOfSales; CostOfGoodsAndServicesSold; GrossProfit; GrossMargin; Markdown; Obsolescence; LIFOReserve,8,1,xbrl; hybrid,36,concept=GrossProfit period=duration:2022-06-01/2023-05-31
F-NKE-INVENTORY-09,NKE,"Nike, Inc.",main_deep_case,inventory,xbrl_fact,F-NKE-0006,nke-20250531_htm.xml,seed-pattern concept selection from extracted XBRL instance,Inventory; Inventories; CostOfRevenue; CostOfGoods; CostOfSales; CostOfGoodsAndServicesSold; GrossProfit; GrossMargin; Markdown; Obsolescence; LIFOReserve,9,2,xbrl; hybrid,24,concept=CostOfGoodsAndServicesSold period=duration:2022-06-01/2023-05-31
F-NKE-INVENTORY-10,NKE,"Nike, Inc.",main_deep_case,inventory,xbrl_fact,F-NKE-0335,nke-20250531_htm.xml,seed-pattern concept selection from extracted XBRL instance,Inventory; Inventories; CostOfRevenue; CostOfGoods; CostOfSales; CostOfGoodsAndServicesSold; GrossProfit; GrossMargin; Markdown; Obsolescence; LIFOReserve,10,2,xbrl; hybrid,36,concept=CostOfGoodsAndServicesSold period=duration:2022-06-01/2023-05-31
F-NKE-INVENTORY-11,NKE,"Nike, Inc.",main_deep_case,inventory,xbrl_fact,F-NKE-0336,nke-20250531_htm.xml,seed-pattern concept selection from extracted XBRL instance,Inventory; Inventories; CostOfRevenue; CostOfGoods; CostOfSales; CostOfGoodsAndServicesSold; GrossProfit; GrossMargin; Markdown; Obsolescence; LIFOReserve,11,2,xbrl; hybrid,36,concept=CostOfGoodsAndServicesSold period=duration:2022-06-01/2023-05-31
F-NKE-INVENTORY-12,NKE,"Nike, Inc.",main_deep_case,inventory,xbrl_fact,F-NKE-0019,nke-20250531_htm.xml,seed-pattern concept selection from extracted XBRL instance,Inventory; Inventories; CostOfRevenue; CostOfGoods; CostOfSales; CostOfGoodsAndServicesSold; GrossProfit; GrossMargin; Markdown; Obsolescence; LIFOReserve,12,1,xbrl; hybrid,24,concept=IncreaseDecreaseInInventories period=duration:2022-06-01/2023-05-31
X-NKE-INVENTORY-01,NKE,"Nike, Inc.",main_deep_case,inventory,xbrl_relation_path,X-NKE-0053,nke-20250531_cal.xml,seed-pattern relation selection from XBRL linkbases,Inventory; Inventories; CostOfRevenue; CostOfGoods; CostOfSales; CostOfGoodsAndServicesSold; GrossProfit; GrossMargin; Markdown; Obsolescence; LIFOReserve,direct_arc,3,xbrl; hybrid,34,calculation: us-gaap:GrossProfit -> us-gaap:CostOfGoodsAndServicesSold
X-NKE-INVENTORY-02,NKE,"Nike, Inc.",main_deep_case,inventory,xbrl_relation_path,X-NKE-0056,nke-20250531_cal.xml,seed-pattern relation selection from XBRL linkbases,Inventory; Inventories; CostOfRevenue; CostOfGoods; CostOfSales; CostOfGoodsAndServicesSold; GrossProfit; GrossMargin; Markdown; Obsolescence; LIFOReserve,direct_arc,2,xbrl; hybrid,34,calculation: us-gaap:AssetsCurrent -> us-gaap:InventoryFinishedGoodsNetOfReserves
X-NKE-INVENTORY-03,NKE,"Nike, Inc.",main_deep_case,inventory,xbrl_relation_path,X-NKE-0060,nke-20250531_cal.xml,seed-pattern relation selection from XBRL linkbases,Inventory; Inventories; CostOfRevenue; CostOfGoods; CostOfSales; CostOfGoodsAndServicesSold; GrossProfit; GrossMargin; Markdown; Obsolescence; LIFOReserve,direct_arc,2,xbrl; hybrid,34,calculation: us-gaap:DeferredTaxAssetsGross -> us-gaap:DeferredTaxAssetsInventory
X-NKE-INVENTORY-04,NKE,"Nike, Inc.",main_deep_case,inventory,xbrl_relation_path,X-NKE-0058,nke-20250531_cal.xml,seed-pattern relation selection from XBRL linkbases,Inventory; Inventories; CostOfRevenue; CostOfGoods; CostOfSales; CostOfGoodsAndServicesSold; GrossProfit; GrossMargin; Markdown; Obsolescence; LIFOReserve,direct_arc,2,xbrl; hybrid,38,calculation: us-gaap:NetCashProvidedByUsedInOperatingActivities -> us-gaap:IncreaseDecreaseInInventories
X-NKE-INVENTORY-05,NKE,"Nike, Inc.",main_deep_case,inventory,xbrl_relation_path,X-NKE-0067,nke-20250531_def.xml,seed-pattern relation selection from XBRL linkbases,Inventory; Inventories; CostOfRevenue; CostOfGoods; CostOfSales; CostOfGoodsAndServicesSold; GrossProfit; GrossMargin; Markdown; Obsolescence; LIFOReserve,direct_arc,2,xbrl; hybrid,29,definition: nke:SignificantAccountingPoliciesLineItems -> us-gaap:InventoryValuationReserves
X-NKE-INVENTORY-06,NKE,"Nike, Inc.",main_deep_case,inventory,xbrl_relation_path,X-NKE-0065,nke-20250531_def.xml,seed-pattern relation selection from XBRL linkbases,Inventory; Inventories; CostOfRevenue; CostOfGoods; CostOfSales; CostOfGoodsAndServicesSold; GrossProfit; GrossMargin; Markdown; Obsolescence; LIFOReserve,direct_arc,2,xbrl; hybrid,35,definition: us-gaap:AssetsCurrentAbstract -> us-gaap:InventoryFinishedGoodsNetOfReserves
X-NKE-INVENTORY-07,NKE,"Nike, Inc.",main_deep_case,inventory,xbrl_relation_path,X-NKE-0068,nke-20250531_def.xml,seed-pattern relation selection from XBRL linkbases,Inventory; Inventories; CostOfRevenue; CostOfGoods; CostOfSales; CostOfGoodsAndServicesSold; GrossProfit; GrossMargin; Markdown; Obsolescence; LIFOReserve,direct_arc,2,xbrl; hybrid,35,definition: us-gaap:DeferredTaxAssetsNetAbstract -> us-gaap:DeferredTaxAssetsInventory
X-NKE-INVENTORY-08,NKE,"Nike, Inc.",main_deep_case,inventory,xbrl_relation_path,X-NKE-0085,nke-20250531_def.xml,seed-pattern relation selection from XBRL linkbases,Inventory; Inventories; CostOfRevenue; CostOfGoods; CostOfSales; CostOfGoodsAndServicesSold; GrossProfit; GrossMargin; Markdown; Obsolescence; LIFOReserve,direct_arc,2,xbrl; hybrid,39,definition: us-gaap:SegmentReportingAssetReconcilingItemLineItems -> us-gaap:CostOfGoodsAndServicesSold
X-NKE-INVENTORY-09,NKE,"Nike, Inc.",main_deep_case,inventory,xbrl_relation_path,X-NKE-0087,nke-20250531_def.xml,seed-pattern relation selection from XBRL linkbases,Inventory; Inventories; CostOfRevenue; CostOfGoods; CostOfSales; CostOfGoodsAndServicesSold; GrossProfit; GrossMargin; Markdown; Obsolescence; LIFOReserve,direct_arc,2,xbrl; hybrid,39,definition: us-gaap:SegmentReportingAssetReconcilingItemLineItems -> us-gaap:InventoryFinishedGoodsNetOfReserves
X-NKE-INVENTORY-10,NKE,"Nike, Inc.",main_deep_case,inventory,xbrl_relation_path,X-NKE-0015,nke-20250531_pre.xml,seed-pattern relation selection from XBRL linkbases,Inventory; Inventories; CostOfRevenue; CostOfGoods; CostOfSales; CostOfGoodsAndServicesSold; GrossProfit; GrossMargin; Markdown; Obsolescence; LIFOReserve,direct_arc,2,xbrl; hybrid,33,presentation: nke:SignificantAccountingPoliciesLineItems -> us-gaap:InventoryValuationReserves
T-SBUX-REVENUE-01,SBUX,Starbucks Corporation,main_deep_case,revenue,text,T-SBUX-REVENUE-067,sbux-20250928.htm,keyword-ranked text retrieval over extracted 10-K chunks,revenue recognition; revenue; sales; returns; refund; contract liabilities; deferred revenue; gift card; stored value; loyalty; breakage; customer incentives; receivables; wholesale; licensed; digital,1,15,text; hybrid,82,Prompt rendering may truncate long text chunks.
T-SBUX-REVENUE-02,SBUX,Starbucks Corporation,main_deep_case,revenue,text,T-SBUX-REVENUE-075,sbux-20250928.htm,keyword-ranked text retrieval over extracted 10-K chunks,revenue recognition; revenue; sales; returns; refund; contract liabilities; deferred revenue; gift card; stored value; loyalty; breakage; customer incentives; receivables; wholesale; licensed; digital,2,12,text; hybrid,48,Prompt rendering may truncate long text chunks.
T-SBUX-REVENUE-03,SBUX,Starbucks Corporation,main_deep_case,revenue,text,T-SBUX-REVENUE-068,sbux-20250928.htm,keyword-ranked text retrieval over extracted 10-K chunks,revenue recognition; revenue; sales; returns; refund; contract liabilities; deferred revenue; gift card; stored value; loyalty; breakage; customer incentives; receivables; wholesale; licensed; digital,3,10,text; hybrid,101,Prompt rendering may truncate long text chunks.
T-SBUX-REVENUE-04,SBUX,Starbucks Corporation,main_deep_case,revenue,text,T-SBUX-REVENUE-084,sbux-20250928.htm,keyword-ranked text retrieval over extracted 10-K chunks,revenue recognition; revenue; sales; returns; refund; contract liabilities; deferred revenue; gift card; stored value; loyalty; breakage; customer incentives; receivables; wholesale; licensed; digital,4,9,text; hybrid,82,Prompt rendering may truncate long text chunks.
T-SBUX-REVENUE-05,SBUX,Starbucks Corporation,main_deep_case,revenue,text,T-SBUX-REVENUE_INVENTORY-001,sbux-20250928.htm,keyword-ranked text retrieval over extracted 10-K chunks,revenue recognition; revenue; sales; returns; refund; contract liabilities; deferred revenue; gift card; stored value; loyalty; breakage; customer incentives; receivables; wholesale; licensed; digital,5,9,text; hybrid,80,Prompt rendering may truncate long text chunks.
F-SBUX-REVENUE-01,SBUX,Starbucks Corporation,main_deep_case,revenue,xbrl_fact,F-SBUX-0085,sbux-20250928_htm.xml,seed-pattern concept selection from extracted XBRL instance,Revenue; SalesRevenue; ContractWithCustomer; DeferredRevenue; RefundLiability; Receivable; Customer; StoredValue; Loyalty; Gift,1,1,xbrl; hybrid,57,concept=DescriptionOfTypesOfProductsAndServicesFromWhichEachReportableSegmentDerivesItsRevenues period=duration:2024-09-30/2025-09-28
F-SBUX-REVENUE-02,SBUX,Starbucks Corporation,main_deep_case,revenue,xbrl_fact,F-SBUX-0086,sbux-20250928_htm.xml,seed-pattern concept selection from extracted XBRL instance,Revenue; SalesRevenue; ContractWithCustomer; DeferredRevenue; RefundLiability; Receivable; Customer; StoredValue; Loyalty; Gift,2,1,xbrl; hybrid,71,concept=DescriptionOfTypesOfProductsAndServicesFromWhichEachReportableSegmentDerivesItsRevenues period=duration:2024-09-30/2025-09-28
F-SBUX-REVENUE-03,SBUX,Starbucks Corporation,main_deep_case,revenue,xbrl_fact,F-SBUX-0003,sbux-20250928_htm.xml,seed-pattern concept selection from extracted XBRL instance,Revenue; SalesRevenue; ContractWithCustomer; DeferredRevenue; RefundLiability; Receivable; Customer; StoredValue; Loyalty; Gift,3,1,xbrl; hybrid,28,concept=Revenues period=duration:2022-10-03/2023-10-01
F-SBUX-REVENUE-04,SBUX,Starbucks Corporation,main_deep_case,revenue,xbrl_fact,F-SBUX-0006,sbux-20250928_htm.xml,seed-pattern concept selection from extracted XBRL instance,Revenue; SalesRevenue; ContractWithCustomer; DeferredRevenue; RefundLiability; Receivable; Customer; StoredValue; Loyalty; Gift,4,1,xbrl; hybrid,28,concept=Revenues period=duration:2022-10-03/2023-10-01
F-SBUX-REVENUE-05,SBUX,Starbucks Corporation,main_deep_case,revenue,xbrl_fact,F-SBUX-0009,sbux-20250928_htm.xml,seed-pattern concept selection from extracted XBRL instance,Revenue; SalesRevenue; ContractWithCustomer; DeferredRevenue; RefundLiability; Receivable; Customer; StoredValue; Loyalty; Gift,5,1,xbrl; hybrid,28,concept=Revenues period=duration:2022-10-03/2023-10-01
F-SBUX-REVENUE-06,SBUX,Starbucks Corporation,main_deep_case,revenue,xbrl_fact,F-SBUX-0040,sbux-20250928_htm.xml,seed-pattern concept selection from extracted XBRL instance,Revenue; SalesRevenue; ContractWithCustomer; DeferredRevenue; RefundLiability; Receivable; Customer; StoredValue; Loyalty; Gift,6,3,xbrl; hybrid,32,concept=ContractWithCustomerLiabilityRevenueRecognized period=duration:2022-10-03/2023-10-01
F-SBUX-REVENUE-07,SBUX,Starbucks Corporation,main_deep_case,revenue,xbrl_fact,F-SBUX-0043,sbux-20250928_htm.xml,seed-pattern concept selection from extracted XBRL instance,Revenue; SalesRevenue; ContractWithCustomer; DeferredRevenue; RefundLiability; Receivable; Customer; StoredValue; Loyalty; Gift,7,3,xbrl; hybrid,32,concept=ContractWithCustomerLiabilityRevenueRecognized period=duration:2022-10-03/2023-10-01
F-SBUX-REVENUE-08,SBUX,Starbucks Corporation,main_deep_case,revenue,xbrl_fact,F-SBUX-0039,sbux-20250928_htm.xml,seed-pattern concept selection from extracted XBRL instance,Revenue; SalesRevenue; ContractWithCustomer; DeferredRevenue; RefundLiability; Receivable; Customer; StoredValue; Loyalty; Gift,8,3,xbrl; hybrid,32,concept=ContractWithCustomerLiabilityRevenueRecognized period=duration:2023-10-02/2024-09-29
F-SBUX-REVENUE-09,SBUX,Starbucks Corporation,main_deep_case,revenue,xbrl_fact,F-SBUX-0062,sbux-20250928_htm.xml,seed-pattern concept selection from extracted XBRL instance,Revenue; SalesRevenue; ContractWithCustomer; DeferredRevenue; RefundLiability; Receivable; Customer; StoredValue; Loyalty; Gift,9,2,xbrl; hybrid,23,concept=DeferredRevenue period=instant:2018-08-26
F-SBUX-REVENUE-10,SBUX,Starbucks Corporation,main_deep_case,revenue,xbrl_fact,F-SBUX-0076,sbux-20250928_htm.xml,seed-pattern concept selection from extracted XBRL instance,Revenue; SalesRevenue; ContractWithCustomer; DeferredRevenue; RefundLiability; Receivable; Customer; StoredValue; Loyalty; Gift,10,2,xbrl; hybrid,27,concept=DeferredRevenue period=instant:2023-10-01
F-SBUX-REVENUE-11,SBUX,Starbucks Corporation,main_deep_case,revenue,xbrl_fact,F-SBUX-0071,sbux-20250928_htm.xml,seed-pattern concept selection from extracted XBRL instance,Revenue; SalesRevenue; ContractWithCustomer; DeferredRevenue; RefundLiability; Receivable; Customer; StoredValue; Loyalty; Gift,11,2,xbrl; hybrid,27,concept=DeferredRevenue period=instant:2024-09-29
F-SBUX-REVENUE-12,SBUX,Starbucks Corporation,main_deep_case,revenue,xbrl_fact,F-SBUX-0077,sbux-20250928_htm.xml,seed-pattern concept selection from extracted XBRL instance,Revenue; SalesRevenue; ContractWithCustomer; DeferredRevenue; RefundLiability; Receivable; Customer; StoredValue; Loyalty; Gift,12,2,xbrl; hybrid,28,concept=DeferredRevenueAdditions period=duration:2023-10-02/2024-09-29
X-SBUX-REVENUE-01,SBUX,Starbucks Corporation,main_deep_case,revenue,xbrl_relation_path,X-SBUX-0078,sbux-20250928_pre.xml,seed-pattern relation selection from XBRL linkbases,Revenue; SalesRevenue; ContractWithCustomer; DeferredRevenue; RefundLiability; Receivable; Customer; StoredValue; Loyalty; Gift,direct_arc,10,xbrl; hybrid,40,presentation: us-gaap:RevenueFromContractWithCustomerAbstract -> us-gaap:DeferredRevenueRevenueRecognized1
X-SBUX-REVENUE-02,SBUX,Starbucks Corporation,main_deep_case,revenue,xbrl_relation_path,X-SBUX-0018,sbux-20250928_pre.xml,seed-pattern relation selection from XBRL linkbases,Revenue; SalesRevenue; ContractWithCustomer; DeferredRevenue; RefundLiability; Receivable; Customer; StoredValue; Loyalty; Gift,direct_arc,9,xbrl; hybrid,36,presentation: us-gaap:RevenueFromContractWithCustomerAbstract -> sbux:ChangesInDeferredRevenueBalanceRelatedToStoredValueCardsAndLoyaltyProgramTableTextBlock
X-SBUX-REVENUE-03,SBUX,Starbucks Corporation,main_deep_case,revenue,xbrl_relation_path,X-SBUX-0180,sbux-20250928_def.xml,seed-pattern relation selection from XBRL linkbases,Revenue; SalesRevenue; ContractWithCustomer; DeferredRevenue; RefundLiability; Receivable; Customer; StoredValue; Loyalty; Gift,direct_arc,8,xbrl; hybrid,42,definition: us-gaap:EntityWideInformationRevenueFromExternalCustomerLineItems -> us-gaap:ScheduleOfEntityWideInformationRevenueFromExternalCustomersByProductsAndServicesTable
X-SBUX-REVENUE-04,SBUX,Starbucks Corporation,main_deep_case,revenue,xbrl_relation_path,X-SBUX-0187,sbux-20250928_def.xml,seed-pattern relation selection from XBRL linkbases,Revenue; SalesRevenue; ContractWithCustomer; DeferredRevenue; RefundLiability; Receivable; Customer; StoredValue; Loyalty; Gift,direct_arc,8,xbrl; hybrid,45,definition: us-gaap:RevenuesFromExternalCustomersAndLongLivedAssetsLineItems -> us-gaap:ScheduleOfRevenuesFromExternalCustomersAndLongLivedAssetsTable
X-SBUX-REVENUE-05,SBUX,Starbucks Corporation,main_deep_case,revenue,xbrl_relation_path,X-SBUX-0035,sbux-20250928_pre.xml,seed-pattern relation selection from XBRL linkbases,Revenue; SalesRevenue; ContractWithCustomer; DeferredRevenue; RefundLiability; Receivable; Customer; StoredValue; Loyalty; Gift,direct_arc,8,xbrl; hybrid,42,presentation: us-gaap:RevenueFromContractWithCustomerAbstract -> us-gaap:DeferredRevenueArrangementByTypeTable
X-SBUX-REVENUE-06,SBUX,Starbucks Corporation,main_deep_case,revenue,xbrl_relation_path,X-SBUX-0063,sbux-20250928_pre.xml,seed-pattern relation selection from XBRL linkbases,Revenue; SalesRevenue; ContractWithCustomer; DeferredRevenue; RefundLiability; Receivable; Customer; StoredValue; Loyalty; Gift,direct_arc,8,xbrl; hybrid,42,presentation: us-gaap:RevenueFromContractWithCustomerAbstract -> us-gaap:DeferredRevenueArrangementByTypeTable
X-SBUX-REVENUE-07,SBUX,Starbucks Corporation,main_deep_case,revenue,xbrl_relation_path,X-SBUX-0088,sbux-20250928_pre.xml,seed-pattern relation selection from XBRL linkbases,Revenue; SalesRevenue; ContractWithCustomer; DeferredRevenue; RefundLiability; Receivable; Customer; StoredValue; Loyalty; Gift,direct_arc,8,xbrl; hybrid,46,presentation: us-gaap:ScheduleOfEntityWideInformationRevenueFromExternalCustomersByProductsAndServicesTable -> us-gaap:EntityWideInformationRevenueFromExternalCustomerLineItems
X-SBUX-REVENUE-08,SBUX,Starbucks Corporation,main_deep_case,revenue,xbrl_relation_path,X-SBUX-0093,sbux-20250928_pre.xml,seed-pattern relation selection from XBRL linkbases,Revenue; SalesRevenue; ContractWithCustomer; DeferredRevenue; RefundLiability; Receivable; Customer; StoredValue; Loyalty; Gift,direct_arc,8,xbrl; hybrid,49,presentation: us-gaap:ScheduleOfRevenuesFromExternalCustomersAndLongLivedAssetsTable -> us-gaap:RevenuesFromExternalCustomersAndLongLivedAssetsLineItems
X-SBUX-REVENUE-09,SBUX,Starbucks Corporation,main_deep_case,revenue,xbrl_relation_path,X-SBUX-0150,sbux-20250928_def.xml,seed-pattern relation selection from XBRL linkbases,Revenue; SalesRevenue; ContractWithCustomer; DeferredRevenue; RefundLiability; Receivable; Customer; StoredValue; Loyalty; Gift,direct_arc,6,xbrl; hybrid,32,definition: sbux:RevenueRecognitionMultipleDeliverableArrangementsExtensionLineItems -> us-gaap:ContractWithCustomerLiabilityRevenueRecognized
X-SBUX-REVENUE-10,SBUX,Starbucks Corporation,main_deep_case,revenue,xbrl_relation_path,X-SBUX-0186,sbux-20250928_def.xml,seed-pattern relation selection from XBRL linkbases,Revenue; SalesRevenue; ContractWithCustomer; DeferredRevenue; RefundLiability; Receivable; Customer; StoredValue; Loyalty; Gift,direct_arc,6,xbrl; hybrid,33,definition: us-gaap:EntityWideInformationRevenueFromExternalCustomerLineItems -> us-gaap:Revenues
T-SBUX-INVENTORY-01,SBUX,Starbucks Corporation,main_deep_case,inventory,text,T-SBUX-INVENTORY-015,sbux-20250928.htm,keyword-ranked text retrieval over extracted 10-K chunks,inventory; inventories; cost of sales; cost of goods; gross margin; gross profit; markdown; obsolescence; lower of cost; net realizable value; reserve,1,17,text; hybrid,70,Prompt rendering may truncate long text chunks.
T-SBUX-INVENTORY-02,SBUX,Starbucks Corporation,main_deep_case,inventory,text,T-SBUX-INVENTORY-008,sbux-20250928.htm,keyword-ranked text retrieval over extracted 10-K chunks,inventory; inventories; cost of sales; cost of goods; gross margin; gross profit; markdown; obsolescence; lower of cost; net realizable value; reserve,2,3,text; hybrid,32,Prompt rendering may truncate long text chunks.
T-SBUX-INVENTORY-03,SBUX,Starbucks Corporation,main_deep_case,inventory,text,T-SBUX-REVENUE_INVENTORY-001,sbux-20250928.htm,keyword-ranked text retrieval over extracted 10-K chunks,inventory; inventories; cost of sales; cost of goods; gross margin; gross profit; markdown; obsolescence; lower of cost; net realizable value; reserve,3,3,text; hybrid,80,Prompt rendering may truncate long text chunks.
T-SBUX-INVENTORY-04,SBUX,Starbucks Corporation,main_deep_case,inventory,text,T-SBUX-REVENUE_INVENTORY-006,sbux-20250928.htm,keyword-ranked text retrieval over extracted 10-K chunks,inventory; inventories; cost of sales; cost of goods; gross margin; gross profit; markdown; obsolescence; lower of cost; net realizable value; reserve,4,3,text; hybrid,111,Prompt rendering may truncate long text chunks.
T-SBUX-INVENTORY-05,SBUX,Starbucks Corporation,main_deep_case,inventory,text,T-SBUX-REVENUE_INVENTORY-009,sbux-20250928.htm,keyword-ranked text retrieval over extracted 10-K chunks,inventory; inventories; cost of sales; cost of goods; gross margin; gross profit; markdown; obsolescence; lower of cost; net realizable value; reserve,5,3,text; hybrid,139,Prompt rendering may truncate long text chunks.
F-SBUX-INVENTORY-01,SBUX,Starbucks Corporation,main_deep_case,inventory,xbrl_fact,F-SBUX-0016,sbux-20250928_htm.xml,seed-pattern concept selection from extracted XBRL instance,Inventory; Inventories; CostOfRevenue; CostOfGoods; CostOfSales; CostOfGoodsAndServicesSold; GrossProfit; GrossMargin; Markdown; Obsolescence; LIFOReserve,1,1,xbrl; hybrid,23,concept=InventoryNet period=instant:2024-09-29
F-SBUX-INVENTORY-02,SBUX,Starbucks Corporation,main_deep_case,inventory,xbrl_fact,F-SBUX-0055,sbux-20250928_htm.xml,seed-pattern concept selection from extracted XBRL instance,Inventory; Inventories; CostOfRevenue; CostOfGoods; CostOfSales; CostOfGoodsAndServicesSold; GrossProfit; GrossMargin; Markdown; Obsolescence; LIFOReserve,2,1,xbrl; hybrid,23,concept=InventoryNet period=instant:2024-09-29
F-SBUX-INVENTORY-03,SBUX,Starbucks Corporation,main_deep_case,inventory,xbrl_fact,F-SBUX-0015,sbux-20250928_htm.xml,seed-pattern concept selection from extracted XBRL instance,Inventory; Inventories; CostOfRevenue; CostOfGoods; CostOfSales; CostOfGoodsAndServicesSold; GrossProfit; GrossMargin; Markdown; Obsolescence; LIFOReserve,3,1,xbrl; hybrid,23,concept=InventoryNet period=instant:2025-09-28
F-SBUX-INVENTORY-04,SBUX,Starbucks Corporation,main_deep_case,inventory,xbrl_fact,F-SBUX-0035,sbux-20250928_htm.xml,seed-pattern concept selection from extracted XBRL instance,Inventory; Inventories; CostOfRevenue; CostOfGoods; CostOfSales; CostOfGoodsAndServicesSold; GrossProfit; GrossMargin; Markdown; Obsolescence; LIFOReserve,4,1,xbrl; hybrid,23,concept=InventoryValuationReserves period=instant:2024-09-29
F-SBUX-INVENTORY-05,SBUX,Starbucks Corporation,main_deep_case,inventory,xbrl_fact,F-SBUX-0034,sbux-20250928_htm.xml,seed-pattern concept selection from extracted XBRL instance,Inventory; Inventories; CostOfRevenue; CostOfGoods; CostOfSales; CostOfGoodsAndServicesSold; GrossProfit; GrossMargin; Markdown; Obsolescence; LIFOReserve,5,1,xbrl; hybrid,23,concept=InventoryValuationReserves period=instant:2025-09-28
F-SBUX-INVENTORY-06,SBUX,Starbucks Corporation,main_deep_case,inventory,xbrl_fact,F-SBUX-0051,sbux-20250928_htm.xml,seed-pattern concept selection from extracted XBRL instance,Inventory; Inventories; CostOfRevenue; CostOfGoods; CostOfSales; CostOfGoodsAndServicesSold; GrossProfit; GrossMargin; Markdown; Obsolescence; LIFOReserve,6,1,xbrl; hybrid,23,concept=RetailRelatedInventoryMerchandise period=instant:2024-09-29
F-SBUX-INVENTORY-07,SBUX,Starbucks Corporation,main_deep_case,inventory,xbrl_fact,F-SBUX-0050,sbux-20250928_htm.xml,seed-pattern concept selection from extracted XBRL instance,Inventory; Inventories; CostOfRevenue; CostOfGoods; CostOfSales; CostOfGoodsAndServicesSold; GrossProfit; GrossMargin; Markdown; Obsolescence; LIFOReserve,7,1,xbrl; hybrid,23,concept=RetailRelatedInventoryMerchandise period=instant:2025-09-28
F-SBUX-INVENTORY-08,SBUX,Starbucks Corporation,main_deep_case,inventory,xbrl_fact,F-SBUX-0053,sbux-20250928_htm.xml,seed-pattern concept selection from extracted XBRL instance,Inventory; Inventories; CostOfRevenue; CostOfGoods; CostOfSales; CostOfGoodsAndServicesSold; GrossProfit; GrossMargin; Markdown; Obsolescence; LIFOReserve,8,1,xbrl; hybrid,23,concept=RetailRelatedInventoryPackagingAndOtherSupplies period=instant:2024-09-29
F-SBUX-INVENTORY-09,SBUX,Starbucks Corporation,main_deep_case,inventory,xbrl_fact,F-SBUX-0052,sbux-20250928_htm.xml,seed-pattern concept selection from extracted XBRL instance,Inventory; Inventories; CostOfRevenue; CostOfGoods; CostOfSales; CostOfGoodsAndServicesSold; GrossProfit; GrossMargin; Markdown; Obsolescence; LIFOReserve,9,1,xbrl; hybrid,23,concept=RetailRelatedInventoryPackagingAndOtherSupplies period=instant:2025-09-28
F-SBUX-INVENTORY-10,SBUX,Starbucks Corporation,main_deep_case,inventory,xbrl_fact,F-SBUX-0049,sbux-20250928_htm.xml,seed-pattern concept selection from extracted XBRL instance,Inventory; Inventories; CostOfRevenue; CostOfGoods; CostOfSales; CostOfGoodsAndServicesSold; GrossProfit; GrossMargin; Markdown; Obsolescence; LIFOReserve,10,1,xbrl; hybrid,22,concept=RoastedCoffeeInventory period=instant:2024-09-29
F-SBUX-INVENTORY-11,SBUX,Starbucks Corporation,main_deep_case,inventory,xbrl_fact,F-SBUX-0048,sbux-20250928_htm.xml,seed-pattern concept selection from extracted XBRL instance,Inventory; Inventories; CostOfRevenue; CostOfGoods; CostOfSales; CostOfGoodsAndServicesSold; GrossProfit; GrossMargin; Markdown; Obsolescence; LIFOReserve,11,1,xbrl; hybrid,22,concept=RoastedCoffeeInventory period=instant:2025-09-28
F-SBUX-INVENTORY-12,SBUX,Starbucks Corporation,main_deep_case,inventory,xbrl_fact,F-SBUX-0047,sbux-20250928_htm.xml,seed-pattern concept selection from extracted XBRL instance,Inventory; Inventories; CostOfRevenue; CostOfGoods; CostOfSales; CostOfGoodsAndServicesSold; GrossProfit; GrossMargin; Markdown; Obsolescence; LIFOReserve,12,1,xbrl; hybrid,22,concept=UnroastedCoffeeInventory period=instant:2024-09-29
X-SBUX-INVENTORY-01,SBUX,Starbucks Corporation,main_deep_case,inventory,xbrl_relation_path,X-SBUX-0128,sbux-20250928_cal.xml,seed-pattern relation selection from XBRL linkbases,Inventory; Inventories; CostOfRevenue; CostOfGoods; CostOfSales; CostOfGoodsAndServicesSold; GrossProfit; GrossMargin; Markdown; Obsolescence; LIFOReserve,direct_arc,4,xbrl; hybrid,32,calculation: us-gaap:InventoryNet -> us-gaap:RetailRelatedInventoryMerchandise
X-SBUX-INVENTORY-02,SBUX,Starbucks Corporation,main_deep_case,inventory,xbrl_relation_path,X-SBUX-0129,sbux-20250928_cal.xml,seed-pattern relation selection from XBRL linkbases,Inventory; Inventories; CostOfRevenue; CostOfGoods; CostOfSales; CostOfGoodsAndServicesSold; GrossProfit; GrossMargin; Markdown; Obsolescence; LIFOReserve,direct_arc,4,xbrl; hybrid,35,calculation: us-gaap:InventoryNet -> us-gaap:RetailRelatedInventoryPackagingAndOtherSupplies
X-SBUX-INVENTORY-03,SBUX,Starbucks Corporation,main_deep_case,inventory,xbrl_relation_path,X-SBUX-0153,sbux-20250928_def.xml,seed-pattern relation selection from XBRL linkbases,Inventory; Inventories; CostOfRevenue; CostOfGoods; CostOfSales; CostOfGoodsAndServicesSold; GrossProfit; GrossMargin; Markdown; Obsolescence; LIFOReserve,direct_arc,4,xbrl; hybrid,32,definition: us-gaap:InventoryLineItems -> us-gaap:InventoryCurrentTable
X-SBUX-INVENTORY-04,SBUX,Starbucks Corporation,main_deep_case,inventory,xbrl_relation_path,X-SBUX-0156,sbux-20250928_def.xml,seed-pattern relation selection from XBRL linkbases,Inventory; Inventories; CostOfRevenue; CostOfGoods; CostOfSales; CostOfGoodsAndServicesSold; GrossProfit; GrossMargin; Markdown; Obsolescence; LIFOReserve,direct_arc,4,xbrl; hybrid,31,definition: us-gaap:InventoryLineItems -> us-gaap:InventoryWriteDown
X-SBUX-INVENTORY-05,SBUX,Starbucks Corporation,main_deep_case,inventory,xbrl_relation_path,X-SBUX-0050,sbux-20250928_pre.xml,seed-pattern relation selection from XBRL linkbases,Inventory; Inventories; CostOfRevenue; CostOfGoods; CostOfSales; CostOfGoodsAndServicesSold; GrossProfit; GrossMargin; Markdown; Obsolescence; LIFOReserve,direct_arc,4,xbrl; hybrid,36,presentation: us-gaap:InventoryCurrentTable -> us-gaap:InventoryLineItems
X-SBUX-INVENTORY-06,SBUX,Starbucks Corporation,main_deep_case,inventory,xbrl_relation_path,X-SBUX-0048,sbux-20250928_pre.xml,seed-pattern relation selection from XBRL linkbases,Inventory; Inventories; CostOfRevenue; CostOfGoods; CostOfSales; CostOfGoodsAndServicesSold; GrossProfit; GrossMargin; Markdown; Obsolescence; LIFOReserve,direct_arc,4,xbrl; hybrid,36,presentation: us-gaap:InventoryDisclosureAbstract -> us-gaap:InventoryCurrentTable
X-SBUX-INVENTORY-07,SBUX,Starbucks Corporation,main_deep_case,inventory,xbrl_relation_path,X-SBUX-0010,sbux-20250928_pre.xml,seed-pattern relation selection from XBRL linkbases,Inventory; Inventories; CostOfRevenue; CostOfGoods; CostOfSales; CostOfGoodsAndServicesSold; GrossProfit; GrossMargin; Markdown; Obsolescence; LIFOReserve,direct_arc,4,xbrl; hybrid,37,presentation: us-gaap:InventoryDisclosureAbstract -> us-gaap:InventoryDisclosureTextBlock
X-SBUX-INVENTORY-08,SBUX,Starbucks Corporation,main_deep_case,inventory,xbrl_relation_path,X-SBUX-0057,sbux-20250928_pre.xml,seed-pattern relation selection from XBRL linkbases,Inventory; Inventories; CostOfRevenue; CostOfGoods; CostOfSales; CostOfGoodsAndServicesSold; GrossProfit; GrossMargin; Markdown; Obsolescence; LIFOReserve,direct_arc,4,xbrl; hybrid,35,presentation: us-gaap:InventoryDisclosureAbstract -> us-gaap:InventoryNet
X-SBUX-INVENTORY-09,SBUX,Starbucks Corporation,main_deep_case,inventory,xbrl_relation_path,X-SBUX-0033,sbux-20250928_pre.xml,seed-pattern relation selection from XBRL linkbases,Inventory; Inventories; CostOfRevenue; CostOfGoods; CostOfSales; CostOfGoodsAndServicesSold; GrossProfit; GrossMargin; Markdown; Obsolescence; LIFOReserve,direct_arc,4,xbrl; hybrid,36,presentation: us-gaap:InventoryDisclosureAbstract -> us-gaap:InventoryValuationReserves
X-SBUX-INVENTORY-10,SBUX,Starbucks Corporation,main_deep_case,inventory,xbrl_relation_path,X-SBUX-0055,sbux-20250928_pre.xml,seed-pattern relation selection from XBRL linkbases,Inventory; Inventories; CostOfRevenue; CostOfGoods; CostOfSales; CostOfGoodsAndServicesSold; GrossProfit; GrossMargin; Markdown; Obsolescence; LIFOReserve,direct_arc,4,xbrl; hybrid,37,presentation: us-gaap:InventoryDisclosureAbstract -> us-gaap:RetailRelatedInventoryMerchandise
T-TGT-REVENUE-01,TGT,Target Corporation,main_deep_case,revenue,text,T-TGT-REVENUE-029,tgt-20250201.htm,keyword-ranked text retrieval over extracted 10-K chunks,revenue recognition; revenue; sales; returns; refund; contract liabilities; deferred revenue; gift card; stored value; loyalty; breakage; customer incentives; receivables; wholesale; licensed; digital,1,25,text; hybrid,158,Prompt rendering may truncate long text chunks.
T-TGT-REVENUE-02,TGT,Target Corporation,main_deep_case,revenue,text,T-TGT-REVENUE-042,tgt-20250201.htm,keyword-ranked text retrieval over extracted 10-K chunks,revenue recognition; revenue; sales; returns; refund; contract liabilities; deferred revenue; gift card; stored value; loyalty; breakage; customer incentives; receivables; wholesale; licensed; digital,2,20,text; hybrid,62,Prompt rendering may truncate long text chunks.
T-TGT-REVENUE-03,TGT,Target Corporation,main_deep_case,revenue,text,T-TGT-REVENUE-041,tgt-20250201.htm,keyword-ranked text retrieval over extracted 10-K chunks,revenue recognition; revenue; sales; returns; refund; contract liabilities; deferred revenue; gift card; stored value; loyalty; breakage; customer incentives; receivables; wholesale; licensed; digital,3,12,text; hybrid,121,Prompt rendering may truncate long text chunks.
T-TGT-REVENUE-04,TGT,Target Corporation,main_deep_case,revenue,text,T-TGT-REVENUE-027,tgt-20250201.htm,keyword-ranked text retrieval over extracted 10-K chunks,revenue recognition; revenue; sales; returns; refund; contract liabilities; deferred revenue; gift card; stored value; loyalty; breakage; customer incentives; receivables; wholesale; licensed; digital,4,7,text; hybrid,73,Prompt rendering may truncate long text chunks.
T-TGT-REVENUE-05,TGT,Target Corporation,main_deep_case,revenue,text,T-TGT-REVENUE_INVENTORY-017,tgt-20250201.htm,keyword-ranked text retrieval over extracted 10-K chunks,revenue recognition; revenue; sales; returns; refund; contract liabilities; deferred revenue; gift card; stored value; loyalty; breakage; customer incentives; receivables; wholesale; licensed; digital,5,6,text; hybrid,67,Prompt rendering may truncate long text chunks.
F-TGT-REVENUE-01,TGT,Target Corporation,main_deep_case,revenue,xbrl_fact,F-TGT-0003,tgt-20250201_htm.xml,seed-pattern concept selection from extracted XBRL instance,Revenue; SalesRevenue; ContractWithCustomer; DeferredRevenue; RefundLiability; Receivable; Customer; StoredValue; Loyalty; Gift,1,3,xbrl; hybrid,24,concept=RevenueFromContractWithCustomerExcludingAssessedTax period=duration:2022-01-30/2023-01-28
F-TGT-REVENUE-02,TGT,Target Corporation,main_deep_case,revenue,xbrl_fact,F-TGT-0016,tgt-20250201_htm.xml,seed-pattern concept selection from extracted XBRL instance,Revenue; SalesRevenue; ContractWithCustomer; DeferredRevenue; RefundLiability; Receivable; Customer; StoredValue; Loyalty; Gift,2,3,xbrl; hybrid,28,concept=RevenueFromContractWithCustomerExcludingAssessedTax period=duration:2022-01-30/2023-01-28
F-TGT-REVENUE-03,TGT,Target Corporation,main_deep_case,revenue,xbrl_fact,F-TGT-0019,tgt-20250201_htm.xml,seed-pattern concept selection from extracted XBRL instance,Revenue; SalesRevenue; ContractWithCustomer; DeferredRevenue; RefundLiability; Receivable; Customer; StoredValue; Loyalty; Gift,3,3,xbrl; hybrid,28,concept=RevenueFromContractWithCustomerExcludingAssessedTax period=duration:2022-01-30/2023-01-28
F-TGT-REVENUE-04,TGT,Target Corporation,main_deep_case,revenue,xbrl_fact,F-TGT-0056,tgt-20250201_htm.xml,seed-pattern concept selection from extracted XBRL instance,Revenue; SalesRevenue; ContractWithCustomer; DeferredRevenue; RefundLiability; Receivable; Customer; StoredValue; Loyalty; Gift,4,2,xbrl; hybrid,23,concept=ContractWithCustomerLiability period=instant:2024-02-03
F-TGT-REVENUE-05,TGT,Target Corporation,main_deep_case,revenue,xbrl_fact,F-TGT-0078,tgt-20250201_htm.xml,seed-pattern concept selection from extracted XBRL instance,Revenue; SalesRevenue; ContractWithCustomer; DeferredRevenue; RefundLiability; Receivable; Customer; StoredValue; Loyalty; Gift,5,2,xbrl; hybrid,23,concept=ContractWithCustomerLiability period=instant:2024-02-03
F-TGT-REVENUE-06,TGT,Target Corporation,main_deep_case,revenue,xbrl_fact,F-TGT-0059,tgt-20250201_htm.xml,seed-pattern concept selection from extracted XBRL instance,Revenue; SalesRevenue; ContractWithCustomer; DeferredRevenue; RefundLiability; Receivable; Customer; StoredValue; Loyalty; Gift,6,2,xbrl; hybrid,23,concept=ContractWithCustomerLiability period=instant:2025-02-01
F-TGT-REVENUE-07,TGT,Target Corporation,main_deep_case,revenue,xbrl_fact,F-TGT-0057,tgt-20250201_htm.xml,seed-pattern concept selection from extracted XBRL instance,Revenue; SalesRevenue; ContractWithCustomer; DeferredRevenue; RefundLiability; Receivable; Customer; StoredValue; Loyalty; Gift,7,2,xbrl; hybrid,23,concept=ContractWithCustomerLiabilityLiabilitiesIncurred period=duration:2024-02-04/2025-02-01
F-TGT-REVENUE-08,TGT,Target Corporation,main_deep_case,revenue,xbrl_fact,F-TGT-0062,tgt-20250201_htm.xml,seed-pattern concept selection from extracted XBRL instance,Revenue; SalesRevenue; ContractWithCustomer; DeferredRevenue; RefundLiability; Receivable; Customer; StoredValue; Loyalty; Gift,8,3,xbrl; hybrid,22,concept=ContractWithCustomerLiabilityLoyaltyProgramCurrent period=instant:2024-02-03
F-TGT-REVENUE-09,TGT,Target Corporation,main_deep_case,revenue,xbrl_fact,F-TGT-0061,tgt-20250201_htm.xml,seed-pattern concept selection from extracted XBRL instance,Revenue; SalesRevenue; ContractWithCustomer; DeferredRevenue; RefundLiability; Receivable; Customer; StoredValue; Loyalty; Gift,9,3,xbrl; hybrid,22,concept=ContractWithCustomerLiabilityLoyaltyProgramCurrent period=instant:2025-02-01
F-TGT-REVENUE-10,TGT,Target Corporation,main_deep_case,revenue,xbrl_fact,F-TGT-0058,tgt-20250201_htm.xml,seed-pattern concept selection from extracted XBRL instance,Revenue; SalesRevenue; ContractWithCustomer; DeferredRevenue; RefundLiability; Receivable; Customer; StoredValue; Loyalty; Gift,10,3,xbrl; hybrid,24,concept=ContractWithCustomerLiabilityRevenueRecognized period=duration:2024-02-04/2025-02-01
F-TGT-REVENUE-11,TGT,Target Corporation,main_deep_case,revenue,xbrl_fact,F-TGT-0090,tgt-20250201_htm.xml,seed-pattern concept selection from extracted XBRL instance,Revenue; SalesRevenue; ContractWithCustomer; DeferredRevenue; RefundLiability; Receivable; Customer; StoredValue; Loyalty; Gift,11,2,xbrl; hybrid,23,concept=DeferredRevenueNoncurrent period=instant:2024-02-03
F-TGT-REVENUE-12,TGT,Target Corporation,main_deep_case,revenue,xbrl_fact,F-TGT-0089,tgt-20250201_htm.xml,seed-pattern concept selection from extracted XBRL instance,Revenue; SalesRevenue; ContractWithCustomer; DeferredRevenue; RefundLiability; Receivable; Customer; StoredValue; Loyalty; Gift,12,2,xbrl; hybrid,23,concept=DeferredRevenueNoncurrent period=instant:2025-02-01
X-TGT-REVENUE-01,TGT,Target Corporation,main_deep_case,revenue,xbrl_relation_path,X-TGT-0005,tgt-20250201_pre.xml,seed-pattern relation selection from XBRL linkbases,Revenue; SalesRevenue; ContractWithCustomer; DeferredRevenue; RefundLiability; Receivable; Customer; StoredValue; Loyalty; Gift,direct_arc,10,xbrl; hybrid,43,presentation: us-gaap:RevenueFromContractWithCustomerAbstract -> us-gaap:RevenueFromContractWithCustomerTextBlock
X-TGT-REVENUE-02,TGT,Target Corporation,main_deep_case,revenue,xbrl_relation_path,X-TGT-0012,tgt-20250201_pre.xml,seed-pattern relation selection from XBRL linkbases,Revenue; SalesRevenue; ContractWithCustomer; DeferredRevenue; RefundLiability; Receivable; Customer; StoredValue; Loyalty; Gift,direct_arc,9,xbrl; hybrid,48,presentation: us-gaap:RevenueFromContractWithCustomerAbstract -> us-gaap:ContractWithCustomerAssetAndLiabilityTableTextBlock
X-TGT-REVENUE-03,TGT,Target Corporation,main_deep_case,revenue,xbrl_relation_path,X-TGT-0065,tgt-20250201_def.xml,seed-pattern relation selection from XBRL linkbases,Revenue; SalesRevenue; ContractWithCustomer; DeferredRevenue; RefundLiability; Receivable; Customer; StoredValue; Loyalty; Gift,direct_arc,7,xbrl; hybrid,39,definition: us-gaap:DisaggregationOfRevenueLineItems -> us-gaap:RevenueFromContractWithCustomerExcludingAssessedTax
X-TGT-REVENUE-04,TGT,Target Corporation,main_deep_case,revenue,xbrl_relation_path,X-TGT-0030,tgt-20250201_pre.xml,seed-pattern relation selection from XBRL linkbases,Revenue; SalesRevenue; ContractWithCustomer; DeferredRevenue; RefundLiability; Receivable; Customer; StoredValue; Loyalty; Gift,direct_arc,7,xbrl; hybrid,36,presentation: tgt:ChangeinContractwithCustomerLiabilityRollForward -> us-gaap:ContractWithCustomerLiabilityRevenueRecognized
X-TGT-REVENUE-05,TGT,Target Corporation,main_deep_case,revenue,xbrl_relation_path,X-TGT-0018,tgt-20250201_pre.xml,seed-pattern relation selection from XBRL linkbases,Revenue; SalesRevenue; ContractWithCustomer; DeferredRevenue; RefundLiability; Receivable; Customer; StoredValue; Loyalty; Gift,direct_arc,7,xbrl; hybrid,43,presentation: us-gaap:DisaggregationOfRevenueLineItems -> us-gaap:RevenueFromContractWithCustomerExcludingAssessedTax
X-TGT-REVENUE-06,TGT,Target Corporation,main_deep_case,revenue,xbrl_relation_path,X-TGT-0027,tgt-20250201_pre.xml,seed-pattern relation selection from XBRL linkbases,Revenue; SalesRevenue; ContractWithCustomer; DeferredRevenue; RefundLiability; Receivable; Customer; StoredValue; Loyalty; Gift,direct_arc,7,xbrl; hybrid,36,presentation: us-gaap:RevenueFromContractWithCustomerAbstract -> tgt:ChangeinContractwithCustomerLiabilityRollForward
X-TGT-REVENUE-07,TGT,Target Corporation,main_deep_case,revenue,xbrl_relation_path,X-TGT-0013,tgt-20250201_pre.xml,seed-pattern relation selection from XBRL linkbases,Revenue; SalesRevenue; ContractWithCustomer; DeferredRevenue; RefundLiability; Receivable; Customer; StoredValue; Loyalty; Gift,direct_arc,7,xbrl; hybrid,40,presentation: us-gaap:RevenueFromContractWithCustomerAbstract -> us-gaap:DisaggregationOfRevenueTable
X-TGT-REVENUE-08,TGT,Target Corporation,main_deep_case,revenue,xbrl_relation_path,X-TGT-0019,tgt-20250201_pre.xml,seed-pattern relation selection from XBRL linkbases,Revenue; SalesRevenue; ContractWithCustomer; DeferredRevenue; RefundLiability; Receivable; Customer; StoredValue; Loyalty; Gift,direct_arc,7,xbrl; hybrid,40,presentation: us-gaap:RevenueFromContractWithCustomerAbstract -> us-gaap:DisaggregationOfRevenueTable
X-TGT-REVENUE-09,TGT,Target Corporation,main_deep_case,revenue,xbrl_relation_path,X-TGT-0011,tgt-20250201_pre.xml,seed-pattern relation selection from XBRL linkbases,Revenue; SalesRevenue; ContractWithCustomer; DeferredRevenue; RefundLiability; Receivable; Customer; StoredValue; Loyalty; Gift,direct_arc,7,xbrl; hybrid,42,presentation: us-gaap:RevenueFromContractWithCustomerAbstract -> us-gaap:DisaggregationOfRevenueTableTextBlock
X-TGT-REVENUE-10,TGT,Target Corporation,main_deep_case,revenue,xbrl_relation_path,X-TGT-0069,tgt-20250201_def.xml,seed-pattern relation selection from XBRL linkbases,Revenue; SalesRevenue; ContractWithCustomer; DeferredRevenue; RefundLiability; Receivable; Customer; StoredValue; Loyalty; Gift,direct_arc,6,xbrl; hybrid,36,definition: us-gaap:DisaggregationOfRevenueLineItems -> us-gaap:ContractWithCustomerRefundLiability
T-TGT-INVENTORY-01,TGT,Target Corporation,main_deep_case,inventory,text,T-TGT-REVENUE_INVENTORY-012,tgt-20250201.htm,keyword-ranked text retrieval over extracted 10-K chunks,inventory; inventories; cost of sales; cost of goods; gross margin; gross profit; markdown; obsolescence; lower of cost; net realizable value; reserve,1,21,text; hybrid,196,Prompt rendering may truncate long text chunks.
T-TGT-INVENTORY-02,TGT,Target Corporation,main_deep_case,inventory,text,T-TGT-REVENUE_INVENTORY-008,tgt-20250201.htm,keyword-ranked text retrieval over extracted 10-K chunks,inventory; inventories; cost of sales; cost of goods; gross margin; gross profit; markdown; obsolescence; lower of cost; net realizable value; reserve,2,15,text; hybrid,101,Prompt rendering may truncate long text chunks.
T-TGT-INVENTORY-03,TGT,Target Corporation,main_deep_case,inventory,text,T-TGT-INVENTORY-020,tgt-20250201.htm,keyword-ranked text retrieval over extracted 10-K chunks,inventory; inventories; cost of sales; cost of goods; gross margin; gross profit; markdown; obsolescence; lower of cost; net realizable value; reserve,3,11,text; hybrid,70,Prompt rendering may truncate long text chunks.
T-TGT-INVENTORY-04,TGT,Target Corporation,main_deep_case,inventory,text,T-TGT-INVENTORY-019,tgt-20250201.htm,keyword-ranked text retrieval over extracted 10-K chunks,inventory; inventories; cost of sales; cost of goods; gross margin; gross profit; markdown; obsolescence; lower of cost; net realizable value; reserve,4,8,text; hybrid,130,Prompt rendering may truncate long text chunks.
T-TGT-INVENTORY-05,TGT,Target Corporation,main_deep_case,inventory,text,T-TGT-REVENUE_INVENTORY-001,tgt-20250201.htm,keyword-ranked text retrieval over extracted 10-K chunks,inventory; inventories; cost of sales; cost of goods; gross margin; gross profit; markdown; obsolescence; lower of cost; net realizable value; reserve,5,6,text; hybrid,200,Prompt rendering may truncate long text chunks.
F-TGT-INVENTORY-01,TGT,Target Corporation,main_deep_case,inventory,xbrl_fact,F-TGT-0072,tgt-20250201_htm.xml,seed-pattern concept selection from extracted XBRL instance,Inventory; Inventories; CostOfRevenue; CostOfGoods; CostOfSales; CostOfGoodsAndServicesSold; GrossProfit; GrossMargin; Markdown; Obsolescence; LIFOReserve,1,2,xbrl; hybrid,24,concept=InventoryLIFOReservePeriodCharge period=duration:2023-01-29/2024-02-03
F-TGT-INVENTORY-02,TGT,Target Corporation,main_deep_case,inventory,xbrl_fact,F-TGT-0071,tgt-20250201_htm.xml,seed-pattern concept selection from extracted XBRL instance,Inventory; Inventories; CostOfRevenue; CostOfGoods; CostOfSales; CostOfGoodsAndServicesSold; GrossProfit; GrossMargin; Markdown; Obsolescence; LIFOReserve,2,2,xbrl; hybrid,24,concept=InventoryLIFOReservePeriodCharge period=duration:2024-02-04/2025-02-01
F-TGT-INVENTORY-03,TGT,Target Corporation,main_deep_case,inventory,xbrl_fact,F-TGT-0008,tgt-20250201_htm.xml,seed-pattern concept selection from extracted XBRL instance,Inventory; Inventories; CostOfRevenue; CostOfGoods; CostOfSales; CostOfGoodsAndServicesSold; GrossProfit; GrossMargin; Markdown; Obsolescence; LIFOReserve,3,1,xbrl; hybrid,23,concept=InventoryNet period=instant:2024-02-03
F-TGT-INVENTORY-04,TGT,Target Corporation,main_deep_case,inventory,xbrl_fact,F-TGT-0007,tgt-20250201_htm.xml,seed-pattern concept selection from extracted XBRL instance,Inventory; Inventories; CostOfRevenue; CostOfGoods; CostOfSales; CostOfGoodsAndServicesSold; GrossProfit; GrossMargin; Markdown; Obsolescence; LIFOReserve,4,1,xbrl; hybrid,23,concept=InventoryNet period=instant:2025-02-01
F-TGT-INVENTORY-05,TGT,Target Corporation,main_deep_case,inventory,xbrl_fact,F-TGT-0006,tgt-20250201_htm.xml,seed-pattern concept selection from extracted XBRL instance,Inventory; Inventories; CostOfRevenue; CostOfGoods; CostOfSales; CostOfGoodsAndServicesSold; GrossProfit; GrossMargin; Markdown; Obsolescence; LIFOReserve,5,2,xbrl; hybrid,24,concept=CostOfGoodsAndServicesSold period=duration:2022-01-30/2023-01-28
F-TGT-INVENTORY-06,TGT,Target Corporation,main_deep_case,inventory,xbrl_fact,F-TGT-0096,tgt-20250201_htm.xml,seed-pattern concept selection from extracted XBRL instance,Inventory; Inventories; CostOfRevenue; CostOfGoods; CostOfSales; CostOfGoodsAndServicesSold; GrossProfit; GrossMargin; Markdown; Obsolescence; LIFOReserve,6,2,xbrl; hybrid,32,concept=CostOfGoodsAndServicesSold period=duration:2022-01-30/2023-01-28
F-TGT-INVENTORY-07,TGT,Target Corporation,main_deep_case,inventory,xbrl_fact,F-TGT-0099,tgt-20250201_htm.xml,seed-pattern concept selection from extracted XBRL instance,Inventory; Inventories; CostOfRevenue; CostOfGoods; CostOfSales; CostOfGoodsAndServicesSold; GrossProfit; GrossMargin; Markdown; Obsolescence; LIFOReserve,7,2,xbrl; hybrid,32,concept=CostOfGoodsAndServicesSold period=duration:2022-01-30/2023-01-28
F-TGT-INVENTORY-08,TGT,Target Corporation,main_deep_case,inventory,xbrl_fact,F-TGT-0067,tgt-20250201_htm.xml,seed-pattern concept selection from extracted XBRL instance,Inventory; Inventories; CostOfRevenue; CostOfGoods; CostOfSales; CostOfGoodsAndServicesSold; GrossProfit; GrossMargin; Markdown; Obsolescence; LIFOReserve,8,2,xbrl; hybrid,23,concept=CostOfGoodsAndServicesSoldDecreaseDueToReclassification period=duration:2022-01-30/2023-01-28
F-TGT-INVENTORY-09,TGT,Target Corporation,main_deep_case,inventory,xbrl_fact,F-TGT-0066,tgt-20250201_htm.xml,seed-pattern concept selection from extracted XBRL instance,Inventory; Inventories; CostOfRevenue; CostOfGoods; CostOfSales; CostOfGoodsAndServicesSold; GrossProfit; GrossMargin; Markdown; Obsolescence; LIFOReserve,9,2,xbrl; hybrid,23,concept=CostOfGoodsAndServicesSoldDecreaseDueToReclassification period=duration:2023-01-29/2024-02-03
F-TGT-INVENTORY-10,TGT,Target Corporation,main_deep_case,inventory,xbrl_fact,F-TGT-0068,tgt-20250201_htm.xml,seed-pattern concept selection from extracted XBRL instance,Inventory; Inventories; CostOfRevenue; CostOfGoods; CostOfSales; CostOfGoodsAndServicesSold; GrossProfit; GrossMargin; Markdown; Obsolescence; LIFOReserve,10,2,xbrl; hybrid,23,concept=CostOfGoodsAndServicesSoldIncreaseDueToReclassification period=duration:2022-01-30/2023-01-28
F-TGT-INVENTORY-11,TGT,Target Corporation,main_deep_case,inventory,xbrl_fact,F-TGT-0065,tgt-20250201_htm.xml,seed-pattern concept selection from extracted XBRL instance,Inventory; Inventories; CostOfRevenue; CostOfGoods; CostOfSales; CostOfGoodsAndServicesSold; GrossProfit; GrossMargin; Markdown; Obsolescence; LIFOReserve,11,2,xbrl; hybrid,23,concept=CostOfGoodsAndServicesSoldIncreaseDueToReclassification period=duration:2023-01-29/2024-02-03
F-TGT-INVENTORY-12,TGT,Target Corporation,main_deep_case,inventory,xbrl_fact,F-TGT-0011,tgt-20250201_htm.xml,seed-pattern concept selection from extracted XBRL instance,Inventory; Inventories; CostOfRevenue; CostOfGoods; CostOfSales; CostOfGoodsAndServicesSold; GrossProfit; GrossMargin; Markdown; Obsolescence; LIFOReserve,12,1,xbrl; hybrid,24,concept=IncreaseDecreaseInInventories period=duration:2022-01-30/2023-01-28
X-TGT-INVENTORY-01,TGT,Target Corporation,main_deep_case,inventory,xbrl_relation_path,X-TGT-0034,tgt-20250201_pre.xml,seed-pattern relation selection from XBRL linkbases,Inventory; Inventories; CostOfRevenue; CostOfGoods; CostOfSales; CostOfGoodsAndServicesSold; GrossProfit; GrossMargin; Markdown; Obsolescence; LIFOReserve,direct_arc,5,xbrl; hybrid,38,presentation: us-gaap:InventoryDisclosureAbstract -> us-gaap:InventoryLIFOReservePeriodCharge
X-TGT-INVENTORY-02,TGT,Target Corporation,main_deep_case,inventory,xbrl_relation_path,X-TGT-0078,tgt-20250201_def.xml,seed-pattern relation selection from XBRL linkbases,Inventory; Inventories; CostOfRevenue; CostOfGoods; CostOfSales; CostOfGoodsAndServicesSold; GrossProfit; GrossMargin; Markdown; Obsolescence; LIFOReserve,direct_arc,4,xbrl; hybrid,39,definition: us-gaap:CostOfGoodsAndServicesSoldAbstract -> us-gaap:CostOfGoodsAndServicesSold
X-TGT-INVENTORY-03,TGT,Target Corporation,main_deep_case,inventory,xbrl_relation_path,X-TGT-0046,tgt-20250201_pre.xml,seed-pattern relation selection from XBRL linkbases,Inventory; Inventories; CostOfRevenue; CostOfGoods; CostOfSales; CostOfGoodsAndServicesSold; GrossProfit; GrossMargin; Markdown; Obsolescence; LIFOReserve,direct_arc,4,xbrl; hybrid,43,presentation: us-gaap:CostOfGoodsAndServicesSoldAbstract -> us-gaap:CostOfGoodsAndServicesSold
X-TGT-INVENTORY-04,TGT,Target Corporation,main_deep_case,inventory,xbrl_relation_path,X-TGT-0007,tgt-20250201_pre.xml,seed-pattern relation selection from XBRL linkbases,Inventory; Inventories; CostOfRevenue; CostOfGoods; CostOfSales; CostOfGoodsAndServicesSold; GrossProfit; GrossMargin; Markdown; Obsolescence; LIFOReserve,direct_arc,4,xbrl; hybrid,37,presentation: us-gaap:InventoryDisclosureAbstract -> us-gaap:InventoryDisclosureTextBlock
X-TGT-INVENTORY-05,TGT,Target Corporation,main_deep_case,inventory,xbrl_relation_path,X-TGT-0033,tgt-20250201_pre.xml,seed-pattern relation selection from XBRL linkbases,Inventory; Inventories; CostOfRevenue; CostOfGoods; CostOfSales; CostOfGoodsAndServicesSold; GrossProfit; GrossMargin; Markdown; Obsolescence; LIFOReserve,direct_arc,3,xbrl; hybrid,30,presentation: tgt:CostOfSalesAndSellingGeneralAndAdministrativeExpensesAbstract -> tgt:CostOfGoodsAndServicesSoldDecreaseDueToReclassification
X-TGT-INVENTORY-06,TGT,Target Corporation,main_deep_case,inventory,xbrl_relation_path,X-TGT-0032,tgt-20250201_pre.xml,seed-pattern relation selection from XBRL linkbases,Inventory; Inventories; CostOfRevenue; CostOfGoods; CostOfSales; CostOfGoodsAndServicesSold; GrossProfit; GrossMargin; Markdown; Obsolescence; LIFOReserve,direct_arc,3,xbrl; hybrid,30,presentation: tgt:CostOfSalesAndSellingGeneralAndAdministrativeExpensesAbstract -> tgt:CostOfGoodsAndServicesSoldIncreaseDueToReclassification
X-TGT-INVENTORY-07,TGT,Target Corporation,main_deep_case,inventory,xbrl_relation_path,X-TGT-0050,tgt-20250201_cal.xml,seed-pattern relation selection from XBRL linkbases,Inventory; Inventories; CostOfRevenue; CostOfGoods; CostOfSales; CostOfGoodsAndServicesSold; GrossProfit; GrossMargin; Markdown; Obsolescence; LIFOReserve,direct_arc,2,xbrl; hybrid,30,calculation: us-gaap:AssetsCurrent -> us-gaap:InventoryNet
X-TGT-INVENTORY-08,TGT,Target Corporation,main_deep_case,inventory,xbrl_relation_path,X-TGT-0058,tgt-20250201_cal.xml,seed-pattern relation selection from XBRL linkbases,Inventory; Inventories; CostOfRevenue; CostOfGoods; CostOfSales; CostOfGoodsAndServicesSold; GrossProfit; GrossMargin; Markdown; Obsolescence; LIFOReserve,direct_arc,2,xbrl; hybrid,34,calculation: us-gaap:DeferredIncomeTaxLiabilities -> us-gaap:DeferredTaxLiabilitiesDeferredExpenseCapitalizedInventoryCosts
X-TGT-INVENTORY-09,TGT,Target Corporation,main_deep_case,inventory,xbrl_relation_path,X-TGT-0051,tgt-20250201_cal.xml,seed-pattern relation selection from XBRL linkbases,Inventory; Inventories; CostOfRevenue; CostOfGoods; CostOfSales; CostOfGoodsAndServicesSold; GrossProfit; GrossMargin; Markdown; Obsolescence; LIFOReserve,direct_arc,2,xbrl; hybrid,38,calculation: us-gaap:NetCashProvidedByUsedInOperatingActivities -> us-gaap:IncreaseDecreaseInInventories
X-TGT-INVENTORY-10,TGT,Target Corporation,main_deep_case,inventory,xbrl_relation_path,X-TGT-0048,tgt-20250201_cal.xml,seed-pattern relation selection from XBRL linkbases,Inventory; Inventories; CostOfRevenue; CostOfGoods; CostOfSales; CostOfGoodsAndServicesSold; GrossProfit; GrossMargin; Markdown; Obsolescence; LIFOReserve,direct_arc,2,xbrl; hybrid,35,calculation: us-gaap:OperatingIncomeLoss -> us-gaap:CostOfGoodsAndServicesSold
T-WMT-INVENTORY-01,WMT,Walmart Inc.,bounded_extension,inventory,text,T-WMT-REVENUE_INVENTORY-020,wmt-20260131.htm,keyword-ranked text retrieval over extracted 10-K chunks,inventory; inventories; cost of sales; cost of goods; gross margin; gross profit; markdown; obsolescence; lower of cost; net realizable value; reserve,1,18,text; hybrid,138,Prompt rendering may truncate long text chunks.
T-WMT-INVENTORY-02,WMT,Walmart Inc.,bounded_extension,inventory,text,T-WMT-INVENTORY-015,wmt-20260131.htm,keyword-ranked text retrieval over extracted 10-K chunks,inventory; inventories; cost of sales; cost of goods; gross margin; gross profit; markdown; obsolescence; lower of cost; net realizable value; reserve,2,9,text; hybrid,47,Prompt rendering may truncate long text chunks.
T-WMT-INVENTORY-03,WMT,Walmart Inc.,bounded_extension,inventory,text,T-WMT-INVENTORY-016,wmt-20260131.htm,keyword-ranked text retrieval over extracted 10-K chunks,inventory; inventories; cost of sales; cost of goods; gross margin; gross profit; markdown; obsolescence; lower of cost; net realizable value; reserve,3,9,text; hybrid,57,Prompt rendering may truncate long text chunks.
T-WMT-INVENTORY-04,WMT,Walmart Inc.,bounded_extension,inventory,text,T-WMT-REVENUE_INVENTORY-010,wmt-20260131.htm,keyword-ranked text retrieval over extracted 10-K chunks,inventory; inventories; cost of sales; cost of goods; gross margin; gross profit; markdown; obsolescence; lower of cost; net realizable value; reserve,4,7,text; hybrid,122,Prompt rendering may truncate long text chunks.
T-WMT-INVENTORY-05,WMT,Walmart Inc.,bounded_extension,inventory,text,T-WMT-REVENUE_INVENTORY-004,wmt-20260131.htm,keyword-ranked text retrieval over extracted 10-K chunks,inventory; inventories; cost of sales; cost of goods; gross margin; gross profit; markdown; obsolescence; lower of cost; net realizable value; reserve,5,6,text; hybrid,176,Prompt rendering may truncate long text chunks.
F-WMT-INVENTORY-01,WMT,Walmart Inc.,bounded_extension,inventory,xbrl_fact,F-WMT-0013,wmt-20260131_htm.xml,seed-pattern concept selection from extracted XBRL instance,Inventory; Inventories; CostOfRevenue; CostOfGoods; CostOfSales; CostOfGoodsAndServicesSold; GrossProfit; GrossMargin; Markdown; Obsolescence; LIFOReserve,1,1,xbrl; hybrid,22,concept=InventoryNet period=instant:2025-01-31
F-WMT-INVENTORY-02,WMT,Walmart Inc.,bounded_extension,inventory,xbrl_fact,F-WMT-0012,wmt-20260131_htm.xml,seed-pattern concept selection from extracted XBRL instance,Inventory; Inventories; CostOfRevenue; CostOfGoods; CostOfSales; CostOfGoodsAndServicesSold; GrossProfit; GrossMargin; Markdown; Obsolescence; LIFOReserve,2,1,xbrl; hybrid,22,concept=InventoryNet period=instant:2026-01-31
F-WMT-INVENTORY-03,WMT,Walmart Inc.,bounded_extension,inventory,xbrl_fact,F-WMT-0009,wmt-20260131_htm.xml,seed-pattern concept selection from extracted XBRL instance,Inventory; Inventories; CostOfRevenue; CostOfGoods; CostOfSales; CostOfGoodsAndServicesSold; GrossProfit; GrossMargin; Markdown; Obsolescence; LIFOReserve,3,1,xbrl; hybrid,23,concept=CostOfRevenue period=duration:2023-02-01/2024-01-31
F-WMT-INVENTORY-04,WMT,Walmart Inc.,bounded_extension,inventory,xbrl_fact,F-WMT-0044,wmt-20260131_htm.xml,seed-pattern concept selection from extracted XBRL instance,Inventory; Inventories; CostOfRevenue; CostOfGoods; CostOfSales; CostOfGoodsAndServicesSold; GrossProfit; GrossMargin; Markdown; Obsolescence; LIFOReserve,4,1,xbrl; hybrid,31,concept=CostOfRevenue period=duration:2023-02-01/2024-01-31
F-WMT-INVENTORY-05,WMT,Walmart Inc.,bounded_extension,inventory,xbrl_fact,F-WMT-0053,wmt-20260131_htm.xml,seed-pattern concept selection from extracted XBRL instance,Inventory; Inventories; CostOfRevenue; CostOfGoods; CostOfSales; CostOfGoodsAndServicesSold; GrossProfit; GrossMargin; Markdown; Obsolescence; LIFOReserve,5,1,xbrl; hybrid,31,concept=CostOfRevenue period=duration:2023-02-01/2024-01-31
F-WMT-INVENTORY-06,WMT,Walmart Inc.,bounded_extension,inventory,xbrl_fact,F-WMT-0074,wmt-20260131_htm.xml,seed-pattern concept selection from extracted XBRL instance,Inventory; Inventories; CostOfRevenue; CostOfGoods; CostOfSales; CostOfGoodsAndServicesSold; GrossProfit; GrossMargin; Markdown; Obsolescence; LIFOReserve,6,1,xbrl; hybrid,26,concept=CostOfRevenueSellingGeneralAndAdministrativeExpensesForFuelSales period=duration:2023-02-01/2024-01-31
F-WMT-INVENTORY-07,WMT,Walmart Inc.,bounded_extension,inventory,xbrl_fact,F-WMT-0073,wmt-20260131_htm.xml,seed-pattern concept selection from extracted XBRL instance,Inventory; Inventories; CostOfRevenue; CostOfGoods; CostOfSales; CostOfGoodsAndServicesSold; GrossProfit; GrossMargin; Markdown; Obsolescence; LIFOReserve,7,1,xbrl; hybrid,26,concept=CostOfRevenueSellingGeneralAndAdministrativeExpensesForFuelSales period=duration:2024-02-01/2025-01-31
F-WMT-INVENTORY-08,WMT,Walmart Inc.,bounded_extension,inventory,xbrl_fact,F-WMT-0072,wmt-20260131_htm.xml,seed-pattern concept selection from extracted XBRL instance,Inventory; Inventories; CostOfRevenue; CostOfGoods; CostOfSales; CostOfGoodsAndServicesSold; GrossProfit; GrossMargin; Markdown; Obsolescence; LIFOReserve,8,1,xbrl; hybrid,26,concept=CostOfRevenueSellingGeneralAndAdministrativeExpensesForFuelSales period=duration:2025-02-01/2026-01-31
F-WMT-INVENTORY-09,WMT,Walmart Inc.,bounded_extension,inventory,xbrl_fact,F-WMT-0019,wmt-20260131_htm.xml,seed-pattern concept selection from extracted XBRL instance,Inventory; Inventories; CostOfRevenue; CostOfGoods; CostOfSales; CostOfGoodsAndServicesSold; GrossProfit; GrossMargin; Markdown; Obsolescence; LIFOReserve,9,1,xbrl; hybrid,23,concept=IncreaseDecreaseInRetailRelatedInventories period=duration:2023-02-01/2024-01-31
F-WMT-INVENTORY-10,WMT,Walmart Inc.,bounded_extension,inventory,xbrl_fact,F-WMT-0018,wmt-20260131_htm.xml,seed-pattern concept selection from extracted XBRL instance,Inventory; Inventories; CostOfRevenue; CostOfGoods; CostOfSales; CostOfGoodsAndServicesSold; GrossProfit; GrossMargin; Markdown; Obsolescence; LIFOReserve,10,1,xbrl; hybrid,23,concept=IncreaseDecreaseInRetailRelatedInventories period=duration:2024-02-01/2025-01-31
F-WMT-INVENTORY-11,WMT,Walmart Inc.,bounded_extension,inventory,xbrl_fact,F-WMT-0017,wmt-20260131_htm.xml,seed-pattern concept selection from extracted XBRL instance,Inventory; Inventories; CostOfRevenue; CostOfGoods; CostOfSales; CostOfGoodsAndServicesSold; GrossProfit; GrossMargin; Markdown; Obsolescence; LIFOReserve,11,1,xbrl; hybrid,23,concept=IncreaseDecreaseInRetailRelatedInventories period=duration:2025-02-01/2026-01-31
X-WMT-INVENTORY-01,WMT,Walmart Inc.,bounded_extension,inventory,xbrl_relation_path,X-WMT-0065,wmt-20260131_cal.xml,seed-pattern relation selection from XBRL linkbases,Inventory; Inventories; CostOfRevenue; CostOfGoods; CostOfSales; CostOfGoodsAndServicesSold; GrossProfit; GrossMargin; Markdown; Obsolescence; LIFOReserve,direct_arc,2,xbrl; hybrid,29,calculation: us-gaap:AssetsCurrent -> us-gaap:InventoryNet
X-WMT-INVENTORY-02,WMT,Walmart Inc.,bounded_extension,inventory,xbrl_relation_path,X-WMT-0070,wmt-20260131_cal.xml,seed-pattern relation selection from XBRL linkbases,Inventory; Inventories; CostOfRevenue; CostOfGoods; CostOfSales; CostOfGoodsAndServicesSold; GrossProfit; GrossMargin; Markdown; Obsolescence; LIFOReserve,direct_arc,2,xbrl; hybrid,33,calculation: us-gaap:DeferredIncomeTaxLiabilities -> us-gaap:DeferredTaxLiabilitiesDeferredExpenseCapitalizedInventoryCosts
X-WMT-INVENTORY-03,WMT,Walmart Inc.,bounded_extension,inventory,xbrl_relation_path,X-WMT-0066,wmt-20260131_cal.xml,seed-pattern relation selection from XBRL linkbases,Inventory; Inventories; CostOfRevenue; CostOfGoods; CostOfSales; CostOfGoodsAndServicesSold; GrossProfit; GrossMargin; Markdown; Obsolescence; LIFOReserve,direct_arc,2,xbrl; hybrid,41,calculation: us-gaap:NetCashProvidedByUsedInOperatingActivities -> us-gaap:IncreaseDecreaseInRetailRelatedInventories
X-WMT-INVENTORY-04,WMT,Walmart Inc.,bounded_extension,inventory,xbrl_relation_path,X-WMT-0007,wmt-20260131_pre.xml,seed-pattern relation selection from XBRL linkbases,Inventory; Inventories; CostOfRevenue; CostOfGoods; CostOfSales; CostOfGoodsAndServicesSold; GrossProfit; GrossMargin; Markdown; Obsolescence; LIFOReserve,direct_arc,2,xbrl; hybrid,34,presentation: us-gaap:AssetsCurrentAbstract -> us-gaap:InventoryNet
X-WMT-INVENTORY-05,WMT,Walmart Inc.,bounded_extension,inventory,xbrl_relation_path,X-WMT-0026,wmt-20260131_pre.xml,seed-pattern relation selection from XBRL linkbases,Inventory; Inventories; CostOfRevenue; CostOfGoods; CostOfSales; CostOfGoodsAndServicesSold; GrossProfit; GrossMargin; Markdown; Obsolescence; LIFOReserve,direct_arc,2,xbrl; hybrid,38,presentation: us-gaap:DeferredTaxLiabilitiesAbstract -> us-gaap:DeferredTaxLiabilitiesDeferredExpenseCapitalizedInventoryCosts
X-WMT-INVENTORY-06,WMT,Walmart Inc.,bounded_extension,inventory,xbrl_relation_path,X-WMT-0009,wmt-20260131_pre.xml,seed-pattern relation selection from XBRL linkbases,Inventory; Inventories; CostOfRevenue; CostOfGoods; CostOfSales; CostOfGoodsAndServicesSold; GrossProfit; GrossMargin; Markdown; Obsolescence; LIFOReserve,direct_arc,2,xbrl; hybrid,54,presentation: us-gaap:IncreaseDecreaseInOperatingCapitalAbstract -> us-gaap:IncreaseDecreaseInRetailRelatedInventories
X-WMT-INVENTORY-07,WMT,Walmart Inc.,bounded_extension,inventory,xbrl_relation_path,X-WMT-0011,wmt-20260131_pre.xml,seed-pattern relation selection from XBRL linkbases,Inventory; Inventories; CostOfRevenue; CostOfGoods; CostOfSales; CostOfGoodsAndServicesSold; GrossProfit; GrossMargin; Markdown; Obsolescence; LIFOReserve,direct_arc,2,xbrl; hybrid,42,presentation: us-gaap:OrganizationConsolidationAndPresentationOfFinancialStatementsAbstract -> us-gaap:InventoryPolicyTextBlock
X-WMT-INVENTORY-08,WMT,Walmart Inc.,bounded_extension,inventory,xbrl_relation_path,X-WMT-0063,wmt-20260131_cal.xml,seed-pattern relation selection from XBRL linkbases,Inventory; Inventories; CostOfRevenue; CostOfGoods; CostOfSales; CostOfGoodsAndServicesSold; GrossProfit; GrossMargin; Markdown; Obsolescence; LIFOReserve,direct_arc,1,xbrl; hybrid,31,calculation: us-gaap:OperatingIncomeLoss -> us-gaap:CostOfRevenue
X-WMT-INVENTORY-09,WMT,Walmart Inc.,bounded_extension,inventory,xbrl_relation_path,X-WMT-0080,wmt-20260131_def.xml,seed-pattern relation selection from XBRL linkbases,Inventory; Inventories; CostOfRevenue; CostOfGoods; CostOfSales; CostOfGoodsAndServicesSold; GrossProfit; GrossMargin; Markdown; Obsolescence; LIFOReserve,direct_arc,1,xbrl; hybrid,33,definition: us-gaap:SegmentReportingInformationLineItems -> us-gaap:CostOfRevenue
X-WMT-INVENTORY-10,WMT,Walmart Inc.,bounded_extension,inventory,xbrl_relation_path,X-WMT-0081,wmt-20260131_def.xml,seed-pattern relation selection from XBRL linkbases,Inventory; Inventories; CostOfRevenue; CostOfGoods; CostOfSales; CostOfGoodsAndServicesSold; GrossProfit; GrossMargin; Markdown; Obsolescence; LIFOReserve,direct_arc,1,xbrl; hybrid,30,definition: us-gaap:SegmentReportingInformationLineItems -> wmt:CostOfRevenueSellingGeneralAndAdministrativeExpensesForFuelSales
T-HD-INVENTORY-01,HD,"Home Depot, Inc.",bounded_extension,inventory,text,T-HD-INVENTORY-028,hd-20260201.htm,keyword-ranked text retrieval over extracted 10-K chunks,inventory; inventories; cost of sales; cost of goods; gross margin; gross profit; markdown; obsolescence; lower of cost; net realizable value; reserve,1,29,text; hybrid,209,Prompt rendering may truncate long text chunks.
T-HD-INVENTORY-02,HD,"Home Depot, Inc.",bounded_extension,inventory,text,T-HD-INVENTORY-020,hd-20260201.htm,keyword-ranked text retrieval over extracted 10-K chunks,inventory; inventories; cost of sales; cost of goods; gross margin; gross profit; markdown; obsolescence; lower of cost; net realizable value; reserve,2,20,text; hybrid,133,Prompt rendering may truncate long text chunks.
T-HD-INVENTORY-03,HD,"Home Depot, Inc.",bounded_extension,inventory,text,T-HD-INVENTORY-018,hd-20260201.htm,keyword-ranked text retrieval over extracted 10-K chunks,inventory; inventories; cost of sales; cost of goods; gross margin; gross profit; markdown; obsolescence; lower of cost; net realizable value; reserve,3,13,text; hybrid,110,Prompt rendering may truncate long text chunks.
T-HD-INVENTORY-04,HD,"Home Depot, Inc.",bounded_extension,inventory,text,T-HD-REVENUE_INVENTORY-009,hd-20260201.htm,keyword-ranked text retrieval over extracted 10-K chunks,inventory; inventories; cost of sales; cost of goods; gross margin; gross profit; markdown; obsolescence; lower of cost; net realizable value; reserve,4,12,text; hybrid,67,Prompt rendering may truncate long text chunks.
T-HD-INVENTORY-05,HD,"Home Depot, Inc.",bounded_extension,inventory,text,T-HD-INVENTORY-029,hd-20260201.htm,keyword-ranked text retrieval over extracted 10-K chunks,inventory; inventories; cost of sales; cost of goods; gross margin; gross profit; markdown; obsolescence; lower of cost; net realizable value; reserve,5,11,text; hybrid,128,Prompt rendering may truncate long text chunks.
F-HD-INVENTORY-01,HD,"Home Depot, Inc.",bounded_extension,inventory,xbrl_fact,F-HD-0172,hd-20260201_htm.xml,seed-pattern concept selection from extracted XBRL instance,Inventory; Inventories; CostOfRevenue; CostOfGoods; CostOfSales; CostOfGoodsAndServicesSold; GrossProfit; GrossMargin; Markdown; Obsolescence; LIFOReserve,1,1,xbrl; hybrid,27,concept=BusinessCombinationRecognizedIdentifiableAssetsAcquiredAndLiabilitiesAssumedInventory period=instant:2024-06-18
F-HD-INVENTORY-02,HD,"Home Depot, Inc.",bounded_extension,inventory,xbrl_fact,F-HD-0169,hd-20260201_htm.xml,seed-pattern concept selection from extracted XBRL instance,Inventory; Inventories; CostOfRevenue; CostOfGoods; CostOfSales; CostOfGoodsAndServicesSold; GrossProfit; GrossMargin; Markdown; Obsolescence; LIFOReserve,2,1,xbrl; hybrid,27,concept=BusinessCombinationRecognizedIdentifiableAssetsAcquiredAndLiabilitiesAssumedInventory period=instant:2025-09-04
F-HD-INVENTORY-03,HD,"Home Depot, Inc.",bounded_extension,inventory,xbrl_fact,F-HD-0004,hd-20260201_htm.xml,seed-pattern concept selection from extracted XBRL instance,Inventory; Inventories; CostOfRevenue; CostOfGoods; CostOfSales; CostOfGoodsAndServicesSold; GrossProfit; GrossMargin; Markdown; Obsolescence; LIFOReserve,3,1,xbrl; hybrid,23,concept=InventoryNet period=instant:2025-02-02
F-HD-INVENTORY-04,HD,"Home Depot, Inc.",bounded_extension,inventory,xbrl_fact,F-HD-0003,hd-20260201_htm.xml,seed-pattern concept selection from extracted XBRL instance,Inventory; Inventories; CostOfRevenue; CostOfGoods; CostOfSales; CostOfGoodsAndServicesSold; GrossProfit; GrossMargin; Markdown; Obsolescence; LIFOReserve,4,1,xbrl; hybrid,23,concept=InventoryNet period=instant:2026-02-01
F-HD-INVENTORY-05,HD,"Home Depot, Inc.",bounded_extension,inventory,xbrl_fact,F-HD-0015,hd-20260201_htm.xml,seed-pattern concept selection from extracted XBRL instance,Inventory; Inventories; CostOfRevenue; CostOfGoods; CostOfSales; CostOfGoodsAndServicesSold; GrossProfit; GrossMargin; Markdown; Obsolescence; LIFOReserve,5,1,xbrl; hybrid,24,concept=GrossProfit period=duration:2023-01-30/2024-01-28
F-HD-INVENTORY-06,HD,"Home Depot, Inc.",bounded_extension,inventory,xbrl_fact,F-HD-0014,hd-20260201_htm.xml,seed-pattern concept selection from extracted XBRL instance,Inventory; Inventories; CostOfRevenue; CostOfGoods; CostOfSales; CostOfGoodsAndServicesSold; GrossProfit; GrossMargin; Markdown; Obsolescence; LIFOReserve,6,1,xbrl; hybrid,24,concept=GrossProfit period=duration:2024-01-29/2025-02-02
F-HD-INVENTORY-07,HD,"Home Depot, Inc.",bounded_extension,inventory,xbrl_fact,F-HD-0013,hd-20260201_htm.xml,seed-pattern concept selection from extracted XBRL instance,Inventory; Inventories; CostOfRevenue; CostOfGoods; CostOfSales; CostOfGoodsAndServicesSold; GrossProfit; GrossMargin; Markdown; Obsolescence; LIFOReserve,7,1,xbrl; hybrid,24,concept=GrossProfit period=duration:2025-02-03/2026-02-01
F-HD-INVENTORY-08,HD,"Home Depot, Inc.",bounded_extension,inventory,xbrl_fact,F-HD-0063,hd-20260201_htm.xml,seed-pattern concept selection from extracted XBRL instance,Inventory; Inventories; CostOfRevenue; CostOfGoods; CostOfSales; CostOfGoodsAndServicesSold; GrossProfit; GrossMargin; Markdown; Obsolescence; LIFOReserve,8,2,xbrl; hybrid,28,concept=CostOfGoodsAndServicesSoldDepreciationAndAmortization period=duration:2024-01-29/2025-02-02
F-HD-INVENTORY-09,HD,"Home Depot, Inc.",bounded_extension,inventory,xbrl_fact,F-HD-0064,hd-20260201_htm.xml,seed-pattern concept selection from extracted XBRL instance,Inventory; Inventories; CostOfRevenue; CostOfGoods; CostOfSales; CostOfGoodsAndServicesSold; GrossProfit; GrossMargin; Markdown; Obsolescence; LIFOReserve,9,2,xbrl; hybrid,28,concept=CostOfGoodsAndServicesSoldDepreciationAndAmortization period=duration:2024-01-29/2025-02-02
F-HD-INVENTORY-10,HD,"Home Depot, Inc.",bounded_extension,inventory,xbrl_fact,F-HD-0065,hd-20260201_htm.xml,seed-pattern concept selection from extracted XBRL instance,Inventory; Inventories; CostOfRevenue; CostOfGoods; CostOfSales; CostOfGoodsAndServicesSold; GrossProfit; GrossMargin; Markdown; Obsolescence; LIFOReserve,10,2,xbrl; hybrid,24,concept=CostOfGoodsAndServicesSoldDepreciationAndAmortization period=duration:2024-01-29/2025-02-02
F-HD-INVENTORY-11,HD,"Home Depot, Inc.",bounded_extension,inventory,xbrl_fact,F-HD-0012,hd-20260201_htm.xml,seed-pattern concept selection from extracted XBRL instance,Inventory; Inventories; CostOfRevenue; CostOfGoods; CostOfSales; CostOfGoodsAndServicesSold; GrossProfit; GrossMargin; Markdown; Obsolescence; LIFOReserve,11,1,xbrl; hybrid,24,concept=CostOfRevenue period=duration:2023-01-30/2024-01-28
F-HD-INVENTORY-12,HD,"Home Depot, Inc.",bounded_extension,inventory,xbrl_fact,F-HD-0053,hd-20260201_htm.xml,seed-pattern concept selection from extracted XBRL instance,Inventory; Inventories; CostOfRevenue; CostOfGoods; CostOfSales; CostOfGoodsAndServicesSold; GrossProfit; GrossMargin; Markdown; Obsolescence; LIFOReserve,12,1,xbrl; hybrid,28,concept=CostOfRevenue period=duration:2023-01-30/2024-01-28
X-HD-INVENTORY-01,HD,"Home Depot, Inc.",bounded_extension,inventory,xbrl_relation_path,X-HD-0109,hd-20260201_cal.xml,seed-pattern relation selection from XBRL linkbases,Inventory; Inventories; CostOfRevenue; CostOfGoods; CostOfSales; CostOfGoodsAndServicesSold; GrossProfit; GrossMargin; Markdown; Obsolescence; LIFOReserve,direct_arc,2,xbrl; hybrid,33,calculation: hd:BusinessCombinationRecognizedIdentifiableAssetsAcquiredAndLiabilitiesAssumedAssetsAcquiredIncludingGoodwill -> us-gaap:BusinessCombinationRecognizedIdentifiableAssetsAcquiredAndLiabilitiesAssumedInventory
X-HD-INVENTORY-02,HD,"Home Depot, Inc.",bounded_extension,inventory,xbrl_relation_path,X-HD-0096,hd-20260201_cal.xml,seed-pattern relation selection from XBRL linkbases,Inventory; Inventories; CostOfRevenue; CostOfGoods; CostOfSales; CostOfGoodsAndServicesSold; GrossProfit; GrossMargin; Markdown; Obsolescence; LIFOReserve,direct_arc,2,xbrl; hybrid,30,calculation: us-gaap:AssetsCurrent -> us-gaap:InventoryNet
X-HD-INVENTORY-03,HD,"Home Depot, Inc.",bounded_extension,inventory,xbrl_relation_path,X-HD-0107,hd-20260201_cal.xml,seed-pattern relation selection from XBRL linkbases,Inventory; Inventories; CostOfRevenue; CostOfGoods; CostOfSales; CostOfGoodsAndServicesSold; GrossProfit; GrossMargin; Markdown; Obsolescence; LIFOReserve,direct_arc,2,xbrl; hybrid,34,calculation: us-gaap:DeferredIncomeTaxLiabilities -> us-gaap:DeferredTaxLiabilitiesDeferredExpenseCapitalizedInventoryCosts
X-HD-INVENTORY-04,HD,"Home Depot, Inc.",bounded_extension,inventory,xbrl_relation_path,X-HD-0098,hd-20260201_cal.xml,seed-pattern relation selection from XBRL linkbases,Inventory; Inventories; CostOfRevenue; CostOfGoods; CostOfSales; CostOfGoodsAndServicesSold; GrossProfit; GrossMargin; Markdown; Obsolescence; LIFOReserve,direct_arc,2,xbrl; hybrid,31,calculation: us-gaap:GrossProfit -> us-gaap:CostOfRevenue
X-HD-INVENTORY-05,HD,"Home Depot, Inc.",bounded_extension,inventory,xbrl_relation_path,X-HD-0101,hd-20260201_cal.xml,seed-pattern relation selection from XBRL linkbases,Inventory; Inventories; CostOfRevenue; CostOfGoods; CostOfSales; CostOfGoodsAndServicesSold; GrossProfit; GrossMargin; Markdown; Obsolescence; LIFOReserve,direct_arc,2,xbrl; hybrid,42,calculation: us-gaap:NetCashProvidedByUsedInOperatingActivities -> us-gaap:IncreaseDecreaseInRetailRelatedInventories
X-HD-INVENTORY-06,HD,"Home Depot, Inc.",bounded_extension,inventory,xbrl_relation_path,X-HD-0173,hd-20260201_def.xml,seed-pattern relation selection from XBRL linkbases,Inventory; Inventories; CostOfRevenue; CostOfGoods; CostOfSales; CostOfGoodsAndServicesSold; GrossProfit; GrossMargin; Markdown; Obsolescence; LIFOReserve,direct_arc,2,xbrl; hybrid,37,definition: us-gaap:BusinessAcquisitionLineItems -> us-gaap:BusinessCombinationRecognizedIdentifiableAssetsAcquiredAndLiabilitiesAssumedInventory
X-HD-INVENTORY-07,HD,"Home Depot, Inc.",bounded_extension,inventory,xbrl_relation_path,X-HD-0142,hd-20260201_def.xml,seed-pattern relation selection from XBRL linkbases,Inventory; Inventories; CostOfRevenue; CostOfGoods; CostOfSales; CostOfGoodsAndServicesSold; GrossProfit; GrossMargin; Markdown; Obsolescence; LIFOReserve,direct_arc,2,xbrl; hybrid,35,definition: us-gaap:DisaggregationOfRevenueLineItems -> us-gaap:CostOfGoodsAndServicesSoldDepreciationAndAmortization
X-HD-INVENTORY-08,HD,"Home Depot, Inc.",bounded_extension,inventory,xbrl_relation_path,X-HD-0011,hd-20260201_pre.xml,seed-pattern relation selection from XBRL linkbases,Inventory; Inventories; CostOfRevenue; CostOfGoods; CostOfSales; CostOfGoodsAndServicesSold; GrossProfit; GrossMargin; Markdown; Obsolescence; LIFOReserve,direct_arc,2,xbrl; hybrid,38,presentation: us-gaap:AccountingPoliciesAbstract -> us-gaap:InventoryPolicyTextBlock
X-HD-INVENTORY-09,HD,"Home Depot, Inc.",bounded_extension,inventory,xbrl_relation_path,X-HD-0008,hd-20260201_pre.xml,seed-pattern relation selection from XBRL linkbases,Inventory; Inventories; CostOfRevenue; CostOfGoods; CostOfSales; CostOfGoodsAndServicesSold; GrossProfit; GrossMargin; Markdown; Obsolescence; LIFOReserve,direct_arc,2,xbrl; hybrid,50,presentation: us-gaap:AdjustmentsToReconcileNetIncomeLossToCashProvidedByUsedInOperatingActivitiesAbstract -> us-gaap:IncreaseDecreaseInRetailRelatedInventories
X-HD-INVENTORY-10,HD,"Home Depot, Inc.",bounded_extension,inventory,xbrl_relation_path,X-HD-0002,hd-20260201_pre.xml,seed-pattern relation selection from XBRL linkbases,Inventory; Inventories; CostOfRevenue; CostOfGoods; CostOfSales; CostOfGoodsAndServicesSold; GrossProfit; GrossMargin; Markdown; Obsolescence; LIFOReserve,direct_arc,2,xbrl; hybrid,35,presentation: us-gaap:AssetsCurrentAbstract -> us-gaap:InventoryNet
T-CAT-INVENTORY-01,CAT,Caterpillar Inc.,bounded_extension,inventory,text,T-CAT-INVENTORY-016,cat-20251231.htm,keyword-ranked text retrieval over extracted 10-K chunks,inventory; inventories; cost of sales; cost of goods; gross margin; gross profit; markdown; obsolescence; lower of cost; net realizable value; reserve,1,9,text; hybrid,47,Prompt rendering may truncate long text chunks.
T-CAT-INVENTORY-02,CAT,Caterpillar Inc.,bounded_extension,inventory,text,T-CAT-INVENTORY-008,cat-20251231.htm,keyword-ranked text retrieval over extracted 10-K chunks,inventory; inventories; cost of sales; cost of goods; gross margin; gross profit; markdown; obsolescence; lower of cost; net realizable value; reserve,2,6,text; hybrid,45,Prompt rendering may truncate long text chunks.
T-CAT-INVENTORY-03,CAT,Caterpillar Inc.,bounded_extension,inventory,text,T-CAT-INVENTORY-023,cat-20251231.htm,keyword-ranked text retrieval over extracted 10-K chunks,inventory; inventories; cost of sales; cost of goods; gross margin; gross profit; markdown; obsolescence; lower of cost; net realizable value; reserve,3,6,text; hybrid,97,Prompt rendering may truncate long text chunks.
T-CAT-INVENTORY-04,CAT,Caterpillar Inc.,bounded_extension,inventory,text,T-CAT-REVENUE_INVENTORY-003,cat-20251231.htm,keyword-ranked text retrieval over extracted 10-K chunks,inventory; inventories; cost of sales; cost of goods; gross margin; gross profit; markdown; obsolescence; lower of cost; net realizable value; reserve,4,6,text; hybrid,146,Prompt rendering may truncate long text chunks.
T-CAT-INVENTORY-05,CAT,Caterpillar Inc.,bounded_extension,inventory,text,T-CAT-INVENTORY-011,cat-20251231.htm,keyword-ranked text retrieval over extracted 10-K chunks,inventory; inventories; cost of sales; cost of goods; gross margin; gross profit; markdown; obsolescence; lower of cost; net realizable value; reserve,5,5,text; hybrid,91,Prompt rendering may truncate long text chunks.
F-CAT-INVENTORY-01,CAT,Caterpillar Inc.,bounded_extension,inventory,xbrl_fact,F-CAT-0802,cat-20251231_htm.xml,seed-pattern concept selection from extracted XBRL instance,Inventory; Inventories; CostOfRevenue; CostOfGoods; CostOfSales; CostOfGoodsAndServicesSold; GrossProfit; GrossMargin; Markdown; Obsolescence; LIFOReserve,1,1,xbrl; hybrid,22,concept=InventoryFinishedGoodsNetOfReserves period=instant:2024-12-31
F-CAT-INVENTORY-02,CAT,Caterpillar Inc.,bounded_extension,inventory,xbrl_fact,F-CAT-0801,cat-20251231_htm.xml,seed-pattern concept selection from extracted XBRL instance,Inventory; Inventories; CostOfRevenue; CostOfGoods; CostOfSales; CostOfGoodsAndServicesSold; GrossProfit; GrossMargin; Markdown; Obsolescence; LIFOReserve,2,1,xbrl; hybrid,22,concept=InventoryFinishedGoodsNetOfReserves period=instant:2025-12-31
F-CAT-INVENTORY-03,CAT,Caterpillar Inc.,bounded_extension,inventory,xbrl_fact,F-CAT-0049,cat-20251231_htm.xml,seed-pattern concept selection from extracted XBRL instance,Inventory; Inventories; CostOfRevenue; CostOfGoods; CostOfSales; CostOfGoodsAndServicesSold; GrossProfit; GrossMargin; Markdown; Obsolescence; LIFOReserve,3,2,xbrl; hybrid,22,concept=InventoryLIFOReserve period=instant:2024-12-31
F-CAT-INVENTORY-04,CAT,Caterpillar Inc.,bounded_extension,inventory,xbrl_fact,F-CAT-0048,cat-20251231_htm.xml,seed-pattern concept selection from extracted XBRL instance,Inventory; Inventories; CostOfRevenue; CostOfGoods; CostOfSales; CostOfGoodsAndServicesSold; GrossProfit; GrossMargin; Markdown; Obsolescence; LIFOReserve,4,2,xbrl; hybrid,22,concept=InventoryLIFOReserve period=instant:2025-12-31
F-CAT-INVENTORY-05,CAT,Caterpillar Inc.,bounded_extension,inventory,xbrl_fact,F-CAT-1037,cat-20251231_htm.xml,seed-pattern concept selection from extracted XBRL instance,Inventory; Inventories; CostOfRevenue; CostOfGoods; CostOfSales; CostOfGoodsAndServicesSold; GrossProfit; GrossMargin; Markdown; Obsolescence; LIFOReserve,5,1,xbrl; hybrid,25,concept=InventoryMethodologyDifference period=instant:2024-12-31
F-CAT-INVENTORY-06,CAT,Caterpillar Inc.,bounded_extension,inventory,xbrl_fact,F-CAT-1036,cat-20251231_htm.xml,seed-pattern concept selection from extracted XBRL instance,Inventory; Inventories; CostOfRevenue; CostOfGoods; CostOfSales; CostOfGoodsAndServicesSold; GrossProfit; GrossMargin; Markdown; Obsolescence; LIFOReserve,6,1,xbrl; hybrid,25,concept=InventoryMethodologyDifference period=instant:2025-12-31
F-CAT-INVENTORY-07,CAT,Caterpillar Inc.,bounded_extension,inventory,xbrl_fact,F-CAT-0019,cat-20251231_htm.xml,seed-pattern concept selection from extracted XBRL instance,Inventory; Inventories; CostOfRevenue; CostOfGoods; CostOfSales; CostOfGoodsAndServicesSold; GrossProfit; GrossMargin; Markdown; Obsolescence; LIFOReserve,7,1,xbrl; hybrid,22,concept=InventoryNet period=instant:2024-12-31
F-CAT-INVENTORY-08,CAT,Caterpillar Inc.,bounded_extension,inventory,xbrl_fact,F-CAT-0806,cat-20251231_htm.xml,seed-pattern concept selection from extracted XBRL instance,Inventory; Inventories; CostOfRevenue; CostOfGoods; CostOfSales; CostOfGoodsAndServicesSold; GrossProfit; GrossMargin; Markdown; Obsolescence; LIFOReserve,8,1,xbrl; hybrid,22,concept=InventoryNet period=instant:2024-12-31
F-CAT-INVENTORY-09,CAT,Caterpillar Inc.,bounded_extension,inventory,xbrl_fact,F-CAT-0018,cat-20251231_htm.xml,seed-pattern concept selection from extracted XBRL instance,Inventory; Inventories; CostOfRevenue; CostOfGoods; CostOfSales; CostOfGoodsAndServicesSold; GrossProfit; GrossMargin; Markdown; Obsolescence; LIFOReserve,9,1,xbrl; hybrid,22,concept=InventoryNet period=instant:2025-12-31
F-CAT-INVENTORY-10,CAT,Caterpillar Inc.,bounded_extension,inventory,xbrl_fact,F-CAT-0798,cat-20251231_htm.xml,seed-pattern concept selection from extracted XBRL instance,Inventory; Inventories; CostOfRevenue; CostOfGoods; CostOfSales; CostOfGoodsAndServicesSold; GrossProfit; GrossMargin; Markdown; Obsolescence; LIFOReserve,10,1,xbrl; hybrid,22,concept=InventoryRawMaterialsNetOfReserves period=instant:2024-12-31
F-CAT-INVENTORY-11,CAT,Caterpillar Inc.,bounded_extension,inventory,xbrl_fact,F-CAT-0797,cat-20251231_htm.xml,seed-pattern concept selection from extracted XBRL instance,Inventory; Inventories; CostOfRevenue; CostOfGoods; CostOfSales; CostOfGoodsAndServicesSold; GrossProfit; GrossMargin; Markdown; Obsolescence; LIFOReserve,11,1,xbrl; hybrid,22,concept=InventoryRawMaterialsNetOfReserves period=instant:2025-12-31
F-CAT-INVENTORY-12,CAT,Caterpillar Inc.,bounded_extension,inventory,xbrl_fact,F-CAT-0804,cat-20251231_htm.xml,seed-pattern concept selection from extracted XBRL instance,Inventory; Inventories; CostOfRevenue; CostOfGoods; CostOfSales; CostOfGoodsAndServicesSold; GrossProfit; GrossMargin; Markdown; Obsolescence; LIFOReserve,12,1,xbrl; hybrid,22,concept=InventorySuppliesNetOfReserves period=instant:2024-12-31
X-CAT-INVENTORY-01,CAT,Caterpillar Inc.,bounded_extension,inventory,xbrl_relation_path,X-CAT-0312,cat-20251231_cal.xml,seed-pattern relation selection from XBRL linkbases,Inventory; Inventories; CostOfRevenue; CostOfGoods; CostOfSales; CostOfGoodsAndServicesSold; GrossProfit; GrossMargin; Markdown; Obsolescence; LIFOReserve,direct_arc,4,xbrl; hybrid,33,calculation: us-gaap:InventoryNet -> us-gaap:InventoryFinishedGoodsNetOfReserves
X-CAT-INVENTORY-02,CAT,Caterpillar Inc.,bounded_extension,inventory,xbrl_relation_path,X-CAT-0310,cat-20251231_cal.xml,seed-pattern relation selection from XBRL linkbases,Inventory; Inventories; CostOfRevenue; CostOfGoods; CostOfSales; CostOfGoodsAndServicesSold; GrossProfit; GrossMargin; Markdown; Obsolescence; LIFOReserve,direct_arc,4,xbrl; hybrid,33,calculation: us-gaap:InventoryNet -> us-gaap:InventoryRawMaterialsNetOfReserves
X-CAT-INVENTORY-03,CAT,Caterpillar Inc.,bounded_extension,inventory,xbrl_relation_path,X-CAT-0313,cat-20251231_cal.xml,seed-pattern relation selection from XBRL linkbases,Inventory; Inventories; CostOfRevenue; CostOfGoods; CostOfSales; CostOfGoodsAndServicesSold; GrossProfit; GrossMargin; Markdown; Obsolescence; LIFOReserve,direct_arc,4,xbrl; hybrid,32,calculation: us-gaap:InventoryNet -> us-gaap:InventorySuppliesNetOfReserves
X-CAT-INVENTORY-04,CAT,Caterpillar Inc.,bounded_extension,inventory,xbrl_relation_path,X-CAT-0311,cat-20251231_cal.xml,seed-pattern relation selection from XBRL linkbases,Inventory; Inventories; CostOfRevenue; CostOfGoods; CostOfSales; CostOfGoodsAndServicesSold; GrossProfit; GrossMargin; Markdown; Obsolescence; LIFOReserve,direct_arc,4,xbrl; hybrid,34,calculation: us-gaap:InventoryNet -> us-gaap:InventoryWorkInProcessNetOfReserves
X-CAT-INVENTORY-05,CAT,Caterpillar Inc.,bounded_extension,inventory,xbrl_relation_path,X-CAT-0018,cat-20251231_pre.xml,seed-pattern relation selection from XBRL linkbases,Inventory; Inventories; CostOfRevenue; CostOfGoods; CostOfSales; CostOfGoodsAndServicesSold; GrossProfit; GrossMargin; Markdown; Obsolescence; LIFOReserve,direct_arc,4,xbrl; hybrid,36,presentation: us-gaap:InventoryDisclosureAbstract -> us-gaap:InventoryDisclosureTextBlock
X-CAT-INVENTORY-06,CAT,Caterpillar Inc.,bounded_extension,inventory,xbrl_relation_path,X-CAT-0215,cat-20251231_pre.xml,seed-pattern relation selection from XBRL linkbases,Inventory; Inventories; CostOfRevenue; CostOfGoods; CostOfSales; CostOfGoodsAndServicesSold; GrossProfit; GrossMargin; Markdown; Obsolescence; LIFOReserve,direct_arc,4,xbrl; hybrid,38,presentation: us-gaap:InventoryDisclosureAbstract -> us-gaap:InventoryFinishedGoodsNetOfReserves
X-CAT-INVENTORY-07,CAT,Caterpillar Inc.,bounded_extension,inventory,xbrl_relation_path,X-CAT-0217,cat-20251231_pre.xml,seed-pattern relation selection from XBRL linkbases,Inventory; Inventories; CostOfRevenue; CostOfGoods; CostOfSales; CostOfGoodsAndServicesSold; GrossProfit; GrossMargin; Markdown; Obsolescence; LIFOReserve,direct_arc,4,xbrl; hybrid,34,presentation: us-gaap:InventoryDisclosureAbstract -> us-gaap:InventoryNet
X-CAT-INVENTORY-08,CAT,Caterpillar Inc.,bounded_extension,inventory,xbrl_relation_path,X-CAT-0213,cat-20251231_pre.xml,seed-pattern relation selection from XBRL linkbases,Inventory; Inventories; CostOfRevenue; CostOfGoods; CostOfSales; CostOfGoodsAndServicesSold; GrossProfit; GrossMargin; Markdown; Obsolescence; LIFOReserve,direct_arc,4,xbrl; hybrid,38,presentation: us-gaap:InventoryDisclosureAbstract -> us-gaap:InventoryRawMaterialsNetOfReserves
X-CAT-INVENTORY-09,CAT,Caterpillar Inc.,bounded_extension,inventory,xbrl_relation_path,X-CAT-0216,cat-20251231_pre.xml,seed-pattern relation selection from XBRL linkbases,Inventory; Inventories; CostOfRevenue; CostOfGoods; CostOfSales; CostOfGoodsAndServicesSold; GrossProfit; GrossMargin; Markdown; Obsolescence; LIFOReserve,direct_arc,4,xbrl; hybrid,37,presentation: us-gaap:InventoryDisclosureAbstract -> us-gaap:InventorySuppliesNetOfReserves
X-CAT-INVENTORY-10,CAT,Caterpillar Inc.,bounded_extension,inventory,xbrl_relation_path,X-CAT-0214,cat-20251231_pre.xml,seed-pattern relation selection from XBRL linkbases,Inventory; Inventories; CostOfRevenue; CostOfGoods; CostOfSales; CostOfGoodsAndServicesSold; GrossProfit; GrossMargin; Markdown; Obsolescence; LIFOReserve,direct_arc,4,xbrl; hybrid,39,presentation: us-gaap:InventoryDisclosureAbstract -> us-gaap:InventoryWorkInProcessNetOfReserves
T-PFE-INVENTORY-01,PFE,Pfizer Inc.,bounded_extension,inventory,text,T-PFE-INVENTORY-011,pfe-20251231.htm,keyword-ranked text retrieval over extracted 10-K chunks,inventory; inventories; cost of sales; cost of goods; gross margin; gross profit; markdown; obsolescence; lower of cost; net realizable value; reserve,1,10,text; hybrid,64,Prompt rendering may truncate long text chunks.
T-PFE-INVENTORY-02,PFE,Pfizer Inc.,bounded_extension,inventory,text,T-PFE-REVENUE_INVENTORY-035,pfe-20251231.htm,keyword-ranked text retrieval over extracted 10-K chunks,inventory; inventories; cost of sales; cost of goods; gross margin; gross profit; markdown; obsolescence; lower of cost; net realizable value; reserve,2,7,text; hybrid,120,Prompt rendering may truncate long text chunks.
T-PFE-INVENTORY-03,PFE,Pfizer Inc.,bounded_extension,inventory,text,T-PFE-REVENUE_INVENTORY-020,pfe-20251231.htm,keyword-ranked text retrieval over extracted 10-K chunks,inventory; inventories; cost of sales; cost of goods; gross margin; gross profit; markdown; obsolescence; lower of cost; net realizable value; reserve,3,6,text; hybrid,203,Prompt rendering may truncate long text chunks.
T-PFE-INVENTORY-04,PFE,Pfizer Inc.,bounded_extension,inventory,text,T-PFE-REVENUE_INVENTORY-028,pfe-20251231.htm,keyword-ranked text retrieval over extracted 10-K chunks,inventory; inventories; cost of sales; cost of goods; gross margin; gross profit; markdown; obsolescence; lower of cost; net realizable value; reserve,4,6,text; hybrid,49,Prompt rendering may truncate long text chunks.
T-PFE-INVENTORY-05,PFE,Pfizer Inc.,bounded_extension,inventory,text,T-PFE-INVENTORY-004,pfe-20251231.htm,keyword-ranked text retrieval over extracted 10-K chunks,inventory; inventories; cost of sales; cost of goods; gross margin; gross profit; markdown; obsolescence; lower of cost; net realizable value; reserve,5,5,text; hybrid,99,Prompt rendering may truncate long text chunks.
F-PFE-INVENTORY-01,PFE,Pfizer Inc.,bounded_extension,inventory,xbrl_fact,F-PFE-0037,pfe-20251231_htm.xml,seed-pattern concept selection from extracted XBRL instance,Inventory; Inventories; CostOfRevenue; CostOfGoods; CostOfSales; CostOfGoodsAndServicesSold; GrossProfit; GrossMargin; Markdown; Obsolescence; LIFOReserve,1,1,xbrl; hybrid,26,concept=BusinessCombinationRecognizedIdentifiableAssetsAcquiredAndLiabilitiesAssumedInventory period=instant:2023-12-14
F-PFE-INVENTORY-02,PFE,Pfizer Inc.,bounded_extension,inventory,xbrl_fact,F-PFE-0038,pfe-20251231_htm.xml,seed-pattern concept selection from extracted XBRL instance,Inventory; Inventories; CostOfRevenue; CostOfGoods; CostOfSales; CostOfGoodsAndServicesSold; GrossProfit; GrossMargin; Markdown; Obsolescence; LIFOReserve,2,1,xbrl; hybrid,25,concept=BusinessCombinationRecognizedIdentifiableAssetsAcquiredAndLiabilitiesAssumedInventoryCurrent period=instant:2023-12-14
F-PFE-INVENTORY-03,PFE,Pfizer Inc.,bounded_extension,inventory,xbrl_fact,F-PFE-0039,pfe-20251231_htm.xml,seed-pattern concept selection from extracted XBRL instance,Inventory; Inventories; CostOfRevenue; CostOfGoods; CostOfSales; CostOfGoodsAndServicesSold; GrossProfit; GrossMargin; Markdown; Obsolescence; LIFOReserve,3,1,xbrl; hybrid,25,concept=BusinessCombinationRecognizedIdentifiableAssetsAcquiredAndLiabilitiesAssumedInventoryNoncurrent period=instant:2023-12-14
F-PFE-INVENTORY-04,PFE,Pfizer Inc.,bounded_extension,inventory,xbrl_fact,F-PFE-0134,pfe-20251231_htm.xml,seed-pattern concept selection from extracted XBRL instance,Inventory; Inventories; CostOfRevenue; CostOfGoods; CostOfSales; CostOfGoodsAndServicesSold; GrossProfit; GrossMargin; Markdown; Obsolescence; LIFOReserve,4,1,xbrl; hybrid,30,concept=ContractWithCustomerFavorableAdjustmentForGovernmentEmergencyUseAuthorizationInventoryReturnedToTheCompanyDuringThePeriod period=duration:2024-01-01/2024-03-31
F-PFE-INVENTORY-05,PFE,Pfizer Inc.,bounded_extension,inventory,xbrl_fact,F-PFE-0170,pfe-20251231_htm.xml,seed-pattern concept selection from extracted XBRL instance,Inventory; Inventories; CostOfRevenue; CostOfGoods; CostOfSales; CostOfGoodsAndServicesSold; GrossProfit; GrossMargin; Markdown; Obsolescence; LIFOReserve,5,1,xbrl; hybrid,26,concept=ContractWithCustomerFavorableAdjustmentForGovernmentEmergencyUseAuthorizationInventoryReturnedToTheCompanyDuringThePeriod period=duration:2024-01-01/2024-03-31
F-PFE-INVENTORY-06,PFE,Pfizer Inc.,bounded_extension,inventory,xbrl_fact,F-PFE-0321,pfe-20251231_htm.xml,seed-pattern concept selection from extracted XBRL instance,Inventory; Inventories; CostOfRevenue; CostOfGoods; CostOfSales; CostOfGoodsAndServicesSold; GrossProfit; GrossMargin; Markdown; Obsolescence; LIFOReserve,6,1,xbrl; hybrid,26,concept=ContractWithCustomerFavorableAdjustmentForGovernmentEmergencyUseAuthorizationInventoryReturnedToTheCompanyDuringThePeriod period=duration:2024-01-01/2024-12-31
F-PFE-INVENTORY-07,PFE,Pfizer Inc.,bounded_extension,inventory,xbrl_fact,F-PFE-0171,pfe-20251231_htm.xml,seed-pattern concept selection from extracted XBRL instance,Inventory; Inventories; CostOfRevenue; CostOfGoods; CostOfSales; CostOfGoodsAndServicesSold; GrossProfit; GrossMargin; Markdown; Obsolescence; LIFOReserve,7,1,xbrl; hybrid,27,concept=GovernmentEmergencyUseAuthorizationInventoryReturnedToTheCompanyDuringThePeriodNumberOfTreatmentCourses period=duration:2024-01-01/2024-02-29
F-PFE-INVENTORY-08,PFE,Pfizer Inc.,bounded_extension,inventory,xbrl_fact,F-PFE-0323,pfe-20251231_htm.xml,seed-pattern concept selection from extracted XBRL instance,Inventory; Inventories; CostOfRevenue; CostOfGoods; CostOfSales; CostOfGoodsAndServicesSold; GrossProfit; GrossMargin; Markdown; Obsolescence; LIFOReserve,8,1,xbrl; hybrid,27,concept=GovernmentEmergencyUseAuthorizationInventoryReturnedToTheCompanyDuringThePeriodNumberOfTreatmentCourses period=duration:2024-01-01/2024-02-29
F-PFE-INVENTORY-09,PFE,Pfizer Inc.,bounded_extension,inventory,xbrl_fact,F-PFE-0169,pfe-20251231_htm.xml,seed-pattern concept selection from extracted XBRL instance,Inventory; Inventories; CostOfRevenue; CostOfGoods; CostOfSales; CostOfGoodsAndServicesSold; GrossProfit; GrossMargin; Markdown; Obsolescence; LIFOReserve,9,1,xbrl; hybrid,26,concept=GovernmentEmergencyUseAuthorizationInventoryToBeReturnedToCompanyNumberOfTreatmentCourses period=instant:2023-12-31
F-PFE-INVENTORY-10,PFE,Pfizer Inc.,bounded_extension,inventory,xbrl_fact,F-PFE-0324,pfe-20251231_htm.xml,seed-pattern concept selection from extracted XBRL instance,Inventory; Inventories; CostOfRevenue; CostOfGoods; CostOfSales; CostOfGoodsAndServicesSold; GrossProfit; GrossMargin; Markdown; Obsolescence; LIFOReserve,10,1,xbrl; hybrid,26,concept=GovernmentEmergencyUseAuthorizationInventoryToBeReturnedToCompanyNumberOfTreatmentCourses period=instant:2023-12-31
F-PFE-INVENTORY-11,PFE,Pfizer Inc.,bounded_extension,inventory,xbrl_fact,F-PFE-0327,pfe-20251231_htm.xml,seed-pattern concept selection from extracted XBRL instance,Inventory; Inventories; CostOfRevenue; CostOfGoods; CostOfSales; CostOfGoodsAndServicesSold; GrossProfit; GrossMargin; Markdown; Obsolescence; LIFOReserve,11,1,xbrl; hybrid,26,concept=GovernmentEmergencyUseAuthorizationInventoryToBeReturnedToCompanyNumberOfTreatmentCourses period=instant:2023-12-31
F-PFE-INVENTORY-12,PFE,Pfizer Inc.,bounded_extension,inventory,xbrl_fact,F-PFE-0116,pfe-20251231_htm.xml,seed-pattern concept selection from extracted XBRL instance,Inventory; Inventories; CostOfRevenue; CostOfGoods; CostOfSales; CostOfGoodsAndServicesSold; GrossProfit; GrossMargin; Markdown; Obsolescence; LIFOReserve,12,1,xbrl; hybrid,22,concept=InventoryFinishedGoodsNetOfReserves period=instant:2024-12-31
X-PFE-INVENTORY-01,PFE,Pfizer Inc.,bounded_extension,inventory,xbrl_relation_path,X-PFE-0160,pfe-20251231_cal.xml,seed-pattern relation selection from XBRL linkbases,Inventory; Inventories; CostOfRevenue; CostOfGoods; CostOfSales; CostOfGoodsAndServicesSold; GrossProfit; GrossMargin; Markdown; Obsolescence; LIFOReserve,direct_arc,4,xbrl; hybrid,33,calculation: us-gaap:InventoryNet -> us-gaap:InventoryFinishedGoodsNetOfReserves
X-PFE-INVENTORY-02,PFE,Pfizer Inc.,bounded_extension,inventory,xbrl_relation_path,X-PFE-0162,pfe-20251231_cal.xml,seed-pattern relation selection from XBRL linkbases,Inventory; Inventories; CostOfRevenue; CostOfGoods; CostOfSales; CostOfGoodsAndServicesSold; GrossProfit; GrossMargin; Markdown; Obsolescence; LIFOReserve,direct_arc,4,xbrl; hybrid,35,calculation: us-gaap:InventoryNet -> us-gaap:InventoryRawMaterialsAndSuppliesNetOfReserves
X-PFE-INVENTORY-03,PFE,Pfizer Inc.,bounded_extension,inventory,xbrl_relation_path,X-PFE-0161,pfe-20251231_cal.xml,seed-pattern relation selection from XBRL linkbases,Inventory; Inventories; CostOfRevenue; CostOfGoods; CostOfSales; CostOfGoodsAndServicesSold; GrossProfit; GrossMargin; Markdown; Obsolescence; LIFOReserve,direct_arc,4,xbrl; hybrid,34,calculation: us-gaap:InventoryNet -> us-gaap:InventoryWorkInProcessNetOfReserves
X-PFE-INVENTORY-04,PFE,Pfizer Inc.,bounded_extension,inventory,xbrl_relation_path,X-PFE-0151,pfe-20251231_cal.xml,seed-pattern relation selection from XBRL linkbases,Inventory; Inventories; CostOfRevenue; CostOfGoods; CostOfSales; CostOfGoodsAndServicesSold; GrossProfit; GrossMargin; Markdown; Obsolescence; LIFOReserve,direct_arc,2,xbrl; hybrid,27,calculation: pfe:RestructuringChargesAcquisitionRelatedCostsandImplementationCosts -> us-gaap:InventoryWriteDown
X-PFE-INVENTORY-05,PFE,Pfizer Inc.,bounded_extension,inventory,xbrl_relation_path,X-PFE-0141,pfe-20251231_cal.xml,seed-pattern relation selection from XBRL linkbases,Inventory; Inventories; CostOfRevenue; CostOfGoods; CostOfSales; CostOfGoodsAndServicesSold; GrossProfit; GrossMargin; Markdown; Obsolescence; LIFOReserve,direct_arc,2,xbrl; hybrid,29,calculation: us-gaap:AssetsCurrent -> us-gaap:InventoryNet
X-PFE-INVENTORY-06,PFE,Pfizer Inc.,bounded_extension,inventory,xbrl_relation_path,X-PFE-0147,pfe-20251231_cal.xml,seed-pattern relation selection from XBRL linkbases,Inventory; Inventories; CostOfRevenue; CostOfGoods; CostOfSales; CostOfGoodsAndServicesSold; GrossProfit; GrossMargin; Markdown; Obsolescence; LIFOReserve,direct_arc,2,xbrl; hybrid,42,calculation: us-gaap:BusinessCombinationRecognizedIdentifiableAssetsAcquiredAndLiabilitiesAssumedNet -> us-gaap:BusinessCombinationRecognizedIdentifiableAssetsAcquiredAndLiabilitiesAssumedInventory
X-PFE-INVENTORY-07,PFE,Pfizer Inc.,bounded_extension,inventory,xbrl_relation_path,X-PFE-0159,pfe-20251231_cal.xml,seed-pattern relation selection from XBRL linkbases,Inventory; Inventories; CostOfRevenue; CostOfGoods; CostOfSales; CostOfGoodsAndServicesSold; GrossProfit; GrossMargin; Markdown; Obsolescence; LIFOReserve,direct_arc,2,xbrl; hybrid,33,calculation: us-gaap:DeferredIncomeTaxLiabilities -> us-gaap:DeferredTaxLiabilitiesDeferredExpenseCapitalizedInventoryCosts
X-PFE-INVENTORY-08,PFE,Pfizer Inc.,bounded_extension,inventory,xbrl_relation_path,X-PFE-0155,pfe-20251231_cal.xml,seed-pattern relation selection from XBRL linkbases,Inventory; Inventories; CostOfRevenue; CostOfGoods; CostOfSales; CostOfGoodsAndServicesSold; GrossProfit; GrossMargin; Markdown; Obsolescence; LIFOReserve,direct_arc,2,xbrl; hybrid,33,calculation: us-gaap:DeferredTaxAssetsGross -> us-gaap:DeferredTaxAssetsInventory
X-PFE-INVENTORY-09,PFE,Pfizer Inc.,bounded_extension,inventory,xbrl_relation_path,X-PFE-0149,pfe-20251231_cal.xml,seed-pattern relation selection from XBRL linkbases,Inventory; Inventories; CostOfRevenue; CostOfGoods; CostOfSales; CostOfGoodsAndServicesSold; GrossProfit; GrossMargin; Markdown; Obsolescence; LIFOReserve,direct_arc,2,xbrl; hybrid,30,calculation: us-gaap:GrossProfit -> us-gaap:CostOfRevenue
X-PFE-INVENTORY-10,PFE,Pfizer Inc.,bounded_extension,inventory,xbrl_relation_path,X-PFE-0136,pfe-20251231_cal.xml,seed-pattern relation selection from XBRL linkbases,Inventory; Inventories; CostOfRevenue; CostOfGoods; CostOfSales; CostOfGoodsAndServicesSold; GrossProfit; GrossMargin; Markdown; Obsolescence; LIFOReserve,direct_arc,2,xbrl; hybrid,41,calculation: us-gaap:IncomeLossFromContinuingOperationsBeforeIncomeTaxesExtraordinaryItemsNoncontrollingInterest -> us-gaap:CostOfGoodsAndServicesSold
T-MSFT-REVENUE-01,MSFT,Microsoft Corp.,bounded_extension,revenue,text,T-MSFT-REVENUE-089,msft-20250630.htm,keyword-ranked text retrieval over extracted 10-K chunks,revenue recognition; revenue; sales; returns; refund; contract liabilities; deferred revenue; gift card; stored value; loyalty; breakage; customer incentives; receivables; wholesale; licensed; digital,1,8,text; hybrid,153,Prompt rendering may truncate long text chunks.
T-MSFT-REVENUE-02,MSFT,Microsoft Corp.,bounded_extension,revenue,text,T-MSFT-REVENUE-102,msft-20250630.htm,keyword-ranked text retrieval over extracted 10-K chunks,revenue recognition; revenue; sales; returns; refund; contract liabilities; deferred revenue; gift card; stored value; loyalty; breakage; customer incentives; receivables; wholesale; licensed; digital,2,8,text; hybrid,80,Prompt rendering may truncate long text chunks.
T-MSFT-REVENUE-03,MSFT,Microsoft Corp.,bounded_extension,revenue,text,T-MSFT-REVENUE-105,msft-20250630.htm,keyword-ranked text retrieval over extracted 10-K chunks,revenue recognition; revenue; sales; returns; refund; contract liabilities; deferred revenue; gift card; stored value; loyalty; breakage; customer incentives; receivables; wholesale; licensed; digital,3,6,text; hybrid,113,Prompt rendering may truncate long text chunks.
T-MSFT-REVENUE-04,MSFT,Microsoft Corp.,bounded_extension,revenue,text,T-MSFT-REVENUE-061,msft-20250630.htm,keyword-ranked text retrieval over extracted 10-K chunks,revenue recognition; revenue; sales; returns; refund; contract liabilities; deferred revenue; gift card; stored value; loyalty; breakage; customer incentives; receivables; wholesale; licensed; digital,4,5,text; hybrid,78,Prompt rendering may truncate long text chunks.
T-MSFT-REVENUE-05,MSFT,Microsoft Corp.,bounded_extension,revenue,text,T-MSFT-REVENUE-078,msft-20250630.htm,keyword-ranked text retrieval over extracted 10-K chunks,revenue recognition; revenue; sales; returns; refund; contract liabilities; deferred revenue; gift card; stored value; loyalty; breakage; customer incentives; receivables; wholesale; licensed; digital,5,5,text; hybrid,94,Prompt rendering may truncate long text chunks.
F-MSFT-REVENUE-01,MSFT,Microsoft Corp.,bounded_extension,revenue,xbrl_fact,F-MSFT-0003,msft-20250630_htm.xml,seed-pattern concept selection from extracted XBRL instance,Revenue; SalesRevenue; ContractWithCustomer; DeferredRevenue; RefundLiability; Receivable; Customer; StoredValue; Loyalty; Gift,1,3,xbrl; hybrid,28,concept=RevenueFromContractWithCustomerExcludingAssessedTax period=duration:2022-07-01/2023-06-30
F-MSFT-REVENUE-02,MSFT,Microsoft Corp.,bounded_extension,revenue,xbrl_fact,F-MSFT-0006,msft-20250630_htm.xml,seed-pattern concept selection from extracted XBRL instance,Revenue; SalesRevenue; ContractWithCustomer; DeferredRevenue; RefundLiability; Receivable; Customer; StoredValue; Loyalty; Gift,2,3,xbrl; hybrid,28,concept=RevenueFromContractWithCustomerExcludingAssessedTax period=duration:2022-07-01/2023-06-30
F-MSFT-REVENUE-03,MSFT,Microsoft Corp.,bounded_extension,revenue,xbrl_fact,F-MSFT-0009,msft-20250630_htm.xml,seed-pattern concept selection from extracted XBRL instance,Revenue; SalesRevenue; ContractWithCustomer; DeferredRevenue; RefundLiability; Receivable; Customer; StoredValue; Loyalty; Gift,3,3,xbrl; hybrid,24,concept=RevenueFromContractWithCustomerExcludingAssessedTax period=duration:2022-07-01/2023-06-30
F-MSFT-REVENUE-04,MSFT,Microsoft Corp.,bounded_extension,revenue,xbrl_fact,F-MSFT-0057,msft-20250630_htm.xml,seed-pattern concept selection from extracted XBRL instance,Revenue; SalesRevenue; ContractWithCustomer; DeferredRevenue; RefundLiability; Receivable; Customer; StoredValue; Loyalty; Gift,4,2,xbrl; hybrid,27,concept=ContractWithCustomerLiability period=instant:2024-06-30
F-MSFT-REVENUE-05,MSFT,Microsoft Corp.,bounded_extension,revenue,xbrl_fact,F-MSFT-0059,msft-20250630_htm.xml,seed-pattern concept selection from extracted XBRL instance,Revenue; SalesRevenue; ContractWithCustomer; DeferredRevenue; RefundLiability; Receivable; Customer; StoredValue; Loyalty; Gift,5,2,xbrl; hybrid,27,concept=ContractWithCustomerLiability period=instant:2024-06-30
F-MSFT-REVENUE-06,MSFT,Microsoft Corp.,bounded_extension,revenue,xbrl_fact,F-MSFT-0061,msft-20250630_htm.xml,seed-pattern concept selection from extracted XBRL instance,Revenue; SalesRevenue; ContractWithCustomer; DeferredRevenue; RefundLiability; Receivable; Customer; StoredValue; Loyalty; Gift,6,2,xbrl; hybrid,27,concept=ContractWithCustomerLiability period=instant:2024-06-30
F-MSFT-REVENUE-07,MSFT,Microsoft Corp.,bounded_extension,revenue,xbrl_fact,F-MSFT-0029,msft-20250630_htm.xml,seed-pattern concept selection from extracted XBRL instance,Revenue; SalesRevenue; ContractWithCustomer; DeferredRevenue; RefundLiability; Receivable; Customer; StoredValue; Loyalty; Gift,7,2,xbrl; hybrid,23,concept=ContractWithCustomerLiabilityCurrent period=instant:2024-06-30
F-MSFT-REVENUE-08,MSFT,Microsoft Corp.,bounded_extension,revenue,xbrl_fact,F-MSFT-0028,msft-20250630_htm.xml,seed-pattern concept selection from extracted XBRL instance,Revenue; SalesRevenue; ContractWithCustomer; DeferredRevenue; RefundLiability; Receivable; Customer; StoredValue; Loyalty; Gift,8,2,xbrl; hybrid,23,concept=ContractWithCustomerLiabilityCurrent period=instant:2025-06-30
F-MSFT-REVENUE-09,MSFT,Microsoft Corp.,bounded_extension,revenue,xbrl_fact,F-MSFT-0031,msft-20250630_htm.xml,seed-pattern concept selection from extracted XBRL instance,Revenue; SalesRevenue; ContractWithCustomer; DeferredRevenue; RefundLiability; Receivable; Customer; StoredValue; Loyalty; Gift,9,2,xbrl; hybrid,23,concept=ContractWithCustomerLiabilityNoncurrent period=instant:2024-06-30
F-MSFT-REVENUE-10,MSFT,Microsoft Corp.,bounded_extension,revenue,xbrl_fact,F-MSFT-0030,msft-20250630_htm.xml,seed-pattern concept selection from extracted XBRL instance,Revenue; SalesRevenue; ContractWithCustomer; DeferredRevenue; RefundLiability; Receivable; Customer; StoredValue; Loyalty; Gift,10,2,xbrl; hybrid,23,concept=ContractWithCustomerLiabilityNoncurrent period=instant:2025-06-30
F-MSFT-REVENUE-11,MSFT,Microsoft Corp.,bounded_extension,revenue,xbrl_fact,F-MSFT-0066,msft-20250630_htm.xml,seed-pattern concept selection from extracted XBRL instance,Revenue; SalesRevenue; ContractWithCustomer; DeferredRevenue; RefundLiability; Receivable; Customer; StoredValue; Loyalty; Gift,11,3,xbrl; hybrid,23,concept=ContractWithCustomerLiabilityRevenueDeferred period=duration:2024-07-01/2025-06-30
F-MSFT-REVENUE-12,MSFT,Microsoft Corp.,bounded_extension,revenue,xbrl_fact,F-MSFT-0067,msft-20250630_htm.xml,seed-pattern concept selection from extracted XBRL instance,Revenue; SalesRevenue; ContractWithCustomer; DeferredRevenue; RefundLiability; Receivable; Customer; StoredValue; Loyalty; Gift,12,3,xbrl; hybrid,23,concept=ContractWithCustomerLiabilityRevenueRecognizedIncludingAdditions period=duration:2024-07-01/2025-06-30
T-CROX-INVENTORY-01,CROX,"Crocs, Inc.",bounded_extension,inventory,text,T-CROX-REVENUE_INVENTORY-022,crox-20251231.htm,keyword-ranked text retrieval over extracted 10-K chunks,inventory; inventories; cost of sales; cost of goods; gross margin; gross profit; markdown; obsolescence; lower of cost; net realizable value; reserve,1,21,text; hybrid,154,Prompt rendering may truncate long text chunks.
T-CROX-INVENTORY-02,CROX,"Crocs, Inc.",bounded_extension,inventory,text,T-CROX-INVENTORY-017,crox-20251231.htm,keyword-ranked text retrieval over extracted 10-K chunks,inventory; inventories; cost of sales; cost of goods; gross margin; gross profit; markdown; obsolescence; lower of cost; net realizable value; reserve,2,9,text; hybrid,65,Prompt rendering may truncate long text chunks.
T-CROX-INVENTORY-03,CROX,"Crocs, Inc.",bounded_extension,inventory,text,T-CROX-REVENUE_INVENTORY-019,crox-20251231.htm,keyword-ranked text retrieval over extracted 10-K chunks,inventory; inventories; cost of sales; cost of goods; gross margin; gross profit; markdown; obsolescence; lower of cost; net realizable value; reserve,3,7,text; hybrid,130,Prompt rendering may truncate long text chunks.
T-CROX-INVENTORY-04,CROX,"Crocs, Inc.",bounded_extension,inventory,text,T-CROX-INVENTORY-019,crox-20251231.htm,keyword-ranked text retrieval over extracted 10-K chunks,inventory; inventories; cost of sales; cost of goods; gross margin; gross profit; markdown; obsolescence; lower of cost; net realizable value; reserve,4,6,text; hybrid,74,Prompt rendering may truncate long text chunks.
T-CROX-INVENTORY-05,CROX,"Crocs, Inc.",bounded_extension,inventory,text,T-CROX-REVENUE_INVENTORY-005,crox-20251231.htm,keyword-ranked text retrieval over extracted 10-K chunks,inventory; inventories; cost of sales; cost of goods; gross margin; gross profit; markdown; obsolescence; lower of cost; net realizable value; reserve,5,6,text; hybrid,272,Prompt rendering may truncate long text chunks.
F-CROX-INVENTORY-01,CROX,"Crocs, Inc.",bounded_extension,inventory,xbrl_fact,F-CROX-0015,crox-20251231_htm.xml,seed-pattern concept selection from extracted XBRL instance,Inventory; Inventories; CostOfRevenue; CostOfGoods; CostOfSales; CostOfGoodsAndServicesSold; GrossProfit; GrossMargin; Markdown; Obsolescence; LIFOReserve,1,1,xbrl; hybrid,22,concept=InventoryNet period=instant:2024-12-31
F-CROX-INVENTORY-02,CROX,"Crocs, Inc.",bounded_extension,inventory,xbrl_fact,F-CROX-0014,crox-20251231_htm.xml,seed-pattern concept selection from extracted XBRL instance,Inventory; Inventories; CostOfRevenue; CostOfGoods; CostOfSales; CostOfGoodsAndServicesSold; GrossProfit; GrossMargin; Markdown; Obsolescence; LIFOReserve,2,1,xbrl; hybrid,22,concept=InventoryNet period=instant:2025-12-31
F-CROX-INVENTORY-03,CROX,"Crocs, Inc.",bounded_extension,inventory,xbrl_fact,F-CROX-0022,crox-20251231_htm.xml,seed-pattern concept selection from extracted XBRL instance,Inventory; Inventories; CostOfRevenue; CostOfGoods; CostOfSales; CostOfGoodsAndServicesSold; GrossProfit; GrossMargin; Markdown; Obsolescence; LIFOReserve,3,1,xbrl; hybrid,23,concept=InventoryWriteDown period=duration:2023-01-01/2023-12-31
F-CROX-INVENTORY-04,CROX,"Crocs, Inc.",bounded_extension,inventory,xbrl_fact,F-CROX-0021,crox-20251231_htm.xml,seed-pattern concept selection from extracted XBRL instance,Inventory; Inventories; CostOfRevenue; CostOfGoods; CostOfSales; CostOfGoodsAndServicesSold; GrossProfit; GrossMargin; Markdown; Obsolescence; LIFOReserve,4,1,xbrl; hybrid,23,concept=InventoryWriteDown period=duration:2024-01-01/2024-12-31
F-CROX-INVENTORY-05,CROX,"Crocs, Inc.",bounded_extension,inventory,xbrl_fact,F-CROX-0020,crox-20251231_htm.xml,seed-pattern concept selection from extracted XBRL instance,Inventory; Inventories; CostOfRevenue; CostOfGoods; CostOfSales; CostOfGoodsAndServicesSold; GrossProfit; GrossMargin; Markdown; Obsolescence; LIFOReserve,5,1,xbrl; hybrid,23,concept=InventoryWriteDown period=duration:2025-01-01/2025-12-31
F-CROX-INVENTORY-06,CROX,"Crocs, Inc.",bounded_extension,inventory,xbrl_fact,F-CROX-0009,crox-20251231_htm.xml,seed-pattern concept selection from extracted XBRL instance,Inventory; Inventories; CostOfRevenue; CostOfGoods; CostOfSales; CostOfGoodsAndServicesSold; GrossProfit; GrossMargin; Markdown; Obsolescence; LIFOReserve,6,1,xbrl; hybrid,23,concept=GrossProfit period=duration:2023-01-01/2023-12-31
F-CROX-INVENTORY-07,CROX,"Crocs, Inc.",bounded_extension,inventory,xbrl_fact,F-CROX-0008,crox-20251231_htm.xml,seed-pattern concept selection from extracted XBRL instance,Inventory; Inventories; CostOfRevenue; CostOfGoods; CostOfSales; CostOfGoodsAndServicesSold; GrossProfit; GrossMargin; Markdown; Obsolescence; LIFOReserve,7,1,xbrl; hybrid,23,concept=GrossProfit period=duration:2024-01-01/2024-12-31
F-CROX-INVENTORY-08,CROX,"Crocs, Inc.",bounded_extension,inventory,xbrl_fact,F-CROX-0007,crox-20251231_htm.xml,seed-pattern concept selection from extracted XBRL instance,Inventory; Inventories; CostOfRevenue; CostOfGoods; CostOfSales; CostOfGoodsAndServicesSold; GrossProfit; GrossMargin; Markdown; Obsolescence; LIFOReserve,8,1,xbrl; hybrid,23,concept=GrossProfit period=duration:2025-01-01/2025-12-31
F-CROX-INVENTORY-09,CROX,"Crocs, Inc.",bounded_extension,inventory,xbrl_fact,F-CROX-0006,crox-20251231_htm.xml,seed-pattern concept selection from extracted XBRL instance,Inventory; Inventories; CostOfRevenue; CostOfGoods; CostOfSales; CostOfGoodsAndServicesSold; GrossProfit; GrossMargin; Markdown; Obsolescence; LIFOReserve,9,2,xbrl; hybrid,23,concept=CostOfGoodsAndServicesSold period=duration:2023-01-01/2023-12-31
F-CROX-INVENTORY-10,CROX,"Crocs, Inc.",bounded_extension,inventory,xbrl_fact,F-CROX-0108,crox-20251231_htm.xml,seed-pattern concept selection from extracted XBRL instance,Inventory; Inventories; CostOfRevenue; CostOfGoods; CostOfSales; CostOfGoodsAndServicesSold; GrossProfit; GrossMargin; Markdown; Obsolescence; LIFOReserve,10,2,xbrl; hybrid,31,concept=CostOfGoodsAndServicesSold period=duration:2023-01-01/2023-12-31
F-CROX-INVENTORY-11,CROX,"Crocs, Inc.",bounded_extension,inventory,xbrl_fact,F-CROX-0114,crox-20251231_htm.xml,seed-pattern concept selection from extracted XBRL instance,Inventory; Inventories; CostOfRevenue; CostOfGoods; CostOfSales; CostOfGoodsAndServicesSold; GrossProfit; GrossMargin; Markdown; Obsolescence; LIFOReserve,11,2,xbrl; hybrid,31,concept=CostOfGoodsAndServicesSold period=duration:2023-01-01/2023-12-31
F-CROX-INVENTORY-12,CROX,"Crocs, Inc.",bounded_extension,inventory,xbrl_fact,F-CROX-0028,crox-20251231_htm.xml,seed-pattern concept selection from extracted XBRL instance,Inventory; Inventories; CostOfRevenue; CostOfGoods; CostOfSales; CostOfGoodsAndServicesSold; GrossProfit; GrossMargin; Markdown; Obsolescence; LIFOReserve,12,1,xbrl; hybrid,23,concept=IncreaseDecreaseInInventories period=duration:2023-01-01/2023-12-31
X-CROX-INVENTORY-01,CROX,"Crocs, Inc.",bounded_extension,inventory,xbrl_relation_path,X-CROX-0057,crox-20251231_cal.xml,seed-pattern relation selection from XBRL linkbases,Inventory; Inventories; CostOfRevenue; CostOfGoods; CostOfSales; CostOfGoodsAndServicesSold; GrossProfit; GrossMargin; Markdown; Obsolescence; LIFOReserve,direct_arc,3,xbrl; hybrid,33,calculation: us-gaap:GrossProfit -> us-gaap:CostOfGoodsAndServicesSold
X-CROX-INVENTORY-02,CROX,"Crocs, Inc.",bounded_extension,inventory,xbrl_relation_path,X-CROX-0060,crox-20251231_cal.xml,seed-pattern relation selection from XBRL linkbases,Inventory; Inventories; CostOfRevenue; CostOfGoods; CostOfSales; CostOfGoodsAndServicesSold; GrossProfit; GrossMargin; Markdown; Obsolescence; LIFOReserve,direct_arc,2,xbrl; hybrid,29,calculation: us-gaap:AssetsCurrent -> us-gaap:InventoryNet
X-CROX-INVENTORY-03,CROX,"Crocs, Inc.",bounded_extension,inventory,xbrl_relation_path,X-CROX-0065,crox-20251231_cal.xml,seed-pattern relation selection from XBRL linkbases,Inventory; Inventories; CostOfRevenue; CostOfGoods; CostOfSales; CostOfGoodsAndServicesSold; GrossProfit; GrossMargin; Markdown; Obsolescence; LIFOReserve,direct_arc,2,xbrl; hybrid,39,calculation: us-gaap:NetCashProvidedByUsedInOperatingActivities -> us-gaap:IncreaseDecreaseInInventories
X-CROX-INVENTORY-04,CROX,"Crocs, Inc.",bounded_extension,inventory,xbrl_relation_path,X-CROX-0063,crox-20251231_cal.xml,seed-pattern relation selection from XBRL linkbases,Inventory; Inventories; CostOfRevenue; CostOfGoods; CostOfSales; CostOfGoodsAndServicesSold; GrossProfit; GrossMargin; Markdown; Obsolescence; LIFOReserve,direct_arc,2,xbrl; hybrid,37,calculation: us-gaap:NetCashProvidedByUsedInOperatingActivities -> us-gaap:InventoryWriteDown
X-CROX-INVENTORY-05,CROX,"Crocs, Inc.",bounded_extension,inventory,xbrl_relation_path,X-CROX-0102,crox-20251231_def.xml,seed-pattern relation selection from XBRL linkbases,Inventory; Inventories; CostOfRevenue; CostOfGoods; CostOfSales; CostOfGoodsAndServicesSold; GrossProfit; GrossMargin; Markdown; Obsolescence; LIFOReserve,direct_arc,2,xbrl; hybrid,36,definition: us-gaap:SegmentReportingInformationLineItems -> us-gaap:CostOfGoodsAndServicesSold
X-CROX-INVENTORY-06,CROX,"Crocs, Inc.",bounded_extension,inventory,xbrl_relation_path,X-CROX-0009,crox-20251231_pre.xml,seed-pattern relation selection from XBRL linkbases,Inventory; Inventories; CostOfRevenue; CostOfGoods; CostOfSales; CostOfGoodsAndServicesSold; GrossProfit; GrossMargin; Markdown; Obsolescence; LIFOReserve,direct_arc,2,xbrl; hybrid,45,presentation: us-gaap:AdjustmentsToReconcileNetIncomeLossToCashProvidedByUsedInOperatingActivitiesAbstract -> us-gaap:InventoryWriteDown
X-CROX-INVENTORY-07,CROX,"Crocs, Inc.",bounded_extension,inventory,xbrl_relation_path,X-CROX-0005,crox-20251231_pre.xml,seed-pattern relation selection from XBRL linkbases,Inventory; Inventories; CostOfRevenue; CostOfGoods; CostOfSales; CostOfGoodsAndServicesSold; GrossProfit; GrossMargin; Markdown; Obsolescence; LIFOReserve,direct_arc,2,xbrl; hybrid,34,presentation: us-gaap:AssetsCurrentAbstract -> us-gaap:InventoryNet
X-CROX-INVENTORY-08,CROX,"Crocs, Inc.",bounded_extension,inventory,xbrl_relation_path,X-CROX-0002,crox-20251231_pre.xml,seed-pattern relation selection from XBRL linkbases,Inventory; Inventories; CostOfRevenue; CostOfGoods; CostOfSales; CostOfGoodsAndServicesSold; GrossProfit; GrossMargin; Markdown; Obsolescence; LIFOReserve,direct_arc,2,xbrl; hybrid,38,presentation: us-gaap:IncomeStatementAbstract -> us-gaap:CostOfGoodsAndServicesSold
X-CROX-INVENTORY-09,CROX,"Crocs, Inc.",bounded_extension,inventory,xbrl_relation_path,X-CROX-0011,crox-20251231_pre.xml,seed-pattern relation selection from XBRL linkbases,Inventory; Inventories; CostOfRevenue; CostOfGoods; CostOfSales; CostOfGoodsAndServicesSold; GrossProfit; GrossMargin; Markdown; Obsolescence; LIFOReserve,direct_arc,2,xbrl; hybrid,52,presentation: us-gaap:IncreaseDecreaseInOperatingCapitalAbstract -> us-gaap:IncreaseDecreaseInInventories
X-CROX-INVENTORY-10,CROX,"Crocs, Inc.",bounded_extension,inventory,xbrl_relation_path,X-CROX-0015,crox-20251231_pre.xml,seed-pattern relation selection from XBRL linkbases,Inventory; Inventories; CostOfRevenue; CostOfGoods; CostOfSales; CostOfGoodsAndServicesSold; GrossProfit; GrossMargin; Markdown; Obsolescence; LIFOReserve,direct_arc,2,xbrl; hybrid,42,presentation: us-gaap:OrganizationConsolidationAndPresentationOfFinancialStatementsAbstract -> us-gaap:InventoryPolicyTextBlock
