claim_id,local_claim_index,ticker,company,sample_role,construct,condition,condition_label,model,run_label,output_file,context_file,prompt_file,claim_text,claim_type_raw,claim_kind,support_used,inferential_bridge,limitation,has_text_source,has_xbrl_source,text_source_ids,xbrl_source_ids,text_supported_prelim,text_supported_rationale,graph_valid_prelim,graph_valid_rationale,audit_valid_prelim,audit_valid_rationale,integrated_prelim,integrated_rationale,failure_mode_prelim,manual_review_required,coding_status,raw_claim_block
C001,1,WMT,Walmart Inc.,bounded_extension,inventory,text,Text-based contextual retrieval,gemma4:31b,gemma4_31b_extension,data/processed/llm_outputs/gemma4_31b_extension/text/wmt_inventory_text_output.txt,data/processed/retrieval_contexts/wmt_inventory_text_context.txt,data/processed/prompts/wmt_inventory_text_prompt.txt,"Walmart utilizes various inventory methods based on store formats and businesses, recording inventories at the lower of cost or market or net realizable value, as appropriate.",Factual,factual,[Text Chunk 2],,This claim is limited to the general accounting policy descriptions provided in the filing for the period ended 2026-01-31 and does not specify which methods are applied to which specific store formats.,1,0,Text Chunk 2,,1,Claim cites retrieved text; inferential claims receive partial text-support because audit implication is not directly stated.,NA,Graph validity is not assessable in text-only condition.,1,Factual claim is bounded by source or period limitations.,NA,Integrated correctness is primarily assessed for hybrid retrieval in this demonstration.,none,1,preliminary_author_code,"- Claim: Walmart utilizes various inventory methods based on store formats and businesses, recording inventories at the lower of cost or market or net realizable value, as appropriate.
  - Claim type: Factual
  - Support used: [Text Chunk 2]
  - Limitation: This claim is limited to the general accounting policy descriptions provided in the filing for the period ended 2026-01-31 and does not specify which methods are applied to which specific store formats."
C002,2,WMT,Walmart Inc.,bounded_extension,inventory,text,Text-based contextual retrieval,gemma4:31b,gemma4_31b_extension,data/processed/llm_outputs/gemma4_31b_extension/text/wmt_inventory_text_output.txt,data/processed/retrieval_contexts/wmt_inventory_text_context.txt,data/processed/prompts/wmt_inventory_text_prompt.txt,"The Walmart U.S. segment primarily uses the retail inventory method (RIM) for cost determination and the last-in, first-out (LIFO) valuation method.",Factual,factual,[Text Chunk 3],,This claim is restricted to the Walmart U.S. segment as described in the provided context for the fiscal year 2026.,1,0,Text Chunk 3,,1,Claim cites retrieved text; inferential claims receive partial text-support because audit implication is not directly stated.,NA,Graph validity is not assessable in text-only condition.,1,Factual claim is bounded by source or period limitations.,NA,Integrated correctness is primarily assessed for hybrid retrieval in this demonstration.,none,1,preliminary_author_code,"- Claim: The Walmart U.S. segment primarily uses the retail inventory method (RIM) for cost determination and the last-in, first-out (LIFO) valuation method.
  - Claim type: Factual
  - Support used: [Text Chunk 3]
  - Limitation: This claim is restricted to the Walmart U.S. segment as described in the provided context for the fiscal year 2026."
C003,3,WMT,Walmart Inc.,bounded_extension,inventory,text,Text-based contextual retrieval,gemma4:31b,gemma4_31b_extension,data/processed/llm_outputs/gemma4_31b_extension/text/wmt_inventory_text_output.txt,data/processed/retrieval_contexts/wmt_inventory_text_context.txt,data/processed/prompts/wmt_inventory_text_prompt.txt,"The reliance on the retail inventory method (RIM) in the Walmart U.S. segment, where permanent markdowns are recorded immediately to achieve a lower of cost or market valuation, presents a risk to the valuation assertion.",Risk-cue or assertion-mapping,risk_or_assertion_mapping,[Text Chunk 3],"Because the valuation of inventory under RIM is directly dependent on the immediate recording of permanent markdowns, any failure or delay in identifying and recording these markdowns would lead to an overstatement of inventory value.","The provided context lacks detail regarding the internal controls or systemic triggers used to distinguish ""permanent"" markdowns from temporary ones.",1,0,Text Chunk 3,,0.5,Claim cites retrieved text; inferential claims receive partial text-support because audit implication is not directly stated.,NA,Graph validity is not assessable in text-only condition.,1,Risk or assertion-mapping claim is qualified and states an inferential bridge.,NA,Integrated correctness is primarily assessed for hybrid retrieval in this demonstration.,none,1,preliminary_author_code,"- Claim: The reliance on the retail inventory method (RIM) in the Walmart U.S. segment, where permanent markdowns are recorded immediately to achieve a lower of cost or market valuation, presents a risk to the valuation assertion.
  - Claim type: Risk-cue or assertion-mapping
  - Support used: [Text Chunk 3]
  - Inferential bridge: Because the valuation of inventory under RIM is directly dependent on the immediate recording of permanent markdowns, any failure or delay in identifying and recording these markdowns would lead to an overstatement of inventory value.
  - Limitation: The provided context lacks detail regarding the internal controls or systemic triggers used to distinguish ""permanent"" markdowns from temporary ones."
C004,4,WMT,Walmart Inc.,bounded_extension,inventory,text,Text-based contextual retrieval,gemma4:31b,gemma4_31b_extension,data/processed/llm_outputs/gemma4_31b_extension/text/wmt_inventory_text_output.txt,data/processed/retrieval_contexts/wmt_inventory_text_context.txt,data/processed/prompts/wmt_inventory_text_prompt.txt,"External economic pressures, including consumer debt levels, recession, and trade barriers, may lead to slower inventory turnover and increased markdowns, impacting inventory valuation.",Risk-cue or assertion-mapping,risk_or_assertion_mapping,[Text Chunk 5],"Slower turnover and increased markdowns are primary indicators that the market value or net realizable value of inventory may have fallen below its cost, necessitating write-downs to satisfy the lower of cost or market/NRV requirement.",The context identifies these as potential risks but does not provide current inventory turnover ratios or the actual volume of markdowns occurring in the 2026 period.,1,0,Text Chunk 5,,0.5,Claim cites retrieved text; inferential claims receive partial text-support because audit implication is not directly stated.,NA,Graph validity is not assessable in text-only condition.,1,Risk or assertion-mapping claim is qualified and states an inferential bridge.,NA,Integrated correctness is primarily assessed for hybrid retrieval in this demonstration.,none,1,preliminary_author_code,"- Claim: External economic pressures, including consumer debt levels, recession, and trade barriers, may lead to slower inventory turnover and increased markdowns, impacting inventory valuation.
  - Claim type: Risk-cue or assertion-mapping
  - Support used: [Text Chunk 5]
  - Inferential bridge: Slower turnover and increased markdowns are primary indicators that the market value or net realizable value of inventory may have fallen below its cost, necessitating write-downs to satisfy the lower of cost or market/NRV requirement.
  - Limitation: The context identifies these as potential risks but does not provide current inventory turnover ratios or the actual volume of markdowns occurring in the 2026 period."
C005,5,WMT,Walmart Inc.,bounded_extension,inventory,text,Text-based contextual retrieval,gemma4:31b,gemma4_31b_extension,data/processed/llm_outputs/gemma4_31b_extension/text/wmt_inventory_text_output.txt,data/processed/retrieval_contexts/wmt_inventory_text_context.txt,data/processed/prompts/wmt_inventory_text_prompt.txt,"The increase in the gross profit rate for fiscal 2026, attributed in part to ""disciplined inventory management,"" suggests a risk area for the valuation assertion.",Risk-cue or assertion-mapping,risk_or_assertion_mapping,[Text Chunk 4],"Management's attribution of margin growth to ""disciplined inventory management"" indicates a focus on optimizing inventory levels and costs, which may create an incentive to avoid recording necessary valuation write-downs that would otherwise decrease the gross profit rate.","The context does not provide the specific metrics or definitions of ""disciplined inventory management"" used by the company to justify the 8 basis point increase.",1,0,Text Chunk 4,,0.5,Claim cites retrieved text; inferential claims receive partial text-support because audit implication is not directly stated.,NA,Graph validity is not assessable in text-only condition.,1,Risk or assertion-mapping claim is qualified and states an inferential bridge.,NA,Integrated correctness is primarily assessed for hybrid retrieval in this demonstration.,none,1,preliminary_author_code,"- Claim: The increase in the gross profit rate for fiscal 2026, attributed in part to ""disciplined inventory management,"" suggests a risk area for the valuation assertion.
  - Claim type: Risk-cue or assertion-mapping
  - Support used: [Text Chunk 4]
  - Inferential bridge: Management's attribution of margin growth to ""disciplined inventory management"" indicates a focus on optimizing inventory levels and costs, which may create an incentive to avoid recording necessary valuation write-downs that would otherwise decrease the gross profit rate.
  - Limitation: The context does not provide the specific metrics or definitions of ""disciplined inventory management"" used by the company to justify the 8 basis point increase."
C006,1,WMT,Walmart Inc.,bounded_extension,inventory,xbrl,XBRL-based relational retrieval,gemma4:31b,gemma4_31b_extension,data/processed/llm_outputs/gemma4_31b_extension/text/wmt_inventory_xbrl_output.txt,data/processed/retrieval_contexts/wmt_inventory_xbrl_context.txt,data/processed/prompts/wmt_inventory_xbrl_prompt.txt,"As of 2026-01-31, the InventoryNet value for Walmart Inc. was 58,851,000,000 USD.",Factual,factual,F-WMT-0012,,This claim is limited to the reported balance for the specific instant of 2026-01-31.,0,1,,F-WMT-0012,NA,Text support is not assessable in XBRL-only condition.,1,Claim cites retrieved XBRL facts or relation paths; inferential audit implications are not fully graph-valid by themselves.,1,Factual claim is bounded by source or period limitations.,NA,Integrated correctness is primarily assessed for hybrid retrieval in this demonstration.,none,1,preliminary_author_code,"- Claim: As of 2026-01-31, the InventoryNet value for Walmart Inc. was 58,851,000,000 USD.
  - Claim type: Factual
  - Support used: F-WMT-0012
  - Limitation: This claim is limited to the reported balance for the specific instant of 2026-01-31."
C007,2,WMT,Walmart Inc.,bounded_extension,inventory,xbrl,XBRL-based relational retrieval,gemma4:31b,gemma4_31b_extension,data/processed/llm_outputs/gemma4_31b_extension/text/wmt_inventory_xbrl_output.txt,data/processed/retrieval_contexts/wmt_inventory_xbrl_context.txt,data/processed/prompts/wmt_inventory_xbrl_prompt.txt,"As of 2025-01-31, the InventoryNet value for Walmart Inc. was 56,435,000,000 USD.",Factual,factual,F-WMT-0013,,This claim is limited to the reported balance for the specific instant of 2025-01-31.,0,1,,F-WMT-0013,NA,Text support is not assessable in XBRL-only condition.,1,Claim cites retrieved XBRL facts or relation paths; inferential audit implications are not fully graph-valid by themselves.,1,Factual claim is bounded by source or period limitations.,NA,Integrated correctness is primarily assessed for hybrid retrieval in this demonstration.,none,1,preliminary_author_code,"- Claim: As of 2025-01-31, the InventoryNet value for Walmart Inc. was 56,435,000,000 USD.
  - Claim type: Factual
  - Support used: F-WMT-0013
  - Limitation: This claim is limited to the reported balance for the specific instant of 2025-01-31."
C008,3,WMT,Walmart Inc.,bounded_extension,inventory,xbrl,XBRL-based relational retrieval,gemma4:31b,gemma4_31b_extension,data/processed/llm_outputs/gemma4_31b_extension/text/wmt_inventory_xbrl_output.txt,data/processed/retrieval_contexts/wmt_inventory_xbrl_context.txt,data/processed/prompts/wmt_inventory_xbrl_prompt.txt,"For the period from 2025-02-01 to 2026-01-31, the IncreaseDecreaseInRetailRelatedInventories was 1,443,000,000 USD.",Factual,factual,F-WMT-0017,,This claim is limited to the measurement provided in the cash flow context for the specified duration.,0,1,,F-WMT-0017,NA,Text support is not assessable in XBRL-only condition.,1,Claim cites retrieved XBRL facts or relation paths; inferential audit implications are not fully graph-valid by themselves.,1,Factual claim is bounded by source or period limitations.,NA,Integrated correctness is primarily assessed for hybrid retrieval in this demonstration.,none,1,preliminary_author_code,"- Claim: For the period from 2025-02-01 to 2026-01-31, the IncreaseDecreaseInRetailRelatedInventories was 1,443,000,000 USD.
  - Claim type: Factual
  - Support used: F-WMT-0017
  - Limitation: This claim is limited to the measurement provided in the cash flow context for the specified duration."
C009,4,WMT,Walmart Inc.,bounded_extension,inventory,xbrl,XBRL-based relational retrieval,gemma4:31b,gemma4_31b_extension,data/processed/llm_outputs/gemma4_31b_extension/text/wmt_inventory_xbrl_output.txt,data/processed/retrieval_contexts/wmt_inventory_xbrl_context.txt,data/processed/prompts/wmt_inventory_xbrl_prompt.txt,"The increase in InventoryNet from 56,435,000,000 USD (2025-01-31) to 58,851,000,000 USD (2026-01-31), combined with a positive increase in retail-related inventories of 1,443,000,000 USD for the 2026 period, indicates an accumulation of inventory.",Risk-cue or assertion-mapping,risk_or_assertion_mapping,"F-WMT-0012, F-WMT-0013, F-WMT-0017","An increase in total inventory levels and positive cash flow adjustments for inventory growth can increase the risk of inventory obsolescence or slow-moving stock, which directly impacts the valuation assertion (ensuring inventory is recorded at the lower of cost or net realizable value).","Missing inventory aging reports, turnover ratios, and detailed policies regarding the calculation of obsolescence reserves.",0,1,,F-WMT-0012; F-WMT-0013; F-WMT-0017,NA,Text support is not assessable in XBRL-only condition.,0.5,Claim cites retrieved XBRL facts or relation paths; inferential audit implications are not fully graph-valid by themselves.,1,Risk or assertion-mapping claim is qualified and states an inferential bridge.,NA,Integrated correctness is primarily assessed for hybrid retrieval in this demonstration.,none,1,preliminary_author_code,"- Claim: The increase in InventoryNet from 56,435,000,000 USD (2025-01-31) to 58,851,000,000 USD (2026-01-31), combined with a positive increase in retail-related inventories of 1,443,000,000 USD for the 2026 period, indicates an accumulation of inventory.
  - Claim type: Risk-cue or assertion-mapping
  - Support used: F-WMT-0012, F-WMT-0013, F-WMT-0017
  - Inferential bridge: An increase in total inventory levels and positive cash flow adjustments for inventory growth can increase the risk of inventory obsolescence or slow-moving stock, which directly impacts the valuation assertion (ensuring inventory is recorded at the lower of cost or net realizable value).
  - Limitation: Missing inventory aging reports, turnover ratios, and detailed policies regarding the calculation of obsolescence reserves."
C010,5,WMT,Walmart Inc.,bounded_extension,inventory,xbrl,XBRL-based relational retrieval,gemma4:31b,gemma4_31b_extension,data/processed/llm_outputs/gemma4_31b_extension/text/wmt_inventory_xbrl_output.txt,data/processed/retrieval_contexts/wmt_inventory_xbrl_context.txt,data/processed/prompts/wmt_inventory_xbrl_prompt.txt,"The CostOfRevenueSellingGeneralAndAdministrativeExpensesForFuelSales for Sam's Club US has shown a sequential decline from 10,600,000,000 USD (2024) to 9,900,000,000 USD (2025) and 8,700,000,000 USD (2026).",Risk-cue or assertion-mapping,risk_or_assertion_mapping,"F-WMT-0074, F-WMT-0073, F-WMT-0072","A consistent downward trend in the cost of revenue for fuel sales may reflect declining market prices or reduced volume; if market prices have dropped, there is a risk that fuel inventory is valued above its net realizable value.","Missing specific fuel inventory balances, current market price benchmarks for fuel, and evidence of fuel-specific valuation adjustments.",0,1,,F-WMT-0072; F-WMT-0073; F-WMT-0074,NA,Text support is not assessable in XBRL-only condition.,0.5,Claim cites retrieved XBRL facts or relation paths; inferential audit implications are not fully graph-valid by themselves.,1,Risk or assertion-mapping claim is qualified and states an inferential bridge.,NA,Integrated correctness is primarily assessed for hybrid retrieval in this demonstration.,none,1,preliminary_author_code,"- Claim: The CostOfRevenueSellingGeneralAndAdministrativeExpensesForFuelSales for Sam's Club US has shown a sequential decline from 10,600,000,000 USD (2024) to 9,900,000,000 USD (2025) and 8,700,000,000 USD (2026).
  - Claim type: Risk-cue or assertion-mapping
  - Support used: F-WMT-0074, F-WMT-0073, F-WMT-0072
  - Inferential bridge: A consistent downward trend in the cost of revenue for fuel sales may reflect declining market prices or reduced volume; if market prices have dropped, there is a risk that fuel inventory is valued above its net realizable value.
  - Limitation: Missing specific fuel inventory balances, current market price benchmarks for fuel, and evidence of fuel-specific valuation adjustments."
C011,1,WMT,Walmart Inc.,bounded_extension,inventory,hybrid,Hybrid retrieval,gemma4:31b,gemma4_31b_extension,data/processed/llm_outputs/gemma4_31b_extension/text/wmt_inventory_hybrid_output.txt,data/processed/retrieval_contexts/wmt_inventory_hybrid_context.txt,data/processed/prompts/wmt_inventory_hybrid_prompt.txt,"As of January 31, 2026, the net inventory value for Walmart Inc. was $58,851,000,000.",Factual,factual,F-WMT-0012,,This claim is limited to the reported XBRL value for the specific instant of 2026-01-31.,0,1,,F-WMT-0012,0,Support statement does not cite retrieved text.,1,Claim cites retrieved XBRL facts or relation paths; inferential audit implications are not fully graph-valid by themselves.,1,Factual claim is bounded by source or period limitations.,0.5,"Hybrid context is available, but this claim uses only one evidence layer or only partially reconciles layers.",integration failure,1,preliminary_author_code,"- Claim: As of January 31, 2026, the net inventory value for Walmart Inc. was $58,851,000,000.
  - Claim type: Factual
  - Support used: F-WMT-0012
  - Limitation: This claim is limited to the reported XBRL value for the specific instant of 2026-01-31."
C012,2,WMT,Walmart Inc.,bounded_extension,inventory,hybrid,Hybrid retrieval,gemma4:31b,gemma4_31b_extension,data/processed/llm_outputs/gemma4_31b_extension/text/wmt_inventory_hybrid_output.txt,data/processed/retrieval_contexts/wmt_inventory_hybrid_context.txt,data/processed/prompts/wmt_inventory_hybrid_prompt.txt,"Walmart Inc. utilizes various inventory methods depending on store formats and businesses, recording inventories at the lower of cost or market or net realizable value, as appropriate.",Factual,factual,Text Chunk 2,,This claim is limited to the high-level description of accounting policies provided in the text.,1,0,Text Chunk 2,,1,Claim cites retrieved text; inferential claims receive partial text-support because audit implication is not directly stated.,NA,This hybrid claim does not cite an XBRL fact or path; graph validity is not separately assessed for this claim.,1,Factual claim is bounded by source or period limitations.,0.5,"Hybrid context is available, but this claim uses only one evidence layer or only partially reconciles layers.",integration failure,1,preliminary_author_code,"- Claim: Walmart Inc. utilizes various inventory methods depending on store formats and businesses, recording inventories at the lower of cost or market or net realizable value, as appropriate.
  - Claim type: Factual
  - Support used: Text Chunk 2
  - Limitation: This claim is limited to the high-level description of accounting policies provided in the text."
C013,3,WMT,Walmart Inc.,bounded_extension,inventory,hybrid,Hybrid retrieval,gemma4:31b,gemma4_31b_extension,data/processed/llm_outputs/gemma4_31b_extension/text/wmt_inventory_hybrid_output.txt,data/processed/retrieval_contexts/wmt_inventory_hybrid_context.txt,data/processed/prompts/wmt_inventory_hybrid_prompt.txt,The use of multiple valuation methods (lower of cost or market vs. net realizable value) across different store formats and business segments creates a risk regarding the valuation assertion.,Risk-cue or assertion-mapping,risk_or_assertion_mapping,Text Chunk 2,"The application of different valuation standards (LCM vs. NRV) based on the ""nature of the store formats"" increases the complexity of the valuation process, as the auditor must verify that the correct method was applied to the corresponding inventory category.",The provided context does not specify which store formats or business segments are mapped to which valuation method.,1,0,Text Chunk 2,,0.5,Claim cites retrieved text; inferential claims receive partial text-support because audit implication is not directly stated.,NA,This hybrid claim does not cite an XBRL fact or path; graph validity is not separately assessed for this claim.,1,Risk or assertion-mapping claim is qualified and states an inferential bridge.,0.5,"Hybrid context is available, but this claim uses only one evidence layer or only partially reconciles layers.",integration failure,1,preliminary_author_code,"- Claim: The use of multiple valuation methods (lower of cost or market vs. net realizable value) across different store formats and business segments creates a risk regarding the valuation assertion.
  - Claim type: Risk-cue or assertion-mapping
  - Support used: Text Chunk 2
  - Inferential bridge: The application of different valuation standards (LCM vs. NRV) based on the ""nature of the store formats"" increases the complexity of the valuation process, as the auditor must verify that the correct method was applied to the corresponding inventory category.
  - Limitation: The provided context does not specify which store formats or business segments are mapped to which valuation method."
C014,4,WMT,Walmart Inc.,bounded_extension,inventory,hybrid,Hybrid retrieval,gemma4:31b,gemma4_31b_extension,data/processed/llm_outputs/gemma4_31b_extension/text/wmt_inventory_hybrid_output.txt,data/processed/retrieval_contexts/wmt_inventory_hybrid_context.txt,data/processed/prompts/wmt_inventory_hybrid_prompt.txt,The reliance on the Retail Inventory Method (RIM) and the immediate recording of permanent markdowns in the Walmart U.S. segment presents a risk to the valuation assertion.,Risk-cue or assertion-mapping,risk_or_assertion_mapping,Text Chunk 3,"Because RIM achieves ""lower of cost or market"" valuation through the immediate recording of permanent markdowns, any failure to accurately identify or timely record these markdowns would result in an overstatement of inventory value.",The context provides no information regarding the internal controls used to distinguish between permanent and temporary markdowns.,1,0,Text Chunk 3,,0.5,Claim cites retrieved text; inferential claims receive partial text-support because audit implication is not directly stated.,NA,This hybrid claim does not cite an XBRL fact or path; graph validity is not separately assessed for this claim.,1,Risk or assertion-mapping claim is qualified and states an inferential bridge.,0.5,"Hybrid context is available, but this claim uses only one evidence layer or only partially reconciles layers.",integration failure,1,preliminary_author_code,"- Claim: The reliance on the Retail Inventory Method (RIM) and the immediate recording of permanent markdowns in the Walmart U.S. segment presents a risk to the valuation assertion.
  - Claim type: Risk-cue or assertion-mapping
  - Support used: Text Chunk 3
  - Inferential bridge: Because RIM achieves ""lower of cost or market"" valuation through the immediate recording of permanent markdowns, any failure to accurately identify or timely record these markdowns would result in an overstatement of inventory value.
  - Limitation: The context provides no information regarding the internal controls used to distinguish between permanent and temporary markdowns."
C015,5,WMT,Walmart Inc.,bounded_extension,inventory,hybrid,Hybrid retrieval,gemma4:31b,gemma4_31b_extension,data/processed/llm_outputs/gemma4_31b_extension/text/wmt_inventory_hybrid_output.txt,data/processed/retrieval_contexts/wmt_inventory_hybrid_context.txt,data/processed/prompts/wmt_inventory_hybrid_prompt.txt,"The use of the last-in, first-out (LIFO) valuation method for the Walmart U.S. segment is a consideration for the inventory valuation assertion.",Risk-cue or assertion-mapping,risk_or_assertion_mapping,Text Chunk 3,LIFO valuation requires the maintenance of inventory layers and the calculation of LIFO reserves; errors in these calculations or the tracking of layers directly impact the reported valuation of inventory.,The provided context is insufficient as it does not include LIFO reserve balances or details on the LIFO layers.,1,0,Text Chunk 3,,0.5,Claim cites retrieved text; inferential claims receive partial text-support because audit implication is not directly stated.,NA,This hybrid claim does not cite an XBRL fact or path; graph validity is not separately assessed for this claim.,1,Risk or assertion-mapping claim is qualified and states an inferential bridge.,0.5,"Hybrid context is available, but this claim uses only one evidence layer or only partially reconciles layers.",integration failure,1,preliminary_author_code,"- Claim: The use of the last-in, first-out (LIFO) valuation method for the Walmart U.S. segment is a consideration for the inventory valuation assertion.
  - Claim type: Risk-cue or assertion-mapping
  - Support used: Text Chunk 3
  - Inferential bridge: LIFO valuation requires the maintenance of inventory layers and the calculation of LIFO reserves; errors in these calculations or the tracking of layers directly impact the reported valuation of inventory.
  - Limitation: The provided context is insufficient as it does not include LIFO reserve balances or details on the LIFO layers."
C016,1,HD,"Home Depot, Inc.",bounded_extension,inventory,text,Text-based contextual retrieval,gemma4:31b,gemma4_31b_extension,data/processed/llm_outputs/gemma4_31b_extension/text/hd_inventory_text_output.txt,data/processed/retrieval_contexts/hd_inventory_text_context.txt,data/processed/prompts/hd_inventory_text_prompt.txt,"As of February 1, 2026, the Company's merchandise inventories were $25.8 billion.",Factual,factual,[Text Chunk 2],,This is a point-in-time measurement as of the fiscal year-end date.,1,0,Text Chunk 2,,1,Claim cites retrieved text; inferential claims receive partial text-support because audit implication is not directly stated.,NA,Graph validity is not assessable in text-only condition.,1,Factual claim is bounded by source or period limitations.,NA,Integrated correctness is primarily assessed for hybrid retrieval in this demonstration.,none,1,preliminary_author_code,"- Claim: As of February 1, 2026, the Company's merchandise inventories were $25.8 billion.
  - Claim type: Factual
  - Support used: [Text Chunk 2]
  - Limitation: This is a point-in-time measurement as of the fiscal year-end date."
C017,2,HD,"Home Depot, Inc.",bounded_extension,inventory,text,Text-based contextual retrieval,gemma4:31b,gemma4_31b_extension,data/processed/llm_outputs/gemma4_31b_extension/text/hd_inventory_text_output.txt,data/processed/retrieval_contexts/hd_inventory_text_context.txt,data/processed/prompts/hd_inventory_text_prompt.txt,"The majority of merchandise inventories are valued using the retail inventory method (lower of cost or market), while inventories in Canada, Mexico, distribution centers, and SRS distribution operations are valued using a cost method (moving average and FIFO) at the lower of cost or net realizable value.",Factual,factual,"[Text Chunk 1], [Text Chunk 2]",,This claim is based on the company's descriptive accounting policy disclosures for the period ended 2026-02-01.,1,0,Text Chunk 1; Text Chunk 2,,1,Claim cites retrieved text; inferential claims receive partial text-support because audit implication is not directly stated.,NA,Graph validity is not assessable in text-only condition.,1,Factual claim is bounded by source or period limitations.,NA,Integrated correctness is primarily assessed for hybrid retrieval in this demonstration.,none,1,preliminary_author_code,"- Claim: The majority of merchandise inventories are valued using the retail inventory method (lower of cost or market), while inventories in Canada, Mexico, distribution centers, and SRS distribution operations are valued using a cost method (moving average and FIFO) at the lower of cost or net realizable value.
  - Claim type: Factual
  - Support used: [Text Chunk 1], [Text Chunk 2]
  - Limitation: This claim is based on the company's descriptive accounting policy disclosures for the period ended 2026-02-01."
C018,3,HD,"Home Depot, Inc.",bounded_extension,inventory,text,Text-based contextual retrieval,gemma4:31b,gemma4_31b_extension,data/processed/llm_outputs/gemma4_31b_extension/text/hd_inventory_text_output.txt,data/processed/retrieval_contexts/hd_inventory_text_context.txt,data/processed/prompts/hd_inventory_text_prompt.txt,There is a valuation risk associated with the inherent uncertainty in determining inventory cost and gross profit due to the reliance on the retail inventory method.,Risk-cue or assertion-mapping,risk_or_assertion_mapping,[Text Chunk 3],"The company explicitly states that ""inherent uncertainty"" exists because the retail method depends on markups and markdowns, which are themselves determined by subjective factors such as anticipated demand, customer preferences, and weather conditions. This subjectivity directly impacts the valuation assertion.","The provided context does not detail the specific controls or validation processes used to ensure the ""variety of factors"" used for markups and markdowns are applied consistently.",1,0,Text Chunk 3,,0.5,Claim cites retrieved text; inferential claims receive partial text-support because audit implication is not directly stated.,NA,Graph validity is not assessable in text-only condition.,1,Risk or assertion-mapping claim is qualified and states an inferential bridge.,NA,Integrated correctness is primarily assessed for hybrid retrieval in this demonstration.,none,1,preliminary_author_code,"- Claim: There is a valuation risk associated with the inherent uncertainty in determining inventory cost and gross profit due to the reliance on the retail inventory method.
  - Claim type: Risk-cue or assertion-mapping
  - Support used: [Text Chunk 3]
  - Inferential bridge: The company explicitly states that ""inherent uncertainty"" exists because the retail method depends on markups and markdowns, which are themselves determined by subjective factors such as anticipated demand, customer preferences, and weather conditions. This subjectivity directly impacts the valuation assertion.
  - Limitation: The provided context does not detail the specific controls or validation processes used to ensure the ""variety of factors"" used for markups and markdowns are applied consistently."
C019,4,HD,"Home Depot, Inc.",bounded_extension,inventory,text,Text-based contextual retrieval,gemma4:31b,gemma4_31b_extension,data/processed/llm_outputs/gemma4_31b_extension/text/hd_inventory_text_output.txt,data/processed/retrieval_contexts/hd_inventory_text_context.txt,data/processed/prompts/hd_inventory_text_prompt.txt,The valuation of inventory is subject to risk regarding the accuracy of estimated shrink recorded between physical inventory counts.,Risk-cue or assertion-mapping,risk_or_assertion_mapping,[Text Chunk 5],"Because the company calculates shrink using ""estimated inventory losses occurring between physical inventory counts"" based on ""recent shrink results"" rather than actual counts, there is a risk that the inventory balance is misstated if these estimates deviate from actual losses.",The context does not provide the frequency of the physical/cycle counts or the specific mathematical formula used to derive the interim shrink estimates.,1,0,Text Chunk 5,,0.5,Claim cites retrieved text; inferential claims receive partial text-support because audit implication is not directly stated.,NA,Graph validity is not assessable in text-only condition.,1,Risk or assertion-mapping claim is qualified and states an inferential bridge.,NA,Integrated correctness is primarily assessed for hybrid retrieval in this demonstration.,none,1,preliminary_author_code,"- Claim: The valuation of inventory is subject to risk regarding the accuracy of estimated shrink recorded between physical inventory counts.
  - Claim type: Risk-cue or assertion-mapping
  - Support used: [Text Chunk 5]
  - Inferential bridge: Because the company calculates shrink using ""estimated inventory losses occurring between physical inventory counts"" based on ""recent shrink results"" rather than actual counts, there is a risk that the inventory balance is misstated if these estimates deviate from actual losses.
  - Limitation: The context does not provide the frequency of the physical/cycle counts or the specific mathematical formula used to derive the interim shrink estimates."
C020,5,HD,"Home Depot, Inc.",bounded_extension,inventory,text,Text-based contextual retrieval,gemma4:31b,gemma4_31b_extension,data/processed/llm_outputs/gemma4_31b_extension/text/hd_inventory_text_output.txt,data/processed/retrieval_contexts/hd_inventory_text_context.txt,data/processed/prompts/hd_inventory_text_prompt.txt,Inventory held in distribution centers and SRS distribution operations presents a valuation risk requiring specific quarterly assessment for net realizable value (NRV).,Risk-cue or assertion-mapping,risk_or_assertion_mapping,[Text Chunk 1],"Unlike the retail method (which adjusts regularly for market conditions), these specific inventories are recorded via cost methods and must be evaluated at the end of each quarter to ensure they are carried at the lower of cost or NRV. This periodic manual or systemic evaluation creates a risk of overvaluation if the NRV assessment is inaccurate.",The context is insufficient regarding the specific data sources or benchmarks used to determine the net realizable value during the quarterly evaluations.,1,0,Text Chunk 1,,0.5,Claim cites retrieved text; inferential claims receive partial text-support because audit implication is not directly stated.,NA,Graph validity is not assessable in text-only condition.,1,Risk or assertion-mapping claim is qualified and states an inferential bridge.,NA,Integrated correctness is primarily assessed for hybrid retrieval in this demonstration.,none,1,preliminary_author_code,"- Claim: Inventory held in distribution centers and SRS distribution operations presents a valuation risk requiring specific quarterly assessment for net realizable value (NRV).
  - Claim type: Risk-cue or assertion-mapping
  - Support used: [Text Chunk 1]
  - Inferential bridge: Unlike the retail method (which adjusts regularly for market conditions), these specific inventories are recorded via cost methods and must be evaluated at the end of each quarter to ensure they are carried at the lower of cost or NRV. This periodic manual or systemic evaluation creates a risk of overvaluation if the NRV assessment is inaccurate.
  - Limitation: The context is insufficient regarding the specific data sources or benchmarks used to determine the net realizable value during the quarterly evaluations."
C021,1,HD,"Home Depot, Inc.",bounded_extension,inventory,xbrl,XBRL-based relational retrieval,gemma4:31b,gemma4_31b_extension,data/processed/llm_outputs/gemma4_31b_extension/text/hd_inventory_xbrl_output.txt,data/processed/retrieval_contexts/hd_inventory_xbrl_context.txt,data/processed/prompts/hd_inventory_xbrl_prompt.txt,"As of February 1, 2026, the InventoryNet value was $25,817,000,000.",Factual,factual,F-HD-0003,,This value is restricted to the specific reporting date of 2026-02-01 and the measurement provided in the XBRL fact.,0,1,,F-HD-0003,NA,Text support is not assessable in XBRL-only condition.,1,Claim cites retrieved XBRL facts or relation paths; inferential audit implications are not fully graph-valid by themselves.,1,Factual claim is bounded by source or period limitations.,NA,Integrated correctness is primarily assessed for hybrid retrieval in this demonstration.,none,1,preliminary_author_code,"- Claim: As of February 1, 2026, the InventoryNet value was $25,817,000,000.
  - Claim type: Factual
  - Support used: F-HD-0003
  - Limitation: This value is restricted to the specific reporting date of 2026-02-01 and the measurement provided in the XBRL fact."
C022,2,HD,"Home Depot, Inc.",bounded_extension,inventory,xbrl,XBRL-based relational retrieval,gemma4:31b,gemma4_31b_extension,data/processed/llm_outputs/gemma4_31b_extension/text/hd_inventory_xbrl_output.txt,data/processed/retrieval_contexts/hd_inventory_xbrl_context.txt,data/processed/prompts/hd_inventory_xbrl_prompt.txt,"Home Depot acquired inventory valued at $568,000,000 through the GMS Inc acquisition on September 4, 2025.",Factual,factual,F-HD-0169,,This claim is limited to the specific acquisition date and the reported value for the GMS Inc member.,0,1,,F-HD-0169,NA,Text support is not assessable in XBRL-only condition.,1,Claim cites retrieved XBRL facts or relation paths; inferential audit implications are not fully graph-valid by themselves.,1,Factual claim is bounded by source or period limitations.,NA,Integrated correctness is primarily assessed for hybrid retrieval in this demonstration.,none,1,preliminary_author_code,"- Claim: Home Depot acquired inventory valued at $568,000,000 through the GMS Inc acquisition on September 4, 2025.
  - Claim type: Factual
  - Support used: F-HD-0169
  - Limitation: This claim is limited to the specific acquisition date and the reported value for the GMS Inc member."
C023,3,HD,"Home Depot, Inc.",bounded_extension,inventory,xbrl,XBRL-based relational retrieval,gemma4:31b,gemma4_31b_extension,data/processed/llm_outputs/gemma4_31b_extension/text/hd_inventory_xbrl_output.txt,data/processed/retrieval_contexts/hd_inventory_xbrl_context.txt,data/processed/prompts/hd_inventory_xbrl_prompt.txt,The acquisition of inventory from GMS Inc ($568 million) and SRS ($1.988 billion) presents a risk to the inventory valuation assertion.,Risk-cue / Assertion-mapping,risk_or_assertion_mapping,"F-HD-0169, F-HD-0172",Assets acquired in business combinations must be recognized at fair value; the integration of acquired inventory into the company's existing valuation framework may lead to inconsistencies or errors in initial measurement.,Missing the purchase price allocation (PPA) reports or the specific fair value assessment documentation used to determine these values.,0,1,,F-HD-0169; F-HD-0172,NA,Text support is not assessable in XBRL-only condition.,0.5,Claim cites retrieved XBRL facts or relation paths; inferential audit implications are not fully graph-valid by themselves.,1,Risk or assertion-mapping claim is qualified and states an inferential bridge.,NA,Integrated correctness is primarily assessed for hybrid retrieval in this demonstration.,none,1,preliminary_author_code,"- Claim: The acquisition of inventory from GMS Inc ($568 million) and SRS ($1.988 billion) presents a risk to the inventory valuation assertion.
  - Claim type: Risk-cue / Assertion-mapping
  - Support used: F-HD-0169, F-HD-0172
  - Inferential bridge: Assets acquired in business combinations must be recognized at fair value; the integration of acquired inventory into the company's existing valuation framework may lead to inconsistencies or errors in initial measurement.
  - Limitation: Missing the purchase price allocation (PPA) reports or the specific fair value assessment documentation used to determine these values."
C024,4,HD,"Home Depot, Inc.",bounded_extension,inventory,xbrl,XBRL-based relational retrieval,gemma4:31b,gemma4_31b_extension,data/processed/llm_outputs/gemma4_31b_extension/text/hd_inventory_xbrl_output.txt,data/processed/retrieval_contexts/hd_inventory_xbrl_context.txt,data/processed/prompts/hd_inventory_xbrl_prompt.txt,"The increase in InventoryNet from $23,451,000,000 (as of 2025-02-02) to $25,817,000,000 (as of 2026-02-01) may indicate a risk of overvaluation or obsolescence.",Risk-cue / Assertion-mapping,risk_or_assertion_mapping,"F-HD-0004, F-HD-0003",A significant increase in the carrying amount of inventory may suggest that the asset is not being written down to the lower of cost or net realizable value if the growth is not aligned with sales volume.,Missing inventory aging reports or inventory turnover ratios to determine if the increase is due to strategic growth or slow-moving stock.,0,1,,F-HD-0003; F-HD-0004,NA,Text support is not assessable in XBRL-only condition.,0.5,Claim cites retrieved XBRL facts or relation paths; inferential audit implications are not fully graph-valid by themselves.,1,Risk or assertion-mapping claim is qualified and states an inferential bridge.,NA,Integrated correctness is primarily assessed for hybrid retrieval in this demonstration.,none,1,preliminary_author_code,"- Claim: The increase in InventoryNet from $23,451,000,000 (as of 2025-02-02) to $25,817,000,000 (as of 2026-02-01) may indicate a risk of overvaluation or obsolescence.
  - Claim type: Risk-cue / Assertion-mapping
  - Support used: F-HD-0004, F-HD-0003
  - Inferential bridge: A significant increase in the carrying amount of inventory may suggest that the asset is not being written down to the lower of cost or net realizable value if the growth is not aligned with sales volume.
  - Limitation: Missing inventory aging reports or inventory turnover ratios to determine if the increase is due to strategic growth or slow-moving stock."
C025,5,HD,"Home Depot, Inc.",bounded_extension,inventory,xbrl,XBRL-based relational retrieval,gemma4:31b,gemma4_31b_extension,data/processed/llm_outputs/gemma4_31b_extension/text/hd_inventory_xbrl_output.txt,data/processed/retrieval_contexts/hd_inventory_xbrl_context.txt,data/processed/prompts/hd_inventory_xbrl_prompt.txt,The existence of deferred tax liabilities specifically attributed to capitalized inventory costs suggests complexity in the valuation of inventory.,Risk-cue / Assertion-mapping,risk_or_assertion_mapping,X-HD-0107,The requirement to track separate tax and book bases for capitalized inventory costs indicates that valuation is subject to specific accounting estimates and adjustments.,"The provided context contains a presentation link to the ""Inventory Policy Text Block"" (X-HD-0011), but the actual text of the accounting policy is missing.",0,1,,X-HD-0011; X-HD-0107,NA,Text support is not assessable in XBRL-only condition.,0.5,Claim cites retrieved XBRL facts or relation paths; inferential audit implications are not fully graph-valid by themselves.,1,Risk or assertion-mapping claim is qualified and states an inferential bridge.,NA,Integrated correctness is primarily assessed for hybrid retrieval in this demonstration.,none,1,preliminary_author_code,"- Claim: The existence of deferred tax liabilities specifically attributed to capitalized inventory costs suggests complexity in the valuation of inventory.
  - Claim type: Risk-cue / Assertion-mapping
  - Support used: X-HD-0107
  - Inferential bridge: The requirement to track separate tax and book bases for capitalized inventory costs indicates that valuation is subject to specific accounting estimates and adjustments.
  - Limitation: The provided context contains a presentation link to the ""Inventory Policy Text Block"" (X-HD-0011), but the actual text of the accounting policy is missing."
C026,1,HD,"Home Depot, Inc.",bounded_extension,inventory,hybrid,Hybrid retrieval,gemma4:31b,gemma4_31b_extension,data/processed/llm_outputs/gemma4_31b_extension/text/hd_inventory_hybrid_output.txt,data/processed/retrieval_contexts/hd_inventory_hybrid_context.txt,data/processed/prompts/hd_inventory_hybrid_prompt.txt,"Merchandise inventories were $25.8 billion as of February 1, 2026.",Factual,factual,"T-HD-INVENTORY-020, F-HD-0004",,"Measurement is limited to the consolidated balance sheet date of February 1, 2026.",1,1,T-HD-INVENTORY-020,F-HD-0004,1,Claim cites retrieved text; inferential claims receive partial text-support because audit implication is not directly stated.,1,Claim cites retrieved XBRL facts or relation paths; inferential audit implications are not fully graph-valid by themselves.,1,Factual claim is bounded by source or period limitations.,1,"Claim integrates text, XBRL, and qualified audit reasoning.",none,1,preliminary_author_code,"- Claim: Merchandise inventories were $25.8 billion as of February 1, 2026.
  - Claim type: Factual
  - Support used: T-HD-INVENTORY-020, F-HD-0004
  - Limitation: Measurement is limited to the consolidated balance sheet date of February 1, 2026."
C027,2,HD,"Home Depot, Inc.",bounded_extension,inventory,hybrid,Hybrid retrieval,gemma4:31b,gemma4_31b_extension,data/processed/llm_outputs/gemma4_31b_extension/text/hd_inventory_hybrid_output.txt,data/processed/retrieval_contexts/hd_inventory_hybrid_context.txt,data/processed/prompts/hd_inventory_hybrid_prompt.txt,"Home Depot utilizes the retail inventory method (RIM) for the majority of its merchandise inventories, while inventories in Canada, Mexico, distribution centers, and SRS distribution operations are recorded using cost methods (primarily moving average and first-in, first-out).",Factual,factual,"T-HD-INVENTORY-028, T-HD-INVENTORY-020",,Source is limited to the company's descriptive accounting policy disclosures.,1,0,T-HD-INVENTORY-020; T-HD-INVENTORY-028,,1,Claim cites retrieved text; inferential claims receive partial text-support because audit implication is not directly stated.,NA,This hybrid claim does not cite an XBRL fact or path; graph validity is not separately assessed for this claim.,1,Factual claim is bounded by source or period limitations.,0.5,"Hybrid context is available, but this claim uses only one evidence layer or only partially reconciles layers.",integration failure,1,preliminary_author_code,"- Claim: Home Depot utilizes the retail inventory method (RIM) for the majority of its merchandise inventories, while inventories in Canada, Mexico, distribution centers, and SRS distribution operations are recorded using cost methods (primarily moving average and first-in, first-out).
  - Claim type: Factual
  - Support used: T-HD-INVENTORY-028, T-HD-INVENTORY-020
  - Limitation: Source is limited to the company's descriptive accounting policy disclosures."
C028,3,HD,"Home Depot, Inc.",bounded_extension,inventory,hybrid,Hybrid retrieval,gemma4:31b,gemma4_31b_extension,data/processed/llm_outputs/gemma4_31b_extension/text/hd_inventory_hybrid_output.txt,data/processed/retrieval_contexts/hd_inventory_hybrid_context.txt,data/processed/prompts/hd_inventory_hybrid_prompt.txt,There is a risk regarding the valuation assertion due to inherent uncertainty in the final determination of inventory cost and gross profit when applying the retail inventory method.,Risk-cue or assertion-mapping,risk_or_assertion_mapping,T-HD-INVENTORY-018,"The text explicitly states that because the retail inventory method is based on factors such as markups, markdowns, and shrink, ""there exists an inherent uncertainty in the final determination of inventory cost and gross profit,"" which directly impacts the precision of the valuation assertion.",Missing detail on the specific internal controls used to mitigate this inherent uncertainty or the quantitative materiality of the uncertainty.,1,0,T-HD-INVENTORY-018,,0.5,Claim cites retrieved text; inferential claims receive partial text-support because audit implication is not directly stated.,NA,This hybrid claim does not cite an XBRL fact or path; graph validity is not separately assessed for this claim.,1,Risk or assertion-mapping claim is qualified and states an inferential bridge.,0.5,"Hybrid context is available, but this claim uses only one evidence layer or only partially reconciles layers.",integration failure,1,preliminary_author_code,"- Claim: There is a risk regarding the valuation assertion due to inherent uncertainty in the final determination of inventory cost and gross profit when applying the retail inventory method.
  - Claim type: Risk-cue or assertion-mapping
  - Support used: T-HD-INVENTORY-018
  - Inferential bridge: The text explicitly states that because the retail inventory method is based on factors such as markups, markdowns, and shrink, ""there exists an inherent uncertainty in the final determination of inventory cost and gross profit,"" which directly impacts the precision of the valuation assertion.
  - Limitation: Missing detail on the specific internal controls used to mitigate this inherent uncertainty or the quantitative materiality of the uncertainty."
C029,4,HD,"Home Depot, Inc.",bounded_extension,inventory,hybrid,Hybrid retrieval,gemma4:31b,gemma4_31b_extension,data/processed/llm_outputs/gemma4_31b_extension/text/hd_inventory_hybrid_output.txt,data/processed/retrieval_contexts/hd_inventory_hybrid_context.txt,data/processed/prompts/hd_inventory_hybrid_prompt.txt,"The valuation of inventory is subject to estimation risk because the determination of markups and markdowns relies on subjective and variable factors, including anticipated demand, customer preferences, buying trends, age of merchandise, and weather conditions.",Risk-cue or assertion-mapping,risk_or_assertion_mapping,T-HD-INVENTORY-018,"Since the retail value is adjusted based on these external and predictive variables to approximate the lower of cost or market, any inaccuracies in these judgments would directly result in a valuation misstatement.","Missing evidence regarding the specific data sources, forecasting models, or validation processes used to determine these market-based factors.",1,0,T-HD-INVENTORY-018,,0.5,Claim cites retrieved text; inferential claims receive partial text-support because audit implication is not directly stated.,NA,This hybrid claim does not cite an XBRL fact or path; graph validity is not separately assessed for this claim.,1,Risk or assertion-mapping claim is qualified and states an inferential bridge.,0.5,"Hybrid context is available, but this claim uses only one evidence layer or only partially reconciles layers.",integration failure,1,preliminary_author_code,"- Claim: The valuation of inventory is subject to estimation risk because the determination of markups and markdowns relies on subjective and variable factors, including anticipated demand, customer preferences, buying trends, age of merchandise, and weather conditions.
  - Claim type: Risk-cue or assertion-mapping
  - Support used: T-HD-INVENTORY-018
  - Inferential bridge: Since the retail value is adjusted based on these external and predictive variables to approximate the lower of cost or market, any inaccuracies in these judgments would directly result in a valuation misstatement.
  - Limitation: Missing evidence regarding the specific data sources, forecasting models, or validation processes used to determine these market-based factors."
C030,5,HD,"Home Depot, Inc.",bounded_extension,inventory,hybrid,Hybrid retrieval,gemma4:31b,gemma4_31b_extension,data/processed/llm_outputs/gemma4_31b_extension/text/hd_inventory_hybrid_output.txt,data/processed/retrieval_contexts/hd_inventory_hybrid_context.txt,data/processed/prompts/hd_inventory_hybrid_prompt.txt,The valuation of inventory acquired through business combinations (specifically SRS and GMS Inc) may require distinct audit consideration as these assets are recorded under different valuation frameworks than the majority of the company's inventory.,Risk-cue or assertion-mapping,risk_or_assertion_mapping,"F-HD-0172, F-HD-0169, T-HD-INVENTORY-028","The company acquired significant inventory via SRS ($1.988 billion) and GMS Inc ($568 million), and the context specifies that SRS distribution operations are valued using cost methods (moving average/FIFO) rather than the retail inventory method used for the majority of merchandise, necessitating a separate valuation verification for these segments.",Missing information regarding the initial fair value assessments and the subsequent transition of these acquired inventories into the company's standard cost-accounting systems.,1,1,T-HD-INVENTORY-028,F-HD-0169; F-HD-0172,0.5,Claim cites retrieved text; inferential claims receive partial text-support because audit implication is not directly stated.,0.5,Claim cites retrieved XBRL facts or relation paths; inferential audit implications are not fully graph-valid by themselves.,1,Risk or assertion-mapping claim is qualified and states an inferential bridge.,1,"Claim integrates text, XBRL, and qualified audit reasoning.",none,1,preliminary_author_code,"- Claim: The valuation of inventory acquired through business combinations (specifically SRS and GMS Inc) may require distinct audit consideration as these assets are recorded under different valuation frameworks than the majority of the company's inventory.
  - Claim type: Risk-cue or assertion-mapping
  - Support used: F-HD-0172, F-HD-0169, T-HD-INVENTORY-028
  - Inferential bridge: The company acquired significant inventory via SRS ($1.988 billion) and GMS Inc ($568 million), and the context specifies that SRS distribution operations are valued using cost methods (moving average/FIFO) rather than the retail inventory method used for the majority of merchandise, necessitating a separate valuation verification for these segments.
  - Limitation: Missing information regarding the initial fair value assessments and the subsequent transition of these acquired inventories into the company's standard cost-accounting systems."
C031,1,CAT,Caterpillar Inc.,bounded_extension,inventory,text,Text-based contextual retrieval,gemma4:31b,gemma4_31b_extension,data/processed/llm_outputs/gemma4_31b_extension/text/cat_inventory_text_output.txt,data/processed/retrieval_contexts/cat_inventory_text_context.txt,data/processed/prompts/cat_inventory_text_prompt.txt,"Caterpillar Inc. states inventories at the lower of cost or net realizable value, primarily determining cost using the last-in, first-out (LIFO) method.",Factual,factual,T-CAT-INVENTORY-016,,"This claim is limited to the accounting policies disclosed in the source file cat-20251231.htm for the period ended December 31, 2025.",1,0,T-CAT-INVENTORY-016,,1,Claim cites retrieved text; inferential claims receive partial text-support because audit implication is not directly stated.,NA,Graph validity is not assessable in text-only condition.,1,Factual claim is bounded by source or period limitations.,NA,Integrated correctness is primarily assessed for hybrid retrieval in this demonstration.,none,1,preliminary_author_code,"- Claim: Caterpillar Inc. states inventories at the lower of cost or net realizable value, primarily determining cost using the last-in, first-out (LIFO) method.
  - Claim type: Factual
  - Support used: T-CAT-INVENTORY-016
  - Limitation: This claim is limited to the accounting policies disclosed in the source file cat-20251231.htm for the period ended December 31, 2025."
C032,2,CAT,Caterpillar Inc.,bounded_extension,inventory,text,Text-based contextual retrieval,gemma4:31b,gemma4_31b_extension,data/processed/llm_outputs/gemma4_31b_extension/text/cat_inventory_text_output.txt,data/processed/retrieval_contexts/cat_inventory_text_context.txt,data/processed/prompts/cat_inventory_text_prompt.txt,"Inventories valued on the LIFO basis represented approximately 70 percent of total inventories at December 31, 2025, and 65 percent at December 31, 2024.",Factual,factual,T-CAT-INVENTORY-016,,This claim is based on approximate percentage measurements provided in the source file cat-20251231.htm.,1,0,T-CAT-INVENTORY-016,,1,Claim cites retrieved text; inferential claims receive partial text-support because audit implication is not directly stated.,NA,Graph validity is not assessable in text-only condition.,1,Factual claim is bounded by source or period limitations.,NA,Integrated correctness is primarily assessed for hybrid retrieval in this demonstration.,none,1,preliminary_author_code,"- Claim: Inventories valued on the LIFO basis represented approximately 70 percent of total inventories at December 31, 2025, and 65 percent at December 31, 2024.
  - Claim type: Factual
  - Support used: T-CAT-INVENTORY-016
  - Limitation: This claim is based on approximate percentage measurements provided in the source file cat-20251231.htm."
C033,3,CAT,Caterpillar Inc.,bounded_extension,inventory,text,Text-based contextual retrieval,gemma4:31b,gemma4_31b_extension,data/processed/llm_outputs/gemma4_31b_extension/text/cat_inventory_text_output.txt,data/processed/retrieval_contexts/cat_inventory_text_context.txt,data/processed/prompts/cat_inventory_text_prompt.txt,The identification of inventory write-downs and LIFO inventory decrement benefits arising from liquidations at closed facilities presents a risk to the inventory valuation assertion.,Risk-cue or assertion-mapping,risk_or_assertion_mapping,"T-CAT-INVENTORY-008, T-CAT-INVENTORY-023","The explicit mention of ""inventory write-downs"" and ""LIFO inventory decrement benefits"" in the context of ""closed facilities"" indicates that the company must perform valuation adjustments when facilities are shuttered, which directly maps to the valuation assertion.",The provided context does not detail the specific controls used to trigger these write-downs or the quantitative impact of these liquidations on the total inventory balance.,1,0,T-CAT-INVENTORY-008; T-CAT-INVENTORY-023,,0.5,Claim cites retrieved text; inferential claims receive partial text-support because audit implication is not directly stated.,NA,Graph validity is not assessable in text-only condition.,1,Risk or assertion-mapping claim is qualified and states an inferential bridge.,NA,Integrated correctness is primarily assessed for hybrid retrieval in this demonstration.,none,1,preliminary_author_code,"- Claim: The identification of inventory write-downs and LIFO inventory decrement benefits arising from liquidations at closed facilities presents a risk to the inventory valuation assertion.
  - Claim type: Risk-cue or assertion-mapping
  - Support used: T-CAT-INVENTORY-008, T-CAT-INVENTORY-023
  - Inferential bridge: The explicit mention of ""inventory write-downs"" and ""LIFO inventory decrement benefits"" in the context of ""closed facilities"" indicates that the company must perform valuation adjustments when facilities are shuttered, which directly maps to the valuation assertion.
  - Limitation: The provided context does not detail the specific controls used to trigger these write-downs or the quantitative impact of these liquidations on the total inventory balance."
C034,4,CAT,Caterpillar Inc.,bounded_extension,inventory,text,Text-based contextual retrieval,gemma4:31b,gemma4_31b_extension,data/processed/llm_outputs/gemma4_31b_extension/text/cat_inventory_text_output.txt,data/processed/retrieval_contexts/cat_inventory_text_context.txt,data/processed/prompts/cat_inventory_text_prompt.txt,"The inventory management decisions of independent dealers and OEMs, influenced by market conditions and used equipment inventory levels, may create valuation risks for Caterpillar's finished products.",Risk-cue or assertion-mapping,risk_or_assertion_mapping,T-CAT-REVENUE_INVENTORY-003,"Because dealers may postpone purchases if their own inventory levels are too high, Caterpillar may experience a buildup of finished goods; such a buildup, coupled with shifting market conditions, increases the risk that the carrying value of inventory may exceed its net realizable value.",The context lacks specific data on current dealer inventory levels or the company's internal process for monitoring dealer stock to determine if a valuation reserve is required.,1,0,T-CAT-REVENUE_INVENTORY-003,,0.5,Claim cites retrieved text; inferential claims receive partial text-support because audit implication is not directly stated.,NA,Graph validity is not assessable in text-only condition.,1,Risk or assertion-mapping claim is qualified and states an inferential bridge.,NA,Integrated correctness is primarily assessed for hybrid retrieval in this demonstration.,none,1,preliminary_author_code,"- Claim: The inventory management decisions of independent dealers and OEMs, influenced by market conditions and used equipment inventory levels, may create valuation risks for Caterpillar's finished products.
  - Claim type: Risk-cue or assertion-mapping
  - Support used: T-CAT-REVENUE_INVENTORY-003
  - Inferential bridge: Because dealers may postpone purchases if their own inventory levels are too high, Caterpillar may experience a buildup of finished goods; such a buildup, coupled with shifting market conditions, increases the risk that the carrying value of inventory may exceed its net realizable value.
  - Limitation: The context lacks specific data on current dealer inventory levels or the company's internal process for monitoring dealer stock to determine if a valuation reserve is required."
C035,1,CAT,Caterpillar Inc.,bounded_extension,inventory,xbrl,XBRL-based relational retrieval,gemma4:31b,gemma4_31b_extension,data/processed/llm_outputs/gemma4_31b_extension/text/cat_inventory_xbrl_output.txt,data/processed/retrieval_contexts/cat_inventory_xbrl_context.txt,data/processed/prompts/cat_inventory_xbrl_prompt.txt,"As of 2025-12-31, the Inventory, Net balance is 18,135,000,000 USD.",Factual,factual,F-CAT-0018,,This value is a point-in-time measurement as of the fiscal year-end and is limited to the reported consolidated figure.,0,1,,F-CAT-0018,NA,Text support is not assessable in XBRL-only condition.,1,Claim cites retrieved XBRL facts or relation paths; inferential audit implications are not fully graph-valid by themselves.,1,Factual claim is bounded by source or period limitations.,NA,Integrated correctness is primarily assessed for hybrid retrieval in this demonstration.,none,1,preliminary_author_code,"- Claim: As of 2025-12-31, the Inventory, Net balance is 18,135,000,000 USD.
  - Claim type: Factual
  - Support used: F-CAT-0018
  - Limitation: This value is a point-in-time measurement as of the fiscal year-end and is limited to the reported consolidated figure."
C036,2,CAT,Caterpillar Inc.,bounded_extension,inventory,xbrl,XBRL-based relational retrieval,gemma4:31b,gemma4_31b_extension,data/processed/llm_outputs/gemma4_31b_extension/text/cat_inventory_xbrl_output.txt,data/processed/retrieval_contexts/cat_inventory_xbrl_context.txt,data/processed/prompts/cat_inventory_xbrl_prompt.txt,"As of 2025-12-31, the Inventory LIFO Reserve is 4,305,000,000 USD.",Factual,factual,F-CAT-0048,,This value is limited to the reported LIFO reserve amount as of the specific period end 2025-12-31.,0,1,,F-CAT-0048,NA,Text support is not assessable in XBRL-only condition.,1,Claim cites retrieved XBRL facts or relation paths; inferential audit implications are not fully graph-valid by themselves.,1,Factual claim is bounded by source or period limitations.,NA,Integrated correctness is primarily assessed for hybrid retrieval in this demonstration.,none,1,preliminary_author_code,"- Claim: As of 2025-12-31, the Inventory LIFO Reserve is 4,305,000,000 USD.
  - Claim type: Factual
  - Support used: F-CAT-0048
  - Limitation: This value is limited to the reported LIFO reserve amount as of the specific period end 2025-12-31."
C037,3,CAT,Caterpillar Inc.,bounded_extension,inventory,xbrl,XBRL-based relational retrieval,gemma4:31b,gemma4_31b_extension,data/processed/llm_outputs/gemma4_31b_extension/text/cat_inventory_xbrl_output.txt,data/processed/retrieval_contexts/cat_inventory_xbrl_context.txt,data/processed/prompts/cat_inventory_xbrl_prompt.txt,The valuation assertion for inventory is impacted by the calculation and maintenance of the LIFO reserve.,Risk-cue or assertion-mapping,risk_or_assertion_mapping,"F-CAT-0048, F-CAT-0049","The existence of a substantial LIFO reserve (increasing from 3.864B to 4.305B) indicates that the reported inventory value is a derivative of a specific cost-flow assumption, requiring verification of the reserve's accuracy to ensure proper valuation.",Missing the specific LIFO calculation methodology and the underlying price indices used to determine the reserve.,0,1,,F-CAT-0048; F-CAT-0049,NA,Text support is not assessable in XBRL-only condition.,0.5,Claim cites retrieved XBRL facts or relation paths; inferential audit implications are not fully graph-valid by themselves.,1,Risk or assertion-mapping claim is qualified and states an inferential bridge.,NA,Integrated correctness is primarily assessed for hybrid retrieval in this demonstration.,none,1,preliminary_author_code,"- Claim: The valuation assertion for inventory is impacted by the calculation and maintenance of the LIFO reserve.
  - Claim type: Risk-cue or assertion-mapping
  - Support used: F-CAT-0048, F-CAT-0049
  - Inferential bridge: The existence of a substantial LIFO reserve (increasing from 3.864B to 4.305B) indicates that the reported inventory value is a derivative of a specific cost-flow assumption, requiring verification of the reserve's accuracy to ensure proper valuation.
  - Limitation: Missing the specific LIFO calculation methodology and the underlying price indices used to determine the reserve."
C038,4,CAT,Caterpillar Inc.,bounded_extension,inventory,xbrl,XBRL-based relational retrieval,gemma4:31b,gemma4_31b_extension,data/processed/llm_outputs/gemma4_31b_extension/text/cat_inventory_xbrl_output.txt,data/processed/retrieval_contexts/cat_inventory_xbrl_context.txt,data/processed/prompts/cat_inventory_xbrl_prompt.txt,"The reported ""InventoryMethodologyDifference"" represents a risk cue for the valuation assertion due to the complexity of reconciling different accounting methods.",Risk-cue or assertion-mapping,risk_or_assertion_mapping,F-CAT-1036,"A reported methodology difference of 3,622,000,000 USD suggests that the inventory is valued using a method that differs from another standard (e.g., local GAAP vs. US GAAP), which introduces risk in the mapping and conversion of these values.",Missing the detailed reconciliation documentation or the specific accounting standards being compared.,0,1,,F-CAT-1036,NA,Text support is not assessable in XBRL-only condition.,0.5,Claim cites retrieved XBRL facts or relation paths; inferential audit implications are not fully graph-valid by themselves.,1,Risk or assertion-mapping claim is qualified and states an inferential bridge.,NA,Integrated correctness is primarily assessed for hybrid retrieval in this demonstration.,none,1,preliminary_author_code,"- Claim: The reported ""InventoryMethodologyDifference"" represents a risk cue for the valuation assertion due to the complexity of reconciling different accounting methods.
  - Claim type: Risk-cue or assertion-mapping
  - Support used: F-CAT-1036
  - Inferential bridge: A reported methodology difference of 3,622,000,000 USD suggests that the inventory is valued using a method that differs from another standard (e.g., local GAAP vs. US GAAP), which introduces risk in the mapping and conversion of these values.
  - Limitation: Missing the detailed reconciliation documentation or the specific accounting standards being compared."
C039,5,CAT,Caterpillar Inc.,bounded_extension,inventory,xbrl,XBRL-based relational retrieval,gemma4:31b,gemma4_31b_extension,data/processed/llm_outputs/gemma4_31b_extension/text/cat_inventory_xbrl_output.txt,data/processed/retrieval_contexts/cat_inventory_xbrl_context.txt,data/processed/prompts/cat_inventory_xbrl_prompt.txt,The increase in total net inventory from 2024 to 2025 suggests a need to assess the valuation assertion for potential obsolescence or impairment.,Risk-cue or assertion-mapping,risk_or_assertion_mapping,"F-CAT-0019, F-CAT-0018","The increase in Inventory, Net from 16,827,000,000 USD to 18,135,000,000 USD increases the total carrying value of the asset, thereby increasing the potential exposure to valuation errors if the inventory is not realizable at the reported cost.",Missing inventory aging reports or specific data on slow-moving and obsolete stock.,0,1,,F-CAT-0018; F-CAT-0019,NA,Text support is not assessable in XBRL-only condition.,0.5,Claim cites retrieved XBRL facts or relation paths; inferential audit implications are not fully graph-valid by themselves.,1,Risk or assertion-mapping claim is qualified and states an inferential bridge.,NA,Integrated correctness is primarily assessed for hybrid retrieval in this demonstration.,none,1,preliminary_author_code,"- Claim: The increase in total net inventory from 2024 to 2025 suggests a need to assess the valuation assertion for potential obsolescence or impairment.
  - Claim type: Risk-cue or assertion-mapping
  - Support used: F-CAT-0019, F-CAT-0018
  - Inferential bridge: The increase in Inventory, Net from 16,827,000,000 USD to 18,135,000,000 USD increases the total carrying value of the asset, thereby increasing the potential exposure to valuation errors if the inventory is not realizable at the reported cost.
  - Limitation: Missing inventory aging reports or specific data on slow-moving and obsolete stock."
C040,1,CAT,Caterpillar Inc.,bounded_extension,inventory,hybrid,Hybrid retrieval,gemma4:31b,gemma4_31b_extension,data/processed/llm_outputs/gemma4_31b_extension/text/cat_inventory_hybrid_output.txt,data/processed/retrieval_contexts/cat_inventory_hybrid_context.txt,data/processed/prompts/cat_inventory_hybrid_prompt.txt,"Caterpillar Inc. values inventories at the lower of cost or net realizable value, primarily using the last-in, first-out (LIFO) method.",Factual,factual,T-CAT-INVENTORY-016,,This claim is limited to the accounting policies disclosed in the provided text for the 2025 fiscal year.,1,0,T-CAT-INVENTORY-016,,1,Claim cites retrieved text; inferential claims receive partial text-support because audit implication is not directly stated.,NA,This hybrid claim does not cite an XBRL fact or path; graph validity is not separately assessed for this claim.,1,Factual claim is bounded by source or period limitations.,0.5,"Hybrid context is available, but this claim uses only one evidence layer or only partially reconciles layers.",integration failure,1,preliminary_author_code,"- Claim: Caterpillar Inc. values inventories at the lower of cost or net realizable value, primarily using the last-in, first-out (LIFO) method.
  - Claim type: Factual
  - Support used: T-CAT-INVENTORY-016
  - Limitation: This claim is limited to the accounting policies disclosed in the provided text for the 2025 fiscal year."
C041,2,CAT,Caterpillar Inc.,bounded_extension,inventory,hybrid,Hybrid retrieval,gemma4:31b,gemma4_31b_extension,data/processed/llm_outputs/gemma4_31b_extension/text/cat_inventory_hybrid_output.txt,data/processed/retrieval_contexts/cat_inventory_hybrid_context.txt,data/processed/prompts/cat_inventory_hybrid_prompt.txt,"As of December 31, 2025, the Inventory LIFO Reserve was $4,305,000,000.",Factual,factual,F-CAT-0048,,This is a point-in-time measurement as of the 2025-12-31 period end.,0,1,,F-CAT-0048,0,Support statement does not cite retrieved text.,1,Claim cites retrieved XBRL facts or relation paths; inferential audit implications are not fully graph-valid by themselves.,1,Factual claim is bounded by source or period limitations.,0.5,"Hybrid context is available, but this claim uses only one evidence layer or only partially reconciles layers.",integration failure,1,preliminary_author_code,"- Claim: As of December 31, 2025, the Inventory LIFO Reserve was $4,305,000,000.
  - Claim type: Factual
  - Support used: F-CAT-0048
  - Limitation: This is a point-in-time measurement as of the 2025-12-31 period end."
C042,3,CAT,Caterpillar Inc.,bounded_extension,inventory,hybrid,Hybrid retrieval,gemma4:31b,gemma4_31b_extension,data/processed/llm_outputs/gemma4_31b_extension/text/cat_inventory_hybrid_output.txt,data/processed/retrieval_contexts/cat_inventory_hybrid_context.txt,data/processed/prompts/cat_inventory_hybrid_prompt.txt,"The reliance on the LIFO method for approximately 70% of total inventories as of December 31, 2025, presents a valuation risk regarding the accuracy of the LIFO reserve.",Risk-cue or assertion-mapping,risk_or_assertion_mapping,"T-CAT-INVENTORY-016, F-CAT-0048","Because a significant majority of inventory is valued using LIFO, any errors in the calculation of the LIFO reserve or the tracking of cost layers would materially impact the overall inventory valuation assertion.",The provided context does not include the internal controls used to calculate the LIFO reserve or the detailed LIFO layer schedules.,1,1,T-CAT-INVENTORY-016,F-CAT-0048,0.5,Claim cites retrieved text; inferential claims receive partial text-support because audit implication is not directly stated.,0.5,Claim cites retrieved XBRL facts or relation paths; inferential audit implications are not fully graph-valid by themselves.,1,Risk or assertion-mapping claim is qualified and states an inferential bridge.,1,"Claim integrates text, XBRL, and qualified audit reasoning.",none,1,preliminary_author_code,"- Claim: The reliance on the LIFO method for approximately 70% of total inventories as of December 31, 2025, presents a valuation risk regarding the accuracy of the LIFO reserve.
  - Claim type: Risk-cue or assertion-mapping
  - Support used: T-CAT-INVENTORY-016, F-CAT-0048
  - Inferential bridge: Because a significant majority of inventory is valued using LIFO, any errors in the calculation of the LIFO reserve or the tracking of cost layers would materially impact the overall inventory valuation assertion.
  - Limitation: The provided context does not include the internal controls used to calculate the LIFO reserve or the detailed LIFO layer schedules."
C043,4,CAT,Caterpillar Inc.,bounded_extension,inventory,hybrid,Hybrid retrieval,gemma4:31b,gemma4_31b_extension,data/processed/llm_outputs/gemma4_31b_extension/text/cat_inventory_hybrid_output.txt,data/processed/retrieval_contexts/cat_inventory_hybrid_context.txt,data/processed/prompts/cat_inventory_hybrid_prompt.txt,The occurrence of inventory write-downs and LIFO inventory decrement benefits associated with restructuring and closed facilities indicates a risk to the valuation assertion.,Risk-cue or assertion-mapping,risk_or_assertion_mapping,"T-CAT-INVENTORY-008, T-CAT-INVENTORY-023","Facility closures typically trigger the need to assess inventory for obsolescence (requiring write-downs to net realizable value) and may trigger LIFO liquidations (decrement benefits), both of which require precise valuation adjustments to avoid overstating inventory.",The context does not provide the specific amount of write-downs incurred in 2025 or the specific facilities that were closed.,1,0,T-CAT-INVENTORY-008; T-CAT-INVENTORY-023,,0.5,Claim cites retrieved text; inferential claims receive partial text-support because audit implication is not directly stated.,NA,This hybrid claim does not cite an XBRL fact or path; graph validity is not separately assessed for this claim.,1,Risk or assertion-mapping claim is qualified and states an inferential bridge.,0.5,"Hybrid context is available, but this claim uses only one evidence layer or only partially reconciles layers.",integration failure,1,preliminary_author_code,"- Claim: The occurrence of inventory write-downs and LIFO inventory decrement benefits associated with restructuring and closed facilities indicates a risk to the valuation assertion.
  - Claim type: Risk-cue or assertion-mapping
  - Support used: T-CAT-INVENTORY-008, T-CAT-INVENTORY-023
  - Inferential bridge: Facility closures typically trigger the need to assess inventory for obsolescence (requiring write-downs to net realizable value) and may trigger LIFO liquidations (decrement benefits), both of which require precise valuation adjustments to avoid overstating inventory.
  - Limitation: The context does not provide the specific amount of write-downs incurred in 2025 or the specific facilities that were closed."
C044,5,CAT,Caterpillar Inc.,bounded_extension,inventory,hybrid,Hybrid retrieval,gemma4:31b,gemma4_31b_extension,data/processed/llm_outputs/gemma4_31b_extension/text/cat_inventory_hybrid_output.txt,data/processed/retrieval_contexts/cat_inventory_hybrid_context.txt,data/processed/prompts/cat_inventory_hybrid_prompt.txt,"As of December 31, 2025, Inventory Finished Goods Net of Reserves was $8,725,000,000.",Factual,factual,F-CAT-0801,,This is a point-in-time measurement as of the 2025-12-31 period end.,0,1,,F-CAT-0801,0,Support statement does not cite retrieved text.,1,Claim cites retrieved XBRL facts or relation paths; inferential audit implications are not fully graph-valid by themselves.,1,Factual claim is bounded by source or period limitations.,0.5,"Hybrid context is available, but this claim uses only one evidence layer or only partially reconciles layers.",integration failure,1,preliminary_author_code,"- Claim: As of December 31, 2025, Inventory Finished Goods Net of Reserves was $8,725,000,000.
  - Claim type: Factual
  - Support used: F-CAT-0801
  - Limitation: This is a point-in-time measurement as of the 2025-12-31 period end."
C045,1,PFE,Pfizer Inc.,bounded_extension,inventory,text,Text-based contextual retrieval,gemma4:31b,gemma4_31b_extension,data/processed/llm_outputs/gemma4_31b_extension/text/pfe_inventory_text_output.txt,data/processed/retrieval_contexts/pfe_inventory_text_context.txt,data/processed/prompts/pfe_inventory_text_prompt.txt,"Inventories are recorded at the lower of cost or net realizable value, and the cost of finished goods, work in process, and raw materials is determined using average actual cost.",Factual,factual,[Text Chunk 1],,This claim is limited to the accounting policies disclosed in the provided text for the fiscal year ended 2025-12-31.,1,0,Text Chunk 1,,1,Claim cites retrieved text; inferential claims receive partial text-support because audit implication is not directly stated.,NA,Graph validity is not assessable in text-only condition.,1,Factual claim is bounded by source or period limitations.,NA,Integrated correctness is primarily assessed for hybrid retrieval in this demonstration.,none,1,preliminary_author_code,"- Claim: Inventories are recorded at the lower of cost or net realizable value, and the cost of finished goods, work in process, and raw materials is determined using average actual cost.
  - Claim type: Factual
  - Support used: [Text Chunk 1]
  - Limitation: This claim is limited to the accounting policies disclosed in the provided text for the fiscal year ended 2025-12-31."
C046,2,PFE,Pfizer Inc.,bounded_extension,inventory,text,Text-based contextual retrieval,gemma4:31b,gemma4_31b_extension,data/processed/llm_outputs/gemma4_31b_extension/text/pfe_inventory_text_output.txt,data/processed/retrieval_contexts/pfe_inventory_text_context.txt,data/processed/prompts/pfe_inventory_text_prompt.txt,"In 2023, Biopharma earnings included approximately $6.2 billion of inventory write-offs and related charges to Cost of sales, primarily due to lower-than-expected demand for COVID-19 products.",Factual,factual,[Text Chunk 2],,This is a historical measurement pertaining to the 2023 period.,1,0,Text Chunk 2,,1,Claim cites retrieved text; inferential claims receive partial text-support because audit implication is not directly stated.,NA,Graph validity is not assessable in text-only condition.,1,Factual claim is bounded by source or period limitations.,NA,Integrated correctness is primarily assessed for hybrid retrieval in this demonstration.,none,1,preliminary_author_code,"- Claim: In 2023, Biopharma earnings included approximately $6.2 billion of inventory write-offs and related charges to Cost of sales, primarily due to lower-than-expected demand for COVID-19 products.
  - Claim type: Factual
  - Support used: [Text Chunk 2]
  - Limitation: This is a historical measurement pertaining to the 2023 period."
C047,3,PFE,Pfizer Inc.,bounded_extension,inventory,text,Text-based contextual retrieval,gemma4:31b,gemma4_31b_extension,data/processed/llm_outputs/gemma4_31b_extension/text/pfe_inventory_text_output.txt,data/processed/retrieval_contexts/pfe_inventory_text_context.txt,data/processed/prompts/pfe_inventory_text_prompt.txt,The historical occurrence of $6.2 billion in inventory write-offs in 2023 due to demand volatility for COVID-19 products serves as a risk cue for the valuation assertion of current inventory.,Risk-cue or assertion-mapping,risk_or_assertion_mapping,"[Text Chunk 1], [Text Chunk 2]","Because the company records inventory at the lower of cost or net realizable value (NRV), the history of massive write-offs due to demand shifts indicates that NRV estimates are highly sensitive to demand forecasts, increasing the risk that current inventory may be overvalued if demand for existing products declines.",Missing current 2025 demand forecasts or an inventory aging report to identify slow-moving items.,1,0,Text Chunk 1; Text Chunk 2,,0.5,Claim cites retrieved text; inferential claims receive partial text-support because audit implication is not directly stated.,NA,Graph validity is not assessable in text-only condition.,1,Risk or assertion-mapping claim is qualified and states an inferential bridge.,NA,Integrated correctness is primarily assessed for hybrid retrieval in this demonstration.,none,1,preliminary_author_code,"- Claim: The historical occurrence of $6.2 billion in inventory write-offs in 2023 due to demand volatility for COVID-19 products serves as a risk cue for the valuation assertion of current inventory.
  - Claim type: Risk-cue or assertion-mapping
  - Support used: [Text Chunk 1], [Text Chunk 2]
  - Inferential bridge: Because the company records inventory at the lower of cost or net realizable value (NRV), the history of massive write-offs due to demand shifts indicates that NRV estimates are highly sensitive to demand forecasts, increasing the risk that current inventory may be overvalued if demand for existing products declines.
  - Limitation: Missing current 2025 demand forecasts or an inventory aging report to identify slow-moving items."
C048,4,PFE,Pfizer Inc.,bounded_extension,inventory,text,Text-based contextual retrieval,gemma4:31b,gemma4_31b_extension,data/processed/llm_outputs/gemma4_31b_extension/text/pfe_inventory_text_output.txt,data/processed/retrieval_contexts/pfe_inventory_text_context.txt,data/processed/prompts/pfe_inventory_text_prompt.txt,"The valuation of acquired inventory is subject to risk due to the reliance on significant estimates, including stage of completion, costs to complete, costs to dispose, and selling price.",Risk-cue or assertion-mapping,risk_or_assertion_mapping,[Text Chunk 5],"The determination of fair value for acquired inventory requires multiple subjective inputs; inaccuracies in any of these estimates (e.g., overestimating the selling price or underestimating costs to complete) would directly result in a valuation misstatement.","Missing the specific controls used to validate the ""reasonable profit allowance"" or the ""stage of completion"" assumptions.",1,0,Text Chunk 5,,0.5,Claim cites retrieved text; inferential claims receive partial text-support because audit implication is not directly stated.,NA,Graph validity is not assessable in text-only condition.,1,Risk or assertion-mapping claim is qualified and states an inferential bridge.,NA,Integrated correctness is primarily assessed for hybrid retrieval in this demonstration.,none,1,preliminary_author_code,"- Claim: The valuation of acquired inventory is subject to risk due to the reliance on significant estimates, including stage of completion, costs to complete, costs to dispose, and selling price.
  - Claim type: Risk-cue or assertion-mapping
  - Support used: [Text Chunk 5]
  - Inferential bridge: The determination of fair value for acquired inventory requires multiple subjective inputs; inaccuracies in any of these estimates (e.g., overestimating the selling price or underestimating costs to complete) would directly result in a valuation misstatement.
  - Limitation: Missing the specific controls used to validate the ""reasonable profit allowance"" or the ""stage of completion"" assumptions."
C049,5,PFE,Pfizer Inc.,bounded_extension,inventory,text,Text-based contextual retrieval,gemma4:31b,gemma4_31b_extension,data/processed/llm_outputs/gemma4_31b_extension/text/pfe_inventory_text_output.txt,data/processed/retrieval_contexts/pfe_inventory_text_context.txt,data/processed/prompts/pfe_inventory_text_prompt.txt,"The requirement to classify inventories not expected to be sold within 12 months as ""Other noncurrent assets"" creates a risk regarding the accuracy of inventory classification and valuation.",Risk-cue or assertion-mapping,risk_or_assertion_mapping,[Text Chunk 1],The determination of whether an item will be sold within 12 months is a management judgment; an error in this judgment would lead to incorrect classification between current and noncurrent assets and may signal a need for impairment (valuation) if the product is not moving.,Missing the specific criteria or evidence management uses to determine the 12-month sale expectation.,1,0,Text Chunk 1,,0.5,Claim cites retrieved text; inferential claims receive partial text-support because audit implication is not directly stated.,NA,Graph validity is not assessable in text-only condition.,1,Risk or assertion-mapping claim is qualified and states an inferential bridge.,NA,Integrated correctness is primarily assessed for hybrid retrieval in this demonstration.,none,1,preliminary_author_code,"- Claim: The requirement to classify inventories not expected to be sold within 12 months as ""Other noncurrent assets"" creates a risk regarding the accuracy of inventory classification and valuation.
  - Claim type: Risk-cue or assertion-mapping
  - Support used: [Text Chunk 1]
  - Inferential bridge: The determination of whether an item will be sold within 12 months is a management judgment; an error in this judgment would lead to incorrect classification between current and noncurrent assets and may signal a need for impairment (valuation) if the product is not moving.
  - Limitation: Missing the specific criteria or evidence management uses to determine the 12-month sale expectation."
C050,1,PFE,Pfizer Inc.,bounded_extension,inventory,xbrl,XBRL-based relational retrieval,gemma4:31b,gemma4_31b_extension,data/processed/llm_outputs/gemma4_31b_extension/text/pfe_inventory_xbrl_output.txt,data/processed/retrieval_contexts/pfe_inventory_xbrl_context.txt,data/processed/prompts/pfe_inventory_xbrl_prompt.txt,"As of 2024-12-31, Inventory Finished Goods Net of Reserves was valued at 3,775,000,000 USD.",Factual,factual,F-PFE-0116,,This claim is limited to the measurement as of the specific instant 2024-12-31 and is reported net of reserves.,0,1,,F-PFE-0116,NA,Text support is not assessable in XBRL-only condition.,1,Claim cites retrieved XBRL facts or relation paths; inferential audit implications are not fully graph-valid by themselves.,1,Factual claim is bounded by source or period limitations.,NA,Integrated correctness is primarily assessed for hybrid retrieval in this demonstration.,none,1,preliminary_author_code,"- Claim: As of 2024-12-31, Inventory Finished Goods Net of Reserves was valued at 3,775,000,000 USD.
  - Claim type: Factual
  - Support used: F-PFE-0116
  - Limitation: This claim is limited to the measurement as of the specific instant 2024-12-31 and is reported net of reserves."
C051,2,PFE,Pfizer Inc.,bounded_extension,inventory,xbrl,XBRL-based relational retrieval,gemma4:31b,gemma4_31b_extension,data/processed/llm_outputs/gemma4_31b_extension/text/pfe_inventory_xbrl_output.txt,data/processed/retrieval_contexts/pfe_inventory_xbrl_context.txt,data/processed/prompts/pfe_inventory_xbrl_prompt.txt,"As of 2023-12-14, Pfizer recognized 3,273,000,000 USD in inventory acquired through the business combination with Seagen.",Factual,factual,F-PFE-0037,,This claim is limited to the acquisition date of 2023-12-14 and the specific business acquisition axis member (Seagen).,0,1,,F-PFE-0037,NA,Text support is not assessable in XBRL-only condition.,1,Claim cites retrieved XBRL facts or relation paths; inferential audit implications are not fully graph-valid by themselves.,1,Factual claim is bounded by source or period limitations.,NA,Integrated correctness is primarily assessed for hybrid retrieval in this demonstration.,none,1,preliminary_author_code,"- Claim: As of 2023-12-14, Pfizer recognized 3,273,000,000 USD in inventory acquired through the business combination with Seagen.
  - Claim type: Factual
  - Support used: F-PFE-0037
  - Limitation: This claim is limited to the acquisition date of 2023-12-14 and the specific business acquisition axis member (Seagen)."
C052,3,PFE,Pfizer Inc.,bounded_extension,inventory,xbrl,XBRL-based relational retrieval,gemma4:31b,gemma4_31b_extension,data/processed/llm_outputs/gemma4_31b_extension/text/pfe_inventory_xbrl_output.txt,data/processed/retrieval_contexts/pfe_inventory_xbrl_context.txt,data/processed/prompts/pfe_inventory_xbrl_prompt.txt,"The return of 6.5 million treatment courses of Paxlovid EUA Labeled inventory (as of 2023-12-31) and the subsequent favorable adjustment of 771,000,000 USD (for the period 2024-01-01 to 2024-03-31) creates a risk regarding the valuation of returned goods.",Risk-cue or assertion-mapping,risk_or_assertion_mapping,"F-PFE-0134, F-PFE-0169","Large volumes of returned inventory, specifically those with ""Emergency Use Authorization"" (EUA) labeling, may have restricted resale utility or shorter remaining shelf lives, which could necessitate write-downs to net realizable value.",Missing information regarding the expiration dates of the returned EUA-labeled inventory and the company's policy for repurposing returned government stock.,0,1,,F-PFE-0134; F-PFE-0169,NA,Text support is not assessable in XBRL-only condition.,0.5,Claim cites retrieved XBRL facts or relation paths; inferential audit implications are not fully graph-valid by themselves.,1,Risk or assertion-mapping claim is qualified and states an inferential bridge.,NA,Integrated correctness is primarily assessed for hybrid retrieval in this demonstration.,none,1,preliminary_author_code,"- Claim: The return of 6.5 million treatment courses of Paxlovid EUA Labeled inventory (as of 2023-12-31) and the subsequent favorable adjustment of 771,000,000 USD (for the period 2024-01-01 to 2024-03-31) creates a risk regarding the valuation of returned goods.
  - Claim type: Risk-cue or assertion-mapping
  - Support used: F-PFE-0134, F-PFE-0169
  - Inferential bridge: Large volumes of returned inventory, specifically those with ""Emergency Use Authorization"" (EUA) labeling, may have restricted resale utility or shorter remaining shelf lives, which could necessitate write-downs to net realizable value.
  - Limitation: Missing information regarding the expiration dates of the returned EUA-labeled inventory and the company's policy for repurposing returned government stock."
C053,4,PFE,Pfizer Inc.,bounded_extension,inventory,xbrl,XBRL-based relational retrieval,gemma4:31b,gemma4_31b_extension,data/processed/llm_outputs/gemma4_31b_extension/text/pfe_inventory_xbrl_output.txt,data/processed/retrieval_contexts/pfe_inventory_xbrl_context.txt,data/processed/prompts/pfe_inventory_xbrl_prompt.txt,"The recognition of 3,273,000,000 USD in inventory from the Seagen acquisition requires consideration for subsequent valuation adjustments.",Risk-cue or assertion-mapping,risk_or_assertion_mapping,F-PFE-0037,Inventory acquired in a business combination is initially recorded at fair value; there is a risk that the carrying value may exceed the net realizable value in subsequent periods.,Missing the initial fair value assessment documentation and any subsequent impairment testing performed on the Seagen inventory.,0,1,,F-PFE-0037,NA,Text support is not assessable in XBRL-only condition.,0.5,Claim cites retrieved XBRL facts or relation paths; inferential audit implications are not fully graph-valid by themselves.,1,Risk or assertion-mapping claim is qualified and states an inferential bridge.,NA,Integrated correctness is primarily assessed for hybrid retrieval in this demonstration.,none,1,preliminary_author_code,"- Claim: The recognition of 3,273,000,000 USD in inventory from the Seagen acquisition requires consideration for subsequent valuation adjustments.
  - Claim type: Risk-cue or assertion-mapping
  - Support used: F-PFE-0037
  - Inferential bridge: Inventory acquired in a business combination is initially recorded at fair value; there is a risk that the carrying value may exceed the net realizable value in subsequent periods.
  - Limitation: Missing the initial fair value assessment documentation and any subsequent impairment testing performed on the Seagen inventory."
C054,5,PFE,Pfizer Inc.,bounded_extension,inventory,xbrl,XBRL-based relational retrieval,gemma4:31b,gemma4_31b_extension,data/processed/llm_outputs/gemma4_31b_extension/text/pfe_inventory_xbrl_output.txt,data/processed/retrieval_contexts/pfe_inventory_xbrl_context.txt,data/processed/prompts/pfe_inventory_xbrl_prompt.txt,"The reporting of finished goods ""Net of Reserves"" indicates a reliance on management estimates for inventory valuation.",Risk-cue or assertion-mapping,risk_or_assertion_mapping,F-PFE-0116,"The use of reserves to arrive at the net value of finished goods implies the application of management judgment to estimate obsolescence or slow-moving stock, which is a primary area of risk for the valuation assertion.",Missing the specific methodology used to calculate the reserves and the underlying inventory aging reports.,0,1,,F-PFE-0116,NA,Text support is not assessable in XBRL-only condition.,0.5,Claim cites retrieved XBRL facts or relation paths; inferential audit implications are not fully graph-valid by themselves.,1,Risk or assertion-mapping claim is qualified and states an inferential bridge.,NA,Integrated correctness is primarily assessed for hybrid retrieval in this demonstration.,none,1,preliminary_author_code,"- Claim: The reporting of finished goods ""Net of Reserves"" indicates a reliance on management estimates for inventory valuation.
  - Claim type: Risk-cue or assertion-mapping
  - Support used: F-PFE-0116
  - Inferential bridge: The use of reserves to arrive at the net value of finished goods implies the application of management judgment to estimate obsolescence or slow-moving stock, which is a primary area of risk for the valuation assertion.
  - Limitation: Missing the specific methodology used to calculate the reserves and the underlying inventory aging reports."
C055,1,PFE,Pfizer Inc.,bounded_extension,inventory,hybrid,Hybrid retrieval,gemma4:31b,gemma4_31b_extension,data/processed/llm_outputs/gemma4_31b_extension/text/pfe_inventory_hybrid_output.txt,data/processed/retrieval_contexts/pfe_inventory_hybrid_context.txt,data/processed/prompts/pfe_inventory_hybrid_prompt.txt,"Pfizer records inventories at the lower of cost or net realizable value, with the cost of finished goods, work in process, and raw materials determined using average actual cost.",Factual,factual,T-PFE-INVENTORY-011,,This claim is limited to the accounting policies disclosed in the provided text for the 2025 fiscal year.,1,0,T-PFE-INVENTORY-011,,1,Claim cites retrieved text; inferential claims receive partial text-support because audit implication is not directly stated.,NA,This hybrid claim does not cite an XBRL fact or path; graph validity is not separately assessed for this claim.,1,Factual claim is bounded by source or period limitations.,0.5,"Hybrid context is available, but this claim uses only one evidence layer or only partially reconciles layers.",integration failure,1,preliminary_author_code,"- Claim: Pfizer records inventories at the lower of cost or net realizable value, with the cost of finished goods, work in process, and raw materials determined using average actual cost.
  - Claim type: Factual
  - Support used: T-PFE-INVENTORY-011
  - Limitation: This claim is limited to the accounting policies disclosed in the provided text for the 2025 fiscal year."
C056,2,PFE,Pfizer Inc.,bounded_extension,inventory,hybrid,Hybrid retrieval,gemma4:31b,gemma4_31b_extension,data/processed/llm_outputs/gemma4_31b_extension/text/pfe_inventory_hybrid_output.txt,data/processed/retrieval_contexts/pfe_inventory_hybrid_context.txt,data/processed/prompts/pfe_inventory_hybrid_prompt.txt,"In 2023, Biopharma earnings included approximately $6.2 billion of inventory write-offs and related charges to Cost of sales, primarily due to lower-than-expected demand for COVID-19 products.",Factual,factual,T-PFE-REVENUE_INVENTORY-035,,This is a historical measurement for the 2023 period and does not provide the specific write-off amounts for the 2025 fiscal year.,1,0,T-PFE-REVENUE_INVENTORY-035,,1,Claim cites retrieved text; inferential claims receive partial text-support because audit implication is not directly stated.,NA,This hybrid claim does not cite an XBRL fact or path; graph validity is not separately assessed for this claim.,1,Factual claim is bounded by source or period limitations.,0.5,"Hybrid context is available, but this claim uses only one evidence layer or only partially reconciles layers.",integration failure,1,preliminary_author_code,"- Claim: In 2023, Biopharma earnings included approximately $6.2 billion of inventory write-offs and related charges to Cost of sales, primarily due to lower-than-expected demand for COVID-19 products.
  - Claim type: Factual
  - Support used: T-PFE-REVENUE_INVENTORY-035
  - Limitation: This is a historical measurement for the 2023 period and does not provide the specific write-off amounts for the 2025 fiscal year."
C057,3,PFE,Pfizer Inc.,bounded_extension,inventory,hybrid,Hybrid retrieval,gemma4:31b,gemma4_31b_extension,data/processed/llm_outputs/gemma4_31b_extension/text/pfe_inventory_hybrid_output.txt,data/processed/retrieval_contexts/pfe_inventory_hybrid_context.txt,data/processed/prompts/pfe_inventory_hybrid_prompt.txt,"The occurrence of significant historical inventory write-offs (e.g., $6.2 billion in 2023) and non-cash favorable product return adjustments ($771 million in 2024) suggests a risk regarding the valuation assertion for inventory.",Risk-cue or assertion-mapping,risk_or_assertion_mapping,"T-PFE-REVENUE_INVENTORY-035, F-PFE-0134","Large-scale write-offs driven by demand volatility (specifically for COVID-19 products) and adjustments for returned inventory indicate that the ""lower of cost or net realizable value"" estimate is highly sensitive to demand forecasts, increasing the risk of valuation errors.","Missing current 2025 demand forecasts and the specific methodology used to calculate the ""net realizable value"" for current inventory.",1,1,T-PFE-REVENUE_INVENTORY-035,F-PFE-0134,0.5,Claim cites retrieved text; inferential claims receive partial text-support because audit implication is not directly stated.,0.5,Claim cites retrieved XBRL facts or relation paths; inferential audit implications are not fully graph-valid by themselves.,1,Risk or assertion-mapping claim is qualified and states an inferential bridge.,1,"Claim integrates text, XBRL, and qualified audit reasoning.",none,1,preliminary_author_code,"- Claim: The occurrence of significant historical inventory write-offs (e.g., $6.2 billion in 2023) and non-cash favorable product return adjustments ($771 million in 2024) suggests a risk regarding the valuation assertion for inventory.
  - Claim type: Risk-cue or assertion-mapping
  - Support used: T-PFE-REVENUE_INVENTORY-035, F-PFE-0134
  - Inferential bridge: Large-scale write-offs driven by demand volatility (specifically for COVID-19 products) and adjustments for returned inventory indicate that the ""lower of cost or net realizable value"" estimate is highly sensitive to demand forecasts, increasing the risk of valuation errors.
  - Limitation: Missing current 2025 demand forecasts and the specific methodology used to calculate the ""net realizable value"" for current inventory."
C058,4,PFE,Pfizer Inc.,bounded_extension,inventory,hybrid,Hybrid retrieval,gemma4:31b,gemma4_31b_extension,data/processed/llm_outputs/gemma4_31b_extension/text/pfe_inventory_hybrid_output.txt,data/processed/retrieval_contexts/pfe_inventory_hybrid_context.txt,data/processed/prompts/pfe_inventory_hybrid_prompt.txt,"The policy of classifying inventories not expected to be sold within 12 months as ""Other noncurrent assets"" presents a risk to the valuation and classification assertions.",Risk-cue or assertion-mapping,risk_or_assertion_mapping,T-PFE-INVENTORY-011,The determination of whether inventory will be sold within 12 months requires management judgment; an error in this estimate would result in a classification error and may indicate a failure to recognize a necessary impairment (valuation).,Missing the internal control details or specific criteria used by management to determine the expected sale timeline for noncurrent inventory.,1,0,T-PFE-INVENTORY-011,,0.5,Claim cites retrieved text; inferential claims receive partial text-support because audit implication is not directly stated.,NA,This hybrid claim does not cite an XBRL fact or path; graph validity is not separately assessed for this claim.,1,Risk or assertion-mapping claim is qualified and states an inferential bridge.,0.5,"Hybrid context is available, but this claim uses only one evidence layer or only partially reconciles layers.",integration failure,1,preliminary_author_code,"- Claim: The policy of classifying inventories not expected to be sold within 12 months as ""Other noncurrent assets"" presents a risk to the valuation and classification assertions.
  - Claim type: Risk-cue or assertion-mapping
  - Support used: T-PFE-INVENTORY-011
  - Inferential bridge: The determination of whether inventory will be sold within 12 months requires management judgment; an error in this estimate would result in a classification error and may indicate a failure to recognize a necessary impairment (valuation).
  - Limitation: Missing the internal control details or specific criteria used by management to determine the expected sale timeline for noncurrent inventory."
C059,5,PFE,Pfizer Inc.,bounded_extension,inventory,hybrid,Hybrid retrieval,gemma4:31b,gemma4_31b_extension,data/processed/llm_outputs/gemma4_31b_extension/text/pfe_inventory_hybrid_output.txt,data/processed/retrieval_contexts/pfe_inventory_hybrid_context.txt,data/processed/prompts/pfe_inventory_hybrid_prompt.txt,"As of 2023-12-14, Pfizer recognized $3.273 billion in inventory from the Seagen acquisition, comprising $1.1 billion in current inventory and $2.1 billion in noncurrent inventory.",Factual,factual,"F-PFE-0037, F-PFE-0038, F-PFE-0039",,This is a point-in-time measurement at the date of acquisition and does not reflect subsequent valuation adjustments or depreciation/write-downs through the 2025 period.,0,1,,F-PFE-0037; F-PFE-0038; F-PFE-0039,0,Support statement does not cite retrieved text.,1,Claim cites retrieved XBRL facts or relation paths; inferential audit implications are not fully graph-valid by themselves.,1,Factual claim is bounded by source or period limitations.,0.5,"Hybrid context is available, but this claim uses only one evidence layer or only partially reconciles layers.",integration failure,1,preliminary_author_code,"- Claim: As of 2023-12-14, Pfizer recognized $3.273 billion in inventory from the Seagen acquisition, comprising $1.1 billion in current inventory and $2.1 billion in noncurrent inventory.
  - Claim type: Factual
  - Support used: F-PFE-0037, F-PFE-0038, F-PFE-0039
  - Limitation: This is a point-in-time measurement at the date of acquisition and does not reflect subsequent valuation adjustments or depreciation/write-downs through the 2025 period."
C060,1,MSFT,Microsoft Corp.,bounded_extension,revenue,text,Text-based contextual retrieval,gemma4:31b,gemma4_31b_extension,data/processed/llm_outputs/gemma4_31b_extension/text/msft_revenue_text_output.txt,data/processed/retrieval_contexts/msft_revenue_text_context.txt,data/processed/prompts/msft_revenue_text_prompt.txt,"Revenue for Microsoft 365 Commercial products and cloud services increased by $10.8 billion, or 14%.",Factual,factual,[Text Chunk 4],,This measurement is limited to the specific reporting period and figures provided in the source file (msft-20250630.htm).,1,0,Text Chunk 4,,1,Claim cites retrieved text; inferential claims receive partial text-support because audit implication is not directly stated.,NA,Graph validity is not assessable in text-only condition.,1,Factual claim is bounded by source or period limitations.,NA,Integrated correctness is primarily assessed for hybrid retrieval in this demonstration.,none,1,preliminary_author_code,"- Claim: Revenue for Microsoft 365 Commercial products and cloud services increased by $10.8 billion, or 14%.
  - Claim type: Factual
  - Support used: [Text Chunk 4]
  - Limitation: This measurement is limited to the specific reporting period and figures provided in the source file (msft-20250630.htm)."
C061,2,MSFT,Microsoft Corp.,bounded_extension,revenue,text,Text-based contextual retrieval,gemma4:31b,gemma4_31b_extension,data/processed/llm_outputs/gemma4_31b_extension/text/msft_revenue_text_output.txt,data/processed/retrieval_contexts/msft_revenue_text_context.txt,data/processed/prompts/msft_revenue_text_prompt.txt,"The determination of standalone selling price (SSP), variable consideration, and the nature and timing of satisfaction of performance obligations relies on management estimates and assumptions.",Risk-cue or assertion-mapping,risk_or_assertion_mapping,[Text Chunk 1],"Because these elements are based on subjective management estimates rather than fixed values, there is an inherent risk regarding the Accuracy and Valuation assertions of recognized revenue.",The provided context lacks detail on the specific controls or validation methodologies used to verify the reasonableness of these estimates.,1,0,Text Chunk 1,,0.5,Claim cites retrieved text; inferential claims receive partial text-support because audit implication is not directly stated.,NA,Graph validity is not assessable in text-only condition.,1,Risk or assertion-mapping claim is qualified and states an inferential bridge.,NA,Integrated correctness is primarily assessed for hybrid retrieval in this demonstration.,none,1,preliminary_author_code,"- Claim: The determination of standalone selling price (SSP), variable consideration, and the nature and timing of satisfaction of performance obligations relies on management estimates and assumptions.
  - Claim type: Risk-cue or assertion-mapping
  - Support used: [Text Chunk 1]
  - Inferential bridge: Because these elements are based on subjective management estimates rather than fixed values, there is an inherent risk regarding the Accuracy and Valuation assertions of recognized revenue.
  - Limitation: The provided context lacks detail on the specific controls or validation methodologies used to verify the reasonableness of these estimates."
C062,3,MSFT,Microsoft Corp.,bounded_extension,revenue,text,Text-based contextual retrieval,gemma4:31b,gemma4_31b_extension,data/processed/llm_outputs/gemma4_31b_extension/text/msft_revenue_text_output.txt,data/processed/retrieval_contexts/msft_revenue_text_context.txt,data/processed/prompts/msft_revenue_text_prompt.txt,"Revenue for multi-year on-premises licenses is recognized upfront, while invoicing for these licenses generally occurs annually.",Risk-cue or assertion-mapping,risk_or_assertion_mapping,"[Text Chunk 2], [Text Chunk 3]",The discrepancy between the timing of revenue recognition (upfront) and the timing of cash collection/invoicing (annual) creates a risk related to the Cut-off and Existence assertions for the associated receivables.,"There is no provided evidence regarding the process for verifying the ""unconditional right to invoice"" required to record the receivable.",1,0,Text Chunk 2; Text Chunk 3,,0.5,Claim cites retrieved text; inferential claims receive partial text-support because audit implication is not directly stated.,NA,Graph validity is not assessable in text-only condition.,1,Risk or assertion-mapping claim is qualified and states an inferential bridge.,NA,Integrated correctness is primarily assessed for hybrid retrieval in this demonstration.,none,1,preliminary_author_code,"- Claim: Revenue for multi-year on-premises licenses is recognized upfront, while invoicing for these licenses generally occurs annually.
  - Claim type: Risk-cue or assertion-mapping
  - Support used: [Text Chunk 2], [Text Chunk 3]
  - Inferential bridge: The discrepancy between the timing of revenue recognition (upfront) and the timing of cash collection/invoicing (annual) creates a risk related to the Cut-off and Existence assertions for the associated receivables.
  - Limitation: There is no provided evidence regarding the process for verifying the ""unconditional right to invoice"" required to record the receivable."
C063,4,MSFT,Microsoft Corp.,bounded_extension,revenue,text,Text-based contextual retrieval,gemma4:31b,gemma4_31b_extension,data/processed/llm_outputs/gemma4_31b_extension/text/msft_revenue_text_output.txt,data/processed/retrieval_contexts/msft_revenue_text_context.txt,data/processed/prompts/msft_revenue_text_prompt.txt,"Unearned revenue related to volume licensing programs, including cloud services and Software Assurance, is recognized ratably over the coverage period.",Risk-cue or assertion-mapping,risk_or_assertion_mapping,[Text Chunk 5],"The requirement to spread revenue ratably over a multi-year period requires precise tracking of service periods, posing a risk to the Cut-off and Accuracy assertions.",The context does not provide information on the systems or controls used to track the start and end dates of coverage periods for ratable recognition.,1,0,Text Chunk 5,,0.5,Claim cites retrieved text; inferential claims receive partial text-support because audit implication is not directly stated.,NA,Graph validity is not assessable in text-only condition.,1,Risk or assertion-mapping claim is qualified and states an inferential bridge.,NA,Integrated correctness is primarily assessed for hybrid retrieval in this demonstration.,none,1,preliminary_author_code,"- Claim: Unearned revenue related to volume licensing programs, including cloud services and Software Assurance, is recognized ratably over the coverage period.
  - Claim type: Risk-cue or assertion-mapping
  - Support used: [Text Chunk 5]
  - Inferential bridge: The requirement to spread revenue ratably over a multi-year period requires precise tracking of service periods, posing a risk to the Cut-off and Accuracy assertions.
  - Limitation: The context does not provide information on the systems or controls used to track the start and end dates of coverage periods for ratable recognition."
C064,5,MSFT,Microsoft Corp.,bounded_extension,revenue,text,Text-based contextual retrieval,gemma4:31b,gemma4_31b_extension,data/processed/llm_outputs/gemma4_31b_extension/text/msft_revenue_text_output.txt,data/processed/retrieval_contexts/msft_revenue_text_context.txt,data/processed/prompts/msft_revenue_text_prompt.txt,"Microsoft records a receivable when revenue is recognized prior to invoicing, and records unearned revenue when revenue is recognized subsequent to invoicing.",Factual,factual,[Text Chunk 2],,This claim is limited to the descriptive accounting policy provided in the text and does not include the actual account balances for the period ended 2025-06-30.,1,0,Text Chunk 2,,1,Claim cites retrieved text; inferential claims receive partial text-support because audit implication is not directly stated.,NA,Graph validity is not assessable in text-only condition.,1,Factual claim is bounded by source or period limitations.,NA,Integrated correctness is primarily assessed for hybrid retrieval in this demonstration.,none,1,preliminary_author_code,"- Claim: Microsoft records a receivable when revenue is recognized prior to invoicing, and records unearned revenue when revenue is recognized subsequent to invoicing.
  - Claim type: Factual
  - Support used: [Text Chunk 2]
  - Limitation: This claim is limited to the descriptive accounting policy provided in the text and does not include the actual account balances for the period ended 2025-06-30."
C065,1,MSFT,Microsoft Corp.,bounded_extension,revenue,xbrl,XBRL-based relational retrieval,gemma4:31b,gemma4_31b_extension,data/processed/llm_outputs/gemma4_31b_extension/text/msft_revenue_xbrl_output.txt,data/processed/retrieval_contexts/msft_revenue_xbrl_context.txt,data/processed/prompts/msft_revenue_xbrl_prompt.txt,"As of 2025-06-30, the current contract liability was 64,555,000,000 USD.",Factual,factual,F-MSFT-0028,,This claim is limited to the specific point-in-time measurement provided for the period ended 2025-06-30.,0,1,,F-MSFT-0028,NA,Text support is not assessable in XBRL-only condition.,1,Claim cites retrieved XBRL facts or relation paths; inferential audit implications are not fully graph-valid by themselves.,1,Factual claim is bounded by source or period limitations.,NA,Integrated correctness is primarily assessed for hybrid retrieval in this demonstration.,none,1,preliminary_author_code,"- Claim: As of 2025-06-30, the current contract liability was 64,555,000,000 USD.
  - Claim type: Factual
  - Support used: F-MSFT-0028
  - Limitation: This claim is limited to the specific point-in-time measurement provided for the period ended 2025-06-30."
C066,2,MSFT,Microsoft Corp.,bounded_extension,revenue,xbrl,XBRL-based relational retrieval,gemma4:31b,gemma4_31b_extension,data/processed/llm_outputs/gemma4_31b_extension/text/msft_revenue_xbrl_output.txt,data/processed/retrieval_contexts/msft_revenue_xbrl_context.txt,data/processed/prompts/msft_revenue_xbrl_prompt.txt,"As of 2025-06-30, the noncurrent contract liability was 2,710,000,000 USD.",Factual,factual,F-MSFT-0030,,This claim is limited to the specific point-in-time measurement provided for the period ended 2025-06-30.,0,1,,F-MSFT-0030,NA,Text support is not assessable in XBRL-only condition.,1,Claim cites retrieved XBRL facts or relation paths; inferential audit implications are not fully graph-valid by themselves.,1,Factual claim is bounded by source or period limitations.,NA,Integrated correctness is primarily assessed for hybrid retrieval in this demonstration.,none,1,preliminary_author_code,"- Claim: As of 2025-06-30, the noncurrent contract liability was 2,710,000,000 USD.
  - Claim type: Factual
  - Support used: F-MSFT-0030
  - Limitation: This claim is limited to the specific point-in-time measurement provided for the period ended 2025-06-30."
C067,3,MSFT,Microsoft Corp.,bounded_extension,revenue,xbrl,XBRL-based relational retrieval,gemma4:31b,gemma4_31b_extension,data/processed/llm_outputs/gemma4_31b_extension/text/msft_revenue_xbrl_output.txt,data/processed/retrieval_contexts/msft_revenue_xbrl_context.txt,data/processed/prompts/msft_revenue_xbrl_prompt.txt,"The recognition of 179,876,000,000 USD in revenue from contract liabilities during the period 2024-07-01 to 2025-06-30 presents a risk cue regarding the accuracy and cut-off assertions for revenue.",Risk-cue or assertion-mapping,risk_or_assertion_mapping,F-MSFT-0067,"The high magnitude of revenue transitioned from contract liabilities to recognized revenue indicates a significant volume of performance obligations being satisfied, which increases the risk of timing errors in revenue recognition.",Missing detailed control descriptions regarding the triggers used to move amounts from contract liabilities to recognized revenue.,0,1,,F-MSFT-0067,NA,Text support is not assessable in XBRL-only condition.,0.5,Claim cites retrieved XBRL facts or relation paths; inferential audit implications are not fully graph-valid by themselves.,1,Risk or assertion-mapping claim is qualified and states an inferential bridge.,NA,Integrated correctness is primarily assessed for hybrid retrieval in this demonstration.,none,1,preliminary_author_code,"- Claim: The recognition of 179,876,000,000 USD in revenue from contract liabilities during the period 2024-07-01 to 2025-06-30 presents a risk cue regarding the accuracy and cut-off assertions for revenue.
  - Claim type: Risk-cue or assertion-mapping
  - Support used: F-MSFT-0067
  - Inferential bridge: The high magnitude of revenue transitioned from contract liabilities to recognized revenue indicates a significant volume of performance obligations being satisfied, which increases the risk of timing errors in revenue recognition.
  - Limitation: Missing detailed control descriptions regarding the triggers used to move amounts from contract liabilities to recognized revenue."
C068,4,MSFT,Microsoft Corp.,bounded_extension,revenue,xbrl,XBRL-based relational retrieval,gemma4:31b,gemma4_31b_extension,data/processed/llm_outputs/gemma4_31b_extension/text/msft_revenue_xbrl_output.txt,data/processed/retrieval_contexts/msft_revenue_xbrl_context.txt,data/processed/prompts/msft_revenue_xbrl_prompt.txt,"The allocation of contract liabilities across the Productivity and Business Processes, Intelligent Cloud, and More Personal Computing segments (as of 2024-06-30) suggests a risk cue regarding the consistent application of revenue recognition assertions across diverse business models.",Risk-cue or assertion-mapping,risk_or_assertion_mapping,"F-MSFT-0057, F-MSFT-0059, F-MSFT-0061","The existence of substantial liabilities across three distinct business segments implies different types of performance obligations and delivery schedules, increasing the complexity of ensuring revenue is recognized in the correct period for each segment.",Missing the specific revenue recognition policies and criteria applicable to each individual business segment.,0,1,,F-MSFT-0057; F-MSFT-0059; F-MSFT-0061,NA,Text support is not assessable in XBRL-only condition.,0.5,Claim cites retrieved XBRL facts or relation paths; inferential audit implications are not fully graph-valid by themselves.,1,Risk or assertion-mapping claim is qualified and states an inferential bridge.,NA,Integrated correctness is primarily assessed for hybrid retrieval in this demonstration.,none,1,preliminary_author_code,"- Claim: The allocation of contract liabilities across the Productivity and Business Processes, Intelligent Cloud, and More Personal Computing segments (as of 2024-06-30) suggests a risk cue regarding the consistent application of revenue recognition assertions across diverse business models.
  - Claim type: Risk-cue or assertion-mapping
  - Support used: F-MSFT-0057, F-MSFT-0059, F-MSFT-0061
  - Inferential bridge: The existence of substantial liabilities across three distinct business segments implies different types of performance obligations and delivery schedules, increasing the complexity of ensuring revenue is recognized in the correct period for each segment.
  - Limitation: Missing the specific revenue recognition policies and criteria applicable to each individual business segment."
C069,1,MSFT,Microsoft Corp.,bounded_extension,revenue,hybrid,Hybrid retrieval,gemma4:31b,gemma4_31b_extension,data/processed/llm_outputs/gemma4_31b_extension/text/msft_revenue_hybrid_output.txt,data/processed/retrieval_contexts/msft_revenue_hybrid_context.txt,data/processed/prompts/msft_revenue_hybrid_prompt.txt,"As of 2025-06-30, the current contract liability was $64,555,000,000.",Factual,factual,F-MSFT-0028,,This is a point-in-time measurement based on XBRL data for the specific date of 2025-06-30.,0,1,,F-MSFT-0028,0,Support statement does not cite retrieved text.,1,Claim cites retrieved XBRL facts or relation paths; inferential audit implications are not fully graph-valid by themselves.,1,Factual claim is bounded by source or period limitations.,0.5,"Hybrid context is available, but this claim uses only one evidence layer or only partially reconciles layers.",integration failure,1,preliminary_author_code,"- Claim: As of 2025-06-30, the current contract liability was $64,555,000,000.
  - Claim type: Factual
  - Support used: F-MSFT-0028
  - Limitation: This is a point-in-time measurement based on XBRL data for the specific date of 2025-06-30."
C070,2,MSFT,Microsoft Corp.,bounded_extension,revenue,hybrid,Hybrid retrieval,gemma4:31b,gemma4_31b_extension,data/processed/llm_outputs/gemma4_31b_extension/text/msft_revenue_hybrid_output.txt,data/processed/retrieval_contexts/msft_revenue_hybrid_context.txt,data/processed/prompts/msft_revenue_hybrid_prompt.txt,"Management utilizes estimates and assumptions to determine the standalone selling price (SSP) of performance obligations, variable consideration, and the nature and timing of the satisfaction of performance obligations.",Factual,factual,T-MSFT-REVENUE-089,,This claim is based on management's qualitative description of their financial statement preparation process in the provided text.,1,0,T-MSFT-REVENUE-089,,1,Claim cites retrieved text; inferential claims receive partial text-support because audit implication is not directly stated.,NA,This hybrid claim does not cite an XBRL fact or path; graph validity is not separately assessed for this claim.,1,Factual claim is bounded by source or period limitations.,0.5,"Hybrid context is available, but this claim uses only one evidence layer or only partially reconciles layers.",integration failure,1,preliminary_author_code,"- Claim: Management utilizes estimates and assumptions to determine the standalone selling price (SSP) of performance obligations, variable consideration, and the nature and timing of the satisfaction of performance obligations.
  - Claim type: Factual
  - Support used: T-MSFT-REVENUE-089
  - Limitation: This claim is based on management's qualitative description of their financial statement preparation process in the provided text."
C071,3,MSFT,Microsoft Corp.,bounded_extension,revenue,hybrid,Hybrid retrieval,gemma4:31b,gemma4_31b_extension,data/processed/llm_outputs/gemma4_31b_extension/text/msft_revenue_hybrid_output.txt,data/processed/retrieval_contexts/msft_revenue_hybrid_context.txt,data/processed/prompts/msft_revenue_hybrid_prompt.txt,The reliance on management estimates for determining the standalone selling price (SSP) and the timing of satisfaction of performance obligations creates a risk related to the Accuracy and Cut-off assertions for revenue.,Risk-cue or assertion-mapping,risk_or_assertion_mapping,T-MSFT-REVENUE-089,"Because the reported revenue amounts and timing are dependent on subjective estimates rather than purely objective triggers, there is a risk that revenue is recorded in the incorrect period or at an incorrect value.",The provided context does not include the specific controls or validation procedures used to verify the accuracy of the SSP calculations.,1,0,T-MSFT-REVENUE-089,,0.5,Claim cites retrieved text; inferential claims receive partial text-support because audit implication is not directly stated.,NA,This hybrid claim does not cite an XBRL fact or path; graph validity is not separately assessed for this claim.,1,Risk or assertion-mapping claim is qualified and states an inferential bridge.,0.5,"Hybrid context is available, but this claim uses only one evidence layer or only partially reconciles layers.",integration failure,1,preliminary_author_code,"- Claim: The reliance on management estimates for determining the standalone selling price (SSP) and the timing of satisfaction of performance obligations creates a risk related to the Accuracy and Cut-off assertions for revenue.
  - Claim type: Risk-cue or assertion-mapping
  - Support used: T-MSFT-REVENUE-089
  - Inferential bridge: Because the reported revenue amounts and timing are dependent on subjective estimates rather than purely objective triggers, there is a risk that revenue is recorded in the incorrect period or at an incorrect value.
  - Limitation: The provided context does not include the specific controls or validation procedures used to verify the accuracy of the SSP calculations."
C072,4,MSFT,Microsoft Corp.,bounded_extension,revenue,hybrid,Hybrid retrieval,gemma4:31b,gemma4_31b_extension,data/processed/llm_outputs/gemma4_31b_extension/text/msft_revenue_hybrid_output.txt,data/processed/retrieval_contexts/msft_revenue_hybrid_context.txt,data/processed/prompts/msft_revenue_hybrid_prompt.txt,"The practice of decoupling the timing of revenue recognition from the timing of invoicing (e.g., recording receivables for multi-year licenses or unearned revenue for subscriptions) creates a risk related to the Occurrence and Cut-off assertions.",Risk-cue or assertion-mapping,risk_or_assertion_mapping,"T-MSFT-REVENUE-102, T-MSFT-REVENUE-105","When revenue is recognized without a corresponding contemporaneous invoice (or vice versa), there is an increased risk that revenue is recognized before the performance obligation is actually satisfied or that the revenue is recorded in the wrong fiscal period.",The context lacks information regarding the reconciliation process between the invoicing system and the revenue recognition ledger.,1,0,T-MSFT-REVENUE-102; T-MSFT-REVENUE-105,,0.5,Claim cites retrieved text; inferential claims receive partial text-support because audit implication is not directly stated.,NA,This hybrid claim does not cite an XBRL fact or path; graph validity is not separately assessed for this claim.,1,Risk or assertion-mapping claim is qualified and states an inferential bridge.,0.5,"Hybrid context is available, but this claim uses only one evidence layer or only partially reconciles layers.",integration failure,1,preliminary_author_code,"- Claim: The practice of decoupling the timing of revenue recognition from the timing of invoicing (e.g., recording receivables for multi-year licenses or unearned revenue for subscriptions) creates a risk related to the Occurrence and Cut-off assertions.
  - Claim type: Risk-cue or assertion-mapping
  - Support used: T-MSFT-REVENUE-102, T-MSFT-REVENUE-105
  - Inferential bridge: When revenue is recognized without a corresponding contemporaneous invoice (or vice versa), there is an increased risk that revenue is recognized before the performance obligation is actually satisfied or that the revenue is recorded in the wrong fiscal period.
  - Limitation: The context lacks information regarding the reconciliation process between the invoicing system and the revenue recognition ledger."
C073,5,MSFT,Microsoft Corp.,bounded_extension,revenue,hybrid,Hybrid retrieval,gemma4:31b,gemma4_31b_extension,data/processed/llm_outputs/gemma4_31b_extension/text/msft_revenue_hybrid_output.txt,data/processed/retrieval_contexts/msft_revenue_hybrid_context.txt,data/processed/prompts/msft_revenue_hybrid_prompt.txt,Management's judgment that contracts generally do not include a significant financing component creates a risk related to the Accuracy assertion of revenue measurement.,Risk-cue or assertion-mapping,risk_or_assertion_mapping,T-MSFT-REVENUE-105,"If the determination that no significant financing component exists is incorrect, the transaction price would need to be adjusted for the time value of money, meaning the currently reported revenue amount would be inaccurate.",The provided context does not specify the quantitative thresholds or the specific policy criteria used to determine the absence of a significant financing component.,1,0,T-MSFT-REVENUE-105,,0.5,Claim cites retrieved text; inferential claims receive partial text-support because audit implication is not directly stated.,NA,This hybrid claim does not cite an XBRL fact or path; graph validity is not separately assessed for this claim.,1,Risk or assertion-mapping claim is qualified and states an inferential bridge.,0.5,"Hybrid context is available, but this claim uses only one evidence layer or only partially reconciles layers.",integration failure,1,preliminary_author_code,"- Claim: Management's judgment that contracts generally do not include a significant financing component creates a risk related to the Accuracy assertion of revenue measurement.
  - Claim type: Risk-cue or assertion-mapping
  - Support used: T-MSFT-REVENUE-105
  - Inferential bridge: If the determination that no significant financing component exists is incorrect, the transaction price would need to be adjusted for the time value of money, meaning the currently reported revenue amount would be inaccurate.
  - Limitation: The provided context does not specify the quantitative thresholds or the specific policy criteria used to determine the absence of a significant financing component."
C074,1,CROX,"Crocs, Inc.",bounded_extension,inventory,text,Text-based contextual retrieval,gemma4:31b,gemma4_31b_extension,data/processed/llm_outputs/gemma4_31b_extension/text/crox_inventory_text_output.txt,data/processed/retrieval_contexts/crox_inventory_text_context.txt,data/processed/prompts/crox_inventory_text_prompt.txt,Inventories consist of finished goods and are valued at the lower of cost or net realizable value (NRV) using the first-in-first-out (FIFO) costing method.,Factual,factual,[Text Chunk 1],,This claim is limited to the accounting policies disclosed in the filing for the period ended 2025-12-31.,1,0,Text Chunk 1,,1,Claim cites retrieved text; inferential claims receive partial text-support because audit implication is not directly stated.,NA,Graph validity is not assessable in text-only condition.,1,Factual claim is bounded by source or period limitations.,NA,Integrated correctness is primarily assessed for hybrid retrieval in this demonstration.,none,1,preliminary_author_code,"- Claim: Inventories consist of finished goods and are valued at the lower of cost or net realizable value (NRV) using the first-in-first-out (FIFO) costing method.
  - Claim type: Factual
  - Support used: [Text Chunk 1]
  - Limitation: This claim is limited to the accounting policies disclosed in the filing for the period ended 2025-12-31."
C075,2,CROX,"Crocs, Inc.",bounded_extension,inventory,text,Text-based contextual retrieval,gemma4:31b,gemma4_31b_extension,data/processed/llm_outputs/gemma4_31b_extension/text/crox_inventory_text_output.txt,data/processed/retrieval_contexts/crox_inventory_text_context.txt,data/processed/prompts/crox_inventory_text_prompt.txt,"The valuation of inventory is subject to risk due to the reliance on management estimates regarding historical sales trends, market trends, economic conditions, and future demand forecasts.",Risk-cue / Assertion-mapping,risk_or_assertion_mapping,"[Text Chunk 1], [Text Chunk 3]","Because NRV is determined through subjective forecasts and external market analyses rather than fixed values, there is a risk that the carrying value of inventory may not accurately reflect its recoverable amount if these estimates are biased or inaccurate.",The provided context lacks detail on the specific internal controls or validation processes used to review the accuracy of the demand forecasts and market trend analyses.,1,0,Text Chunk 1; Text Chunk 3,,0.5,Claim cites retrieved text; inferential claims receive partial text-support because audit implication is not directly stated.,NA,Graph validity is not assessable in text-only condition.,1,Risk or assertion-mapping claim is qualified and states an inferential bridge.,NA,Integrated correctness is primarily assessed for hybrid retrieval in this demonstration.,none,1,preliminary_author_code,"- Claim: The valuation of inventory is subject to risk due to the reliance on management estimates regarding historical sales trends, market trends, economic conditions, and future demand forecasts.
  - Claim type: Risk-cue / Assertion-mapping
  - Support used: [Text Chunk 1], [Text Chunk 3]
  - Inferential bridge: Because NRV is determined through subjective forecasts and external market analyses rather than fixed values, there is a risk that the carrying value of inventory may not accurately reflect its recoverable amount if these estimates are biased or inaccurate.
  - Limitation: The provided context lacks detail on the specific internal controls or validation processes used to review the accuracy of the demand forecasts and market trend analyses."
C076,3,CROX,"Crocs, Inc.",bounded_extension,inventory,text,Text-based contextual retrieval,gemma4:31b,gemma4_31b_extension,data/processed/llm_outputs/gemma4_31b_extension/text/crox_inventory_text_output.txt,data/processed/retrieval_contexts/crox_inventory_text_context.txt,data/processed/prompts/crox_inventory_text_prompt.txt,Competitive pricing pressures and the potential need to mark down prices to maintain customers may impact inventory valuation.,Risk-cue / Assertion-mapping,risk_or_assertion_mapping,[Text Chunk 5],"If competitors substantially lower prices, Crocs may be forced to reduce its own selling prices; if these reduced prices (minus costs to sell) fall below the carrying cost, a write-down to NRV is required.","The context does not provide data on the current volume of inventory held in ""end-of-life"" status or the specific pricing delta between Crocs and its competitors.",1,0,Text Chunk 5,,0.5,Claim cites retrieved text; inferential claims receive partial text-support because audit implication is not directly stated.,NA,Graph validity is not assessable in text-only condition.,1,Risk or assertion-mapping claim is qualified and states an inferential bridge.,NA,Integrated correctness is primarily assessed for hybrid retrieval in this demonstration.,none,1,preliminary_author_code,"- Claim: Competitive pricing pressures and the potential need to mark down prices to maintain customers may impact inventory valuation.
  - Claim type: Risk-cue / Assertion-mapping
  - Support used: [Text Chunk 5]
  - Inferential bridge: If competitors substantially lower prices, Crocs may be forced to reduce its own selling prices; if these reduced prices (minus costs to sell) fall below the carrying cost, a write-down to NRV is required.
  - Limitation: The context does not provide data on the current volume of inventory held in ""end-of-life"" status or the specific pricing delta between Crocs and its competitors."
C077,4,CROX,"Crocs, Inc.",bounded_extension,inventory,text,Text-based contextual retrieval,gemma4:31b,gemma4_31b_extension,data/processed/llm_outputs/gemma4_31b_extension/text/crox_inventory_text_output.txt,data/processed/retrieval_contexts/crox_inventory_text_context.txt,data/processed/prompts/crox_inventory_text_prompt.txt,"Supply chain constraints, raw material shortages, and increased freight and material costs may influence the cost basis of inventory.",Risk-cue / Assertion-mapping,risk_or_assertion_mapping,"[Text Chunk 5], [Text Chunk 2], [Text Chunk 4]","Increased input costs (e.g., duties, freight, and raw materials) increase the carrying value of inventory; if these costs cannot be passed to consumers via price increases, the gap between cost and NRV may widen, increasing the risk of valuation impairment.",The context does not provide the specific magnitude of raw material cost increases relative to the current retail price points of the finished goods.,1,0,Text Chunk 2; Text Chunk 4; Text Chunk 5,,0.5,Claim cites retrieved text; inferential claims receive partial text-support because audit implication is not directly stated.,NA,Graph validity is not assessable in text-only condition.,1,Risk or assertion-mapping claim is qualified and states an inferential bridge.,NA,Integrated correctness is primarily assessed for hybrid retrieval in this demonstration.,none,1,preliminary_author_code,"- Claim: Supply chain constraints, raw material shortages, and increased freight and material costs may influence the cost basis of inventory.
  - Claim type: Risk-cue / Assertion-mapping
  - Support used: [Text Chunk 5], [Text Chunk 2], [Text Chunk 4]
  - Inferential bridge: Increased input costs (e.g., duties, freight, and raw materials) increase the carrying value of inventory; if these costs cannot be passed to consumers via price increases, the gap between cost and NRV may widen, increasing the risk of valuation impairment.
  - Limitation: The context does not provide the specific magnitude of raw material cost increases relative to the current retail price points of the finished goods."
C078,5,CROX,"Crocs, Inc.",bounded_extension,inventory,text,Text-based contextual retrieval,gemma4:31b,gemma4_31b_extension,data/processed/llm_outputs/gemma4_31b_extension/text/crox_inventory_text_output.txt,data/processed/retrieval_contexts/crox_inventory_text_context.txt,data/processed/prompts/crox_inventory_text_prompt.txt,"Consolidated gross margin decreased from 58.8% in 2024 to 58.3% in 2025, driven primarily by incremental duties and higher freight and fulfillment costs.",Factual,factual,[Text Chunk 2],,This is a high-level percentage measurement and does not provide the absolute dollar value of inventory or a granular breakdown of costs per product line.,1,0,Text Chunk 2,,1,Claim cites retrieved text; inferential claims receive partial text-support because audit implication is not directly stated.,NA,Graph validity is not assessable in text-only condition.,1,Factual claim is bounded by source or period limitations.,NA,Integrated correctness is primarily assessed for hybrid retrieval in this demonstration.,none,1,preliminary_author_code,"- Claim: Consolidated gross margin decreased from 58.8% in 2024 to 58.3% in 2025, driven primarily by incremental duties and higher freight and fulfillment costs.
  - Claim type: Factual
  - Support used: [Text Chunk 2]
  - Limitation: This is a high-level percentage measurement and does not provide the absolute dollar value of inventory or a granular breakdown of costs per product line."
C079,1,CROX,"Crocs, Inc.",bounded_extension,inventory,xbrl,XBRL-based relational retrieval,gemma4:31b,gemma4_31b_extension,data/processed/llm_outputs/gemma4_31b_extension/text/crox_inventory_xbrl_output.txt,data/processed/retrieval_contexts/crox_inventory_xbrl_context.txt,data/processed/prompts/crox_inventory_xbrl_prompt.txt,"As of 2025-12-31, the net inventory balance for Crocs, Inc. was 368,687,000 USD.",Factual,factual,F-CROX-0014,,This measurement is limited to the reported balance at the specific instant of 2025-12-31.,0,1,,F-CROX-0014,NA,Text support is not assessable in XBRL-only condition.,1,Claim cites retrieved XBRL facts or relation paths; inferential audit implications are not fully graph-valid by themselves.,1,Factual claim is bounded by source or period limitations.,NA,Integrated correctness is primarily assessed for hybrid retrieval in this demonstration.,none,1,preliminary_author_code,"- Claim: As of 2025-12-31, the net inventory balance for Crocs, Inc. was 368,687,000 USD.
  - Claim type: Factual
  - Support used: F-CROX-0014
  - Limitation: This measurement is limited to the reported balance at the specific instant of 2025-12-31."
C080,2,CROX,"Crocs, Inc.",bounded_extension,inventory,xbrl,XBRL-based relational retrieval,gemma4:31b,gemma4_31b_extension,data/processed/llm_outputs/gemma4_31b_extension/text/crox_inventory_xbrl_output.txt,data/processed/retrieval_contexts/crox_inventory_xbrl_context.txt,data/processed/prompts/crox_inventory_xbrl_prompt.txt,"For the period 2025-01-01 to 2025-12-31, Crocs, Inc. recorded an inventory write-down of 871,000 USD.",Factual,factual,F-CROX-0020,,This figure represents an aggregate annual amount and does not provide a monthly or quarterly breakdown.,0,1,,F-CROX-0020,NA,Text support is not assessable in XBRL-only condition.,1,Claim cites retrieved XBRL facts or relation paths; inferential audit implications are not fully graph-valid by themselves.,1,Factual claim is bounded by source or period limitations.,NA,Integrated correctness is primarily assessed for hybrid retrieval in this demonstration.,none,1,preliminary_author_code,"- Claim: For the period 2025-01-01 to 2025-12-31, Crocs, Inc. recorded an inventory write-down of 871,000 USD.
  - Claim type: Factual
  - Support used: F-CROX-0020
  - Limitation: This figure represents an aggregate annual amount and does not provide a monthly or quarterly breakdown."
C081,3,CROX,"Crocs, Inc.",bounded_extension,inventory,xbrl,XBRL-based relational retrieval,gemma4:31b,gemma4_31b_extension,data/processed/llm_outputs/gemma4_31b_extension/text/crox_inventory_xbrl_output.txt,data/processed/retrieval_contexts/crox_inventory_xbrl_context.txt,data/processed/prompts/crox_inventory_xbrl_prompt.txt,"The company has recorded inventory write-downs for three consecutive years (2023: 2,078,000 USD; 2024: 812,000 USD; 2025: 871,000 USD).",Risk-cue or assertion-mapping,risk_or_assertion_mapping,"F-CROX-0022, F-CROX-0021, F-CROX-0020","The recurring recognition of write-downs across multiple periods indicates a persistent risk that inventory may become obsolete or fall below net realizable value, necessitating a focus on the valuation assertion.","Missing the specific underlying causes for these write-downs (e.g., product obsolescence, damage, or pricing changes) and the internal controls used to trigger these adjustments.",0,1,,F-CROX-0020; F-CROX-0021; F-CROX-0022,NA,Text support is not assessable in XBRL-only condition.,0.5,Claim cites retrieved XBRL facts or relation paths; inferential audit implications are not fully graph-valid by themselves.,1,Risk or assertion-mapping claim is qualified and states an inferential bridge.,NA,Integrated correctness is primarily assessed for hybrid retrieval in this demonstration.,none,1,preliminary_author_code,"- Claim: The company has recorded inventory write-downs for three consecutive years (2023: 2,078,000 USD; 2024: 812,000 USD; 2025: 871,000 USD).
  - Claim type: Risk-cue or assertion-mapping
  - Support used: F-CROX-0022, F-CROX-0021, F-CROX-0020
  - Inferential bridge: The recurring recognition of write-downs across multiple periods indicates a persistent risk that inventory may become obsolete or fall below net realizable value, necessitating a focus on the valuation assertion.
  - Limitation: Missing the specific underlying causes for these write-downs (e.g., product obsolescence, damage, or pricing changes) and the internal controls used to trigger these adjustments."
C082,4,CROX,"Crocs, Inc.",bounded_extension,inventory,xbrl,XBRL-based relational retrieval,gemma4:31b,gemma4_31b_extension,data/processed/llm_outputs/gemma4_31b_extension/text/crox_inventory_xbrl_output.txt,data/processed/retrieval_contexts/crox_inventory_xbrl_context.txt,data/processed/prompts/crox_inventory_xbrl_prompt.txt,"InventoryNet increased from 356,254,000 USD at 2024-12-31 to 368,687,000 USD at 2025-12-31, while a write-down of 871,000 USD was recognized in 2025.",Risk-cue or assertion-mapping,risk_or_assertion_mapping,"F-CROX-0015, F-CROX-0014, F-CROX-0020",An increase in the total inventory asset base alongside the recognition of write-downs suggests a risk that the current write-down amount may not be sufficient to cover potential obsolescence within the larger inventory pool.,Missing inventory aging reports or inventory turnover ratios to determine if the increase in inventory is commensurate with sales volume.,0,1,,F-CROX-0014; F-CROX-0015; F-CROX-0020,NA,Text support is not assessable in XBRL-only condition.,0.5,Claim cites retrieved XBRL facts or relation paths; inferential audit implications are not fully graph-valid by themselves.,1,Risk or assertion-mapping claim is qualified and states an inferential bridge.,NA,Integrated correctness is primarily assessed for hybrid retrieval in this demonstration.,none,1,preliminary_author_code,"- Claim: InventoryNet increased from 356,254,000 USD at 2024-12-31 to 368,687,000 USD at 2025-12-31, while a write-down of 871,000 USD was recognized in 2025.
  - Claim type: Risk-cue or assertion-mapping
  - Support used: F-CROX-0015, F-CROX-0014, F-CROX-0020
  - Inferential bridge: An increase in the total inventory asset base alongside the recognition of write-downs suggests a risk that the current write-down amount may not be sufficient to cover potential obsolescence within the larger inventory pool.
  - Limitation: Missing inventory aging reports or inventory turnover ratios to determine if the increase in inventory is commensurate with sales volume."
C083,5,CROX,"Crocs, Inc.",bounded_extension,inventory,xbrl,XBRL-based relational retrieval,gemma4:31b,gemma4_31b_extension,data/processed/llm_outputs/gemma4_31b_extension/text/crox_inventory_xbrl_output.txt,data/processed/retrieval_contexts/crox_inventory_xbrl_context.txt,data/processed/prompts/crox_inventory_xbrl_prompt.txt,Cost of Goods and Services Sold is distributed across different business segments (Crocs Brand and HEYDUDE Brand).,Risk-cue or assertion-mapping,risk_or_assertion_mapping,"F-CROX-0108, F-CROX-0114","Because different brands typically have different product lifecycles and market demand profiles, the valuation risk (specifically the risk of obsolescence) may vary significantly between the Crocs and HEYDUDE segments.",The provided context lacks 2025 segment-specific inventory balances or segment-specific write-down data to assess current valuation risks by brand.,0,1,,F-CROX-0108; F-CROX-0114,NA,Text support is not assessable in XBRL-only condition.,0.5,Claim cites retrieved XBRL facts or relation paths; inferential audit implications are not fully graph-valid by themselves.,1,Risk or assertion-mapping claim is qualified and states an inferential bridge.,NA,Integrated correctness is primarily assessed for hybrid retrieval in this demonstration.,none,1,preliminary_author_code,"- Claim: Cost of Goods and Services Sold is distributed across different business segments (Crocs Brand and HEYDUDE Brand).
  - Claim type: Risk-cue or assertion-mapping
  - Support used: F-CROX-0108, F-CROX-0114
  - Inferential bridge: Because different brands typically have different product lifecycles and market demand profiles, the valuation risk (specifically the risk of obsolescence) may vary significantly between the Crocs and HEYDUDE segments.
  - Limitation: The provided context lacks 2025 segment-specific inventory balances or segment-specific write-down data to assess current valuation risks by brand."
C084,1,CROX,"Crocs, Inc.",bounded_extension,inventory,hybrid,Hybrid retrieval,gemma4:31b,gemma4_31b_extension,data/processed/llm_outputs/gemma4_31b_extension/text/crox_inventory_hybrid_output.txt,data/processed/retrieval_contexts/crox_inventory_hybrid_context.txt,data/processed/prompts/crox_inventory_hybrid_prompt.txt,"As of December 31, 2025, Crocs, Inc.'s net inventory was $368,687,000.",Factual,factual,F-CROX-0014,,This claim is limited to the reported XBRL value for the specific instant of 2025-12-31.,0,1,,F-CROX-0014,0,Support statement does not cite retrieved text.,1,Claim cites retrieved XBRL facts or relation paths; inferential audit implications are not fully graph-valid by themselves.,1,Factual claim is bounded by source or period limitations.,0.5,"Hybrid context is available, but this claim uses only one evidence layer or only partially reconciles layers.",integration failure,1,preliminary_author_code,"- Claim: As of December 31, 2025, Crocs, Inc.'s net inventory was $368,687,000.
  - Claim type: Factual
  - Support used: F-CROX-0014
  - Limitation: This claim is limited to the reported XBRL value for the specific instant of 2025-12-31."
C085,2,CROX,"Crocs, Inc.",bounded_extension,inventory,hybrid,Hybrid retrieval,gemma4:31b,gemma4_31b_extension,data/processed/llm_outputs/gemma4_31b_extension/text/crox_inventory_hybrid_output.txt,data/processed/retrieval_contexts/crox_inventory_hybrid_context.txt,data/processed/prompts/crox_inventory_hybrid_prompt.txt,"Crocs, Inc. recorded an inventory write-down of $871,000 for the fiscal year 2025.",Factual,factual,F-CROX-0020,,This claim is limited to the reported XBRL value for the duration period 2025-01-01 to 2025-12-31.,0,1,,F-CROX-0020,0,Support statement does not cite retrieved text.,1,Claim cites retrieved XBRL facts or relation paths; inferential audit implications are not fully graph-valid by themselves.,1,Factual claim is bounded by source or period limitations.,0.5,"Hybrid context is available, but this claim uses only one evidence layer or only partially reconciles layers.",integration failure,1,preliminary_author_code,"- Claim: Crocs, Inc. recorded an inventory write-down of $871,000 for the fiscal year 2025.
  - Claim type: Factual
  - Support used: F-CROX-0020
  - Limitation: This claim is limited to the reported XBRL value for the duration period 2025-01-01 to 2025-12-31."
C086,3,CROX,"Crocs, Inc.",bounded_extension,inventory,hybrid,Hybrid retrieval,gemma4:31b,gemma4_31b_extension,data/processed/llm_outputs/gemma4_31b_extension/text/crox_inventory_hybrid_output.txt,data/processed/retrieval_contexts/crox_inventory_hybrid_context.txt,data/processed/prompts/crox_inventory_hybrid_prompt.txt,The valuation of inventory is subject to significant estimation uncertainty regarding the assessment of the lower of cost or net realizable value (NRV).,Risk-cue or assertion-mapping,risk_or_assertion_mapping,"T-CROX-REVENUE_INVENTORY-022, T-CROX-REVENUE_INVENTORY-019","The company explicitly states that inventories are stated at the lower of cost or NRV and that management must make estimates and judgments to determine this value, which may differ from actual results.",The provided context does not detail the specific internal controls used to validate these NRV estimates or the historical variance between estimated and actual NRV.,1,0,T-CROX-REVENUE_INVENTORY-019; T-CROX-REVENUE_INVENTORY-022,,0.5,Claim cites retrieved text; inferential claims receive partial text-support because audit implication is not directly stated.,NA,This hybrid claim does not cite an XBRL fact or path; graph validity is not separately assessed for this claim.,1,Risk or assertion-mapping claim is qualified and states an inferential bridge.,0.5,"Hybrid context is available, but this claim uses only one evidence layer or only partially reconciles layers.",integration failure,1,preliminary_author_code,"- Claim: The valuation of inventory is subject to significant estimation uncertainty regarding the assessment of the lower of cost or net realizable value (NRV).
  - Claim type: Risk-cue or assertion-mapping
  - Support used: T-CROX-REVENUE_INVENTORY-022, T-CROX-REVENUE_INVENTORY-019
  - Inferential bridge: The company explicitly states that inventories are stated at the lower of cost or NRV and that management must make estimates and judgments to determine this value, which may differ from actual results.
  - Limitation: The provided context does not detail the specific internal controls used to validate these NRV estimates or the historical variance between estimated and actual NRV."
C087,4,CROX,"Crocs, Inc.",bounded_extension,inventory,hybrid,Hybrid retrieval,gemma4:31b,gemma4_31b_extension,data/processed/llm_outputs/gemma4_31b_extension/text/crox_inventory_hybrid_output.txt,data/processed/retrieval_contexts/crox_inventory_hybrid_context.txt,data/processed/prompts/crox_inventory_hybrid_prompt.txt,Inventory valuation is sensitive to fluctuations in consumer and retailer preferences and general market conditions.,Risk-cue or assertion-mapping,risk_or_assertion_mapping,T-CROX-REVENUE_INVENTORY-022,"The text identifies ""consumer and retailer preferences, and market conditions"" as specific factors that can cause NRV estimates to differ from actual results, which directly impacts the valuation assertion.",The context does not provide specific data on current market trends or a detailed breakdown of which product lines are most susceptible to these preference shifts.,1,0,T-CROX-REVENUE_INVENTORY-022,,0.5,Claim cites retrieved text; inferential claims receive partial text-support because audit implication is not directly stated.,NA,This hybrid claim does not cite an XBRL fact or path; graph validity is not separately assessed for this claim.,1,Risk or assertion-mapping claim is qualified and states an inferential bridge.,0.5,"Hybrid context is available, but this claim uses only one evidence layer or only partially reconciles layers.",integration failure,1,preliminary_author_code,"- Claim: Inventory valuation is sensitive to fluctuations in consumer and retailer preferences and general market conditions.
  - Claim type: Risk-cue or assertion-mapping
  - Support used: T-CROX-REVENUE_INVENTORY-022
  - Inferential bridge: The text identifies ""consumer and retailer preferences, and market conditions"" as specific factors that can cause NRV estimates to differ from actual results, which directly impacts the valuation assertion.
  - Limitation: The context does not provide specific data on current market trends or a detailed breakdown of which product lines are most susceptible to these preference shifts."
C088,5,CROX,"Crocs, Inc.",bounded_extension,inventory,hybrid,Hybrid retrieval,gemma4:31b,gemma4_31b_extension,data/processed/llm_outputs/gemma4_31b_extension/text/crox_inventory_hybrid_output.txt,data/processed/retrieval_contexts/crox_inventory_hybrid_context.txt,data/processed/prompts/crox_inventory_hybrid_prompt.txt,The use of outlet stores and off-price channels to sell discontinued or end-of-life inventory introduces specific valuation considerations for NRV.,Risk-cue or assertion-mapping,risk_or_assertion_mapping,T-CROX-REVENUE_INVENTORY-022,"Because the company estimates market value based on plans to sell end-of-life inventory through off-price channels, the NRV must be mapped to the expected recovery rates of these specific channels rather than standard retail pricing.",The context lacks information regarding the actual recovery rates from outlet stores relative to the carrying cost of the inventory being diverted to those channels.,1,0,T-CROX-REVENUE_INVENTORY-022,,0.5,Claim cites retrieved text; inferential claims receive partial text-support because audit implication is not directly stated.,NA,This hybrid claim does not cite an XBRL fact or path; graph validity is not separately assessed for this claim.,1,Risk or assertion-mapping claim is qualified and states an inferential bridge.,0.5,"Hybrid context is available, but this claim uses only one evidence layer or only partially reconciles layers.",integration failure,1,preliminary_author_code,"- Claim: The use of outlet stores and off-price channels to sell discontinued or end-of-life inventory introduces specific valuation considerations for NRV.
  - Claim type: Risk-cue or assertion-mapping
  - Support used: T-CROX-REVENUE_INVENTORY-022
  - Inferential bridge: Because the company estimates market value based on plans to sell end-of-life inventory through off-price channels, the NRV must be mapped to the expected recovery rates of these specific channels rather than standard retail pricing.
  - Limitation: The context lacks information regarding the actual recovery rates from outlet stores relative to the carrying cost of the inventory being diverted to those channels."
