path_id,ticker,company,sample_role,relation_type,source_concept,source_label,target_concept,target_label,arcrole,order,weight,preferred_label,role,source_file
X-NKE-0001,NKE,"Nike, Inc.",main_deep_case,presentation,us-gaap:IncomeStatementAbstract,Income Statement [Abstract],us-gaap:RevenueFromContractWithCustomerExcludingAssessedTax,"Revenue from Contract with Customer, Excluding Assessed Tax",http://www.xbrl.org/2003/arcrole/parent-child,1,,http://www.xbrl.org/2003/role/verboseLabel,http://www.nike.com/role/CONSOLIDATEDSTATEMENTSOFINCOME,nke-20250531_pre.xml
X-NKE-0002,NKE,"Nike, Inc.",main_deep_case,presentation,us-gaap:IncomeStatementAbstract,Income Statement [Abstract],us-gaap:CostOfGoodsAndServicesSold,Cost of Goods and Services Sold,http://www.xbrl.org/2003/arcrole/parent-child,2,,http://www.xbrl.org/2003/role/terseLabel,http://www.nike.com/role/CONSOLIDATEDSTATEMENTSOFINCOME,nke-20250531_pre.xml
X-NKE-0003,NKE,"Nike, Inc.",main_deep_case,presentation,us-gaap:IncomeStatementAbstract,Income Statement [Abstract],us-gaap:GrossProfit,Gross Profit,http://www.xbrl.org/2003/arcrole/parent-child,3,,http://www.xbrl.org/2003/role/totalLabel,http://www.nike.com/role/CONSOLIDATEDSTATEMENTSOFINCOME,nke-20250531_pre.xml
X-NKE-0004,NKE,"Nike, Inc.",main_deep_case,presentation,us-gaap:AssetsCurrentAbstract,"Assets, Current [Abstract]",us-gaap:AccountsReceivableNetCurrent,"Accounts Receivable, after Allowance for Credit Loss, Current",http://www.xbrl.org/2003/arcrole/parent-child,3,,http://www.xbrl.org/2003/role/verboseLabel,http://www.nike.com/role/CONSOLIDATEDBALANCESHEETS,nke-20250531_pre.xml
X-NKE-0005,NKE,"Nike, Inc.",main_deep_case,presentation,us-gaap:AssetsCurrentAbstract,"Assets, Current [Abstract]",us-gaap:InventoryFinishedGoodsNetOfReserves,"Inventory, Finished Goods, Net of Reserves",http://www.xbrl.org/2003/arcrole/parent-child,4,,http://www.xbrl.org/2003/role/verboseLabel,http://www.nike.com/role/CONSOLIDATEDBALANCESHEETS,nke-20250531_pre.xml
X-NKE-0006,NKE,"Nike, Inc.",main_deep_case,presentation,us-gaap:IncreaseDecreaseInOperatingCapitalAbstract,Increase (Decrease) in Operating Capital [Abstract],us-gaap:IncreaseDecreaseInAccountsReceivable,Increase (Decrease) in Accounts Receivable,http://www.xbrl.org/2003/arcrole/parent-child,1,,http://www.xbrl.org/2009/role/negatedLabel,http://www.nike.com/role/CONSOLIDATEDSTATEMENTSOFCASHFLOWS,nke-20250531_pre.xml
X-NKE-0007,NKE,"Nike, Inc.",main_deep_case,presentation,us-gaap:IncreaseDecreaseInOperatingCapitalAbstract,Increase (Decrease) in Operating Capital [Abstract],us-gaap:IncreaseDecreaseInInventories,Increase (Decrease) in Inventories,http://www.xbrl.org/2003/arcrole/parent-child,2,,http://www.xbrl.org/2009/role/negatedLabel,http://www.nike.com/role/CONSOLIDATEDSTATEMENTSOFCASHFLOWS,nke-20250531_pre.xml
X-NKE-0008,NKE,"Nike, Inc.",main_deep_case,presentation,us-gaap:RevenueFromContractWithCustomerAbstract,Revenue from Contract with Customer [Abstract],us-gaap:RevenueFromContractWithCustomerTextBlock,Revenue from Contract with Customer [Text Block],http://www.xbrl.org/2003/arcrole/parent-child,1,,http://www.xbrl.org/2003/role/terseLabel,http://www.nike.com/role/REVENUES,nke-20250531_pre.xml
X-NKE-0009,NKE,"Nike, Inc.",main_deep_case,presentation,us-gaap:AccountingPoliciesAbstract,Accounting Policies [Abstract],us-gaap:RevenueRecognitionPolicyTextBlock,Revenue [Policy Text Block],http://www.xbrl.org/2003/arcrole/parent-child,3,,http://www.xbrl.org/2003/role/terseLabel,http://www.nike.com/role/SUMMARYOFSIGNIFICANTACCOUNTINGPOLICIESPolicies,nke-20250531_pre.xml
X-NKE-0010,NKE,"Nike, Inc.",main_deep_case,presentation,us-gaap:AccountingPoliciesAbstract,Accounting Policies [Abstract],us-gaap:CostOfSalesPolicyTextBlock,Cost of Goods and Service [Policy Text Block],http://www.xbrl.org/2003/arcrole/parent-child,4,,http://www.xbrl.org/2003/role/terseLabel,http://www.nike.com/role/SUMMARYOFSIGNIFICANTACCOUNTINGPOLICIESPolicies,nke-20250531_pre.xml
X-NKE-0011,NKE,"Nike, Inc.",main_deep_case,presentation,us-gaap:AccountingPoliciesAbstract,Accounting Policies [Abstract],us-gaap:TradeAndOtherAccountsReceivablePolicy,Accounts Receivable [Policy Text Block],http://www.xbrl.org/2003/arcrole/parent-child,9,,http://www.xbrl.org/2003/role/terseLabel,http://www.nike.com/role/SUMMARYOFSIGNIFICANTACCOUNTINGPOLICIESPolicies,nke-20250531_pre.xml
X-NKE-0012,NKE,"Nike, Inc.",main_deep_case,presentation,us-gaap:AccountingPoliciesAbstract,Accounting Policies [Abstract],us-gaap:InventoryFinishedGoodsPolicy,"Inventory Finished Goods, Policy [Policy Text Block]",http://www.xbrl.org/2003/arcrole/parent-child,10,,http://www.xbrl.org/2003/role/terseLabel,http://www.nike.com/role/SUMMARYOFSIGNIFICANTACCOUNTINGPOLICIESPolicies,nke-20250531_pre.xml
X-NKE-0013,NKE,"Nike, Inc.",main_deep_case,presentation,us-gaap:RevenueFromContractWithCustomerAbstract,Revenue from Contract with Customer [Abstract],us-gaap:DisaggregationOfRevenueTableTextBlock,Disaggregation of Revenue [Table Text Block],http://www.xbrl.org/2003/arcrole/parent-child,1,,http://www.xbrl.org/2003/role/terseLabel,http://www.nike.com/role/REVENUESTables,nke-20250531_pre.xml
X-NKE-0014,NKE,"Nike, Inc.",main_deep_case,presentation,nke:SignificantAccountingPoliciesLineItems,,us-gaap:AllowanceForDoubtfulAccountsReceivable,"Accounts Receivable, Allowance for Credit Loss",http://www.xbrl.org/2003/arcrole/parent-child,3,,http://www.xbrl.org/2003/role/terseLabel,http://www.nike.com/role/SUMMARYOFSIGNIFICANTACCOUNTINGPOLICIESDetails,nke-20250531_pre.xml
X-NKE-0015,NKE,"Nike, Inc.",main_deep_case,presentation,nke:SignificantAccountingPoliciesLineItems,,us-gaap:InventoryValuationReserves,Inventory Valuation Reserves,http://www.xbrl.org/2003/arcrole/parent-child,4,,http://www.xbrl.org/2003/role/terseLabel,http://www.nike.com/role/SUMMARYOFSIGNIFICANTACCOUNTINGPOLICIESDetails,nke-20250531_pre.xml
X-NKE-0016,NKE,"Nike, Inc.",main_deep_case,presentation,us-gaap:IncomeTaxDisclosureAbstract,Income Tax Disclosure [Abstract],nke:EffectiveIncomeTaxRateReconciliationIncomeTaxAuditsAndContingencyReservesPercent,,http://www.xbrl.org/2003/arcrole/parent-child,7,,http://www.xbrl.org/2003/role/terseLabel,http://www.nike.com/role/INCOMETAXESReconciliationfromUnitedStatesStatutoryFederalIncomeTaxRatetoEffectiveIncomeTaxRateDetails,nke-20250531_pre.xml
X-NKE-0017,NKE,"Nike, Inc.",main_deep_case,presentation,us-gaap:DeferredTaxAssetsNetAbstract,"Deferred Tax Assets, Net [Abstract]",us-gaap:DeferredTaxAssetsInventory,"Deferred Tax Assets, Inventory",http://www.xbrl.org/2003/arcrole/parent-child,1,,http://www.xbrl.org/2003/role/terseLabel,http://www.nike.com/role/INCOMETAXESDeferredIncomeTaxAssetsandLiabilitiesDetails,nke-20250531_pre.xml
X-NKE-0018,NKE,"Nike, Inc.",main_deep_case,presentation,us-gaap:DeferredTaxAssetsNetAbstract,"Deferred Tax Assets, Net [Abstract]",us-gaap:DeferredTaxAssetsTaxDeferredExpenseReservesAndAccrualsReturnsAndAllowances,"Deferred Tax Assets, Tax Deferred Expense, Reserves and Accruals, Returns and Allowances",http://www.xbrl.org/2003/arcrole/parent-child,2,,http://www.xbrl.org/2003/role/terseLabel,http://www.nike.com/role/INCOMETAXESDeferredIncomeTaxAssetsandLiabilitiesDetails,nke-20250531_pre.xml
X-NKE-0019,NKE,"Nike, Inc.",main_deep_case,presentation,us-gaap:DeferredTaxAssetsNetAbstract,"Deferred Tax Assets, Net [Abstract]",us-gaap:DeferredTaxAssetsTaxDeferredExpenseReservesAndAccruals,"Deferred Tax Assets, Tax Deferred Expense, Reserves and Accruals",http://www.xbrl.org/2003/arcrole/parent-child,5,,http://www.xbrl.org/2003/role/terseLabel,http://www.nike.com/role/INCOMETAXESDeferredIncomeTaxAssetsandLiabilitiesDetails,nke-20250531_pre.xml
X-NKE-0020,NKE,"Nike, Inc.",main_deep_case,presentation,us-gaap:IncomeStatementLocationDomain,"Statement of Income Location, Balance [Domain]",us-gaap:CostOfSalesMember,Cost of Sales [Member],http://www.xbrl.org/2003/arcrole/parent-child,2,,http://www.xbrl.org/2003/role/terseLabel,http://www.nike.com/role/RISKMANAGEMENTANDDERIVATIVESAmountsAffectingConsolidatedStatementsofIncomeDetails,nke-20250531_pre.xml
X-NKE-0021,NKE,"Nike, Inc.",main_deep_case,presentation,us-gaap:RevenueFromContractWithCustomerAbstract,Revenue from Contract with Customer [Abstract],us-gaap:DisaggregationOfRevenueTable,Disaggregation of Revenue [Table],http://www.xbrl.org/2003/arcrole/parent-child,1,,http://www.xbrl.org/2003/role/terseLabel,http://www.nike.com/role/REVENUESScheduleofDisaggregationofRevenueDetails,nke-20250531_pre.xml
X-NKE-0022,NKE,"Nike, Inc.",main_deep_case,presentation,us-gaap:DisaggregationOfRevenueTable,Disaggregation of Revenue [Table],us-gaap:SubsegmentsAxis,Subsegments [Axis],http://www.xbrl.org/2003/arcrole/parent-child,1,,http://www.xbrl.org/2003/role/terseLabel,http://www.nike.com/role/REVENUESScheduleofDisaggregationofRevenueDetails,nke-20250531_pre.xml
X-NKE-0023,NKE,"Nike, Inc.",main_deep_case,presentation,us-gaap:DisaggregationOfRevenueTable,Disaggregation of Revenue [Table],srt:ConsolidationItemsAxis,Consolidation Items [Axis],http://www.xbrl.org/2003/arcrole/parent-child,2,,http://www.xbrl.org/2003/role/terseLabel,http://www.nike.com/role/REVENUESScheduleofDisaggregationofRevenueDetails,nke-20250531_pre.xml
X-NKE-0024,NKE,"Nike, Inc.",main_deep_case,presentation,us-gaap:DisaggregationOfRevenueTable,Disaggregation of Revenue [Table],us-gaap:StatementBusinessSegmentsAxis,Segments [Axis],http://www.xbrl.org/2003/arcrole/parent-child,3,,http://www.xbrl.org/2003/role/terseLabel,http://www.nike.com/role/REVENUESScheduleofDisaggregationofRevenueDetails,nke-20250531_pre.xml
X-NKE-0025,NKE,"Nike, Inc.",main_deep_case,presentation,us-gaap:DisaggregationOfRevenueTable,Disaggregation of Revenue [Table],srt:ProductOrServiceAxis,Product and Service [Axis],http://www.xbrl.org/2003/arcrole/parent-child,4,,http://www.xbrl.org/2003/role/terseLabel,http://www.nike.com/role/REVENUESScheduleofDisaggregationofRevenueDetails,nke-20250531_pre.xml
X-NKE-0026,NKE,"Nike, Inc.",main_deep_case,presentation,us-gaap:DisaggregationOfRevenueTable,Disaggregation of Revenue [Table],us-gaap:ContractWithCustomerSalesChannelAxis,"Contract with Customer, Sales Channel [Axis]",http://www.xbrl.org/2003/arcrole/parent-child,5,,http://www.xbrl.org/2003/role/terseLabel,http://www.nike.com/role/REVENUESScheduleofDisaggregationofRevenueDetails,nke-20250531_pre.xml
X-NKE-0027,NKE,"Nike, Inc.",main_deep_case,presentation,us-gaap:ContractWithCustomerSalesChannelAxis,"Contract with Customer, Sales Channel [Axis]",us-gaap:ContractWithCustomerSalesChannelDomain,"Contract with Customer, Sales Channel [Domain]",http://www.xbrl.org/2003/arcrole/parent-child,1,,http://www.xbrl.org/2003/role/terseLabel,http://www.nike.com/role/REVENUESScheduleofDisaggregationofRevenueDetails,nke-20250531_pre.xml
X-NKE-0028,NKE,"Nike, Inc.",main_deep_case,presentation,us-gaap:ContractWithCustomerSalesChannelDomain,"Contract with Customer, Sales Channel [Domain]",nke:SalesChannelWholesaleMember,,http://www.xbrl.org/2003/arcrole/parent-child,1,,http://www.xbrl.org/2003/role/terseLabel,http://www.nike.com/role/REVENUESScheduleofDisaggregationofRevenueDetails,nke-20250531_pre.xml
X-NKE-0029,NKE,"Nike, Inc.",main_deep_case,presentation,us-gaap:ContractWithCustomerSalesChannelDomain,"Contract with Customer, Sales Channel [Domain]",us-gaap:SalesChannelDirectlyToConsumerMember,"Sales Channel, Directly to Consumer [Member]",http://www.xbrl.org/2003/arcrole/parent-child,2,,http://www.xbrl.org/2003/role/terseLabel,http://www.nike.com/role/REVENUESScheduleofDisaggregationofRevenueDetails,nke-20250531_pre.xml
X-NKE-0030,NKE,"Nike, Inc.",main_deep_case,presentation,us-gaap:ContractWithCustomerSalesChannelDomain,"Contract with Customer, Sales Channel [Domain]",nke:SalesChannelOtherMember,,http://www.xbrl.org/2003/arcrole/parent-child,3,,http://www.xbrl.org/2003/role/terseLabel,http://www.nike.com/role/REVENUESScheduleofDisaggregationofRevenueDetails,nke-20250531_pre.xml
X-NKE-0031,NKE,"Nike, Inc.",main_deep_case,presentation,us-gaap:DisaggregationOfRevenueTable,Disaggregation of Revenue [Table],us-gaap:DisaggregationOfRevenueLineItems,Disaggregation of Revenue [Line Items],http://www.xbrl.org/2003/arcrole/parent-child,6,,http://www.xbrl.org/2003/role/terseLabel,http://www.nike.com/role/REVENUESScheduleofDisaggregationofRevenueDetails,nke-20250531_pre.xml
X-NKE-0032,NKE,"Nike, Inc.",main_deep_case,presentation,us-gaap:DisaggregationOfRevenueLineItems,Disaggregation of Revenue [Line Items],us-gaap:RevenueFromContractWithCustomerExcludingAssessedTax,"Revenue from Contract with Customer, Excluding Assessed Tax",http://www.xbrl.org/2003/arcrole/parent-child,1,,http://www.xbrl.org/2003/role/terseLabel,http://www.nike.com/role/REVENUESScheduleofDisaggregationofRevenueDetails,nke-20250531_pre.xml
X-NKE-0033,NKE,"Nike, Inc.",main_deep_case,presentation,us-gaap:RevenueFromContractWithCustomerAbstract,Revenue from Contract with Customer [Abstract],nke:AllowanceForSalesDiscountsAndReturns,,http://www.xbrl.org/2003/arcrole/parent-child,1,,http://www.xbrl.org/2003/role/terseLabel,http://www.nike.com/role/REVENUESAdditionalInformationDetails,nke-20250531_pre.xml
X-NKE-0034,NKE,"Nike, Inc.",main_deep_case,presentation,us-gaap:RevenueFromContractWithCustomerAbstract,Revenue from Contract with Customer [Abstract],us-gaap:ContractWithCustomerRefundLiabilityCurrent,"Contract with Customer, Refund Liability, Current",http://www.xbrl.org/2003/arcrole/parent-child,2,,http://www.xbrl.org/2003/role/terseLabel,http://www.nike.com/role/REVENUESAdditionalInformationDetails,nke-20250531_pre.xml
X-NKE-0035,NKE,"Nike, Inc.",main_deep_case,presentation,us-gaap:RevenueFromContractWithCustomerAbstract,Revenue from Contract with Customer [Abstract],nke:ProductReturnsEstimatedProductReturns,,http://www.xbrl.org/2003/arcrole/parent-child,3,,http://www.xbrl.org/2003/role/terseLabel,http://www.nike.com/role/REVENUESAdditionalInformationDetails,nke-20250531_pre.xml
X-NKE-0036,NKE,"Nike, Inc.",main_deep_case,presentation,us-gaap:SegmentReportingAssetReconcilingItemLineItems,"Segment Reporting, Asset Reconciling Item [Line Items]",us-gaap:RevenueFromContractWithCustomerExcludingAssessedTax,"Revenue from Contract with Customer, Excluding Assessed Tax",http://www.xbrl.org/2003/arcrole/parent-child,1,,http://www.xbrl.org/2003/role/terseLabel,http://www.nike.com/role/SEGMENTINFORMATIONInformationbyOperatingSegmentsDetails,nke-20250531_pre.xml
X-NKE-0037,NKE,"Nike, Inc.",main_deep_case,presentation,us-gaap:SegmentReportingAssetReconcilingItemLineItems,"Segment Reporting, Asset Reconciling Item [Line Items]",us-gaap:CostOfGoodsAndServicesSold,Cost of Goods and Services Sold,http://www.xbrl.org/2003/arcrole/parent-child,2,,http://www.xbrl.org/2003/role/terseLabel,http://www.nike.com/role/SEGMENTINFORMATIONInformationbyOperatingSegmentsDetails,nke-20250531_pre.xml
X-NKE-0038,NKE,"Nike, Inc.",main_deep_case,presentation,us-gaap:SegmentReportingAssetReconcilingItemLineItems,"Segment Reporting, Asset Reconciling Item [Line Items]",us-gaap:GrossProfit,Gross Profit,http://www.xbrl.org/2003/arcrole/parent-child,3,,http://www.xbrl.org/2003/role/totalLabel,http://www.nike.com/role/SEGMENTINFORMATIONInformationbyOperatingSegmentsDetails,nke-20250531_pre.xml
X-NKE-0039,NKE,"Nike, Inc.",main_deep_case,presentation,us-gaap:SegmentReportingAssetReconcilingItemLineItems,"Segment Reporting, Asset Reconciling Item [Line Items]",us-gaap:InventoryFinishedGoodsNetOfReserves,"Inventory, Finished Goods, Net of Reserves",http://www.xbrl.org/2003/arcrole/parent-child,12,,http://www.xbrl.org/2003/role/terseLabel,http://www.nike.com/role/SEGMENTINFORMATIONInformationbyOperatingSegmentsDetails,nke-20250531_pre.xml
X-NKE-0040,NKE,"Nike, Inc.",main_deep_case,presentation,us-gaap:SegmentReportingAssetReconcilingItemLineItems,"Segment Reporting, Asset Reconciling Item [Line Items]",us-gaap:RevenueFromContractWithCustomerExcludingAssessedTax,"Revenue from Contract with Customer, Excluding Assessed Tax",http://www.xbrl.org/2003/arcrole/parent-child,1,,http://www.xbrl.org/2003/role/terseLabel,http://www.nike.com/role/SEGMENTINFORMATIONAdditionalInformationDetails,nke-20250531_pre.xml
X-NKE-0041,NKE,"Nike, Inc.",main_deep_case,presentation,us-gaap:SegmentReportingAbstract,Segment Reporting [Abstract],us-gaap:ScheduleOfRevenuesFromExternalCustomersAndLongLivedAssetsTable,Schedule of Revenues from External Customers and Long-Lived Assets [Table],http://www.xbrl.org/2003/arcrole/parent-child,1,,http://www.xbrl.org/2003/role/terseLabel,http://www.nike.com/role/SEGMENTINFORMATIONLonglivedAssetsbyGeographicAreasDetails,nke-20250531_pre.xml
X-NKE-0042,NKE,"Nike, Inc.",main_deep_case,presentation,us-gaap:ScheduleOfRevenuesFromExternalCustomersAndLongLivedAssetsTable,Schedule of Revenues from External Customers and Long-Lived Assets [Table],srt:StatementGeographicalAxis,Geographical [Axis],http://www.xbrl.org/2003/arcrole/parent-child,1,,http://www.xbrl.org/2003/role/terseLabel,http://www.nike.com/role/SEGMENTINFORMATIONLonglivedAssetsbyGeographicAreasDetails,nke-20250531_pre.xml
X-NKE-0043,NKE,"Nike, Inc.",main_deep_case,presentation,us-gaap:ScheduleOfRevenuesFromExternalCustomersAndLongLivedAssetsTable,Schedule of Revenues from External Customers and Long-Lived Assets [Table],us-gaap:RevenuesFromExternalCustomersAndLongLivedAssetsLineItems,Revenues from External Customers and Long-Lived Assets [Line Items],http://www.xbrl.org/2003/arcrole/parent-child,2,,http://www.xbrl.org/2003/role/terseLabel,http://www.nike.com/role/SEGMENTINFORMATIONLonglivedAssetsbyGeographicAreasDetails,nke-20250531_pre.xml
X-NKE-0044,NKE,"Nike, Inc.",main_deep_case,presentation,us-gaap:RevenuesFromExternalCustomersAndLongLivedAssetsLineItems,Revenues from External Customers and Long-Lived Assets [Line Items],us-gaap:NoncurrentAssets,Long-Lived Assets,http://www.xbrl.org/2003/arcrole/parent-child,1,,http://www.xbrl.org/2003/role/terseLabel,http://www.nike.com/role/SEGMENTINFORMATIONLonglivedAssetsbyGeographicAreasDetails,nke-20250531_pre.xml
X-NKE-0045,NKE,"Nike, Inc.",main_deep_case,presentation,us-gaap:ScheduleOfRestructuringAndRelatedCostsTable,Restructuring Cost [Table],us-gaap:RestructuringCostAndReserveAxis,Restructuring Type [Axis],http://www.xbrl.org/2003/arcrole/parent-child,1,,http://www.xbrl.org/2003/role/terseLabel,http://www.nike.com/role/RESTRUCTURINGDetails,nke-20250531_pre.xml
X-NKE-0046,NKE,"Nike, Inc.",main_deep_case,presentation,us-gaap:RestructuringCostAndReserveAxis,Restructuring Type [Axis],us-gaap:TypeOfRestructuringDomain,Type of Restructuring [Domain],http://www.xbrl.org/2003/arcrole/parent-child,1,,http://www.xbrl.org/2003/role/terseLabel,http://www.nike.com/role/RESTRUCTURINGDetails,nke-20250531_pre.xml
X-NKE-0047,NKE,"Nike, Inc.",main_deep_case,presentation,us-gaap:IncomeStatementLocationDomain,"Statement of Income Location, Balance [Domain]",us-gaap:CostOfSalesMember,Cost of Sales [Member],http://www.xbrl.org/2003/arcrole/parent-child,2,,http://www.xbrl.org/2003/role/terseLabel,http://www.nike.com/role/RESTRUCTURINGDetails,nke-20250531_pre.xml
X-NKE-0048,NKE,"Nike, Inc.",main_deep_case,presentation,us-gaap:ScheduleOfRestructuringAndRelatedCostsTable,Restructuring Cost [Table],us-gaap:RestructuringCostAndReserveLineItems,Restructuring Cost and Reserve [Line Items],http://www.xbrl.org/2003/arcrole/parent-child,3,,http://www.xbrl.org/2003/role/terseLabel,http://www.nike.com/role/RESTRUCTURINGDetails,nke-20250531_pre.xml
X-NKE-0049,NKE,"Nike, Inc.",main_deep_case,presentation,us-gaap:RestructuringCostAndReserveLineItems,Restructuring Cost and Reserve [Line Items],us-gaap:RestructuringCharges,Restructuring Charges,http://www.xbrl.org/2003/arcrole/parent-child,1,,http://www.xbrl.org/2003/role/terseLabel,http://www.nike.com/role/RESTRUCTURINGDetails,nke-20250531_pre.xml
X-NKE-0050,NKE,"Nike, Inc.",main_deep_case,presentation,us-gaap:RestructuringCostAndReserveLineItems,Restructuring Cost and Reserve [Line Items],us-gaap:PaymentsForRestructuring,Payments for Restructuring,http://www.xbrl.org/2003/arcrole/parent-child,2,,http://www.xbrl.org/2003/role/terseLabel,http://www.nike.com/role/RESTRUCTURINGDetails,nke-20250531_pre.xml
X-NKE-0051,NKE,"Nike, Inc.",main_deep_case,presentation,us-gaap:RestructuringCostAndReserveLineItems,Restructuring Cost and Reserve [Line Items],us-gaap:RestructuringReserveCurrent,"Restructuring Reserve, Current",http://www.xbrl.org/2003/arcrole/parent-child,3,,http://www.xbrl.org/2003/role/terseLabel,http://www.nike.com/role/RESTRUCTURINGDetails,nke-20250531_pre.xml
X-NKE-0052,NKE,"Nike, Inc.",main_deep_case,calculation,us-gaap:GrossProfit,Gross Profit,us-gaap:RevenueFromContractWithCustomerExcludingAssessedTax,"Revenue from Contract with Customer, Excluding Assessed Tax",http://www.xbrl.org/2003/arcrole/summation-item,1,1.0,,http://www.nike.com/role/CONSOLIDATEDSTATEMENTSOFINCOME,nke-20250531_cal.xml
X-NKE-0053,NKE,"Nike, Inc.",main_deep_case,calculation,us-gaap:GrossProfit,Gross Profit,us-gaap:CostOfGoodsAndServicesSold,Cost of Goods and Services Sold,http://www.xbrl.org/2003/arcrole/summation-item,2,-1.0,,http://www.nike.com/role/CONSOLIDATEDSTATEMENTSOFINCOME,nke-20250531_cal.xml
X-NKE-0054,NKE,"Nike, Inc.",main_deep_case,calculation,us-gaap:IncomeLossFromContinuingOperationsBeforeIncomeTaxesExtraordinaryItemsNoncontrollingInterest,"Income (Loss) from Continuing Operations before Income Taxes, Noncontrolling Interest",us-gaap:GrossProfit,Gross Profit,http://www.xbrl.org/2003/arcrole/summation-item,1,1.0,,http://www.nike.com/role/CONSOLIDATEDSTATEMENTSOFINCOME,nke-20250531_cal.xml
X-NKE-0055,NKE,"Nike, Inc.",main_deep_case,calculation,us-gaap:AssetsCurrent,"Assets, Current",us-gaap:AccountsReceivableNetCurrent,"Accounts Receivable, after Allowance for Credit Loss, Current",http://www.xbrl.org/2003/arcrole/summation-item,3,1.0,,http://www.nike.com/role/CONSOLIDATEDBALANCESHEETS,nke-20250531_cal.xml
X-NKE-0056,NKE,"Nike, Inc.",main_deep_case,calculation,us-gaap:AssetsCurrent,"Assets, Current",us-gaap:InventoryFinishedGoodsNetOfReserves,"Inventory, Finished Goods, Net of Reserves",http://www.xbrl.org/2003/arcrole/summation-item,4,1.0,,http://www.nike.com/role/CONSOLIDATEDBALANCESHEETS,nke-20250531_cal.xml
X-NKE-0057,NKE,"Nike, Inc.",main_deep_case,calculation,us-gaap:NetCashProvidedByUsedInOperatingActivities,Net Cash Provided by (Used in) Operating Activities,us-gaap:IncreaseDecreaseInAccountsReceivable,Increase (Decrease) in Accounts Receivable,http://www.xbrl.org/2003/arcrole/summation-item,6,-1.0,,http://www.nike.com/role/CONSOLIDATEDSTATEMENTSOFCASHFLOWS,nke-20250531_cal.xml
X-NKE-0058,NKE,"Nike, Inc.",main_deep_case,calculation,us-gaap:NetCashProvidedByUsedInOperatingActivities,Net Cash Provided by (Used in) Operating Activities,us-gaap:IncreaseDecreaseInInventories,Increase (Decrease) in Inventories,http://www.xbrl.org/2003/arcrole/summation-item,7,-1.0,,http://www.nike.com/role/CONSOLIDATEDSTATEMENTSOFCASHFLOWS,nke-20250531_cal.xml
X-NKE-0059,NKE,"Nike, Inc.",main_deep_case,calculation,us-gaap:EffectiveIncomeTaxRateContinuingOperations,"Effective Income Tax Rate Reconciliation, Percent",nke:EffectiveIncomeTaxRateReconciliationIncomeTaxAuditsAndContingencyReservesPercent,,http://www.xbrl.org/2003/arcrole/summation-item,7,1.0,,http://www.nike.com/role/INCOMETAXESReconciliationfromUnitedStatesStatutoryFederalIncomeTaxRatetoEffectiveIncomeTaxRateDetails,nke-20250531_cal.xml
X-NKE-0060,NKE,"Nike, Inc.",main_deep_case,calculation,us-gaap:DeferredTaxAssetsGross,"Deferred Tax Assets, Gross",us-gaap:DeferredTaxAssetsInventory,"Deferred Tax Assets, Inventory",http://www.xbrl.org/2003/arcrole/summation-item,1,1.0,,http://www.nike.com/role/INCOMETAXESDeferredIncomeTaxAssetsandLiabilitiesDetails,nke-20250531_cal.xml
X-NKE-0061,NKE,"Nike, Inc.",main_deep_case,calculation,us-gaap:DeferredTaxAssetsGross,"Deferred Tax Assets, Gross",us-gaap:DeferredTaxAssetsTaxDeferredExpenseReservesAndAccrualsReturnsAndAllowances,"Deferred Tax Assets, Tax Deferred Expense, Reserves and Accruals, Returns and Allowances",http://www.xbrl.org/2003/arcrole/summation-item,2,1.0,,http://www.nike.com/role/INCOMETAXESDeferredIncomeTaxAssetsandLiabilitiesDetails,nke-20250531_cal.xml
X-NKE-0062,NKE,"Nike, Inc.",main_deep_case,calculation,us-gaap:DeferredTaxAssetsGross,"Deferred Tax Assets, Gross",us-gaap:DeferredTaxAssetsTaxDeferredExpenseReservesAndAccruals,"Deferred Tax Assets, Tax Deferred Expense, Reserves and Accruals",http://www.xbrl.org/2003/arcrole/summation-item,5,1.0,,http://www.nike.com/role/INCOMETAXESDeferredIncomeTaxAssetsandLiabilitiesDetails,nke-20250531_cal.xml
X-NKE-0063,NKE,"Nike, Inc.",main_deep_case,calculation,nke:EarningsBeforeInterestAndTaxes,,us-gaap:GrossProfit,Gross Profit,http://www.xbrl.org/2003/arcrole/summation-item,1,1.0,,http://www.nike.com/role/SEGMENTINFORMATIONInformationbyOperatingSegmentsDetails,nke-20250531_cal.xml
X-NKE-0064,NKE,"Nike, Inc.",main_deep_case,definition,us-gaap:AssetsCurrentAbstract,"Assets, Current [Abstract]",us-gaap:AccountsReceivableNetCurrent,"Accounts Receivable, after Allowance for Credit Loss, Current",http://xbrl.org/int/dim/arcrole/domain-member,3,,,http://www.nike.com/role/CONSOLIDATEDBALANCESHEETS,nke-20250531_def.xml
X-NKE-0065,NKE,"Nike, Inc.",main_deep_case,definition,us-gaap:AssetsCurrentAbstract,"Assets, Current [Abstract]",us-gaap:InventoryFinishedGoodsNetOfReserves,"Inventory, Finished Goods, Net of Reserves",http://xbrl.org/int/dim/arcrole/domain-member,4,,,http://www.nike.com/role/CONSOLIDATEDBALANCESHEETS,nke-20250531_def.xml
X-NKE-0066,NKE,"Nike, Inc.",main_deep_case,definition,nke:SignificantAccountingPoliciesLineItems,,us-gaap:AllowanceForDoubtfulAccountsReceivable,"Accounts Receivable, Allowance for Credit Loss",http://xbrl.org/int/dim/arcrole/domain-member,2,,,http://www.nike.com/role/SUMMARYOFSIGNIFICANTACCOUNTINGPOLICIESDetails,nke-20250531_def.xml
X-NKE-0067,NKE,"Nike, Inc.",main_deep_case,definition,nke:SignificantAccountingPoliciesLineItems,,us-gaap:InventoryValuationReserves,Inventory Valuation Reserves,http://xbrl.org/int/dim/arcrole/domain-member,3,,,http://www.nike.com/role/SUMMARYOFSIGNIFICANTACCOUNTINGPOLICIESDetails,nke-20250531_def.xml
X-NKE-0068,NKE,"Nike, Inc.",main_deep_case,definition,us-gaap:DeferredTaxAssetsNetAbstract,"Deferred Tax Assets, Net [Abstract]",us-gaap:DeferredTaxAssetsInventory,"Deferred Tax Assets, Inventory",http://xbrl.org/int/dim/arcrole/domain-member,1,,,http://www.nike.com/role/INCOMETAXESDeferredIncomeTaxAssetsandLiabilitiesDetails,nke-20250531_def.xml
X-NKE-0069,NKE,"Nike, Inc.",main_deep_case,definition,us-gaap:DeferredTaxAssetsNetAbstract,"Deferred Tax Assets, Net [Abstract]",us-gaap:DeferredTaxAssetsTaxDeferredExpenseReservesAndAccrualsReturnsAndAllowances,"Deferred Tax Assets, Tax Deferred Expense, Reserves and Accruals, Returns and Allowances",http://xbrl.org/int/dim/arcrole/domain-member,2,,,http://www.nike.com/role/INCOMETAXESDeferredIncomeTaxAssetsandLiabilitiesDetails,nke-20250531_def.xml
X-NKE-0070,NKE,"Nike, Inc.",main_deep_case,definition,us-gaap:DeferredTaxAssetsNetAbstract,"Deferred Tax Assets, Net [Abstract]",us-gaap:DeferredTaxAssetsTaxDeferredExpenseReservesAndAccruals,"Deferred Tax Assets, Tax Deferred Expense, Reserves and Accruals",http://xbrl.org/int/dim/arcrole/domain-member,5,,,http://www.nike.com/role/INCOMETAXESDeferredIncomeTaxAssetsandLiabilitiesDetails,nke-20250531_def.xml
X-NKE-0071,NKE,"Nike, Inc.",main_deep_case,definition,us-gaap:IncomeStatementLocationDomain,"Statement of Income Location, Balance [Domain]",us-gaap:CostOfSalesMember,Cost of Sales [Member],http://xbrl.org/int/dim/arcrole/domain-member,1,,,http://www.nike.com/role/RISKMANAGEMENTANDDERIVATIVESAmountsAffectingConsolidatedStatementsofIncomeDetails,nke-20250531_def.xml
X-NKE-0072,NKE,"Nike, Inc.",main_deep_case,definition,us-gaap:DisaggregationOfRevenueLineItems,Disaggregation of Revenue [Line Items],us-gaap:DisaggregationOfRevenueTable,Disaggregation of Revenue [Table],http://xbrl.org/int/dim/arcrole/all,1,,,http://www.nike.com/role/REVENUESScheduleofDisaggregationofRevenueDetails,nke-20250531_def.xml
X-NKE-0073,NKE,"Nike, Inc.",main_deep_case,definition,us-gaap:DisaggregationOfRevenueTable,Disaggregation of Revenue [Table],us-gaap:SubsegmentsAxis,Subsegments [Axis],http://xbrl.org/int/dim/arcrole/hypercube-dimension,1,,,http://www.nike.com/role/REVENUESScheduleofDisaggregationofRevenueDetails,nke-20250531_def.xml
X-NKE-0074,NKE,"Nike, Inc.",main_deep_case,definition,us-gaap:DisaggregationOfRevenueTable,Disaggregation of Revenue [Table],srt:ConsolidationItemsAxis,Consolidation Items [Axis],http://xbrl.org/int/dim/arcrole/hypercube-dimension,2,,,http://www.nike.com/role/REVENUESScheduleofDisaggregationofRevenueDetails,nke-20250531_def.xml
X-NKE-0075,NKE,"Nike, Inc.",main_deep_case,definition,us-gaap:DisaggregationOfRevenueTable,Disaggregation of Revenue [Table],us-gaap:StatementBusinessSegmentsAxis,Segments [Axis],http://xbrl.org/int/dim/arcrole/hypercube-dimension,3,,,http://www.nike.com/role/REVENUESScheduleofDisaggregationofRevenueDetails,nke-20250531_def.xml
X-NKE-0076,NKE,"Nike, Inc.",main_deep_case,definition,us-gaap:DisaggregationOfRevenueTable,Disaggregation of Revenue [Table],srt:ProductOrServiceAxis,Product and Service [Axis],http://xbrl.org/int/dim/arcrole/hypercube-dimension,4,,,http://www.nike.com/role/REVENUESScheduleofDisaggregationofRevenueDetails,nke-20250531_def.xml
X-NKE-0077,NKE,"Nike, Inc.",main_deep_case,definition,us-gaap:DisaggregationOfRevenueTable,Disaggregation of Revenue [Table],us-gaap:ContractWithCustomerSalesChannelAxis,"Contract with Customer, Sales Channel [Axis]",http://xbrl.org/int/dim/arcrole/hypercube-dimension,5,,,http://www.nike.com/role/REVENUESScheduleofDisaggregationofRevenueDetails,nke-20250531_def.xml
X-NKE-0078,NKE,"Nike, Inc.",main_deep_case,definition,us-gaap:ContractWithCustomerSalesChannelAxis,"Contract with Customer, Sales Channel [Axis]",us-gaap:ContractWithCustomerSalesChannelDomain,"Contract with Customer, Sales Channel [Domain]",http://xbrl.org/int/dim/arcrole/dimension-default,1,,,http://www.nike.com/role/REVENUESScheduleofDisaggregationofRevenueDetails,nke-20250531_def.xml
X-NKE-0079,NKE,"Nike, Inc.",main_deep_case,definition,us-gaap:ContractWithCustomerSalesChannelAxis,"Contract with Customer, Sales Channel [Axis]",us-gaap:ContractWithCustomerSalesChannelDomain,"Contract with Customer, Sales Channel [Domain]",http://xbrl.org/int/dim/arcrole/dimension-domain,1,,,http://www.nike.com/role/REVENUESScheduleofDisaggregationofRevenueDetails,nke-20250531_def.xml
X-NKE-0080,NKE,"Nike, Inc.",main_deep_case,definition,us-gaap:ContractWithCustomerSalesChannelDomain,"Contract with Customer, Sales Channel [Domain]",nke:SalesChannelWholesaleMember,,http://xbrl.org/int/dim/arcrole/domain-member,0,,,http://www.nike.com/role/REVENUESScheduleofDisaggregationofRevenueDetails,nke-20250531_def.xml
X-NKE-0081,NKE,"Nike, Inc.",main_deep_case,definition,us-gaap:ContractWithCustomerSalesChannelDomain,"Contract with Customer, Sales Channel [Domain]",us-gaap:SalesChannelDirectlyToConsumerMember,"Sales Channel, Directly to Consumer [Member]",http://xbrl.org/int/dim/arcrole/domain-member,1,,,http://www.nike.com/role/REVENUESScheduleofDisaggregationofRevenueDetails,nke-20250531_def.xml
X-NKE-0082,NKE,"Nike, Inc.",main_deep_case,definition,us-gaap:ContractWithCustomerSalesChannelDomain,"Contract with Customer, Sales Channel [Domain]",nke:SalesChannelOtherMember,,http://xbrl.org/int/dim/arcrole/domain-member,2,,,http://www.nike.com/role/REVENUESScheduleofDisaggregationofRevenueDetails,nke-20250531_def.xml
X-NKE-0083,NKE,"Nike, Inc.",main_deep_case,definition,us-gaap:DisaggregationOfRevenueLineItems,Disaggregation of Revenue [Line Items],us-gaap:RevenueFromContractWithCustomerExcludingAssessedTax,"Revenue from Contract with Customer, Excluding Assessed Tax",http://xbrl.org/int/dim/arcrole/domain-member,0,,,http://www.nike.com/role/REVENUESScheduleofDisaggregationofRevenueDetails,nke-20250531_def.xml
X-NKE-0084,NKE,"Nike, Inc.",main_deep_case,definition,us-gaap:SegmentReportingAssetReconcilingItemLineItems,"Segment Reporting, Asset Reconciling Item [Line Items]",us-gaap:RevenueFromContractWithCustomerExcludingAssessedTax,"Revenue from Contract with Customer, Excluding Assessed Tax",http://xbrl.org/int/dim/arcrole/domain-member,0,,,http://www.nike.com/role/SEGMENTINFORMATIONInformationbyOperatingSegmentsDetails,nke-20250531_def.xml
X-NKE-0085,NKE,"Nike, Inc.",main_deep_case,definition,us-gaap:SegmentReportingAssetReconcilingItemLineItems,"Segment Reporting, Asset Reconciling Item [Line Items]",us-gaap:CostOfGoodsAndServicesSold,Cost of Goods and Services Sold,http://xbrl.org/int/dim/arcrole/domain-member,1,,,http://www.nike.com/role/SEGMENTINFORMATIONInformationbyOperatingSegmentsDetails,nke-20250531_def.xml
X-NKE-0086,NKE,"Nike, Inc.",main_deep_case,definition,us-gaap:SegmentReportingAssetReconcilingItemLineItems,"Segment Reporting, Asset Reconciling Item [Line Items]",us-gaap:GrossProfit,Gross Profit,http://xbrl.org/int/dim/arcrole/domain-member,2,,,http://www.nike.com/role/SEGMENTINFORMATIONInformationbyOperatingSegmentsDetails,nke-20250531_def.xml
X-NKE-0087,NKE,"Nike, Inc.",main_deep_case,definition,us-gaap:SegmentReportingAssetReconcilingItemLineItems,"Segment Reporting, Asset Reconciling Item [Line Items]",us-gaap:InventoryFinishedGoodsNetOfReserves,"Inventory, Finished Goods, Net of Reserves",http://xbrl.org/int/dim/arcrole/domain-member,11,,,http://www.nike.com/role/SEGMENTINFORMATIONInformationbyOperatingSegmentsDetails,nke-20250531_def.xml
X-NKE-0088,NKE,"Nike, Inc.",main_deep_case,definition,us-gaap:SegmentReportingAssetReconcilingItemLineItems,"Segment Reporting, Asset Reconciling Item [Line Items]",us-gaap:RevenueFromContractWithCustomerExcludingAssessedTax,"Revenue from Contract with Customer, Excluding Assessed Tax",http://xbrl.org/int/dim/arcrole/domain-member,0,,,http://www.nike.com/role/SEGMENTINFORMATIONAdditionalInformationDetails,nke-20250531_def.xml
X-NKE-0089,NKE,"Nike, Inc.",main_deep_case,definition,us-gaap:RevenuesFromExternalCustomersAndLongLivedAssetsLineItems,Revenues from External Customers and Long-Lived Assets [Line Items],us-gaap:ScheduleOfRevenuesFromExternalCustomersAndLongLivedAssetsTable,Schedule of Revenues from External Customers and Long-Lived Assets [Table],http://xbrl.org/int/dim/arcrole/all,1,,,http://www.nike.com/role/SEGMENTINFORMATIONLonglivedAssetsbyGeographicAreasDetails,nke-20250531_def.xml
X-NKE-0090,NKE,"Nike, Inc.",main_deep_case,definition,us-gaap:ScheduleOfRevenuesFromExternalCustomersAndLongLivedAssetsTable,Schedule of Revenues from External Customers and Long-Lived Assets [Table],srt:StatementGeographicalAxis,Geographical [Axis],http://xbrl.org/int/dim/arcrole/hypercube-dimension,1,,,http://www.nike.com/role/SEGMENTINFORMATIONLonglivedAssetsbyGeographicAreasDetails,nke-20250531_def.xml
X-NKE-0091,NKE,"Nike, Inc.",main_deep_case,definition,us-gaap:RevenuesFromExternalCustomersAndLongLivedAssetsLineItems,Revenues from External Customers and Long-Lived Assets [Line Items],us-gaap:NoncurrentAssets,Long-Lived Assets,http://xbrl.org/int/dim/arcrole/domain-member,0,,,http://www.nike.com/role/SEGMENTINFORMATIONLonglivedAssetsbyGeographicAreasDetails,nke-20250531_def.xml
X-NKE-0092,NKE,"Nike, Inc.",main_deep_case,definition,us-gaap:RestructuringCostAndReserveLineItems,Restructuring Cost and Reserve [Line Items],us-gaap:ScheduleOfRestructuringAndRelatedCostsTable,Restructuring Cost [Table],http://xbrl.org/int/dim/arcrole/all,1,,,http://www.nike.com/role/RESTRUCTURINGDetails,nke-20250531_def.xml
X-NKE-0093,NKE,"Nike, Inc.",main_deep_case,definition,us-gaap:ScheduleOfRestructuringAndRelatedCostsTable,Restructuring Cost [Table],us-gaap:RestructuringCostAndReserveAxis,Restructuring Type [Axis],http://xbrl.org/int/dim/arcrole/hypercube-dimension,1,,,http://www.nike.com/role/RESTRUCTURINGDetails,nke-20250531_def.xml
X-NKE-0094,NKE,"Nike, Inc.",main_deep_case,definition,us-gaap:RestructuringCostAndReserveAxis,Restructuring Type [Axis],us-gaap:TypeOfRestructuringDomain,Type of Restructuring [Domain],http://xbrl.org/int/dim/arcrole/dimension-default,1,,,http://www.nike.com/role/RESTRUCTURINGDetails,nke-20250531_def.xml
X-NKE-0095,NKE,"Nike, Inc.",main_deep_case,definition,us-gaap:RestructuringCostAndReserveAxis,Restructuring Type [Axis],us-gaap:TypeOfRestructuringDomain,Type of Restructuring [Domain],http://xbrl.org/int/dim/arcrole/dimension-domain,1,,,http://www.nike.com/role/RESTRUCTURINGDetails,nke-20250531_def.xml
X-NKE-0096,NKE,"Nike, Inc.",main_deep_case,definition,us-gaap:IncomeStatementLocationDomain,"Statement of Income Location, Balance [Domain]",us-gaap:CostOfSalesMember,Cost of Sales [Member],http://xbrl.org/int/dim/arcrole/domain-member,1,,,http://www.nike.com/role/RESTRUCTURINGDetails,nke-20250531_def.xml
X-NKE-0097,NKE,"Nike, Inc.",main_deep_case,definition,us-gaap:RestructuringCostAndReserveLineItems,Restructuring Cost and Reserve [Line Items],us-gaap:RestructuringCharges,Restructuring Charges,http://xbrl.org/int/dim/arcrole/domain-member,0,,,http://www.nike.com/role/RESTRUCTURINGDetails,nke-20250531_def.xml
X-NKE-0098,NKE,"Nike, Inc.",main_deep_case,definition,us-gaap:RestructuringCostAndReserveLineItems,Restructuring Cost and Reserve [Line Items],us-gaap:PaymentsForRestructuring,Payments for Restructuring,http://xbrl.org/int/dim/arcrole/domain-member,1,,,http://www.nike.com/role/RESTRUCTURINGDetails,nke-20250531_def.xml
X-NKE-0099,NKE,"Nike, Inc.",main_deep_case,definition,us-gaap:RestructuringCostAndReserveLineItems,Restructuring Cost and Reserve [Line Items],us-gaap:RestructuringReserveCurrent,"Restructuring Reserve, Current",http://xbrl.org/int/dim/arcrole/domain-member,2,,,http://www.nike.com/role/RESTRUCTURINGDetails,nke-20250531_def.xml
X-SBUX-0001,SBUX,Starbucks Corporation,main_deep_case,presentation,us-gaap:StatementLineItems,Statement [Line Items],us-gaap:RevenuesAbstract,Revenues [Abstract],http://www.xbrl.org/2003/arcrole/parent-child,1,,http://www.xbrl.org/2003/role/terseLabel,http://www.starbucks.com/role/ConsolidatedStatementsofEarnings,sbux-20250928_pre.xml
X-SBUX-0002,SBUX,Starbucks Corporation,main_deep_case,presentation,us-gaap:RevenuesAbstract,Revenues [Abstract],us-gaap:Revenues,Revenues,http://www.xbrl.org/2003/arcrole/parent-child,1,,http://www.xbrl.org/2003/role/terseLabel,http://www.starbucks.com/role/ConsolidatedStatementsofEarnings,sbux-20250928_pre.xml
X-SBUX-0003,SBUX,Starbucks Corporation,main_deep_case,presentation,us-gaap:IncreaseDecreaseInOperatingCapitalAbstract,"Adjustment to Reconcile Net Income to Cash Provided by (Used in) Operating Activity, Increase (Decrease) in Operating Capital [Abstract]",us-gaap:IncreaseDecreaseInAccountsReceivable,Increase (Decrease) in Accounts Receivable,http://www.xbrl.org/2003/arcrole/parent-child,1,,http://www.xbrl.org/2009/role/negatedTerseLabel,http://www.starbucks.com/role/ConsolidatedStatementsofCashFlows,sbux-20250928_pre.xml
X-SBUX-0004,SBUX,Starbucks Corporation,main_deep_case,presentation,us-gaap:IncreaseDecreaseInOperatingCapitalAbstract,"Adjustment to Reconcile Net Income to Cash Provided by (Used in) Operating Activity, Increase (Decrease) in Operating Capital [Abstract]",us-gaap:IncreaseDecreaseInInventories,Increase (Decrease) in Inventories,http://www.xbrl.org/2003/arcrole/parent-child,2,,http://www.xbrl.org/2009/role/negatedLabel,http://www.starbucks.com/role/ConsolidatedStatementsofCashFlows,sbux-20250928_pre.xml
X-SBUX-0005,SBUX,Starbucks Corporation,main_deep_case,presentation,us-gaap:IncreaseDecreaseInOperatingCapitalAbstract,"Adjustment to Reconcile Net Income to Cash Provided by (Used in) Operating Activity, Increase (Decrease) in Operating Capital [Abstract]",us-gaap:IncreaseDecreaseInDeferredRevenue,Increase (Decrease) in Deferred Revenue,http://www.xbrl.org/2003/arcrole/parent-child,5,,http://www.xbrl.org/2003/role/verboseLabel,http://www.starbucks.com/role/ConsolidatedStatementsofCashFlows,sbux-20250928_pre.xml
X-SBUX-0006,SBUX,Starbucks Corporation,main_deep_case,presentation,us-gaap:AssetsCurrentAbstract,"Assets, Current [Abstract]",us-gaap:AccountsReceivableNetCurrent,"Accounts Receivable, after Allowance for Credit Loss, Current",http://www.xbrl.org/2003/arcrole/parent-child,3,,http://www.xbrl.org/2003/role/terseLabel,http://www.starbucks.com/role/ConsolidatedBalanceSheets,sbux-20250928_pre.xml
X-SBUX-0007,SBUX,Starbucks Corporation,main_deep_case,presentation,us-gaap:AssetsCurrentAbstract,"Assets, Current [Abstract]",us-gaap:InventoryNet,"Inventory, Net",http://www.xbrl.org/2003/arcrole/parent-child,4,,http://www.xbrl.org/2003/role/terseLabel,http://www.starbucks.com/role/ConsolidatedBalanceSheets,sbux-20250928_pre.xml
X-SBUX-0008,SBUX,Starbucks Corporation,main_deep_case,presentation,us-gaap:LiabilitiesCurrentAbstract,"Liabilities, Current [Abstract]",us-gaap:DeferredRevenueCurrent,"Deferred Revenue, Current",http://www.xbrl.org/2003/arcrole/parent-child,5,,http://www.xbrl.org/2003/role/terseLabel,http://www.starbucks.com/role/ConsolidatedBalanceSheets,sbux-20250928_pre.xml
X-SBUX-0009,SBUX,Starbucks Corporation,main_deep_case,presentation,us-gaap:LiabilitiesAndStockholdersEquityAbstract,Liabilities and Equity [Abstract],us-gaap:DeferredRevenueNoncurrent,"Deferred Revenue, Noncurrent",http://www.xbrl.org/2003/arcrole/parent-child,4,,http://www.xbrl.org/2003/role/terseLabel,http://www.starbucks.com/role/ConsolidatedBalanceSheets,sbux-20250928_pre.xml
X-SBUX-0010,SBUX,Starbucks Corporation,main_deep_case,presentation,us-gaap:InventoryDisclosureAbstract,Inventory Disclosure [Abstract],us-gaap:InventoryDisclosureTextBlock,Inventory Disclosure [Text Block],http://www.xbrl.org/2003/arcrole/parent-child,1,,http://www.xbrl.org/2003/role/terseLabel,http://www.starbucks.com/role/Inventories,sbux-20250928_pre.xml
X-SBUX-0011,SBUX,Starbucks Corporation,main_deep_case,presentation,us-gaap:DeferredRevenueAbstract,Deferred Revenue [Abstract],us-gaap:StatementTable,Statement [Table],http://www.xbrl.org/2003/arcrole/parent-child,1,,http://www.xbrl.org/2003/role/terseLabel,http://www.starbucks.com/role/DeferredRevenue,sbux-20250928_pre.xml
X-SBUX-0012,SBUX,Starbucks Corporation,main_deep_case,presentation,us-gaap:StatementLineItems,Statement [Line Items],us-gaap:RevenueFromContractWithCustomerTextBlock,Revenue from Contract with Customer [Text Block],http://www.xbrl.org/2003/arcrole/parent-child,1,,http://www.xbrl.org/2003/role/terseLabel,http://www.starbucks.com/role/DeferredRevenue,sbux-20250928_pre.xml
X-SBUX-0013,SBUX,Starbucks Corporation,main_deep_case,presentation,us-gaap:AccountingPoliciesAbstract,Accounting Policies [Abstract],us-gaap:ReceivablesPolicyTextBlock,Receivable [Policy Text Block],http://www.xbrl.org/2003/arcrole/parent-child,9,,http://www.xbrl.org/2003/role/terseLabel,http://www.starbucks.com/role/SummaryofSignificantAccountingPoliciesPolicies,sbux-20250928_pre.xml
X-SBUX-0014,SBUX,Starbucks Corporation,main_deep_case,presentation,us-gaap:AccountingPoliciesAbstract,Accounting Policies [Abstract],us-gaap:InventoryPolicyTextBlock,"Inventory, Policy [Policy Text Block]",http://www.xbrl.org/2003/arcrole/parent-child,10,,http://www.xbrl.org/2003/role/terseLabel,http://www.starbucks.com/role/SummaryofSignificantAccountingPoliciesPolicies,sbux-20250928_pre.xml
X-SBUX-0015,SBUX,Starbucks Corporation,main_deep_case,presentation,us-gaap:AccountingPoliciesAbstract,Accounting Policies [Abstract],sbux:InsuranceReservesPolicyTextBlock,,http://www.xbrl.org/2003/arcrole/parent-child,15,,http://www.xbrl.org/2003/role/terseLabel,http://www.starbucks.com/role/SummaryofSignificantAccountingPoliciesPolicies,sbux-20250928_pre.xml
X-SBUX-0016,SBUX,Starbucks Corporation,main_deep_case,presentation,us-gaap:AccountingPoliciesAbstract,Accounting Policies [Abstract],us-gaap:RevenueRecognitionPolicyTextBlock,Revenue [Policy Text Block],http://www.xbrl.org/2003/arcrole/parent-child,16,,http://www.xbrl.org/2003/role/terseLabel,http://www.starbucks.com/role/SummaryofSignificantAccountingPoliciesPolicies,sbux-20250928_pre.xml
X-SBUX-0017,SBUX,Starbucks Corporation,main_deep_case,presentation,us-gaap:InventoryDisclosureAbstract,Inventory Disclosure [Abstract],us-gaap:ScheduleOfInventoryCurrentTableTextBlock,"Schedule of Inventory, Current [Table Text Block]",http://www.xbrl.org/2003/arcrole/parent-child,1,,http://www.xbrl.org/2003/role/terseLabel,http://www.starbucks.com/role/InventoryTables,sbux-20250928_pre.xml
X-SBUX-0018,SBUX,Starbucks Corporation,main_deep_case,presentation,us-gaap:RevenueFromContractWithCustomerAbstract,Revenue from Contract with Customer [Abstract],sbux:ChangesInDeferredRevenueBalanceRelatedToStoredValueCardsAndLoyaltyProgramTableTextBlock,,http://www.xbrl.org/2003/arcrole/parent-child,1,,http://www.xbrl.org/2003/role/terseLabel,http://www.starbucks.com/role/DeferredRevenueTables,sbux-20250928_pre.xml
X-SBUX-0019,SBUX,Starbucks Corporation,main_deep_case,presentation,us-gaap:SegmentReportingAbstract,Segment Reporting [Abstract],us-gaap:ScheduleOfEntityWideInformationRevenueFromExternalCustomersByProductsAndServicesTextBlock,Revenue from External Customers by Products and Services [Table Text Block],http://www.xbrl.org/2003/arcrole/parent-child,1,,http://www.xbrl.org/2003/role/terseLabel,http://www.starbucks.com/role/SegmentReportingTables,sbux-20250928_pre.xml
X-SBUX-0020,SBUX,Starbucks Corporation,main_deep_case,presentation,us-gaap:SegmentReportingAbstract,Segment Reporting [Abstract],us-gaap:ScheduleOfRevenuesFromExternalCustomersAndLongLivedAssetsByGeographicalAreasTableTextBlock,"Schedule of Revenue from External Customers and Long-Lived Assets, by Geographical Areas [Table Text Block]",http://www.xbrl.org/2003/arcrole/parent-child,2,,http://www.xbrl.org/2003/role/terseLabel,http://www.starbucks.com/role/SegmentReportingTables,sbux-20250928_pre.xml
X-SBUX-0021,SBUX,Starbucks Corporation,main_deep_case,presentation,us-gaap:RestructuringAndRelatedActivitiesAbstract,Restructuring and Related Activities [Abstract],us-gaap:ScheduleOfRestructuringReserveByTypeOfCostTextBlock,Schedule of Restructuring Reserve by Type of Cost [Table Text Block],http://www.xbrl.org/2003/arcrole/parent-child,2,,http://www.xbrl.org/2003/role/terseLabel,http://www.starbucks.com/role/RestructuringandRelatedActivitiesTables,sbux-20250928_pre.xml
X-SBUX-0022,SBUX,Starbucks Corporation,main_deep_case,presentation,us-gaap:StatementLineItems,Statement [Line Items],us-gaap:BusinessCombinationProFormaInformationRevenueOfAcquireeSinceAcquisitionDateActual,"Business Combination, Acquiree's Revenue since Acquisition Date, Actual",http://www.xbrl.org/2003/arcrole/parent-child,4,,http://www.xbrl.org/2003/role/terseLabel,http://www.starbucks.com/role/AcquisitionsandDivestituresAllocationofTotalConsiderationtoFairValueofAssetsAcquiredandLiabilitiesAssumedDetails,sbux-20250928_pre.xml
X-SBUX-0023,SBUX,Starbucks Corporation,main_deep_case,presentation,us-gaap:StatementLineItems,Statement [Line Items],us-gaap:BusinessAcquisitionsProFormaRevenue,"Business Combination, Pro Forma Information, Pro Forma Revenue",http://www.xbrl.org/2003/arcrole/parent-child,12,,http://www.xbrl.org/2003/role/terseLabel,http://www.starbucks.com/role/AcquisitionsandDivestituresAllocationofTotalConsiderationtoFairValueofAssetsAcquiredandLiabilitiesAssumedDetails,sbux-20250928_pre.xml
X-SBUX-0024,SBUX,Starbucks Corporation,main_deep_case,presentation,us-gaap:StatementLineItems,Statement [Line Items],us-gaap:BusinessCombinationRecognizedIdentifiableAssetsAcquiredAndLiabilitiesAssumedCurrentAssetsReceivables,"Business Combination, Recognized Asset Acquired, Receivable, Current",http://www.xbrl.org/2003/arcrole/parent-child,19,,http://www.xbrl.org/2003/role/terseLabel,http://www.starbucks.com/role/AcquisitionsandDivestituresAllocationofTotalConsiderationtoFairValueofAssetsAcquiredandLiabilitiesAssumedDetails,sbux-20250928_pre.xml
X-SBUX-0025,SBUX,Starbucks Corporation,main_deep_case,presentation,us-gaap:StatementLineItems,Statement [Line Items],us-gaap:BusinessCombinationRecognizedIdentifiableAssetsAcquiredAndLiabilitiesAssumedInventory,"Business Combination, Recognized Asset Acquired, Inventory, Current",http://www.xbrl.org/2003/arcrole/parent-child,20,,http://www.xbrl.org/2003/role/terseLabel,http://www.starbucks.com/role/AcquisitionsandDivestituresAllocationofTotalConsiderationtoFairValueofAssetsAcquiredandLiabilitiesAssumedDetails,sbux-20250928_pre.xml
X-SBUX-0026,SBUX,Starbucks Corporation,main_deep_case,presentation,us-gaap:StatementLineItems,Statement [Line Items],us-gaap:BusinessCombinationRecognizedIdentifiableAssetsAcquiredAndLiabilitiesAssumedCurrentLiabilitiesDeferredRevenue,"Business Combination, Recognized Liability Assumed, Deferred Revenue, Current",http://www.xbrl.org/2003/arcrole/parent-child,27,,http://www.xbrl.org/2009/role/negatedTerseLabel,http://www.starbucks.com/role/AcquisitionsandDivestituresAllocationofTotalConsiderationtoFairValueofAssetsAcquiredandLiabilitiesAssumedDetails,sbux-20250928_pre.xml
X-SBUX-0027,SBUX,Starbucks Corporation,main_deep_case,presentation,us-gaap:TypeOfAdoptionMember,Accounting Standards Update [Domain],sbux:StoredValueCardsAndLoyaltyProgramBreakageInPriorYearDomain,,http://www.xbrl.org/2003/arcrole/parent-child,2,,http://www.xbrl.org/2003/role/terseLabel,http://www.starbucks.com/role/SummaryofSignificantAccountingPoliciesNarrativeDetails,sbux-20250928_pre.xml
X-SBUX-0028,SBUX,Starbucks Corporation,main_deep_case,presentation,us-gaap:StatementLineItems,Statement [Line Items],sbux:DeferredRevenueOther,,http://www.xbrl.org/2003/arcrole/parent-child,3,,http://www.xbrl.org/2003/role/terseLabel,http://www.starbucks.com/role/SummaryofSignificantAccountingPoliciesNarrativeDetails,sbux-20250928_pre.xml
X-SBUX-0029,SBUX,Starbucks Corporation,main_deep_case,presentation,us-gaap:StatementLineItems,Statement [Line Items],us-gaap:OtherReceivables,Other Receivables,http://www.xbrl.org/2003/arcrole/parent-child,4,,http://www.xbrl.org/2003/role/terseLabel,http://www.starbucks.com/role/SummaryofSignificantAccountingPoliciesNarrativeDetails,sbux-20250928_pre.xml
X-SBUX-0030,SBUX,Starbucks Corporation,main_deep_case,presentation,sbux:SummaryofSignificantAccountingPoliciesAbstract,,us-gaap:AccountsReceivableNetAbstract,"Accounts Receivable, after Allowance for Credit Loss [Abstract]",http://www.xbrl.org/2003/arcrole/parent-child,3,,http://www.xbrl.org/2003/role/terseLabel,http://www.starbucks.com/role/SummaryofSignificantAccountingPoliciesNarrativeDetails,sbux-20250928_pre.xml
X-SBUX-0031,SBUX,Starbucks Corporation,main_deep_case,presentation,us-gaap:AccountsReceivableNetAbstract,"Accounts Receivable, after Allowance for Credit Loss [Abstract]",us-gaap:AllowanceForDoubtfulAccountsReceivableCurrent,"Accounts Receivable, Allowance for Credit Loss, Current",http://www.xbrl.org/2003/arcrole/parent-child,1,,http://www.xbrl.org/2003/role/terseLabel,http://www.starbucks.com/role/SummaryofSignificantAccountingPoliciesNarrativeDetails,sbux-20250928_pre.xml
X-SBUX-0032,SBUX,Starbucks Corporation,main_deep_case,presentation,sbux:SummaryofSignificantAccountingPoliciesAbstract,,us-gaap:InventoryDisclosureAbstract,Inventory Disclosure [Abstract],http://www.xbrl.org/2003/arcrole/parent-child,4,,http://www.xbrl.org/2003/role/terseLabel,http://www.starbucks.com/role/SummaryofSignificantAccountingPoliciesNarrativeDetails,sbux-20250928_pre.xml
X-SBUX-0033,SBUX,Starbucks Corporation,main_deep_case,presentation,us-gaap:InventoryDisclosureAbstract,Inventory Disclosure [Abstract],us-gaap:InventoryValuationReserves,Inventory Valuation Reserves,http://www.xbrl.org/2003/arcrole/parent-child,1,,http://www.xbrl.org/2003/role/terseLabel,http://www.starbucks.com/role/SummaryofSignificantAccountingPoliciesNarrativeDetails,sbux-20250928_pre.xml
X-SBUX-0034,SBUX,Starbucks Corporation,main_deep_case,presentation,sbux:SummaryofSignificantAccountingPoliciesAbstract,,us-gaap:RevenueFromContractWithCustomerAbstract,Revenue from Contract with Customer [Abstract],http://www.xbrl.org/2003/arcrole/parent-child,7,,http://www.xbrl.org/2003/role/terseLabel,http://www.starbucks.com/role/SummaryofSignificantAccountingPoliciesNarrativeDetails,sbux-20250928_pre.xml
X-SBUX-0035,SBUX,Starbucks Corporation,main_deep_case,presentation,us-gaap:RevenueFromContractWithCustomerAbstract,Revenue from Contract with Customer [Abstract],us-gaap:DeferredRevenueArrangementByTypeTable,"Deferred Revenue Arrangement, by Type [Table]",http://www.xbrl.org/2003/arcrole/parent-child,1,,http://www.xbrl.org/2003/role/terseLabel,http://www.starbucks.com/role/SummaryofSignificantAccountingPoliciesNarrativeDetails,sbux-20250928_pre.xml
X-SBUX-0036,SBUX,Starbucks Corporation,main_deep_case,presentation,us-gaap:DeferredRevenueArrangementByTypeTable,"Deferred Revenue Arrangement, by Type [Table]",us-gaap:FranchisorDisclosureAxis,Franchisor Disclosure [Axis],http://www.xbrl.org/2003/arcrole/parent-child,1,,http://www.xbrl.org/2003/role/terseLabel,http://www.starbucks.com/role/SummaryofSignificantAccountingPoliciesNarrativeDetails,sbux-20250928_pre.xml
X-SBUX-0037,SBUX,Starbucks Corporation,main_deep_case,presentation,us-gaap:DeferredRevenueArrangementByTypeTable,"Deferred Revenue Arrangement, by Type [Table]",srt:ProductOrServiceAxis,Product and Service [Axis],http://www.xbrl.org/2003/arcrole/parent-child,2,,http://www.xbrl.org/2003/role/terseLabel,http://www.starbucks.com/role/SummaryofSignificantAccountingPoliciesNarrativeDetails,sbux-20250928_pre.xml
X-SBUX-0038,SBUX,Starbucks Corporation,main_deep_case,presentation,srt:ProductsAndServicesDomain,Product and Service [Domain],sbux:StoredValueCardsAndLoyaltyProgramBreakageInPriorYearDomain,,http://www.xbrl.org/2003/arcrole/parent-child,1,,http://www.xbrl.org/2003/role/terseLabel,http://www.starbucks.com/role/SummaryofSignificantAccountingPoliciesNarrativeDetails,sbux-20250928_pre.xml
X-SBUX-0039,SBUX,Starbucks Corporation,main_deep_case,presentation,srt:ProductsAndServicesDomain,Product and Service [Domain],sbux:StoredValueCardbreakagerevenueDomain,,http://www.xbrl.org/2003/arcrole/parent-child,2,,http://www.xbrl.org/2003/role/terseLabel,http://www.starbucks.com/role/SummaryofSignificantAccountingPoliciesNarrativeDetails,sbux-20250928_pre.xml
X-SBUX-0040,SBUX,Starbucks Corporation,main_deep_case,presentation,us-gaap:DeferredRevenueArrangementByTypeTable,"Deferred Revenue Arrangement, by Type [Table]",sbux:RevenueRecognitionMultipleDeliverableArrangementsExtensionLineItems,,http://www.xbrl.org/2003/arcrole/parent-child,3,,http://www.xbrl.org/2003/role/terseLabel,http://www.starbucks.com/role/SummaryofSignificantAccountingPoliciesNarrativeDetails,sbux-20250928_pre.xml
X-SBUX-0041,SBUX,Starbucks Corporation,main_deep_case,presentation,sbux:RevenueRecognitionMultipleDeliverableArrangementsExtensionLineItems,,us-gaap:DeferredRevenue,Deferred Revenue,http://www.xbrl.org/2003/arcrole/parent-child,1,,http://www.xbrl.org/2003/role/terseLabel,http://www.starbucks.com/role/SummaryofSignificantAccountingPoliciesNarrativeDetails,sbux-20250928_pre.xml
X-SBUX-0042,SBUX,Starbucks Corporation,main_deep_case,presentation,sbux:RevenueRecognitionMultipleDeliverableArrangementsExtensionLineItems,,sbux:PrepaidRoyaltyEconomicLife,,http://www.xbrl.org/2003/arcrole/parent-child,2,,http://www.xbrl.org/2003/role/terseLabel,http://www.starbucks.com/role/SummaryofSignificantAccountingPoliciesNarrativeDetails,sbux-20250928_pre.xml
X-SBUX-0043,SBUX,Starbucks Corporation,main_deep_case,presentation,sbux:RevenueRecognitionMultipleDeliverableArrangementsExtensionLineItems,,us-gaap:DeferredRevenueAdditions,"Deferred Revenue, Additions",http://www.xbrl.org/2003/arcrole/parent-child,3,,http://www.xbrl.org/2003/role/terseLabel,http://www.starbucks.com/role/SummaryofSignificantAccountingPoliciesNarrativeDetails,sbux-20250928_pre.xml
X-SBUX-0044,SBUX,Starbucks Corporation,main_deep_case,presentation,sbux:RevenueRecognitionMultipleDeliverableArrangementsExtensionLineItems,,us-gaap:ContractWithCustomerLiabilityRevenueRecognized,"Contract with Customer, Liability, Revenue Recognized",http://www.xbrl.org/2003/arcrole/parent-child,4,,http://www.xbrl.org/2003/role/terseLabel,http://www.starbucks.com/role/SummaryofSignificantAccountingPoliciesNarrativeDetails,sbux-20250928_pre.xml
X-SBUX-0045,SBUX,Starbucks Corporation,main_deep_case,presentation,sbux:RevenueRecognitionMultipleDeliverableArrangementsExtensionLineItems,,us-gaap:DeferredRevenueCurrent,"Deferred Revenue, Current",http://www.xbrl.org/2003/arcrole/parent-child,5,,http://www.xbrl.org/2003/role/terseLabel,http://www.starbucks.com/role/SummaryofSignificantAccountingPoliciesNarrativeDetails,sbux-20250928_pre.xml
X-SBUX-0046,SBUX,Starbucks Corporation,main_deep_case,presentation,sbux:SummaryofSignificantAccountingPoliciesAbstract,,us-gaap:DeferredRevenueRevenueRecognized1,"Deferred Revenue, Revenue Recognized",http://www.xbrl.org/2003/arcrole/parent-child,8,,http://www.xbrl.org/2003/role/terseLabel,http://www.starbucks.com/role/SummaryofSignificantAccountingPoliciesNarrativeDetails,sbux-20250928_pre.xml
X-SBUX-0047,SBUX,Starbucks Corporation,main_deep_case,presentation,us-gaap:IncomeStatementLocationDomain,"Statement of Income Location, Balance [Domain]",sbux:FranchisedUnitsRevenueMember,,http://www.xbrl.org/2003/arcrole/parent-child,4,,http://www.xbrl.org/2003/role/terseLabel,http://www.starbucks.com/role/DerivativeFinancialInstrumentsPretaxGainsandLossesonDerivativeContractsDesignatedasHedgingInstrumentsRecognizedinOCIandReclassificationsfromAOCItoEarningsDetails,sbux-20250928_pre.xml
X-SBUX-0048,SBUX,Starbucks Corporation,main_deep_case,presentation,us-gaap:InventoryDisclosureAbstract,Inventory Disclosure [Abstract],us-gaap:InventoryCurrentTable,"Inventory, Current [Table]",http://www.xbrl.org/2003/arcrole/parent-child,1,,http://www.xbrl.org/2003/role/terseLabel,http://www.starbucks.com/role/InventoriesNarrativeDetails,sbux-20250928_pre.xml
X-SBUX-0049,SBUX,Starbucks Corporation,main_deep_case,presentation,us-gaap:InventoryCurrentTable,"Inventory, Current [Table]",us-gaap:DerivativeInstrumentRiskAxis,Derivative Instrument [Axis],http://www.xbrl.org/2003/arcrole/parent-child,1,,http://www.xbrl.org/2003/role/terseLabel,http://www.starbucks.com/role/InventoriesNarrativeDetails,sbux-20250928_pre.xml
X-SBUX-0050,SBUX,Starbucks Corporation,main_deep_case,presentation,us-gaap:InventoryCurrentTable,"Inventory, Current [Table]",us-gaap:InventoryLineItems,Inventory [Line Items],http://www.xbrl.org/2003/arcrole/parent-child,2,,http://www.xbrl.org/2003/role/terseLabel,http://www.starbucks.com/role/InventoriesNarrativeDetails,sbux-20250928_pre.xml
X-SBUX-0051,SBUX,Starbucks Corporation,main_deep_case,presentation,us-gaap:InventoryLineItems,Inventory [Line Items],us-gaap:LongTermPurchaseCommitmentAmount,"Long-Term Purchase Commitment, Amount",http://www.xbrl.org/2003/arcrole/parent-child,1,,http://www.xbrl.org/2003/role/terseLabel,http://www.starbucks.com/role/InventoriesNarrativeDetails,sbux-20250928_pre.xml
X-SBUX-0052,SBUX,Starbucks Corporation,main_deep_case,presentation,us-gaap:InventoryLineItems,Inventory [Line Items],us-gaap:InventoryWriteDown,Inventory Write-down,http://www.xbrl.org/2003/arcrole/parent-child,2,,http://www.xbrl.org/2003/role/terseLabel,http://www.starbucks.com/role/InventoriesNarrativeDetails,sbux-20250928_pre.xml
X-SBUX-0053,SBUX,Starbucks Corporation,main_deep_case,presentation,us-gaap:InventoryDisclosureAbstract,Inventory Disclosure [Abstract],sbux:UnroastedCoffeeInventory,,http://www.xbrl.org/2003/arcrole/parent-child,1,,http://www.xbrl.org/2003/role/terseLabel,http://www.starbucks.com/role/InventoriesComponentsofInventoriesDetails,sbux-20250928_pre.xml
X-SBUX-0054,SBUX,Starbucks Corporation,main_deep_case,presentation,us-gaap:InventoryDisclosureAbstract,Inventory Disclosure [Abstract],sbux:RoastedCoffeeInventory,,http://www.xbrl.org/2003/arcrole/parent-child,2,,http://www.xbrl.org/2003/role/terseLabel,http://www.starbucks.com/role/InventoriesComponentsofInventoriesDetails,sbux-20250928_pre.xml
X-SBUX-0055,SBUX,Starbucks Corporation,main_deep_case,presentation,us-gaap:InventoryDisclosureAbstract,Inventory Disclosure [Abstract],us-gaap:RetailRelatedInventoryMerchandise,"Retail Related Inventory, Merchandise",http://www.xbrl.org/2003/arcrole/parent-child,3,,http://www.xbrl.org/2003/role/terseLabel,http://www.starbucks.com/role/InventoriesComponentsofInventoriesDetails,sbux-20250928_pre.xml
X-SBUX-0056,SBUX,Starbucks Corporation,main_deep_case,presentation,us-gaap:InventoryDisclosureAbstract,Inventory Disclosure [Abstract],us-gaap:RetailRelatedInventoryPackagingAndOtherSupplies,"Retail Related Inventory, Packaging and Other Supplies",http://www.xbrl.org/2003/arcrole/parent-child,4,,http://www.xbrl.org/2003/role/terseLabel,http://www.starbucks.com/role/InventoriesComponentsofInventoriesDetails,sbux-20250928_pre.xml
X-SBUX-0057,SBUX,Starbucks Corporation,main_deep_case,presentation,us-gaap:InventoryDisclosureAbstract,Inventory Disclosure [Abstract],us-gaap:InventoryNet,"Inventory, Net",http://www.xbrl.org/2003/arcrole/parent-child,5,,http://www.xbrl.org/2003/role/totalLabel,http://www.starbucks.com/role/InventoriesComponentsofInventoriesDetails,sbux-20250928_pre.xml
X-SBUX-0058,SBUX,Starbucks Corporation,main_deep_case,presentation,us-gaap:ScheduleOfEquityMethodInvestmentsLineItems,Schedule of Equity Method Investments [Line Items],sbux:RevenueGeneratedFromRelatedParties,,http://www.xbrl.org/2003/arcrole/parent-child,4,,http://www.xbrl.org/2003/role/terseLabel,http://www.starbucks.com/role/EquityMethodandOtherInvestmentsEquityMethodInvestmentsNarrativeDetails,sbux-20250928_pre.xml
X-SBUX-0059,SBUX,Starbucks Corporation,main_deep_case,presentation,us-gaap:ScheduleOfEquityMethodInvestmentsLineItems,Schedule of Equity Method Investments [Line Items],us-gaap:RevenueRelatedPartyTypeExtensibleEnumeration,"Revenue, Related Party [Extensible Enumeration]",http://www.xbrl.org/2003/arcrole/parent-child,5,,http://www.xbrl.org/2003/role/terseLabel,http://www.starbucks.com/role/EquityMethodandOtherInvestmentsEquityMethodInvestmentsNarrativeDetails,sbux-20250928_pre.xml
X-SBUX-0060,SBUX,Starbucks Corporation,main_deep_case,presentation,us-gaap:BalanceSheetRelatedDisclosuresAbstract,Balance Sheet Related Disclosures [Abstract],sbux:InsuranceReserves,,http://www.xbrl.org/2003/arcrole/parent-child,4,,http://www.xbrl.org/2003/role/terseLabel,http://www.starbucks.com/role/SupplementalBalanceSheetInformationAccruedLiabilitiesDetails,sbux-20250928_pre.xml
X-SBUX-0061,SBUX,Starbucks Corporation,main_deep_case,presentation,us-gaap:LesseeLeaseDescriptionTable,"Lessee, Lease, Description [Table]",us-gaap:RestructuringCostAndReserveAxis,Restructuring Type [Axis],http://www.xbrl.org/2003/arcrole/parent-child,2,,http://www.xbrl.org/2003/role/terseLabel,http://www.starbucks.com/role/LeasesNarrativeDetails,sbux-20250928_pre.xml
X-SBUX-0062,SBUX,Starbucks Corporation,main_deep_case,presentation,us-gaap:RestructuringCostAndReserveAxis,Restructuring Type [Axis],us-gaap:TypeOfRestructuringDomain,Type of Restructuring [Domain],http://www.xbrl.org/2003/arcrole/parent-child,1,,http://www.xbrl.org/2003/role/terseLabel,http://www.starbucks.com/role/LeasesNarrativeDetails,sbux-20250928_pre.xml
X-SBUX-0063,SBUX,Starbucks Corporation,main_deep_case,presentation,us-gaap:RevenueFromContractWithCustomerAbstract,Revenue from Contract with Customer [Abstract],us-gaap:DeferredRevenueArrangementByTypeTable,"Deferred Revenue Arrangement, by Type [Table]",http://www.xbrl.org/2003/arcrole/parent-child,1,,http://www.xbrl.org/2003/role/terseLabel,http://www.starbucks.com/role/DeferredRevenueNarrativeDetails,sbux-20250928_pre.xml
X-SBUX-0064,SBUX,Starbucks Corporation,main_deep_case,presentation,us-gaap:DeferredRevenueArrangementByTypeTable,"Deferred Revenue Arrangement, by Type [Table]",srt:ProductOrServiceAxis,Product and Service [Axis],http://www.xbrl.org/2003/arcrole/parent-child,1,,http://www.xbrl.org/2003/role/terseLabel,http://www.starbucks.com/role/DeferredRevenueNarrativeDetails,sbux-20250928_pre.xml
X-SBUX-0065,SBUX,Starbucks Corporation,main_deep_case,presentation,srt:ProductsAndServicesDomain,Product and Service [Domain],sbux:StoredValueCardsAndLoyaltyProgramBreakageInPriorYearDomain,,http://www.xbrl.org/2003/arcrole/parent-child,1,,http://www.xbrl.org/2003/role/verboseLabel,http://www.starbucks.com/role/DeferredRevenueNarrativeDetails,sbux-20250928_pre.xml
X-SBUX-0066,SBUX,Starbucks Corporation,main_deep_case,presentation,srt:ProductsAndServicesDomain,Product and Service [Domain],sbux:RevenueRecognitionPeriodStoredValueCardsandLoyaltyProgramBreakageMember,,http://www.xbrl.org/2003/arcrole/parent-child,2,,http://www.xbrl.org/2003/role/terseLabel,http://www.starbucks.com/role/DeferredRevenueNarrativeDetails,sbux-20250928_pre.xml
X-SBUX-0067,SBUX,Starbucks Corporation,main_deep_case,presentation,srt:ProductOrServiceAxis,Product and Service [Axis],sbux:StoredValueCardbreakagerevenueDomain,,http://www.xbrl.org/2003/arcrole/parent-child,2,,http://www.xbrl.org/2003/role/terseLabel,http://www.starbucks.com/role/DeferredRevenueNarrativeDetails,sbux-20250928_pre.xml
X-SBUX-0068,SBUX,Starbucks Corporation,main_deep_case,presentation,us-gaap:DeferredRevenueArrangementByTypeTable,"Deferred Revenue Arrangement, by Type [Table]",us-gaap:TypeOfArrangementAxis,Collaborative Arrangement and Arrangement Other than Collaborative [Axis],http://www.xbrl.org/2003/arcrole/parent-child,2,,http://www.xbrl.org/2003/role/terseLabel,http://www.starbucks.com/role/DeferredRevenueNarrativeDetails,sbux-20250928_pre.xml
X-SBUX-0069,SBUX,Starbucks Corporation,main_deep_case,presentation,us-gaap:DeferredRevenueArrangementByTypeTable,"Deferred Revenue Arrangement, by Type [Table]",sbux:AdjustmentsForNewAccountingPronouncementInPriorYearAxis,,http://www.xbrl.org/2003/arcrole/parent-child,3,,http://www.xbrl.org/2003/role/terseLabel,http://www.starbucks.com/role/DeferredRevenueNarrativeDetails,sbux-20250928_pre.xml
X-SBUX-0070,SBUX,Starbucks Corporation,main_deep_case,presentation,sbux:AdjustmentsForNewAccountingPronouncementInPriorYearDomain,,sbux:StoredValueCardsAndLoyaltyProgramBreakageInPriorYearDomain,,http://www.xbrl.org/2003/arcrole/parent-child,1,,http://www.xbrl.org/2003/role/terseLabel,http://www.starbucks.com/role/DeferredRevenueNarrativeDetails,sbux-20250928_pre.xml
X-SBUX-0071,SBUX,Starbucks Corporation,main_deep_case,presentation,us-gaap:DeferredRevenueArrangementByTypeTable,"Deferred Revenue Arrangement, by Type [Table]",us-gaap:StatementLineItems,Statement [Line Items],http://www.xbrl.org/2003/arcrole/parent-child,4,,http://www.xbrl.org/2003/role/verboseLabel,http://www.starbucks.com/role/DeferredRevenueNarrativeDetails,sbux-20250928_pre.xml
X-SBUX-0072,SBUX,Starbucks Corporation,main_deep_case,presentation,us-gaap:StatementLineItems,Statement [Line Items],us-gaap:DeferredRevenueNoncurrent,"Deferred Revenue, Noncurrent",http://www.xbrl.org/2003/arcrole/parent-child,1,,http://www.xbrl.org/2003/role/terseLabel,http://www.starbucks.com/role/DeferredRevenueNarrativeDetails,sbux-20250928_pre.xml
X-SBUX-0073,SBUX,Starbucks Corporation,main_deep_case,presentation,us-gaap:StatementLineItems,Statement [Line Items],us-gaap:DeferredRevenue,Deferred Revenue,http://www.xbrl.org/2003/arcrole/parent-child,2,,http://www.xbrl.org/2003/role/terseLabel,http://www.starbucks.com/role/DeferredRevenueNarrativeDetails,sbux-20250928_pre.xml
X-SBUX-0074,SBUX,Starbucks Corporation,main_deep_case,presentation,us-gaap:StatementLineItems,Statement [Line Items],us-gaap:DeferredRevenueAdditions,"Deferred Revenue, Additions",http://www.xbrl.org/2003/arcrole/parent-child,3,,http://www.xbrl.org/2003/role/terseLabel,http://www.starbucks.com/role/DeferredRevenueNarrativeDetails,sbux-20250928_pre.xml
X-SBUX-0075,SBUX,Starbucks Corporation,main_deep_case,presentation,us-gaap:StatementLineItems,Statement [Line Items],sbux:DeferredRevenueRevenueRecognizedIncludingOpeningBalanceSheetAmounts,,http://www.xbrl.org/2003/arcrole/parent-child,4,,http://www.xbrl.org/2009/role/negatedTerseLabel,http://www.starbucks.com/role/DeferredRevenueNarrativeDetails,sbux-20250928_pre.xml
X-SBUX-0076,SBUX,Starbucks Corporation,main_deep_case,presentation,us-gaap:StatementLineItems,Statement [Line Items],sbux:DeferredRevenueOther,,http://www.xbrl.org/2003/arcrole/parent-child,5,,http://www.xbrl.org/2003/role/terseLabel,http://www.starbucks.com/role/DeferredRevenueNarrativeDetails,sbux-20250928_pre.xml
X-SBUX-0077,SBUX,Starbucks Corporation,main_deep_case,presentation,us-gaap:StatementLineItems,Statement [Line Items],us-gaap:DeferredRevenueCurrent,"Deferred Revenue, Current",http://www.xbrl.org/2003/arcrole/parent-child,6,,http://www.xbrl.org/2003/role/terseLabel,http://www.starbucks.com/role/DeferredRevenueNarrativeDetails,sbux-20250928_pre.xml
X-SBUX-0078,SBUX,Starbucks Corporation,main_deep_case,presentation,us-gaap:RevenueFromContractWithCustomerAbstract,Revenue from Contract with Customer [Abstract],us-gaap:DeferredRevenueRevenueRecognized1,"Deferred Revenue, Revenue Recognized",http://www.xbrl.org/2003/arcrole/parent-child,2,,http://www.xbrl.org/2003/role/terseLabel,http://www.starbucks.com/role/DeferredRevenueNarrativeDetails,sbux-20250928_pre.xml
X-SBUX-0079,SBUX,Starbucks Corporation,main_deep_case,presentation,us-gaap:StatementLineItems,Statement [Line Items],us-gaap:CommonStockCapitalSharesReservedForFutureIssuance,"Common Stock, Capital Shares Reserved for Future Issuance",http://www.xbrl.org/2003/arcrole/parent-child,3,,http://www.xbrl.org/2003/role/terseLabel,http://www.starbucks.com/role/EmployeeStockandBenefitPlansNarrativeDetails,sbux-20250928_pre.xml
X-SBUX-0080,SBUX,Starbucks Corporation,main_deep_case,presentation,us-gaap:ConcentrationRiskBenchmarkDomain,Concentration Risk Benchmark [Domain],us-gaap:SalesRevenueNetMember,Revenue Benchmark [Member],http://www.xbrl.org/2003/arcrole/parent-child,1,,http://www.xbrl.org/2003/role/terseLabel,http://www.starbucks.com/role/SegmentReportingNarrativeDetails,sbux-20250928_pre.xml
X-SBUX-0081,SBUX,Starbucks Corporation,main_deep_case,presentation,us-gaap:SegmentReportingInformationLineItems,Segment Reporting Information [Line Items],us-gaap:DescriptionOfTypesOfProductsAndServicesFromWhichEachReportableSegmentDerivesItsRevenues,"Segment Reporting Information, Description of Products and Services",http://www.xbrl.org/2003/arcrole/parent-child,3,,http://www.xbrl.org/2003/role/terseLabel,http://www.starbucks.com/role/SegmentReportingNarrativeDetails,sbux-20250928_pre.xml
X-SBUX-0082,SBUX,Starbucks Corporation,main_deep_case,presentation,us-gaap:SegmentReportingInformationLineItems,Segment Reporting Information [Line Items],us-gaap:SegmentReportingDisclosureOfMajorCustomers,"Segment Reporting, Disclosure of Major Customers",http://www.xbrl.org/2003/arcrole/parent-child,4,,http://www.xbrl.org/2003/role/terseLabel,http://www.starbucks.com/role/SegmentReportingNarrativeDetails,sbux-20250928_pre.xml
X-SBUX-0083,SBUX,Starbucks Corporation,main_deep_case,presentation,us-gaap:SegmentReportingAbstract,Segment Reporting [Abstract],us-gaap:ScheduleOfEntityWideInformationRevenueFromExternalCustomersByProductsAndServicesTable,"Segment Reporting, Revenue from External Customer, Product and Service [Table]",http://www.xbrl.org/2003/arcrole/parent-child,1,,http://www.xbrl.org/2003/role/terseLabel,http://www.starbucks.com/role/SegmentReportingConsolidatedRevenueMixByProductTypeDetails,sbux-20250928_pre.xml
X-SBUX-0084,SBUX,Starbucks Corporation,main_deep_case,presentation,us-gaap:ScheduleOfEntityWideInformationRevenueFromExternalCustomersByProductsAndServicesTable,"Segment Reporting, Revenue from External Customer, Product and Service [Table]",us-gaap:ConcentrationRiskByBenchmarkAxis,Concentration Risk Benchmark [Axis],http://www.xbrl.org/2003/arcrole/parent-child,1,,http://www.xbrl.org/2003/role/terseLabel,http://www.starbucks.com/role/SegmentReportingConsolidatedRevenueMixByProductTypeDetails,sbux-20250928_pre.xml
X-SBUX-0085,SBUX,Starbucks Corporation,main_deep_case,presentation,us-gaap:ConcentrationRiskBenchmarkDomain,Concentration Risk Benchmark [Domain],us-gaap:SalesRevenueNetMember,Revenue Benchmark [Member],http://www.xbrl.org/2003/arcrole/parent-child,1,,http://www.xbrl.org/2003/role/terseLabel,http://www.starbucks.com/role/SegmentReportingConsolidatedRevenueMixByProductTypeDetails,sbux-20250928_pre.xml
X-SBUX-0086,SBUX,Starbucks Corporation,main_deep_case,presentation,us-gaap:ScheduleOfEntityWideInformationRevenueFromExternalCustomersByProductsAndServicesTable,"Segment Reporting, Revenue from External Customer, Product and Service [Table]",srt:ProductOrServiceAxis,Product and Service [Axis],http://www.xbrl.org/2003/arcrole/parent-child,2,,http://www.xbrl.org/2003/role/terseLabel,http://www.starbucks.com/role/SegmentReportingConsolidatedRevenueMixByProductTypeDetails,sbux-20250928_pre.xml
X-SBUX-0087,SBUX,Starbucks Corporation,main_deep_case,presentation,us-gaap:ScheduleOfEntityWideInformationRevenueFromExternalCustomersByProductsAndServicesTable,"Segment Reporting, Revenue from External Customer, Product and Service [Table]",us-gaap:ConcentrationRiskByTypeAxis,Concentration Risk Type [Axis],http://www.xbrl.org/2003/arcrole/parent-child,3,,http://www.xbrl.org/2003/role/terseLabel,http://www.starbucks.com/role/SegmentReportingConsolidatedRevenueMixByProductTypeDetails,sbux-20250928_pre.xml
X-SBUX-0088,SBUX,Starbucks Corporation,main_deep_case,presentation,us-gaap:ScheduleOfEntityWideInformationRevenueFromExternalCustomersByProductsAndServicesTable,"Segment Reporting, Revenue from External Customer, Product and Service [Table]",us-gaap:EntityWideInformationRevenueFromExternalCustomerLineItems,Revenue from External Customer [Line Items],http://www.xbrl.org/2003/arcrole/parent-child,4,,http://www.xbrl.org/2003/role/terseLabel,http://www.starbucks.com/role/SegmentReportingConsolidatedRevenueMixByProductTypeDetails,sbux-20250928_pre.xml
X-SBUX-0089,SBUX,Starbucks Corporation,main_deep_case,presentation,us-gaap:EntityWideInformationRevenueFromExternalCustomerLineItems,Revenue from External Customer [Line Items],us-gaap:ConcentrationRiskPercentage1,"Concentration Risk, Percentage",http://www.xbrl.org/2003/arcrole/parent-child,1,,http://www.xbrl.org/2003/role/verboseLabel,http://www.starbucks.com/role/SegmentReportingConsolidatedRevenueMixByProductTypeDetails,sbux-20250928_pre.xml
X-SBUX-0090,SBUX,Starbucks Corporation,main_deep_case,presentation,us-gaap:EntityWideInformationRevenueFromExternalCustomerLineItems,Revenue from External Customer [Line Items],us-gaap:Revenues,Revenues,http://www.xbrl.org/2003/arcrole/parent-child,2,,http://www.xbrl.org/2003/role/terseLabel,http://www.starbucks.com/role/SegmentReportingConsolidatedRevenueMixByProductTypeDetails,sbux-20250928_pre.xml
X-SBUX-0091,SBUX,Starbucks Corporation,main_deep_case,presentation,us-gaap:SegmentReportingAbstract,Segment Reporting [Abstract],us-gaap:ScheduleOfRevenuesFromExternalCustomersAndLongLivedAssetsTable,Schedule of Revenues from External Customers and Long-Lived Assets [Table],http://www.xbrl.org/2003/arcrole/parent-child,1,,http://www.xbrl.org/2003/role/terseLabel,http://www.starbucks.com/role/SegmentReportingInformationbyGeographicAreaDetails,sbux-20250928_pre.xml
X-SBUX-0092,SBUX,Starbucks Corporation,main_deep_case,presentation,us-gaap:ScheduleOfRevenuesFromExternalCustomersAndLongLivedAssetsTable,Schedule of Revenues from External Customers and Long-Lived Assets [Table],srt:StatementGeographicalAxis,Geographical [Axis],http://www.xbrl.org/2003/arcrole/parent-child,1,,http://www.xbrl.org/2003/role/terseLabel,http://www.starbucks.com/role/SegmentReportingInformationbyGeographicAreaDetails,sbux-20250928_pre.xml
X-SBUX-0093,SBUX,Starbucks Corporation,main_deep_case,presentation,us-gaap:ScheduleOfRevenuesFromExternalCustomersAndLongLivedAssetsTable,Schedule of Revenues from External Customers and Long-Lived Assets [Table],us-gaap:RevenuesFromExternalCustomersAndLongLivedAssetsLineItems,Revenues from External Customers and Long-Lived Assets [Line Items],http://www.xbrl.org/2003/arcrole/parent-child,2,,http://www.xbrl.org/2003/role/terseLabel,http://www.starbucks.com/role/SegmentReportingInformationbyGeographicAreaDetails,sbux-20250928_pre.xml
X-SBUX-0094,SBUX,Starbucks Corporation,main_deep_case,presentation,us-gaap:RevenuesFromExternalCustomersAndLongLivedAssetsLineItems,Revenues from External Customers and Long-Lived Assets [Line Items],us-gaap:Revenues,Revenues,http://www.xbrl.org/2003/arcrole/parent-child,1,,http://www.xbrl.org/2003/role/terseLabel,http://www.starbucks.com/role/SegmentReportingInformationbyGeographicAreaDetails,sbux-20250928_pre.xml
X-SBUX-0095,SBUX,Starbucks Corporation,main_deep_case,presentation,us-gaap:RevenuesFromExternalCustomersAndLongLivedAssetsLineItems,Revenues from External Customers and Long-Lived Assets [Line Items],us-gaap:NoncurrentAssets,Long-Lived Assets,http://www.xbrl.org/2003/arcrole/parent-child,2,,http://www.xbrl.org/2003/role/terseLabel,http://www.starbucks.com/role/SegmentReportingInformationbyGeographicAreaDetails,sbux-20250928_pre.xml
X-SBUX-0096,SBUX,Starbucks Corporation,main_deep_case,presentation,us-gaap:SegmentReportingInformationLineItems,Segment Reporting Information [Line Items],us-gaap:Revenues,Revenues,http://www.xbrl.org/2003/arcrole/parent-child,1,,http://www.xbrl.org/2003/role/terseLabel,http://www.starbucks.com/role/SegmentReportingFinancialInformationForReportableOperatingSegmentsAndAllOtherSegmentsDetails,sbux-20250928_pre.xml
X-SBUX-0097,SBUX,Starbucks Corporation,main_deep_case,presentation,us-gaap:ScheduleOfRestructuringAndRelatedCostsTable,Restructuring Cost [Table],us-gaap:RestructuringCostAndReserveLineItems,Restructuring Cost and Reserve [Line Items],http://www.xbrl.org/2003/arcrole/parent-child,3,,http://www.xbrl.org/2003/role/terseLabel,http://www.starbucks.com/role/RestructuringandRelatedActivitiesNarrativeDetails,sbux-20250928_pre.xml
X-SBUX-0098,SBUX,Starbucks Corporation,main_deep_case,presentation,us-gaap:RestructuringCostAndReserveLineItems,Restructuring Cost and Reserve [Line Items],sbux:DisposalAndImpairmentOfStoreAssets,,http://www.xbrl.org/2003/arcrole/parent-child,1,,http://www.xbrl.org/2003/role/terseLabel,http://www.starbucks.com/role/RestructuringandRelatedActivitiesNarrativeDetails,sbux-20250928_pre.xml
X-SBUX-0099,SBUX,Starbucks Corporation,main_deep_case,presentation,us-gaap:RestructuringCostAndReserveLineItems,Restructuring Cost and Reserve [Line Items],sbux:EmployeeSeveranceSeparationCostsAndOther,,http://www.xbrl.org/2003/arcrole/parent-child,2,,http://www.xbrl.org/2003/role/terseLabel,http://www.starbucks.com/role/RestructuringandRelatedActivitiesNarrativeDetails,sbux-20250928_pre.xml
X-SBUX-0100,SBUX,Starbucks Corporation,main_deep_case,presentation,us-gaap:RestructuringCostAndReserveLineItems,Restructuring Cost and Reserve [Line Items],sbux:AmortizationOfROULeaseAssetsAndOtherLeaseExitCosts,,http://www.xbrl.org/2003/arcrole/parent-child,3,,http://www.xbrl.org/2003/role/terseLabel,http://www.starbucks.com/role/RestructuringandRelatedActivitiesNarrativeDetails,sbux-20250928_pre.xml
X-SBUX-0101,SBUX,Starbucks Corporation,main_deep_case,presentation,us-gaap:RestructuringCostAndReserveLineItems,Restructuring Cost and Reserve [Line Items],us-gaap:RestructuringSettlementAndImpairmentProvisions,"Restructuring, Settlement and Impairment Provisions",http://www.xbrl.org/2003/arcrole/parent-child,4,,http://www.xbrl.org/2003/role/terseLabel,http://www.starbucks.com/role/RestructuringandRelatedActivitiesNarrativeDetails,sbux-20250928_pre.xml
X-SBUX-0102,SBUX,Starbucks Corporation,main_deep_case,presentation,us-gaap:RestructuringCostAndReserveLineItems,Restructuring Cost and Reserve [Line Items],us-gaap:RestructuringReserve,Restructuring Reserve,http://www.xbrl.org/2003/arcrole/parent-child,5,,http://www.xbrl.org/2003/role/terseLabel,http://www.starbucks.com/role/RestructuringandRelatedActivitiesNarrativeDetails,sbux-20250928_pre.xml
X-SBUX-0103,SBUX,Starbucks Corporation,main_deep_case,presentation,us-gaap:ScheduleOfRestructuringAndRelatedCostsTable,Restructuring Cost [Table],sbux:RestructuringReserveAxis,,http://www.xbrl.org/2003/arcrole/parent-child,1,,http://www.xbrl.org/2003/role/terseLabel,http://www.starbucks.com/role/RestructuringReserveDetails,sbux-20250928_pre.xml
X-SBUX-0104,SBUX,Starbucks Corporation,main_deep_case,presentation,sbux:RestructuringReserveAxis,,sbux:RestructuringReserveDomain,,http://www.xbrl.org/2003/arcrole/parent-child,1,,http://www.xbrl.org/2003/role/terseLabel,http://www.starbucks.com/role/RestructuringReserveDetails,sbux-20250928_pre.xml
X-SBUX-0105,SBUX,Starbucks Corporation,main_deep_case,presentation,sbux:RestructuringReserveDomain,,us-gaap:EmployeeSeveranceMember,Employee Severance [Member],http://www.xbrl.org/2003/arcrole/parent-child,1,,http://www.xbrl.org/2003/role/terseLabel,http://www.starbucks.com/role/RestructuringReserveDetails,sbux-20250928_pre.xml
X-SBUX-0106,SBUX,Starbucks Corporation,main_deep_case,presentation,sbux:RestructuringReserveDomain,,sbux:LeaseTerminationMember,,http://www.xbrl.org/2003/arcrole/parent-child,2,,http://www.xbrl.org/2003/role/terseLabel,http://www.starbucks.com/role/RestructuringReserveDetails,sbux-20250928_pre.xml
X-SBUX-0107,SBUX,Starbucks Corporation,main_deep_case,presentation,sbux:RestructuringReserveDomain,,sbux:TotalRestructuringReserveMember,,http://www.xbrl.org/2003/arcrole/parent-child,3,,http://www.xbrl.org/2003/role/terseLabel,http://www.starbucks.com/role/RestructuringReserveDetails,sbux-20250928_pre.xml
X-SBUX-0108,SBUX,Starbucks Corporation,main_deep_case,presentation,us-gaap:ScheduleOfRestructuringAndRelatedCostsTable,Restructuring Cost [Table],us-gaap:RestructuringCostAndReserveLineItems,Restructuring Cost and Reserve [Line Items],http://www.xbrl.org/2003/arcrole/parent-child,2,,http://www.xbrl.org/2003/role/terseLabel,http://www.starbucks.com/role/RestructuringReserveDetails,sbux-20250928_pre.xml
X-SBUX-0109,SBUX,Starbucks Corporation,main_deep_case,presentation,us-gaap:RestructuringCostAndReserveLineItems,Restructuring Cost and Reserve [Line Items],us-gaap:RestructuringSettlementAndImpairmentProvisions,"Restructuring, Settlement and Impairment Provisions",http://www.xbrl.org/2003/arcrole/parent-child,1,,http://www.xbrl.org/2003/role/terseLabel,http://www.starbucks.com/role/RestructuringReserveDetails,sbux-20250928_pre.xml
X-SBUX-0110,SBUX,Starbucks Corporation,main_deep_case,presentation,us-gaap:RestructuringCostAndReserveLineItems,Restructuring Cost and Reserve [Line Items],sbux:EmployeeSeveranceSeparationCostsAndOther,,http://www.xbrl.org/2003/arcrole/parent-child,2,,http://www.xbrl.org/2003/role/terseLabel,http://www.starbucks.com/role/RestructuringReserveDetails,sbux-20250928_pre.xml
X-SBUX-0111,SBUX,Starbucks Corporation,main_deep_case,presentation,us-gaap:RestructuringCostAndReserveLineItems,Restructuring Cost and Reserve [Line Items],sbux:AmortizationOfROULeaseAssetsAndOtherLeaseExitCosts,,http://www.xbrl.org/2003/arcrole/parent-child,3,,http://www.xbrl.org/2003/role/terseLabel,http://www.starbucks.com/role/RestructuringReserveDetails,sbux-20250928_pre.xml
X-SBUX-0112,SBUX,Starbucks Corporation,main_deep_case,presentation,us-gaap:RestructuringCostAndReserveLineItems,Restructuring Cost and Reserve [Line Items],us-gaap:PaymentsForRestructuring,Payments for Restructuring,http://www.xbrl.org/2003/arcrole/parent-child,4,,http://www.xbrl.org/2009/role/negatedTerseLabel,http://www.starbucks.com/role/RestructuringReserveDetails,sbux-20250928_pre.xml
X-SBUX-0113,SBUX,Starbucks Corporation,main_deep_case,presentation,us-gaap:RestructuringCostAndReserveLineItems,Restructuring Cost and Reserve [Line Items],us-gaap:RestructuringReserve,Restructuring Reserve,http://www.xbrl.org/2003/arcrole/parent-child,5,,http://www.xbrl.org/2003/role/terseLabel,http://www.starbucks.com/role/RestructuringReserveDetails,sbux-20250928_pre.xml
X-SBUX-0114,SBUX,Starbucks Corporation,main_deep_case,presentation,us-gaap:RestructuringCostAndReserveLineItems,Restructuring Cost and Reserve [Line Items],sbux:OperatingLeaseLiabilityRestructuring,,http://www.xbrl.org/2003/arcrole/parent-child,6,,http://www.xbrl.org/2003/role/terseLabel,http://www.starbucks.com/role/RestructuringReserveDetails,sbux-20250928_pre.xml
X-SBUX-0115,SBUX,Starbucks Corporation,main_deep_case,calculation,us-gaap:OperatingIncomeLoss,Operating Income (Loss),us-gaap:Revenues,Revenues,http://www.xbrl.org/2003/arcrole/summation-item,4,1.0,,http://www.starbucks.com/role/ConsolidatedStatementsofEarnings,sbux-20250928_cal.xml
X-SBUX-0116,SBUX,Starbucks Corporation,main_deep_case,calculation,us-gaap:NetCashProvidedByUsedInOperatingActivities,"Cash Provided by (Used in) Operating Activity, Including Discontinued Operation",us-gaap:IncreaseDecreaseInAccountsReceivable,Increase (Decrease) in Accounts Receivable,http://www.xbrl.org/2003/arcrole/summation-item,8,-1.0,,http://www.starbucks.com/role/ConsolidatedStatementsofCashFlows,sbux-20250928_cal.xml
X-SBUX-0117,SBUX,Starbucks Corporation,main_deep_case,calculation,us-gaap:NetCashProvidedByUsedInOperatingActivities,"Cash Provided by (Used in) Operating Activity, Including Discontinued Operation",us-gaap:IncreaseDecreaseInInventories,Increase (Decrease) in Inventories,http://www.xbrl.org/2003/arcrole/summation-item,9,-1.0,,http://www.starbucks.com/role/ConsolidatedStatementsofCashFlows,sbux-20250928_cal.xml
X-SBUX-0118,SBUX,Starbucks Corporation,main_deep_case,calculation,us-gaap:NetCashProvidedByUsedInOperatingActivities,"Cash Provided by (Used in) Operating Activity, Including Discontinued Operation",us-gaap:IncreaseDecreaseInDeferredRevenue,Increase (Decrease) in Deferred Revenue,http://www.xbrl.org/2003/arcrole/summation-item,12,1.0,,http://www.starbucks.com/role/ConsolidatedStatementsofCashFlows,sbux-20250928_cal.xml
X-SBUX-0119,SBUX,Starbucks Corporation,main_deep_case,calculation,us-gaap:Liabilities,Liabilities,us-gaap:DeferredRevenueNoncurrent,"Deferred Revenue, Noncurrent",http://www.xbrl.org/2003/arcrole/summation-item,4,1.0,,http://www.starbucks.com/role/ConsolidatedBalanceSheets,sbux-20250928_cal.xml
X-SBUX-0120,SBUX,Starbucks Corporation,main_deep_case,calculation,us-gaap:AssetsCurrent,"Assets, Current",us-gaap:AccountsReceivableNetCurrent,"Accounts Receivable, after Allowance for Credit Loss, Current",http://www.xbrl.org/2003/arcrole/summation-item,3,1.0,,http://www.starbucks.com/role/ConsolidatedBalanceSheets,sbux-20250928_cal.xml
X-SBUX-0121,SBUX,Starbucks Corporation,main_deep_case,calculation,us-gaap:AssetsCurrent,"Assets, Current",us-gaap:InventoryNet,"Inventory, Net",http://www.xbrl.org/2003/arcrole/summation-item,4,1.0,,http://www.starbucks.com/role/ConsolidatedBalanceSheets,sbux-20250928_cal.xml
X-SBUX-0122,SBUX,Starbucks Corporation,main_deep_case,calculation,us-gaap:LiabilitiesCurrent,"Liabilities, Current",us-gaap:DeferredRevenueCurrent,"Deferred Revenue, Current",http://www.xbrl.org/2003/arcrole/summation-item,5,1.0,,http://www.starbucks.com/role/ConsolidatedBalanceSheets,sbux-20250928_cal.xml
X-SBUX-0123,SBUX,Starbucks Corporation,main_deep_case,calculation,us-gaap:BusinessCombinationRecognizedIdentifiableAssetsAcquiredAndLiabilitiesAssumedAssets,"Business Combination, Recognized Asset Acquired, Asset",us-gaap:BusinessCombinationRecognizedIdentifiableAssetsAcquiredAndLiabilitiesAssumedCurrentAssetsReceivables,"Business Combination, Recognized Asset Acquired, Receivable, Current",http://www.xbrl.org/2003/arcrole/summation-item,2,1.0,,http://www.starbucks.com/role/AcquisitionsandDivestituresAllocationofTotalConsiderationtoFairValueofAssetsAcquiredandLiabilitiesAssumedDetails,sbux-20250928_cal.xml
X-SBUX-0124,SBUX,Starbucks Corporation,main_deep_case,calculation,us-gaap:BusinessCombinationRecognizedIdentifiableAssetsAcquiredAndLiabilitiesAssumedAssets,"Business Combination, Recognized Asset Acquired, Asset",us-gaap:BusinessCombinationRecognizedIdentifiableAssetsAcquiredAndLiabilitiesAssumedInventory,"Business Combination, Recognized Asset Acquired, Inventory, Current",http://www.xbrl.org/2003/arcrole/summation-item,3,1.0,,http://www.starbucks.com/role/AcquisitionsandDivestituresAllocationofTotalConsiderationtoFairValueofAssetsAcquiredandLiabilitiesAssumedDetails,sbux-20250928_cal.xml
X-SBUX-0125,SBUX,Starbucks Corporation,main_deep_case,calculation,us-gaap:BusinessCombinationRecognizedIdentifiableAssetsAcquiredAndLiabilitiesAssumedLiabilities,"Business Combination, Recognized Liability Assumed, Liability",us-gaap:BusinessCombinationRecognizedIdentifiableAssetsAcquiredAndLiabilitiesAssumedCurrentLiabilitiesDeferredRevenue,"Business Combination, Recognized Liability Assumed, Deferred Revenue, Current",http://www.xbrl.org/2003/arcrole/summation-item,3,1.0,,http://www.starbucks.com/role/AcquisitionsandDivestituresAllocationofTotalConsiderationtoFairValueofAssetsAcquiredandLiabilitiesAssumedDetails,sbux-20250928_cal.xml
X-SBUX-0126,SBUX,Starbucks Corporation,main_deep_case,calculation,us-gaap:InventoryNet,"Inventory, Net",sbux:UnroastedCoffeeInventory,,http://www.xbrl.org/2003/arcrole/summation-item,1,1.0,,http://www.starbucks.com/role/InventoriesComponentsofInventoriesDetails,sbux-20250928_cal.xml
X-SBUX-0127,SBUX,Starbucks Corporation,main_deep_case,calculation,us-gaap:InventoryNet,"Inventory, Net",sbux:RoastedCoffeeInventory,,http://www.xbrl.org/2003/arcrole/summation-item,2,1.0,,http://www.starbucks.com/role/InventoriesComponentsofInventoriesDetails,sbux-20250928_cal.xml
X-SBUX-0128,SBUX,Starbucks Corporation,main_deep_case,calculation,us-gaap:InventoryNet,"Inventory, Net",us-gaap:RetailRelatedInventoryMerchandise,"Retail Related Inventory, Merchandise",http://www.xbrl.org/2003/arcrole/summation-item,3,1.0,,http://www.starbucks.com/role/InventoriesComponentsofInventoriesDetails,sbux-20250928_cal.xml
X-SBUX-0129,SBUX,Starbucks Corporation,main_deep_case,calculation,us-gaap:InventoryNet,"Inventory, Net",us-gaap:RetailRelatedInventoryPackagingAndOtherSupplies,"Retail Related Inventory, Packaging and Other Supplies",http://www.xbrl.org/2003/arcrole/summation-item,4,1.0,,http://www.starbucks.com/role/InventoriesComponentsofInventoriesDetails,sbux-20250928_cal.xml
X-SBUX-0130,SBUX,Starbucks Corporation,main_deep_case,calculation,us-gaap:AccruedLiabilitiesCurrent,"Accrued Liabilities, Current",sbux:InsuranceReserves,,http://www.xbrl.org/2003/arcrole/summation-item,4,1.0,,http://www.starbucks.com/role/SupplementalBalanceSheetInformationAccruedLiabilitiesDetails,sbux-20250928_cal.xml
X-SBUX-0131,SBUX,Starbucks Corporation,main_deep_case,definition,us-gaap:StatementLineItems,Statement [Line Items],us-gaap:RevenuesAbstract,Revenues [Abstract],http://xbrl.org/int/dim/arcrole/domain-member,0,,,http://www.starbucks.com/role/ConsolidatedStatementsofEarnings,sbux-20250928_def.xml
X-SBUX-0132,SBUX,Starbucks Corporation,main_deep_case,definition,us-gaap:RevenuesAbstract,Revenues [Abstract],us-gaap:Revenues,Revenues,http://xbrl.org/int/dim/arcrole/domain-member,1,,,http://www.starbucks.com/role/ConsolidatedStatementsofEarnings,sbux-20250928_def.xml
X-SBUX-0133,SBUX,Starbucks Corporation,main_deep_case,definition,us-gaap:StatementLineItems,Statement [Line Items],us-gaap:RevenueFromContractWithCustomerTextBlock,Revenue from Contract with Customer [Text Block],http://xbrl.org/int/dim/arcrole/domain-member,0,,,http://www.starbucks.com/role/DeferredRevenue,sbux-20250928_def.xml
X-SBUX-0134,SBUX,Starbucks Corporation,main_deep_case,definition,us-gaap:StatementLineItems,Statement [Line Items],us-gaap:BusinessCombinationProFormaInformationRevenueOfAcquireeSinceAcquisitionDateActual,"Business Combination, Acquiree's Revenue since Acquisition Date, Actual",http://xbrl.org/int/dim/arcrole/domain-member,3,,,http://www.starbucks.com/role/AcquisitionsandDivestituresAllocationofTotalConsiderationtoFairValueofAssetsAcquiredandLiabilitiesAssumedDetails,sbux-20250928_def.xml
X-SBUX-0135,SBUX,Starbucks Corporation,main_deep_case,definition,us-gaap:StatementLineItems,Statement [Line Items],us-gaap:BusinessAcquisitionsProFormaRevenue,"Business Combination, Pro Forma Information, Pro Forma Revenue",http://xbrl.org/int/dim/arcrole/domain-member,11,,,http://www.starbucks.com/role/AcquisitionsandDivestituresAllocationofTotalConsiderationtoFairValueofAssetsAcquiredandLiabilitiesAssumedDetails,sbux-20250928_def.xml
X-SBUX-0136,SBUX,Starbucks Corporation,main_deep_case,definition,us-gaap:StatementLineItems,Statement [Line Items],us-gaap:BusinessCombinationRecognizedIdentifiableAssetsAcquiredAndLiabilitiesAssumedCurrentAssetsReceivables,"Business Combination, Recognized Asset Acquired, Receivable, Current",http://xbrl.org/int/dim/arcrole/domain-member,18,,,http://www.starbucks.com/role/AcquisitionsandDivestituresAllocationofTotalConsiderationtoFairValueofAssetsAcquiredandLiabilitiesAssumedDetails,sbux-20250928_def.xml
X-SBUX-0137,SBUX,Starbucks Corporation,main_deep_case,definition,us-gaap:StatementLineItems,Statement [Line Items],us-gaap:BusinessCombinationRecognizedIdentifiableAssetsAcquiredAndLiabilitiesAssumedInventory,"Business Combination, Recognized Asset Acquired, Inventory, Current",http://xbrl.org/int/dim/arcrole/domain-member,19,,,http://www.starbucks.com/role/AcquisitionsandDivestituresAllocationofTotalConsiderationtoFairValueofAssetsAcquiredandLiabilitiesAssumedDetails,sbux-20250928_def.xml
X-SBUX-0138,SBUX,Starbucks Corporation,main_deep_case,definition,us-gaap:StatementLineItems,Statement [Line Items],us-gaap:BusinessCombinationRecognizedIdentifiableAssetsAcquiredAndLiabilitiesAssumedCurrentLiabilitiesDeferredRevenue,"Business Combination, Recognized Liability Assumed, Deferred Revenue, Current",http://xbrl.org/int/dim/arcrole/domain-member,26,,,http://www.starbucks.com/role/AcquisitionsandDivestituresAllocationofTotalConsiderationtoFairValueofAssetsAcquiredandLiabilitiesAssumedDetails,sbux-20250928_def.xml
X-SBUX-0139,SBUX,Starbucks Corporation,main_deep_case,definition,us-gaap:TypeOfAdoptionMember,Accounting Standards Update [Domain],sbux:StoredValueCardsAndLoyaltyProgramBreakageInPriorYearDomain,,http://xbrl.org/int/dim/arcrole/domain-member,1,,,http://www.starbucks.com/role/SummaryofSignificantAccountingPoliciesNarrativeDetails,sbux-20250928_def.xml
X-SBUX-0140,SBUX,Starbucks Corporation,main_deep_case,definition,us-gaap:StatementLineItems,Statement [Line Items],sbux:DeferredRevenueOther,,http://xbrl.org/int/dim/arcrole/domain-member,2,,,http://www.starbucks.com/role/SummaryofSignificantAccountingPoliciesNarrativeDetails,sbux-20250928_def.xml
X-SBUX-0141,SBUX,Starbucks Corporation,main_deep_case,definition,us-gaap:StatementLineItems,Statement [Line Items],us-gaap:OtherReceivables,Other Receivables,http://xbrl.org/int/dim/arcrole/domain-member,3,,,http://www.starbucks.com/role/SummaryofSignificantAccountingPoliciesNarrativeDetails,sbux-20250928_def.xml
X-SBUX-0142,SBUX,Starbucks Corporation,main_deep_case,definition,sbux:RevenueRecognitionMultipleDeliverableArrangementsExtensionLineItems,,us-gaap:DeferredRevenueArrangementByTypeTable,"Deferred Revenue Arrangement, by Type [Table]",http://xbrl.org/int/dim/arcrole/all,2,,,http://www.starbucks.com/role/SummaryofSignificantAccountingPoliciesNarrativeDetails,sbux-20250928_def.xml
X-SBUX-0143,SBUX,Starbucks Corporation,main_deep_case,definition,us-gaap:DeferredRevenueArrangementByTypeTable,"Deferred Revenue Arrangement, by Type [Table]",us-gaap:FranchisorDisclosureAxis,Franchisor Disclosure [Axis],http://xbrl.org/int/dim/arcrole/hypercube-dimension,1,,,http://www.starbucks.com/role/SummaryofSignificantAccountingPoliciesNarrativeDetails,sbux-20250928_def.xml
X-SBUX-0144,SBUX,Starbucks Corporation,main_deep_case,definition,us-gaap:DeferredRevenueArrangementByTypeTable,"Deferred Revenue Arrangement, by Type [Table]",srt:ProductOrServiceAxis,Product and Service [Axis],http://xbrl.org/int/dim/arcrole/hypercube-dimension,2,,,http://www.starbucks.com/role/SummaryofSignificantAccountingPoliciesNarrativeDetails,sbux-20250928_def.xml
X-SBUX-0145,SBUX,Starbucks Corporation,main_deep_case,definition,srt:ProductsAndServicesDomain,Product and Service [Domain],sbux:StoredValueCardsAndLoyaltyProgramBreakageInPriorYearDomain,,http://xbrl.org/int/dim/arcrole/domain-member,0,,,http://www.starbucks.com/role/SummaryofSignificantAccountingPoliciesNarrativeDetails,sbux-20250928_def.xml
X-SBUX-0146,SBUX,Starbucks Corporation,main_deep_case,definition,srt:ProductsAndServicesDomain,Product and Service [Domain],sbux:StoredValueCardbreakagerevenueDomain,,http://xbrl.org/int/dim/arcrole/domain-member,1,,,http://www.starbucks.com/role/SummaryofSignificantAccountingPoliciesNarrativeDetails,sbux-20250928_def.xml
X-SBUX-0147,SBUX,Starbucks Corporation,main_deep_case,definition,sbux:RevenueRecognitionMultipleDeliverableArrangementsExtensionLineItems,,us-gaap:DeferredRevenue,Deferred Revenue,http://xbrl.org/int/dim/arcrole/domain-member,0,,,http://www.starbucks.com/role/SummaryofSignificantAccountingPoliciesNarrativeDetails,sbux-20250928_def.xml
X-SBUX-0148,SBUX,Starbucks Corporation,main_deep_case,definition,sbux:RevenueRecognitionMultipleDeliverableArrangementsExtensionLineItems,,sbux:PrepaidRoyaltyEconomicLife,,http://xbrl.org/int/dim/arcrole/domain-member,1,,,http://www.starbucks.com/role/SummaryofSignificantAccountingPoliciesNarrativeDetails,sbux-20250928_def.xml
X-SBUX-0149,SBUX,Starbucks Corporation,main_deep_case,definition,sbux:RevenueRecognitionMultipleDeliverableArrangementsExtensionLineItems,,us-gaap:DeferredRevenueAdditions,"Deferred Revenue, Additions",http://xbrl.org/int/dim/arcrole/domain-member,2,,,http://www.starbucks.com/role/SummaryofSignificantAccountingPoliciesNarrativeDetails,sbux-20250928_def.xml
X-SBUX-0150,SBUX,Starbucks Corporation,main_deep_case,definition,sbux:RevenueRecognitionMultipleDeliverableArrangementsExtensionLineItems,,us-gaap:ContractWithCustomerLiabilityRevenueRecognized,"Contract with Customer, Liability, Revenue Recognized",http://xbrl.org/int/dim/arcrole/domain-member,3,,,http://www.starbucks.com/role/SummaryofSignificantAccountingPoliciesNarrativeDetails,sbux-20250928_def.xml
X-SBUX-0151,SBUX,Starbucks Corporation,main_deep_case,definition,sbux:RevenueRecognitionMultipleDeliverableArrangementsExtensionLineItems,,us-gaap:DeferredRevenueCurrent,"Deferred Revenue, Current",http://xbrl.org/int/dim/arcrole/domain-member,4,,,http://www.starbucks.com/role/SummaryofSignificantAccountingPoliciesNarrativeDetails,sbux-20250928_def.xml
X-SBUX-0152,SBUX,Starbucks Corporation,main_deep_case,definition,us-gaap:IncomeStatementLocationDomain,"Statement of Income Location, Balance [Domain]",sbux:FranchisedUnitsRevenueMember,,http://xbrl.org/int/dim/arcrole/domain-member,3,,,http://www.starbucks.com/role/DerivativeFinancialInstrumentsPretaxGainsandLossesonDerivativeContractsDesignatedasHedgingInstrumentsRecognizedinOCIandReclassificationsfromAOCItoEarningsDetails,sbux-20250928_def.xml
X-SBUX-0153,SBUX,Starbucks Corporation,main_deep_case,definition,us-gaap:InventoryLineItems,Inventory [Line Items],us-gaap:InventoryCurrentTable,"Inventory, Current [Table]",http://xbrl.org/int/dim/arcrole/all,1,,,http://www.starbucks.com/role/InventoriesNarrativeDetails,sbux-20250928_def.xml
X-SBUX-0154,SBUX,Starbucks Corporation,main_deep_case,definition,us-gaap:InventoryCurrentTable,"Inventory, Current [Table]",us-gaap:DerivativeInstrumentRiskAxis,Derivative Instrument [Axis],http://xbrl.org/int/dim/arcrole/hypercube-dimension,1,,,http://www.starbucks.com/role/InventoriesNarrativeDetails,sbux-20250928_def.xml
X-SBUX-0155,SBUX,Starbucks Corporation,main_deep_case,definition,us-gaap:InventoryLineItems,Inventory [Line Items],us-gaap:LongTermPurchaseCommitmentAmount,"Long-Term Purchase Commitment, Amount",http://xbrl.org/int/dim/arcrole/domain-member,0,,,http://www.starbucks.com/role/InventoriesNarrativeDetails,sbux-20250928_def.xml
X-SBUX-0156,SBUX,Starbucks Corporation,main_deep_case,definition,us-gaap:InventoryLineItems,Inventory [Line Items],us-gaap:InventoryWriteDown,Inventory Write-down,http://xbrl.org/int/dim/arcrole/domain-member,1,,,http://www.starbucks.com/role/InventoriesNarrativeDetails,sbux-20250928_def.xml
X-SBUX-0157,SBUX,Starbucks Corporation,main_deep_case,definition,us-gaap:ScheduleOfEquityMethodInvestmentsLineItems,Schedule of Equity Method Investments [Line Items],sbux:RevenueGeneratedFromRelatedParties,,http://xbrl.org/int/dim/arcrole/domain-member,3,,,http://www.starbucks.com/role/EquityMethodandOtherInvestmentsEquityMethodInvestmentsNarrativeDetails,sbux-20250928_def.xml
X-SBUX-0158,SBUX,Starbucks Corporation,main_deep_case,definition,us-gaap:ScheduleOfEquityMethodInvestmentsLineItems,Schedule of Equity Method Investments [Line Items],us-gaap:RevenueRelatedPartyTypeExtensibleEnumeration,"Revenue, Related Party [Extensible Enumeration]",http://xbrl.org/int/dim/arcrole/domain-member,4,,,http://www.starbucks.com/role/EquityMethodandOtherInvestmentsEquityMethodInvestmentsNarrativeDetails,sbux-20250928_def.xml
X-SBUX-0159,SBUX,Starbucks Corporation,main_deep_case,definition,us-gaap:LesseeLeaseDescriptionTable,"Lessee, Lease, Description [Table]",us-gaap:RestructuringCostAndReserveAxis,Restructuring Type [Axis],http://xbrl.org/int/dim/arcrole/hypercube-dimension,2,,,http://www.starbucks.com/role/LeasesNarrativeDetails,sbux-20250928_def.xml
X-SBUX-0160,SBUX,Starbucks Corporation,main_deep_case,definition,us-gaap:RestructuringCostAndReserveAxis,Restructuring Type [Axis],us-gaap:TypeOfRestructuringDomain,Type of Restructuring [Domain],http://xbrl.org/int/dim/arcrole/dimension-default,1,,,http://www.starbucks.com/role/LeasesNarrativeDetails,sbux-20250928_def.xml
X-SBUX-0161,SBUX,Starbucks Corporation,main_deep_case,definition,us-gaap:RestructuringCostAndReserveAxis,Restructuring Type [Axis],us-gaap:TypeOfRestructuringDomain,Type of Restructuring [Domain],http://xbrl.org/int/dim/arcrole/dimension-domain,1,,,http://www.starbucks.com/role/LeasesNarrativeDetails,sbux-20250928_def.xml
X-SBUX-0162,SBUX,Starbucks Corporation,main_deep_case,definition,us-gaap:StatementLineItems,Statement [Line Items],us-gaap:DeferredRevenueArrangementByTypeTable,"Deferred Revenue Arrangement, by Type [Table]",http://xbrl.org/int/dim/arcrole/all,1,,,http://www.starbucks.com/role/DeferredRevenueNarrativeDetails,sbux-20250928_def.xml
X-SBUX-0163,SBUX,Starbucks Corporation,main_deep_case,definition,us-gaap:DeferredRevenueArrangementByTypeTable,"Deferred Revenue Arrangement, by Type [Table]",srt:ProductOrServiceAxis,Product and Service [Axis],http://xbrl.org/int/dim/arcrole/hypercube-dimension,1,,,http://www.starbucks.com/role/DeferredRevenueNarrativeDetails,sbux-20250928_def.xml
X-SBUX-0164,SBUX,Starbucks Corporation,main_deep_case,definition,srt:ProductsAndServicesDomain,Product and Service [Domain],sbux:StoredValueCardsAndLoyaltyProgramBreakageInPriorYearDomain,,http://xbrl.org/int/dim/arcrole/domain-member,0,,,http://www.starbucks.com/role/DeferredRevenueNarrativeDetails,sbux-20250928_def.xml
X-SBUX-0165,SBUX,Starbucks Corporation,main_deep_case,definition,srt:ProductsAndServicesDomain,Product and Service [Domain],sbux:RevenueRecognitionPeriodStoredValueCardsandLoyaltyProgramBreakageMember,,http://xbrl.org/int/dim/arcrole/domain-member,1,,,http://www.starbucks.com/role/DeferredRevenueNarrativeDetails,sbux-20250928_def.xml
X-SBUX-0166,SBUX,Starbucks Corporation,main_deep_case,definition,srt:ProductOrServiceAxis,Product and Service [Axis],sbux:StoredValueCardbreakagerevenueDomain,,http://xbrl.org/int/dim/arcrole/dimension-domain,2,,,http://www.starbucks.com/role/DeferredRevenueNarrativeDetails,sbux-20250928_def.xml
X-SBUX-0167,SBUX,Starbucks Corporation,main_deep_case,definition,us-gaap:DeferredRevenueArrangementByTypeTable,"Deferred Revenue Arrangement, by Type [Table]",us-gaap:TypeOfArrangementAxis,Collaborative Arrangement and Arrangement Other than Collaborative [Axis],http://xbrl.org/int/dim/arcrole/hypercube-dimension,2,,,http://www.starbucks.com/role/DeferredRevenueNarrativeDetails,sbux-20250928_def.xml
X-SBUX-0168,SBUX,Starbucks Corporation,main_deep_case,definition,us-gaap:DeferredRevenueArrangementByTypeTable,"Deferred Revenue Arrangement, by Type [Table]",sbux:AdjustmentsForNewAccountingPronouncementInPriorYearAxis,,http://xbrl.org/int/dim/arcrole/hypercube-dimension,3,,,http://www.starbucks.com/role/DeferredRevenueNarrativeDetails,sbux-20250928_def.xml
X-SBUX-0169,SBUX,Starbucks Corporation,main_deep_case,definition,sbux:AdjustmentsForNewAccountingPronouncementInPriorYearDomain,,sbux:StoredValueCardsAndLoyaltyProgramBreakageInPriorYearDomain,,http://xbrl.org/int/dim/arcrole/domain-member,0,,,http://www.starbucks.com/role/DeferredRevenueNarrativeDetails,sbux-20250928_def.xml
X-SBUX-0170,SBUX,Starbucks Corporation,main_deep_case,definition,us-gaap:StatementLineItems,Statement [Line Items],us-gaap:DeferredRevenueNoncurrent,"Deferred Revenue, Noncurrent",http://xbrl.org/int/dim/arcrole/domain-member,0,,,http://www.starbucks.com/role/DeferredRevenueNarrativeDetails,sbux-20250928_def.xml
X-SBUX-0171,SBUX,Starbucks Corporation,main_deep_case,definition,us-gaap:StatementLineItems,Statement [Line Items],us-gaap:DeferredRevenue,Deferred Revenue,http://xbrl.org/int/dim/arcrole/domain-member,1,,,http://www.starbucks.com/role/DeferredRevenueNarrativeDetails,sbux-20250928_def.xml
X-SBUX-0172,SBUX,Starbucks Corporation,main_deep_case,definition,us-gaap:StatementLineItems,Statement [Line Items],us-gaap:DeferredRevenueAdditions,"Deferred Revenue, Additions",http://xbrl.org/int/dim/arcrole/domain-member,2,,,http://www.starbucks.com/role/DeferredRevenueNarrativeDetails,sbux-20250928_def.xml
X-SBUX-0173,SBUX,Starbucks Corporation,main_deep_case,definition,us-gaap:StatementLineItems,Statement [Line Items],sbux:DeferredRevenueRevenueRecognizedIncludingOpeningBalanceSheetAmounts,,http://xbrl.org/int/dim/arcrole/domain-member,3,,,http://www.starbucks.com/role/DeferredRevenueNarrativeDetails,sbux-20250928_def.xml
X-SBUX-0174,SBUX,Starbucks Corporation,main_deep_case,definition,us-gaap:StatementLineItems,Statement [Line Items],sbux:DeferredRevenueOther,,http://xbrl.org/int/dim/arcrole/domain-member,4,,,http://www.starbucks.com/role/DeferredRevenueNarrativeDetails,sbux-20250928_def.xml
X-SBUX-0175,SBUX,Starbucks Corporation,main_deep_case,definition,us-gaap:StatementLineItems,Statement [Line Items],us-gaap:DeferredRevenueCurrent,"Deferred Revenue, Current",http://xbrl.org/int/dim/arcrole/domain-member,5,,,http://www.starbucks.com/role/DeferredRevenueNarrativeDetails,sbux-20250928_def.xml
X-SBUX-0176,SBUX,Starbucks Corporation,main_deep_case,definition,us-gaap:StatementLineItems,Statement [Line Items],us-gaap:CommonStockCapitalSharesReservedForFutureIssuance,"Common Stock, Capital Shares Reserved for Future Issuance",http://xbrl.org/int/dim/arcrole/domain-member,2,,,http://www.starbucks.com/role/EmployeeStockandBenefitPlansNarrativeDetails,sbux-20250928_def.xml
X-SBUX-0177,SBUX,Starbucks Corporation,main_deep_case,definition,us-gaap:ConcentrationRiskBenchmarkDomain,Concentration Risk Benchmark [Domain],us-gaap:SalesRevenueNetMember,Revenue Benchmark [Member],http://xbrl.org/int/dim/arcrole/domain-member,0,,,http://www.starbucks.com/role/SegmentReportingNarrativeDetails,sbux-20250928_def.xml
X-SBUX-0178,SBUX,Starbucks Corporation,main_deep_case,definition,us-gaap:SegmentReportingInformationLineItems,Segment Reporting Information [Line Items],us-gaap:DescriptionOfTypesOfProductsAndServicesFromWhichEachReportableSegmentDerivesItsRevenues,"Segment Reporting Information, Description of Products and Services",http://xbrl.org/int/dim/arcrole/domain-member,2,,,http://www.starbucks.com/role/SegmentReportingNarrativeDetails,sbux-20250928_def.xml
X-SBUX-0179,SBUX,Starbucks Corporation,main_deep_case,definition,us-gaap:SegmentReportingInformationLineItems,Segment Reporting Information [Line Items],us-gaap:SegmentReportingDisclosureOfMajorCustomers,"Segment Reporting, Disclosure of Major Customers",http://xbrl.org/int/dim/arcrole/domain-member,3,,,http://www.starbucks.com/role/SegmentReportingNarrativeDetails,sbux-20250928_def.xml
X-SBUX-0180,SBUX,Starbucks Corporation,main_deep_case,definition,us-gaap:EntityWideInformationRevenueFromExternalCustomerLineItems,Revenue from External Customer [Line Items],us-gaap:ScheduleOfEntityWideInformationRevenueFromExternalCustomersByProductsAndServicesTable,"Segment Reporting, Revenue from External Customer, Product and Service [Table]",http://xbrl.org/int/dim/arcrole/all,1,,,http://www.starbucks.com/role/SegmentReportingConsolidatedRevenueMixByProductTypeDetails,sbux-20250928_def.xml
X-SBUX-0181,SBUX,Starbucks Corporation,main_deep_case,definition,us-gaap:ScheduleOfEntityWideInformationRevenueFromExternalCustomersByProductsAndServicesTable,"Segment Reporting, Revenue from External Customer, Product and Service [Table]",us-gaap:ConcentrationRiskByBenchmarkAxis,Concentration Risk Benchmark [Axis],http://xbrl.org/int/dim/arcrole/hypercube-dimension,1,,,http://www.starbucks.com/role/SegmentReportingConsolidatedRevenueMixByProductTypeDetails,sbux-20250928_def.xml
X-SBUX-0182,SBUX,Starbucks Corporation,main_deep_case,definition,us-gaap:ConcentrationRiskBenchmarkDomain,Concentration Risk Benchmark [Domain],us-gaap:SalesRevenueNetMember,Revenue Benchmark [Member],http://xbrl.org/int/dim/arcrole/domain-member,0,,,http://www.starbucks.com/role/SegmentReportingConsolidatedRevenueMixByProductTypeDetails,sbux-20250928_def.xml
X-SBUX-0183,SBUX,Starbucks Corporation,main_deep_case,definition,us-gaap:ScheduleOfEntityWideInformationRevenueFromExternalCustomersByProductsAndServicesTable,"Segment Reporting, Revenue from External Customer, Product and Service [Table]",srt:ProductOrServiceAxis,Product and Service [Axis],http://xbrl.org/int/dim/arcrole/hypercube-dimension,2,,,http://www.starbucks.com/role/SegmentReportingConsolidatedRevenueMixByProductTypeDetails,sbux-20250928_def.xml
X-SBUX-0184,SBUX,Starbucks Corporation,main_deep_case,definition,us-gaap:ScheduleOfEntityWideInformationRevenueFromExternalCustomersByProductsAndServicesTable,"Segment Reporting, Revenue from External Customer, Product and Service [Table]",us-gaap:ConcentrationRiskByTypeAxis,Concentration Risk Type [Axis],http://xbrl.org/int/dim/arcrole/hypercube-dimension,3,,,http://www.starbucks.com/role/SegmentReportingConsolidatedRevenueMixByProductTypeDetails,sbux-20250928_def.xml
X-SBUX-0185,SBUX,Starbucks Corporation,main_deep_case,definition,us-gaap:EntityWideInformationRevenueFromExternalCustomerLineItems,Revenue from External Customer [Line Items],us-gaap:ConcentrationRiskPercentage1,"Concentration Risk, Percentage",http://xbrl.org/int/dim/arcrole/domain-member,0,,,http://www.starbucks.com/role/SegmentReportingConsolidatedRevenueMixByProductTypeDetails,sbux-20250928_def.xml
X-SBUX-0186,SBUX,Starbucks Corporation,main_deep_case,definition,us-gaap:EntityWideInformationRevenueFromExternalCustomerLineItems,Revenue from External Customer [Line Items],us-gaap:Revenues,Revenues,http://xbrl.org/int/dim/arcrole/domain-member,1,,,http://www.starbucks.com/role/SegmentReportingConsolidatedRevenueMixByProductTypeDetails,sbux-20250928_def.xml
X-SBUX-0187,SBUX,Starbucks Corporation,main_deep_case,definition,us-gaap:RevenuesFromExternalCustomersAndLongLivedAssetsLineItems,Revenues from External Customers and Long-Lived Assets [Line Items],us-gaap:ScheduleOfRevenuesFromExternalCustomersAndLongLivedAssetsTable,Schedule of Revenues from External Customers and Long-Lived Assets [Table],http://xbrl.org/int/dim/arcrole/all,1,,,http://www.starbucks.com/role/SegmentReportingInformationbyGeographicAreaDetails,sbux-20250928_def.xml
X-SBUX-0188,SBUX,Starbucks Corporation,main_deep_case,definition,us-gaap:ScheduleOfRevenuesFromExternalCustomersAndLongLivedAssetsTable,Schedule of Revenues from External Customers and Long-Lived Assets [Table],srt:StatementGeographicalAxis,Geographical [Axis],http://xbrl.org/int/dim/arcrole/hypercube-dimension,1,,,http://www.starbucks.com/role/SegmentReportingInformationbyGeographicAreaDetails,sbux-20250928_def.xml
X-SBUX-0189,SBUX,Starbucks Corporation,main_deep_case,definition,us-gaap:RevenuesFromExternalCustomersAndLongLivedAssetsLineItems,Revenues from External Customers and Long-Lived Assets [Line Items],us-gaap:Revenues,Revenues,http://xbrl.org/int/dim/arcrole/domain-member,0,,,http://www.starbucks.com/role/SegmentReportingInformationbyGeographicAreaDetails,sbux-20250928_def.xml
X-SBUX-0190,SBUX,Starbucks Corporation,main_deep_case,definition,us-gaap:RevenuesFromExternalCustomersAndLongLivedAssetsLineItems,Revenues from External Customers and Long-Lived Assets [Line Items],us-gaap:NoncurrentAssets,Long-Lived Assets,http://xbrl.org/int/dim/arcrole/domain-member,1,,,http://www.starbucks.com/role/SegmentReportingInformationbyGeographicAreaDetails,sbux-20250928_def.xml
X-SBUX-0191,SBUX,Starbucks Corporation,main_deep_case,definition,us-gaap:SegmentReportingInformationLineItems,Segment Reporting Information [Line Items],us-gaap:Revenues,Revenues,http://xbrl.org/int/dim/arcrole/domain-member,0,,,http://www.starbucks.com/role/SegmentReportingFinancialInformationForReportableOperatingSegmentsAndAllOtherSegmentsDetails,sbux-20250928_def.xml
X-SBUX-0192,SBUX,Starbucks Corporation,main_deep_case,definition,us-gaap:RestructuringCostAndReserveLineItems,Restructuring Cost and Reserve [Line Items],us-gaap:ScheduleOfRestructuringAndRelatedCostsTable,Restructuring Cost [Table],http://xbrl.org/int/dim/arcrole/all,1,,,http://www.starbucks.com/role/RestructuringandRelatedActivitiesNarrativeDetails,sbux-20250928_def.xml
X-SBUX-0193,SBUX,Starbucks Corporation,main_deep_case,definition,us-gaap:RestructuringCostAndReserveLineItems,Restructuring Cost and Reserve [Line Items],sbux:DisposalAndImpairmentOfStoreAssets,,http://xbrl.org/int/dim/arcrole/domain-member,0,,,http://www.starbucks.com/role/RestructuringandRelatedActivitiesNarrativeDetails,sbux-20250928_def.xml
X-SBUX-0194,SBUX,Starbucks Corporation,main_deep_case,definition,us-gaap:RestructuringCostAndReserveLineItems,Restructuring Cost and Reserve [Line Items],sbux:EmployeeSeveranceSeparationCostsAndOther,,http://xbrl.org/int/dim/arcrole/domain-member,1,,,http://www.starbucks.com/role/RestructuringandRelatedActivitiesNarrativeDetails,sbux-20250928_def.xml
X-SBUX-0195,SBUX,Starbucks Corporation,main_deep_case,definition,us-gaap:RestructuringCostAndReserveLineItems,Restructuring Cost and Reserve [Line Items],sbux:AmortizationOfROULeaseAssetsAndOtherLeaseExitCosts,,http://xbrl.org/int/dim/arcrole/domain-member,2,,,http://www.starbucks.com/role/RestructuringandRelatedActivitiesNarrativeDetails,sbux-20250928_def.xml
X-SBUX-0196,SBUX,Starbucks Corporation,main_deep_case,definition,us-gaap:RestructuringCostAndReserveLineItems,Restructuring Cost and Reserve [Line Items],us-gaap:RestructuringSettlementAndImpairmentProvisions,"Restructuring, Settlement and Impairment Provisions",http://xbrl.org/int/dim/arcrole/domain-member,3,,,http://www.starbucks.com/role/RestructuringandRelatedActivitiesNarrativeDetails,sbux-20250928_def.xml
X-SBUX-0197,SBUX,Starbucks Corporation,main_deep_case,definition,us-gaap:RestructuringCostAndReserveLineItems,Restructuring Cost and Reserve [Line Items],us-gaap:RestructuringReserve,Restructuring Reserve,http://xbrl.org/int/dim/arcrole/domain-member,4,,,http://www.starbucks.com/role/RestructuringandRelatedActivitiesNarrativeDetails,sbux-20250928_def.xml
X-SBUX-0198,SBUX,Starbucks Corporation,main_deep_case,definition,us-gaap:RestructuringCostAndReserveLineItems,Restructuring Cost and Reserve [Line Items],us-gaap:ScheduleOfRestructuringAndRelatedCostsTable,Restructuring Cost [Table],http://xbrl.org/int/dim/arcrole/all,1,,,http://www.starbucks.com/role/RestructuringReserveDetails,sbux-20250928_def.xml
X-SBUX-0199,SBUX,Starbucks Corporation,main_deep_case,definition,us-gaap:ScheduleOfRestructuringAndRelatedCostsTable,Restructuring Cost [Table],sbux:RestructuringReserveAxis,,http://xbrl.org/int/dim/arcrole/hypercube-dimension,1,,,http://www.starbucks.com/role/RestructuringReserveDetails,sbux-20250928_def.xml
X-SBUX-0200,SBUX,Starbucks Corporation,main_deep_case,definition,sbux:RestructuringReserveAxis,,sbux:RestructuringReserveDomain,,http://xbrl.org/int/dim/arcrole/dimension-default,1,,,http://www.starbucks.com/role/RestructuringReserveDetails,sbux-20250928_def.xml
X-SBUX-0201,SBUX,Starbucks Corporation,main_deep_case,definition,sbux:RestructuringReserveAxis,,sbux:RestructuringReserveDomain,,http://xbrl.org/int/dim/arcrole/dimension-domain,1,,,http://www.starbucks.com/role/RestructuringReserveDetails,sbux-20250928_def.xml
X-SBUX-0202,SBUX,Starbucks Corporation,main_deep_case,definition,sbux:RestructuringReserveDomain,,us-gaap:EmployeeSeveranceMember,Employee Severance [Member],http://xbrl.org/int/dim/arcrole/domain-member,0,,,http://www.starbucks.com/role/RestructuringReserveDetails,sbux-20250928_def.xml
X-SBUX-0203,SBUX,Starbucks Corporation,main_deep_case,definition,sbux:RestructuringReserveDomain,,sbux:LeaseTerminationMember,,http://xbrl.org/int/dim/arcrole/domain-member,1,,,http://www.starbucks.com/role/RestructuringReserveDetails,sbux-20250928_def.xml
X-SBUX-0204,SBUX,Starbucks Corporation,main_deep_case,definition,sbux:RestructuringReserveDomain,,sbux:TotalRestructuringReserveMember,,http://xbrl.org/int/dim/arcrole/domain-member,2,,,http://www.starbucks.com/role/RestructuringReserveDetails,sbux-20250928_def.xml
X-SBUX-0205,SBUX,Starbucks Corporation,main_deep_case,definition,us-gaap:RestructuringCostAndReserveLineItems,Restructuring Cost and Reserve [Line Items],us-gaap:RestructuringSettlementAndImpairmentProvisions,"Restructuring, Settlement and Impairment Provisions",http://xbrl.org/int/dim/arcrole/domain-member,0,,,http://www.starbucks.com/role/RestructuringReserveDetails,sbux-20250928_def.xml
X-SBUX-0206,SBUX,Starbucks Corporation,main_deep_case,definition,us-gaap:RestructuringCostAndReserveLineItems,Restructuring Cost and Reserve [Line Items],sbux:EmployeeSeveranceSeparationCostsAndOther,,http://xbrl.org/int/dim/arcrole/domain-member,1,,,http://www.starbucks.com/role/RestructuringReserveDetails,sbux-20250928_def.xml
X-SBUX-0207,SBUX,Starbucks Corporation,main_deep_case,definition,us-gaap:RestructuringCostAndReserveLineItems,Restructuring Cost and Reserve [Line Items],sbux:AmortizationOfROULeaseAssetsAndOtherLeaseExitCosts,,http://xbrl.org/int/dim/arcrole/domain-member,2,,,http://www.starbucks.com/role/RestructuringReserveDetails,sbux-20250928_def.xml
X-SBUX-0208,SBUX,Starbucks Corporation,main_deep_case,definition,us-gaap:RestructuringCostAndReserveLineItems,Restructuring Cost and Reserve [Line Items],us-gaap:PaymentsForRestructuring,Payments for Restructuring,http://xbrl.org/int/dim/arcrole/domain-member,3,,,http://www.starbucks.com/role/RestructuringReserveDetails,sbux-20250928_def.xml
X-SBUX-0209,SBUX,Starbucks Corporation,main_deep_case,definition,us-gaap:RestructuringCostAndReserveLineItems,Restructuring Cost and Reserve [Line Items],us-gaap:RestructuringReserve,Restructuring Reserve,http://xbrl.org/int/dim/arcrole/domain-member,4,,,http://www.starbucks.com/role/RestructuringReserveDetails,sbux-20250928_def.xml
X-SBUX-0210,SBUX,Starbucks Corporation,main_deep_case,definition,us-gaap:RestructuringCostAndReserveLineItems,Restructuring Cost and Reserve [Line Items],sbux:OperatingLeaseLiabilityRestructuring,,http://xbrl.org/int/dim/arcrole/domain-member,5,,,http://www.starbucks.com/role/RestructuringReserveDetails,sbux-20250928_def.xml
X-TGT-0001,TGT,Target Corporation,main_deep_case,presentation,us-gaap:IncomeStatementAbstract,Income Statement [Abstract],us-gaap:RevenueFromContractWithCustomerExcludingAssessedTax,"Revenue from Contract with Customer, Excluding Assessed Tax",http://www.xbrl.org/2003/arcrole/parent-child,1,,http://www.xbrl.org/2003/role/terseLabel,http://corporate.target.com/role/ConsolidatedStatementsofOperations,tgt-20250201_pre.xml
X-TGT-0002,TGT,Target Corporation,main_deep_case,presentation,us-gaap:IncomeStatementAbstract,Income Statement [Abstract],us-gaap:CostOfGoodsAndServicesSold,Cost of Goods and Services Sold,http://www.xbrl.org/2003/arcrole/parent-child,2,,http://www.xbrl.org/2003/role/terseLabel,http://corporate.target.com/role/ConsolidatedStatementsofOperations,tgt-20250201_pre.xml
X-TGT-0003,TGT,Target Corporation,main_deep_case,presentation,us-gaap:AssetsAbstract,Assets [Abstract],us-gaap:InventoryNet,"Inventory, Net",http://www.xbrl.org/2003/arcrole/parent-child,2,,http://www.xbrl.org/2003/role/terseLabel,http://corporate.target.com/role/ConsolidatedStatementsofFinancialPosition,tgt-20250201_pre.xml
X-TGT-0004,TGT,Target Corporation,main_deep_case,presentation,us-gaap:IncreaseDecreaseInOperatingCapitalAbstract,Increase (Decrease) in Operating Capital [Abstract],us-gaap:IncreaseDecreaseInInventories,Increase (Decrease) in Inventories,http://www.xbrl.org/2003/arcrole/parent-child,1,,http://www.xbrl.org/2009/role/negatedLabel,http://corporate.target.com/role/ConsolidatedStatementsofCashFlows,tgt-20250201_pre.xml
X-TGT-0005,TGT,Target Corporation,main_deep_case,presentation,us-gaap:RevenueFromContractWithCustomerAbstract,Revenue from Contract with Customer [Abstract],us-gaap:RevenueFromContractWithCustomerTextBlock,Revenue from Contract with Customer [Text Block],http://www.xbrl.org/2003/arcrole/parent-child,1,,http://www.xbrl.org/2003/role/terseLabel,http://corporate.target.com/role/NetSales,tgt-20250201_pre.xml
X-TGT-0006,TGT,Target Corporation,main_deep_case,presentation,tgt:CostOfSalesAndSellingGeneralAndAdministrativeExpensesAbstract,,tgt:CostOfSalesAndSellingGeneralAndAdministrativeExpensesDisclosureTextBlock,,http://www.xbrl.org/2003/arcrole/parent-child,1,,http://www.xbrl.org/2003/role/terseLabel,http://corporate.target.com/role/CostofSalesandSellingGeneralandAdministrativeExpenses,tgt-20250201_pre.xml
X-TGT-0007,TGT,Target Corporation,main_deep_case,presentation,us-gaap:InventoryDisclosureAbstract,Inventory Disclosure [Abstract],us-gaap:InventoryDisclosureTextBlock,Inventory Disclosure [Text Block],http://www.xbrl.org/2003/arcrole/parent-child,1,,http://www.xbrl.org/2003/role/terseLabel,http://corporate.target.com/role/Inventory,tgt-20250201_pre.xml
X-TGT-0008,TGT,Target Corporation,main_deep_case,presentation,us-gaap:AccountingPoliciesAbstract,Accounting Policies [Abstract],us-gaap:RevenueFromContractWithCustomerPolicyTextBlock,Revenue from Contract with Customer [Policy Text Block],http://www.xbrl.org/2003/arcrole/parent-child,5,,http://www.xbrl.org/2003/role/terseLabel,http://corporate.target.com/role/SummaryofAccountingPoliciesPolicies,tgt-20250201_pre.xml
X-TGT-0009,TGT,Target Corporation,main_deep_case,presentation,us-gaap:AccountingPoliciesAbstract,Accounting Policies [Abstract],us-gaap:CostOfSalesPolicyTextBlock,Cost of Goods and Service [Policy Text Block],http://www.xbrl.org/2003/arcrole/parent-child,6,,http://www.xbrl.org/2003/role/terseLabel,http://corporate.target.com/role/SummaryofAccountingPoliciesPolicies,tgt-20250201_pre.xml
X-TGT-0010,TGT,Target Corporation,main_deep_case,presentation,us-gaap:AccountingPoliciesAbstract,Accounting Policies [Abstract],us-gaap:InventoryFinishedGoodsPolicy,"Inventory Finished Goods, Policy [Policy Text Block]",http://www.xbrl.org/2003/arcrole/parent-child,12,,http://www.xbrl.org/2003/role/terseLabel,http://corporate.target.com/role/SummaryofAccountingPoliciesPolicies,tgt-20250201_pre.xml
X-TGT-0011,TGT,Target Corporation,main_deep_case,presentation,us-gaap:RevenueFromContractWithCustomerAbstract,Revenue from Contract with Customer [Abstract],us-gaap:DisaggregationOfRevenueTableTextBlock,Disaggregation of Revenue [Table Text Block],http://www.xbrl.org/2003/arcrole/parent-child,1,,http://www.xbrl.org/2003/role/terseLabel,http://corporate.target.com/role/NetSalesTables,tgt-20250201_pre.xml
X-TGT-0012,TGT,Target Corporation,main_deep_case,presentation,us-gaap:RevenueFromContractWithCustomerAbstract,Revenue from Contract with Customer [Abstract],us-gaap:ContractWithCustomerAssetAndLiabilityTableTextBlock,"Contract with Customer, Contract Asset, Contract Liability, and Receivable [Table Text Block]",http://www.xbrl.org/2003/arcrole/parent-child,2,,http://www.xbrl.org/2003/role/terseLabel,http://corporate.target.com/role/NetSalesTables,tgt-20250201_pre.xml
X-TGT-0013,TGT,Target Corporation,main_deep_case,presentation,us-gaap:RevenueFromContractWithCustomerAbstract,Revenue from Contract with Customer [Abstract],us-gaap:DisaggregationOfRevenueTable,Disaggregation of Revenue [Table],http://www.xbrl.org/2003/arcrole/parent-child,1,,http://www.xbrl.org/2003/role/terseLabel,http://corporate.target.com/role/NetSalesDisaggregationofNetSalesDetails,tgt-20250201_pre.xml
X-TGT-0014,TGT,Target Corporation,main_deep_case,presentation,us-gaap:DisaggregationOfRevenueTable,Disaggregation of Revenue [Table],srt:ProductOrServiceAxis,Product and Service [Axis],http://www.xbrl.org/2003/arcrole/parent-child,1,,http://www.xbrl.org/2003/role/terseLabel,http://corporate.target.com/role/NetSalesDisaggregationofNetSalesDetails,tgt-20250201_pre.xml
X-TGT-0015,TGT,Target Corporation,main_deep_case,presentation,srt:ProductsAndServicesDomain,Product and Service [Domain],tgt:AdvertisingRevenueMember,,http://www.xbrl.org/2003/arcrole/parent-child,2,,http://www.xbrl.org/2003/role/terseLabel,http://corporate.target.com/role/NetSalesDisaggregationofNetSalesDetails,tgt-20250201_pre.xml
X-TGT-0016,TGT,Target Corporation,main_deep_case,presentation,srt:ProductsAndServicesDomain,Product and Service [Domain],tgt:OtherOtherRevenueMember,,http://www.xbrl.org/2003/arcrole/parent-child,4,,http://www.xbrl.org/2003/role/terseLabel,http://corporate.target.com/role/NetSalesDisaggregationofNetSalesDetails,tgt-20250201_pre.xml
X-TGT-0017,TGT,Target Corporation,main_deep_case,presentation,us-gaap:DisaggregationOfRevenueTable,Disaggregation of Revenue [Table],us-gaap:DisaggregationOfRevenueLineItems,Disaggregation of Revenue [Line Items],http://www.xbrl.org/2003/arcrole/parent-child,2,,http://www.xbrl.org/2003/role/terseLabel,http://corporate.target.com/role/NetSalesDisaggregationofNetSalesDetails,tgt-20250201_pre.xml
X-TGT-0018,TGT,Target Corporation,main_deep_case,presentation,us-gaap:DisaggregationOfRevenueLineItems,Disaggregation of Revenue [Line Items],us-gaap:RevenueFromContractWithCustomerExcludingAssessedTax,"Revenue from Contract with Customer, Excluding Assessed Tax",http://www.xbrl.org/2003/arcrole/parent-child,1,,http://www.xbrl.org/2003/role/verboseLabel,http://corporate.target.com/role/NetSalesDisaggregationofNetSalesDetails,tgt-20250201_pre.xml
X-TGT-0019,TGT,Target Corporation,main_deep_case,presentation,us-gaap:RevenueFromContractWithCustomerAbstract,Revenue from Contract with Customer [Abstract],us-gaap:DisaggregationOfRevenueTable,Disaggregation of Revenue [Table],http://www.xbrl.org/2003/arcrole/parent-child,1,,http://www.xbrl.org/2003/role/terseLabel,http://corporate.target.com/role/NetSalesNarrativeDetails,tgt-20250201_pre.xml
X-TGT-0020,TGT,Target Corporation,main_deep_case,presentation,us-gaap:DisaggregationOfRevenueTable,Disaggregation of Revenue [Table],srt:ProductOrServiceAxis,Product and Service [Axis],http://www.xbrl.org/2003/arcrole/parent-child,1,,http://www.xbrl.org/2003/role/terseLabel,http://corporate.target.com/role/NetSalesNarrativeDetails,tgt-20250201_pre.xml
X-TGT-0021,TGT,Target Corporation,main_deep_case,presentation,us-gaap:DisaggregationOfRevenueTable,Disaggregation of Revenue [Table],us-gaap:DisaggregationOfRevenueLineItems,Disaggregation of Revenue [Line Items],http://www.xbrl.org/2003/arcrole/parent-child,2,,http://www.xbrl.org/2003/role/terseLabel,http://corporate.target.com/role/NetSalesNarrativeDetails,tgt-20250201_pre.xml
X-TGT-0022,TGT,Target Corporation,main_deep_case,presentation,us-gaap:DisaggregationOfRevenueLineItems,Disaggregation of Revenue [Line Items],tgt:ContractwithCustomerRightofReturnPeriod,,http://www.xbrl.org/2003/arcrole/parent-child,1,,http://www.xbrl.org/2003/role/terseLabel,http://corporate.target.com/role/NetSalesNarrativeDetails,tgt-20250201_pre.xml
X-TGT-0023,TGT,Target Corporation,main_deep_case,presentation,us-gaap:DisaggregationOfRevenueLineItems,Disaggregation of Revenue [Line Items],us-gaap:ContractWithCustomerRefundLiability,"Contract with Customer, Refund Liability",http://www.xbrl.org/2003/arcrole/parent-child,2,,http://www.xbrl.org/2003/role/terseLabel,http://corporate.target.com/role/NetSalesNarrativeDetails,tgt-20250201_pre.xml
X-TGT-0024,TGT,Target Corporation,main_deep_case,presentation,us-gaap:DisaggregationOfRevenueLineItems,Disaggregation of Revenue [Line Items],tgt:PercentOfSalesUnderDirectVendorShipOrScanBasedTradingArrangements,,http://www.xbrl.org/2003/arcrole/parent-child,3,,http://www.xbrl.org/2003/role/terseLabel,http://corporate.target.com/role/NetSalesNarrativeDetails,tgt-20250201_pre.xml
X-TGT-0025,TGT,Target Corporation,main_deep_case,presentation,us-gaap:DisaggregationOfRevenueLineItems,Disaggregation of Revenue [Line Items],tgt:PercentageOfLoyaltyDiscounts,,http://www.xbrl.org/2003/arcrole/parent-child,4,,http://www.xbrl.org/2003/role/verboseLabel,http://corporate.target.com/role/NetSalesNarrativeDetails,tgt-20250201_pre.xml
X-TGT-0026,TGT,Target Corporation,main_deep_case,presentation,us-gaap:DisaggregationOfRevenueLineItems,Disaggregation of Revenue [Line Items],tgt:ContractWithCustomerLiabilityLoyaltyProgramCurrent,,http://www.xbrl.org/2003/arcrole/parent-child,5,,http://www.xbrl.org/2003/role/terseLabel,http://corporate.target.com/role/NetSalesNarrativeDetails,tgt-20250201_pre.xml
X-TGT-0027,TGT,Target Corporation,main_deep_case,presentation,us-gaap:RevenueFromContractWithCustomerAbstract,Revenue from Contract with Customer [Abstract],tgt:ChangeinContractwithCustomerLiabilityRollForward,,http://www.xbrl.org/2003/arcrole/parent-child,1,,http://www.xbrl.org/2003/role/terseLabel,http://corporate.target.com/role/NetSalesGiftCardLiabilityActivityDetails,tgt-20250201_pre.xml
X-TGT-0028,TGT,Target Corporation,main_deep_case,presentation,tgt:ChangeinContractwithCustomerLiabilityRollForward,,us-gaap:ContractWithCustomerLiability,"Contract with Customer, Liability",http://www.xbrl.org/2003/arcrole/parent-child,1,,http://www.xbrl.org/2003/role/periodStartLabel,http://corporate.target.com/role/NetSalesGiftCardLiabilityActivityDetails,tgt-20250201_pre.xml
X-TGT-0029,TGT,Target Corporation,main_deep_case,presentation,tgt:ChangeinContractwithCustomerLiabilityRollForward,,tgt:ContractWithCustomerLiabilityLiabilitiesIncurred,,http://www.xbrl.org/2003/arcrole/parent-child,2,,http://www.xbrl.org/2003/role/terseLabel,http://corporate.target.com/role/NetSalesGiftCardLiabilityActivityDetails,tgt-20250201_pre.xml
X-TGT-0030,TGT,Target Corporation,main_deep_case,presentation,tgt:ChangeinContractwithCustomerLiabilityRollForward,,us-gaap:ContractWithCustomerLiabilityRevenueRecognized,"Contract with Customer, Liability, Revenue Recognized",http://www.xbrl.org/2003/arcrole/parent-child,3,,http://www.xbrl.org/2009/role/negatedTerseLabel,http://corporate.target.com/role/NetSalesGiftCardLiabilityActivityDetails,tgt-20250201_pre.xml
X-TGT-0031,TGT,Target Corporation,main_deep_case,presentation,tgt:ChangeinContractwithCustomerLiabilityRollForward,,us-gaap:ContractWithCustomerLiability,"Contract with Customer, Liability",http://www.xbrl.org/2003/arcrole/parent-child,4,,http://www.xbrl.org/2003/role/periodEndLabel,http://corporate.target.com/role/NetSalesGiftCardLiabilityActivityDetails,tgt-20250201_pre.xml
X-TGT-0032,TGT,Target Corporation,main_deep_case,presentation,tgt:CostOfSalesAndSellingGeneralAndAdministrativeExpensesAbstract,,tgt:CostOfGoodsAndServicesSoldIncreaseDueToReclassification,,http://www.xbrl.org/2003/arcrole/parent-child,1,,http://www.xbrl.org/2003/role/terseLabel,http://corporate.target.com/role/CostofSalesandSellingGeneralandAdministrativeExpensesDetails,tgt-20250201_pre.xml
X-TGT-0033,TGT,Target Corporation,main_deep_case,presentation,tgt:CostOfSalesAndSellingGeneralAndAdministrativeExpensesAbstract,,tgt:CostOfGoodsAndServicesSoldDecreaseDueToReclassification,,http://www.xbrl.org/2003/arcrole/parent-child,2,,http://www.xbrl.org/2003/role/terseLabel,http://corporate.target.com/role/CostofSalesandSellingGeneralandAdministrativeExpensesDetails,tgt-20250201_pre.xml
X-TGT-0034,TGT,Target Corporation,main_deep_case,presentation,us-gaap:InventoryDisclosureAbstract,Inventory Disclosure [Abstract],us-gaap:InventoryLIFOReservePeriodCharge,"Inventory, LIFO Reserve, Period Charge",http://www.xbrl.org/2003/arcrole/parent-child,1,,http://www.xbrl.org/2003/role/terseLabel,http://corporate.target.com/role/InventoryNarrativeDetails,tgt-20250201_pre.xml
X-TGT-0035,TGT,Target Corporation,main_deep_case,presentation,tgt:OtherCurrentAssetsDisclosureAbstract,,us-gaap:AccountsAndOtherReceivablesNetCurrent,"Accounts and Other Receivables, Net, Current",http://www.xbrl.org/2003/arcrole/parent-child,1,,http://www.xbrl.org/2003/role/terseLabel,http://corporate.target.com/role/OtherCurrentAssetsDetails,tgt-20250201_pre.xml
X-TGT-0036,TGT,Target Corporation,main_deep_case,presentation,tgt:OtherCurrentAssetsDisclosureAbstract,,tgt:VendorIncomeReceivableCurrent,,http://www.xbrl.org/2003/arcrole/parent-child,2,,http://www.xbrl.org/2003/role/terseLabel,http://corporate.target.com/role/OtherCurrentAssetsDetails,tgt-20250201_pre.xml
X-TGT-0037,TGT,Target Corporation,main_deep_case,presentation,tgt:AccruedAndOtherCurrentLiabilitiesDisclosureAbstract,,us-gaap:ContractWithCustomerLiability,"Contract with Customer, Liability",http://www.xbrl.org/2003/arcrole/parent-child,2,,http://www.xbrl.org/2003/role/terseLabel,http://corporate.target.com/role/AccruedandOtherCurrentLiabilitiesDetails,tgt-20250201_pre.xml
X-TGT-0038,TGT,Target Corporation,main_deep_case,presentation,tgt:AccruedAndOtherCurrentLiabilitiesDisclosureAbstract,,us-gaap:SelfInsuranceReserveCurrent,"Self Insurance Reserve, Current",http://www.xbrl.org/2003/arcrole/parent-child,7,,http://www.xbrl.org/2003/role/terseLabel,http://corporate.target.com/role/AccruedandOtherCurrentLiabilitiesDetails,tgt-20250201_pre.xml
X-TGT-0039,TGT,Target Corporation,main_deep_case,presentation,us-gaap:DeferredTaxAssetsTaxDeferredExpenseCompensationAndBenefitsAbstract,"Deferred Tax Assets, Tax Deferred Expense, Compensation and Benefits [Abstract]",us-gaap:DeferredTaxAssetsTaxDeferredExpenseReservesAndAccrualsAccruedLiabilities,"Deferred Tax Assets, Tax Deferred Expense, Reserves and Accruals, Accrued Liabilities",http://www.xbrl.org/2003/arcrole/parent-child,2,,http://www.xbrl.org/2003/role/terseLabel,http://corporate.target.com/role/IncomeTaxesScheduleofNetDeferredTaxAssetLiabilityDetails,tgt-20250201_pre.xml
X-TGT-0040,TGT,Target Corporation,main_deep_case,presentation,us-gaap:DeferredTaxAssetsTaxDeferredExpenseCompensationAndBenefitsAbstract,"Deferred Tax Assets, Tax Deferred Expense, Compensation and Benefits [Abstract]",us-gaap:DeferredTaxAssetsTaxDeferredExpenseReservesAndAccrualsSelfInsurance,"Deferred Tax Assets, Tax Deferred Expense, Reserves and Accruals, Self Insurance",http://www.xbrl.org/2003/arcrole/parent-child,3,,http://www.xbrl.org/2003/role/terseLabel,http://corporate.target.com/role/IncomeTaxesScheduleofNetDeferredTaxAssetLiabilityDetails,tgt-20250201_pre.xml
X-TGT-0041,TGT,Target Corporation,main_deep_case,presentation,us-gaap:DeferredTaxLiabilitiesAbstract,"Deferred Tax Liabilities, Gross [Abstract]",us-gaap:DeferredTaxLiabilitiesDeferredExpenseCapitalizedInventoryCosts,"Deferred Tax Liabilities, Inventory",http://www.xbrl.org/2003/arcrole/parent-child,3,,http://www.xbrl.org/2009/role/negatedLabel,http://corporate.target.com/role/IncomeTaxesScheduleofNetDeferredTaxAssetLiabilityDetails,tgt-20250201_pre.xml
X-TGT-0042,TGT,Target Corporation,main_deep_case,presentation,us-gaap:OtherLiabilitiesDisclosureAbstract,Other Liabilities Disclosure [Abstract],us-gaap:SelfInsuranceReserveNoncurrent,"Self Insurance Reserve, Noncurrent",http://www.xbrl.org/2003/arcrole/parent-child,2,,http://www.xbrl.org/2003/role/terseLabel,http://corporate.target.com/role/OtherNoncurrentLiabilitiesDetails,tgt-20250201_pre.xml
X-TGT-0043,TGT,Target Corporation,main_deep_case,presentation,us-gaap:OtherLiabilitiesDisclosureAbstract,Other Liabilities Disclosure [Abstract],us-gaap:DeferredRevenueNoncurrent,"Deferred Revenue, Noncurrent",http://www.xbrl.org/2003/arcrole/parent-child,3,,http://www.xbrl.org/2003/role/terseLabel,http://corporate.target.com/role/OtherNoncurrentLiabilitiesDetails,tgt-20250201_pre.xml
X-TGT-0044,TGT,Target Corporation,main_deep_case,presentation,us-gaap:SegmentReportingInformationLineItems,Segment Reporting Information [Line Items],us-gaap:RevenueFromContractWithCustomerExcludingAssessedTax,"Revenue from Contract with Customer, Excluding Assessed Tax",http://www.xbrl.org/2003/arcrole/parent-child,1,,http://www.xbrl.org/2003/role/terseLabel,http://corporate.target.com/role/SegmentReportingScheduleofBusinessSegmentResultsDetails,tgt-20250201_pre.xml
X-TGT-0045,TGT,Target Corporation,main_deep_case,presentation,us-gaap:SegmentReportingInformationLineItems,Segment Reporting Information [Line Items],us-gaap:CostOfGoodsAndServicesSoldAbstract,Cost of Goods and Services Sold [Abstract],http://www.xbrl.org/2003/arcrole/parent-child,2,,http://www.xbrl.org/2003/role/terseLabel,http://corporate.target.com/role/SegmentReportingScheduleofBusinessSegmentResultsDetails,tgt-20250201_pre.xml
X-TGT-0046,TGT,Target Corporation,main_deep_case,presentation,us-gaap:CostOfGoodsAndServicesSoldAbstract,Cost of Goods and Services Sold [Abstract],us-gaap:CostOfGoodsAndServicesSold,Cost of Goods and Services Sold,http://www.xbrl.org/2003/arcrole/parent-child,1,,http://www.xbrl.org/2003/role/terseLabel,http://corporate.target.com/role/SegmentReportingScheduleofBusinessSegmentResultsDetails,tgt-20250201_pre.xml
X-TGT-0047,TGT,Target Corporation,main_deep_case,presentation,ecd:AllTradingArrangementsMember,All Trading Arrangements [Member],tgt:ChristinaHenningtonTradingArrangementCommonStockGiftedMember,,http://www.xbrl.org/2003/arcrole/parent-child,3,,http://www.xbrl.org/2003/role/label,http://xbrl.sec.gov/ecd/role/InsiderTradingArrangements,tgt-20250201_pre.xml
X-TGT-0048,TGT,Target Corporation,main_deep_case,calculation,us-gaap:OperatingIncomeLoss,Operating Income (Loss),us-gaap:CostOfGoodsAndServicesSold,Cost of Goods and Services Sold,http://www.xbrl.org/2003/arcrole/summation-item,1,-1.0,,http://corporate.target.com/role/ConsolidatedStatementsofOperations,tgt-20250201_cal.xml
X-TGT-0049,TGT,Target Corporation,main_deep_case,calculation,us-gaap:OperatingIncomeLoss,Operating Income (Loss),us-gaap:RevenueFromContractWithCustomerExcludingAssessedTax,"Revenue from Contract with Customer, Excluding Assessed Tax",http://www.xbrl.org/2003/arcrole/summation-item,4,1.0,,http://corporate.target.com/role/ConsolidatedStatementsofOperations,tgt-20250201_cal.xml
X-TGT-0050,TGT,Target Corporation,main_deep_case,calculation,us-gaap:AssetsCurrent,"Assets, Current",us-gaap:InventoryNet,"Inventory, Net",http://www.xbrl.org/2003/arcrole/summation-item,2,1.0,,http://corporate.target.com/role/ConsolidatedStatementsofFinancialPosition,tgt-20250201_cal.xml
X-TGT-0051,TGT,Target Corporation,main_deep_case,calculation,us-gaap:NetCashProvidedByUsedInOperatingActivities,Net Cash Provided by (Used in) Operating Activities,us-gaap:IncreaseDecreaseInInventories,Increase (Decrease) in Inventories,http://www.xbrl.org/2003/arcrole/summation-item,5,-1.0,,http://corporate.target.com/role/ConsolidatedStatementsofCashFlows,tgt-20250201_cal.xml
X-TGT-0052,TGT,Target Corporation,main_deep_case,calculation,us-gaap:OtherAssetsCurrent,"Other Assets, Current",tgt:VendorIncomeReceivableCurrent,,http://www.xbrl.org/2003/arcrole/summation-item,2,1.0,,http://corporate.target.com/role/OtherCurrentAssetsDetails,tgt-20250201_cal.xml
X-TGT-0053,TGT,Target Corporation,main_deep_case,calculation,us-gaap:OtherAssetsCurrent,"Other Assets, Current",us-gaap:AccountsAndOtherReceivablesNetCurrent,"Accounts and Other Receivables, Net, Current",http://www.xbrl.org/2003/arcrole/summation-item,4,1.0,,http://corporate.target.com/role/OtherCurrentAssetsDetails,tgt-20250201_cal.xml
X-TGT-0054,TGT,Target Corporation,main_deep_case,calculation,us-gaap:AccruedLiabilitiesCurrent,"Accrued Liabilities, Current",us-gaap:SelfInsuranceReserveCurrent,"Self Insurance Reserve, Current",http://www.xbrl.org/2003/arcrole/summation-item,3,1.0,,http://corporate.target.com/role/AccruedandOtherCurrentLiabilitiesDetails,tgt-20250201_cal.xml
X-TGT-0055,TGT,Target Corporation,main_deep_case,calculation,us-gaap:AccruedLiabilitiesCurrent,"Accrued Liabilities, Current",us-gaap:ContractWithCustomerLiability,"Contract with Customer, Liability",http://www.xbrl.org/2003/arcrole/summation-item,5,1.0,,http://corporate.target.com/role/AccruedandOtherCurrentLiabilitiesDetails,tgt-20250201_cal.xml
X-TGT-0056,TGT,Target Corporation,main_deep_case,calculation,us-gaap:DeferredTaxAssetsGross,"Deferred Tax Assets, Gross",us-gaap:DeferredTaxAssetsTaxDeferredExpenseReservesAndAccrualsAccruedLiabilities,"Deferred Tax Assets, Tax Deferred Expense, Reserves and Accruals, Accrued Liabilities",http://www.xbrl.org/2003/arcrole/summation-item,2,1.0,,http://corporate.target.com/role/IncomeTaxesScheduleofNetDeferredTaxAssetLiabilityDetails,tgt-20250201_cal.xml
X-TGT-0057,TGT,Target Corporation,main_deep_case,calculation,us-gaap:DeferredTaxAssetsGross,"Deferred Tax Assets, Gross",us-gaap:DeferredTaxAssetsTaxDeferredExpenseReservesAndAccrualsSelfInsurance,"Deferred Tax Assets, Tax Deferred Expense, Reserves and Accruals, Self Insurance",http://www.xbrl.org/2003/arcrole/summation-item,3,1.0,,http://corporate.target.com/role/IncomeTaxesScheduleofNetDeferredTaxAssetLiabilityDetails,tgt-20250201_cal.xml
X-TGT-0058,TGT,Target Corporation,main_deep_case,calculation,us-gaap:DeferredIncomeTaxLiabilities,"Deferred Tax Liabilities, Gross",us-gaap:DeferredTaxLiabilitiesDeferredExpenseCapitalizedInventoryCosts,"Deferred Tax Liabilities, Inventory",http://www.xbrl.org/2003/arcrole/summation-item,2,1.0,,http://corporate.target.com/role/IncomeTaxesScheduleofNetDeferredTaxAssetLiabilityDetails,tgt-20250201_cal.xml
X-TGT-0059,TGT,Target Corporation,main_deep_case,calculation,us-gaap:OtherLiabilitiesNoncurrent,"Other Liabilities, Noncurrent",us-gaap:DeferredRevenueNoncurrent,"Deferred Revenue, Noncurrent",http://www.xbrl.org/2003/arcrole/summation-item,4,1.0,,http://corporate.target.com/role/OtherNoncurrentLiabilitiesDetails,tgt-20250201_cal.xml
X-TGT-0060,TGT,Target Corporation,main_deep_case,calculation,us-gaap:OtherLiabilitiesNoncurrent,"Other Liabilities, Noncurrent",us-gaap:SelfInsuranceReserveNoncurrent,"Self Insurance Reserve, Noncurrent",http://www.xbrl.org/2003/arcrole/summation-item,5,1.0,,http://corporate.target.com/role/OtherNoncurrentLiabilitiesDetails,tgt-20250201_cal.xml
X-TGT-0061,TGT,Target Corporation,main_deep_case,definition,us-gaap:DisaggregationOfRevenueLineItems,Disaggregation of Revenue [Line Items],us-gaap:DisaggregationOfRevenueTable,Disaggregation of Revenue [Table],http://xbrl.org/int/dim/arcrole/all,1,,,http://corporate.target.com/role/NetSalesDisaggregationofNetSalesDetails,tgt-20250201_def.xml
X-TGT-0062,TGT,Target Corporation,main_deep_case,definition,us-gaap:DisaggregationOfRevenueTable,Disaggregation of Revenue [Table],srt:ProductOrServiceAxis,Product and Service [Axis],http://xbrl.org/int/dim/arcrole/hypercube-dimension,1,,,http://corporate.target.com/role/NetSalesDisaggregationofNetSalesDetails,tgt-20250201_def.xml
X-TGT-0063,TGT,Target Corporation,main_deep_case,definition,srt:ProductsAndServicesDomain,Product and Service [Domain],tgt:AdvertisingRevenueMember,,http://xbrl.org/int/dim/arcrole/domain-member,1,,,http://corporate.target.com/role/NetSalesDisaggregationofNetSalesDetails,tgt-20250201_def.xml
X-TGT-0064,TGT,Target Corporation,main_deep_case,definition,srt:ProductsAndServicesDomain,Product and Service [Domain],tgt:OtherOtherRevenueMember,,http://xbrl.org/int/dim/arcrole/domain-member,3,,,http://corporate.target.com/role/NetSalesDisaggregationofNetSalesDetails,tgt-20250201_def.xml
X-TGT-0065,TGT,Target Corporation,main_deep_case,definition,us-gaap:DisaggregationOfRevenueLineItems,Disaggregation of Revenue [Line Items],us-gaap:RevenueFromContractWithCustomerExcludingAssessedTax,"Revenue from Contract with Customer, Excluding Assessed Tax",http://xbrl.org/int/dim/arcrole/domain-member,0,,,http://corporate.target.com/role/NetSalesDisaggregationofNetSalesDetails,tgt-20250201_def.xml
X-TGT-0066,TGT,Target Corporation,main_deep_case,definition,us-gaap:DisaggregationOfRevenueLineItems,Disaggregation of Revenue [Line Items],us-gaap:DisaggregationOfRevenueTable,Disaggregation of Revenue [Table],http://xbrl.org/int/dim/arcrole/all,1,,,http://corporate.target.com/role/NetSalesNarrativeDetails,tgt-20250201_def.xml
X-TGT-0067,TGT,Target Corporation,main_deep_case,definition,us-gaap:DisaggregationOfRevenueTable,Disaggregation of Revenue [Table],srt:ProductOrServiceAxis,Product and Service [Axis],http://xbrl.org/int/dim/arcrole/hypercube-dimension,1,,,http://corporate.target.com/role/NetSalesNarrativeDetails,tgt-20250201_def.xml
X-TGT-0068,TGT,Target Corporation,main_deep_case,definition,us-gaap:DisaggregationOfRevenueLineItems,Disaggregation of Revenue [Line Items],tgt:ContractwithCustomerRightofReturnPeriod,,http://xbrl.org/int/dim/arcrole/domain-member,0,,,http://corporate.target.com/role/NetSalesNarrativeDetails,tgt-20250201_def.xml
X-TGT-0069,TGT,Target Corporation,main_deep_case,definition,us-gaap:DisaggregationOfRevenueLineItems,Disaggregation of Revenue [Line Items],us-gaap:ContractWithCustomerRefundLiability,"Contract with Customer, Refund Liability",http://xbrl.org/int/dim/arcrole/domain-member,1,,,http://corporate.target.com/role/NetSalesNarrativeDetails,tgt-20250201_def.xml
X-TGT-0070,TGT,Target Corporation,main_deep_case,definition,us-gaap:DisaggregationOfRevenueLineItems,Disaggregation of Revenue [Line Items],tgt:PercentOfSalesUnderDirectVendorShipOrScanBasedTradingArrangements,,http://xbrl.org/int/dim/arcrole/domain-member,2,,,http://corporate.target.com/role/NetSalesNarrativeDetails,tgt-20250201_def.xml
X-TGT-0071,TGT,Target Corporation,main_deep_case,definition,us-gaap:DisaggregationOfRevenueLineItems,Disaggregation of Revenue [Line Items],tgt:PercentageOfLoyaltyDiscounts,,http://xbrl.org/int/dim/arcrole/domain-member,3,,,http://corporate.target.com/role/NetSalesNarrativeDetails,tgt-20250201_def.xml
X-TGT-0072,TGT,Target Corporation,main_deep_case,definition,us-gaap:DisaggregationOfRevenueLineItems,Disaggregation of Revenue [Line Items],tgt:ContractWithCustomerLiabilityLoyaltyProgramCurrent,,http://xbrl.org/int/dim/arcrole/domain-member,4,,,http://corporate.target.com/role/NetSalesNarrativeDetails,tgt-20250201_def.xml
X-TGT-0073,TGT,Target Corporation,main_deep_case,definition,us-gaap:DeferredTaxAssetsTaxDeferredExpenseCompensationAndBenefitsAbstract,"Deferred Tax Assets, Tax Deferred Expense, Compensation and Benefits [Abstract]",us-gaap:DeferredTaxAssetsTaxDeferredExpenseReservesAndAccrualsAccruedLiabilities,"Deferred Tax Assets, Tax Deferred Expense, Reserves and Accruals, Accrued Liabilities",http://xbrl.org/int/dim/arcrole/domain-member,2,,,http://corporate.target.com/role/IncomeTaxesScheduleofNetDeferredTaxAssetLiabilityDetails,tgt-20250201_def.xml
X-TGT-0074,TGT,Target Corporation,main_deep_case,definition,us-gaap:DeferredTaxAssetsTaxDeferredExpenseCompensationAndBenefitsAbstract,"Deferred Tax Assets, Tax Deferred Expense, Compensation and Benefits [Abstract]",us-gaap:DeferredTaxAssetsTaxDeferredExpenseReservesAndAccrualsSelfInsurance,"Deferred Tax Assets, Tax Deferred Expense, Reserves and Accruals, Self Insurance",http://xbrl.org/int/dim/arcrole/domain-member,3,,,http://corporate.target.com/role/IncomeTaxesScheduleofNetDeferredTaxAssetLiabilityDetails,tgt-20250201_def.xml
X-TGT-0075,TGT,Target Corporation,main_deep_case,definition,us-gaap:DeferredTaxLiabilitiesAbstract,"Deferred Tax Liabilities, Gross [Abstract]",us-gaap:DeferredTaxLiabilitiesDeferredExpenseCapitalizedInventoryCosts,"Deferred Tax Liabilities, Inventory",http://xbrl.org/int/dim/arcrole/domain-member,3,,,http://corporate.target.com/role/IncomeTaxesScheduleofNetDeferredTaxAssetLiabilityDetails,tgt-20250201_def.xml
X-TGT-0076,TGT,Target Corporation,main_deep_case,definition,us-gaap:SegmentReportingInformationLineItems,Segment Reporting Information [Line Items],us-gaap:RevenueFromContractWithCustomerExcludingAssessedTax,"Revenue from Contract with Customer, Excluding Assessed Tax",http://xbrl.org/int/dim/arcrole/domain-member,0,,,http://corporate.target.com/role/SegmentReportingScheduleofBusinessSegmentResultsDetails,tgt-20250201_def.xml
X-TGT-0077,TGT,Target Corporation,main_deep_case,definition,us-gaap:SegmentReportingInformationLineItems,Segment Reporting Information [Line Items],us-gaap:CostOfGoodsAndServicesSoldAbstract,Cost of Goods and Services Sold [Abstract],http://xbrl.org/int/dim/arcrole/domain-member,1,,,http://corporate.target.com/role/SegmentReportingScheduleofBusinessSegmentResultsDetails,tgt-20250201_def.xml
X-TGT-0078,TGT,Target Corporation,main_deep_case,definition,us-gaap:CostOfGoodsAndServicesSoldAbstract,Cost of Goods and Services Sold [Abstract],us-gaap:CostOfGoodsAndServicesSold,Cost of Goods and Services Sold,http://xbrl.org/int/dim/arcrole/domain-member,1,,,http://corporate.target.com/role/SegmentReportingScheduleofBusinessSegmentResultsDetails,tgt-20250201_def.xml
X-TGT-0079,TGT,Target Corporation,main_deep_case,definition,ecd:AllTradingArrangementsMember,All Trading Arrangements [Member],tgt:ChristinaHenningtonTradingArrangementCommonStockGiftedMember,,http://xbrl.org/int/dim/arcrole/domain-member,3,,,http://xbrl.sec.gov/ecd/role/TradingArrangementsOnly,tgt-20250201_def.xml
X-WMT-0001,WMT,Walmart Inc.,bounded_extension,presentation,us-gaap:IncomeStatementAbstract,Income Statement [Abstract],us-gaap:RevenuesAbstract,Revenues [Abstract],http://www.xbrl.org/2003/arcrole/parent-child,1,,http://www.xbrl.org/2003/role/terseLabel,http://www.walmart.com/role/ConsolidatedStatementsofIncome,wmt-20260131_pre.xml
X-WMT-0002,WMT,Walmart Inc.,bounded_extension,presentation,us-gaap:RevenuesAbstract,Revenues [Abstract],us-gaap:RevenueFromContractWithCustomerExcludingAssessedTax,"Revenue from Contract with Customer, Excluding Assessed Tax",http://www.xbrl.org/2003/arcrole/parent-child,1,,http://www.xbrl.org/2003/role/verboseLabel,http://www.walmart.com/role/ConsolidatedStatementsofIncome,wmt-20260131_pre.xml
X-WMT-0003,WMT,Walmart Inc.,bounded_extension,presentation,us-gaap:RevenuesAbstract,Revenues [Abstract],us-gaap:OtherIncome,Other Income,http://www.xbrl.org/2003/arcrole/parent-child,2,,http://www.xbrl.org/2003/role/verboseLabel,http://www.walmart.com/role/ConsolidatedStatementsofIncome,wmt-20260131_pre.xml
X-WMT-0004,WMT,Walmart Inc.,bounded_extension,presentation,us-gaap:RevenuesAbstract,Revenues [Abstract],us-gaap:Revenues,Revenues,http://www.xbrl.org/2003/arcrole/parent-child,3,,http://www.xbrl.org/2003/role/totalLabel,http://www.walmart.com/role/ConsolidatedStatementsofIncome,wmt-20260131_pre.xml
X-WMT-0005,WMT,Walmart Inc.,bounded_extension,presentation,us-gaap:CostsAndExpensesAbstract,Costs and Expenses [Abstract],us-gaap:CostOfRevenue,Cost of Revenue,http://www.xbrl.org/2003/arcrole/parent-child,1,,http://www.xbrl.org/2003/role/terseLabel,http://www.walmart.com/role/ConsolidatedStatementsofIncome,wmt-20260131_pre.xml
X-WMT-0006,WMT,Walmart Inc.,bounded_extension,presentation,us-gaap:AssetsCurrentAbstract,"Assets, Current [Abstract]",us-gaap:ReceivablesNetCurrent,"Receivables, Net, Current",http://www.xbrl.org/2003/arcrole/parent-child,2,,http://www.xbrl.org/2003/role/terseLabel,http://www.walmart.com/role/ConsolidatedBalanceSheets,wmt-20260131_pre.xml
X-WMT-0007,WMT,Walmart Inc.,bounded_extension,presentation,us-gaap:AssetsCurrentAbstract,"Assets, Current [Abstract]",us-gaap:InventoryNet,"Inventory, Net",http://www.xbrl.org/2003/arcrole/parent-child,3,,http://www.xbrl.org/2003/role/terseLabel,http://www.walmart.com/role/ConsolidatedBalanceSheets,wmt-20260131_pre.xml
X-WMT-0008,WMT,Walmart Inc.,bounded_extension,presentation,us-gaap:IncreaseDecreaseInOperatingCapitalAbstract,"Adjustment to Reconcile Net Income to Cash Provided by (Used in) Operating Activity, Increase (Decrease) in Operating Capital [Abstract]",us-gaap:IncreaseDecreaseInAccountsAndOtherReceivables,Increase (Decrease) in Accounts and Other Receivables,http://www.xbrl.org/2003/arcrole/parent-child,1,,http://www.xbrl.org/2009/role/negatedLabel,http://www.walmart.com/role/ConsolidatedStatementsofCashFlows,wmt-20260131_pre.xml
X-WMT-0009,WMT,Walmart Inc.,bounded_extension,presentation,us-gaap:IncreaseDecreaseInOperatingCapitalAbstract,"Adjustment to Reconcile Net Income to Cash Provided by (Used in) Operating Activity, Increase (Decrease) in Operating Capital [Abstract]",us-gaap:IncreaseDecreaseInRetailRelatedInventories,Increase (Decrease) in Retail Related Inventories,http://www.xbrl.org/2003/arcrole/parent-child,2,,http://www.xbrl.org/2009/role/negatedLabel,http://www.walmart.com/role/ConsolidatedStatementsofCashFlows,wmt-20260131_pre.xml
X-WMT-0010,WMT,Walmart Inc.,bounded_extension,presentation,us-gaap:OrganizationConsolidationAndPresentationOfFinancialStatementsAbstract,"Organization, Consolidation and Presentation of Financial Statements [Abstract]",us-gaap:ReceivablesPolicyTextBlock,Receivable [Policy Text Block],http://www.xbrl.org/2003/arcrole/parent-child,5,,http://www.xbrl.org/2003/role/terseLabel,http://www.walmart.com/role/SummaryofSignificantAccountingPoliciesPolicies,wmt-20260131_pre.xml
X-WMT-0011,WMT,Walmart Inc.,bounded_extension,presentation,us-gaap:OrganizationConsolidationAndPresentationOfFinancialStatementsAbstract,"Organization, Consolidation and Presentation of Financial Statements [Abstract]",us-gaap:InventoryPolicyTextBlock,"Inventory, Policy [Policy Text Block]",http://www.xbrl.org/2003/arcrole/parent-child,6,,http://www.xbrl.org/2003/role/terseLabel,http://www.walmart.com/role/SummaryofSignificantAccountingPoliciesPolicies,wmt-20260131_pre.xml
X-WMT-0012,WMT,Walmart Inc.,bounded_extension,presentation,us-gaap:OrganizationConsolidationAndPresentationOfFinancialStatementsAbstract,"Organization, Consolidation and Presentation of Financial Statements [Abstract]",us-gaap:SelfInsuranceReservePolicyTextBlock,Self Insurance Reserve [Policy Text Block],http://www.xbrl.org/2003/arcrole/parent-child,15,,http://www.xbrl.org/2003/role/terseLabel,http://www.walmart.com/role/SummaryofSignificantAccountingPoliciesPolicies,wmt-20260131_pre.xml
X-WMT-0013,WMT,Walmart Inc.,bounded_extension,presentation,us-gaap:OrganizationConsolidationAndPresentationOfFinancialStatementsAbstract,"Organization, Consolidation and Presentation of Financial Statements [Abstract]",us-gaap:RevenueRecognitionPolicyTextBlock,Revenue [Policy Text Block],http://www.xbrl.org/2003/arcrole/parent-child,19,,http://www.xbrl.org/2003/role/terseLabel,http://www.walmart.com/role/SummaryofSignificantAccountingPoliciesPolicies,wmt-20260131_pre.xml
X-WMT-0014,WMT,Walmart Inc.,bounded_extension,presentation,us-gaap:OrganizationConsolidationAndPresentationOfFinancialStatementsAbstract,"Organization, Consolidation and Presentation of Financial Statements [Abstract]",us-gaap:CostOfSalesPolicyTextBlock,Cost of Goods and Service [Policy Text Block],http://www.xbrl.org/2003/arcrole/parent-child,20,,http://www.xbrl.org/2003/role/terseLabel,http://www.walmart.com/role/SummaryofSignificantAccountingPoliciesPolicies,wmt-20260131_pre.xml
X-WMT-0015,WMT,Walmart Inc.,bounded_extension,presentation,us-gaap:OrganizationConsolidationAndPresentationOfFinancialStatementsAbstract,"Organization, Consolidation and Presentation of Financial Statements [Abstract]",us-gaap:RevenueFromContractWithCustomerPolicyTextBlock,Revenue from Contract with Customer [Policy Text Block],http://www.xbrl.org/2003/arcrole/parent-child,21,,http://www.xbrl.org/2003/role/terseLabel,http://www.walmart.com/role/SummaryofSignificantAccountingPoliciesPolicies,wmt-20260131_pre.xml
X-WMT-0016,WMT,Walmart Inc.,bounded_extension,presentation,us-gaap:SegmentReportingInformationProfitLossAbstract,"Segment Reporting Information, Profit (Loss) [Abstract]",us-gaap:DisaggregationOfRevenueTable,Disaggregation of Revenue [Table],http://www.xbrl.org/2003/arcrole/parent-child,1,,http://www.xbrl.org/2003/role/terseLabel,http://www.walmart.com/role/SegmentsandDisaggregatedRevenueTables,wmt-20260131_pre.xml
X-WMT-0017,WMT,Walmart Inc.,bounded_extension,presentation,us-gaap:DisaggregationOfRevenueTable,Disaggregation of Revenue [Table],us-gaap:StatementBusinessSegmentsAxis,Segments [Axis],http://www.xbrl.org/2003/arcrole/parent-child,1,,http://www.xbrl.org/2003/role/terseLabel,http://www.walmart.com/role/SegmentsandDisaggregatedRevenueTables,wmt-20260131_pre.xml
X-WMT-0018,WMT,Walmart Inc.,bounded_extension,presentation,us-gaap:DisaggregationOfRevenueTable,Disaggregation of Revenue [Table],us-gaap:DisaggregationOfRevenueLineItems,Disaggregation of Revenue [Line Items],http://www.xbrl.org/2003/arcrole/parent-child,2,,http://www.xbrl.org/2003/role/terseLabel,http://www.walmart.com/role/SegmentsandDisaggregatedRevenueTables,wmt-20260131_pre.xml
X-WMT-0019,WMT,Walmart Inc.,bounded_extension,presentation,us-gaap:DisaggregationOfRevenueLineItems,Disaggregation of Revenue [Line Items],us-gaap:ScheduleOfSegmentReportingInformationBySegmentTextBlock,"Schedule of Segment Reporting Information, by Segment [Table Text Block]",http://www.xbrl.org/2003/arcrole/parent-child,1,,http://www.xbrl.org/2003/role/verboseLabel,http://www.walmart.com/role/SegmentsandDisaggregatedRevenueTables,wmt-20260131_pre.xml
X-WMT-0020,WMT,Walmart Inc.,bounded_extension,presentation,us-gaap:DisaggregationOfRevenueLineItems,Disaggregation of Revenue [Line Items],us-gaap:ScheduleOfRevenuesFromExternalCustomersAndLongLivedAssetsByGeographicalAreasTableTextBlock,"Schedule of Revenue from External Customers and Long-Lived Assets, by Geographical Areas [Table Text Block]",http://www.xbrl.org/2003/arcrole/parent-child,2,,http://www.xbrl.org/2003/role/terseLabel,http://www.walmart.com/role/SegmentsandDisaggregatedRevenueTables,wmt-20260131_pre.xml
X-WMT-0021,WMT,Walmart Inc.,bounded_extension,presentation,us-gaap:DisaggregationOfRevenueLineItems,Disaggregation of Revenue [Line Items],us-gaap:DisaggregationOfRevenueTableTextBlock,Disaggregation of Revenue [Table Text Block],http://www.xbrl.org/2003/arcrole/parent-child,3,,http://www.xbrl.org/2003/role/terseLabel,http://www.walmart.com/role/SegmentsandDisaggregatedRevenueTables,wmt-20260131_pre.xml
X-WMT-0022,WMT,Walmart Inc.,bounded_extension,presentation,wmt:AccountingPoliciesLineItems,,us-gaap:AccountsReceivableNet,"Accounts Receivable, after Allowance for Credit Loss",http://www.xbrl.org/2003/arcrole/parent-child,5,,http://www.xbrl.org/2003/role/terseLabel,http://www.walmart.com/role/SummaryofSignificantAccountingPoliciesNarrativeDetails,wmt-20260131_pre.xml
X-WMT-0023,WMT,Walmart Inc.,bounded_extension,presentation,us-gaap:AccruedLiabilitiesCurrentAndNoncurrentAbstract,Accrued Liabilities [Abstract],us-gaap:SelfInsuranceReserveCurrent,"Self Insurance Reserve, Current",http://www.xbrl.org/2003/arcrole/parent-child,2,,http://www.xbrl.org/2003/role/terseLabel,http://www.walmart.com/role/AccruedLiabilitiesScheduleofAccruedLiabilitiesDetails,wmt-20260131_pre.xml
X-WMT-0024,WMT,Walmart Inc.,bounded_extension,presentation,us-gaap:AccruedLiabilitiesCurrentAndNoncurrentAbstract,Accrued Liabilities [Abstract],wmt:DeferredGiftCardRevenueCurrent,,http://www.xbrl.org/2003/arcrole/parent-child,4,,http://www.xbrl.org/2003/role/terseLabel,http://www.walmart.com/role/AccruedLiabilitiesScheduleofAccruedLiabilitiesDetails,wmt-20260131_pre.xml
X-WMT-0025,WMT,Walmart Inc.,bounded_extension,presentation,us-gaap:DeferredTaxAssetsGrossAbstract,"Deferred Tax Assets, Gross [Abstract]",us-gaap:DeferredTaxAssetsTaxDeferredExpenseReservesAndAccrualsAccruedLiabilities,"Deferred Tax Assets, Tax Deferred Expense, Reserves and Accruals, Accrued Liabilities",http://www.xbrl.org/2003/arcrole/parent-child,2,,http://www.xbrl.org/2003/role/terseLabel,http://www.walmart.com/role/TaxesScheduleofDeferredTaxBalancesDetails,wmt-20260131_pre.xml
X-WMT-0026,WMT,Walmart Inc.,bounded_extension,presentation,us-gaap:DeferredTaxLiabilitiesAbstract,"Deferred Tax Liabilities, Gross [Abstract]",us-gaap:DeferredTaxLiabilitiesDeferredExpenseCapitalizedInventoryCosts,"Deferred Tax Liabilities, Inventory",http://www.xbrl.org/2003/arcrole/parent-child,3,,http://www.xbrl.org/2003/role/terseLabel,http://www.walmart.com/role/TaxesScheduleofDeferredTaxBalancesDetails,wmt-20260131_pre.xml
X-WMT-0027,WMT,Walmart Inc.,bounded_extension,presentation,us-gaap:SegmentReportingInformationLineItems,Segment Reporting Information [Line Items],us-gaap:RevenueFromContractWithCustomerExcludingAssessedTax,"Revenue from Contract with Customer, Excluding Assessed Tax",http://www.xbrl.org/2003/arcrole/parent-child,1,,http://www.xbrl.org/2003/role/terseLabel,http://www.walmart.com/role/SegmentsandDisaggregatedRevenueScheduleofSegmentReportingInformationbySegmentDetails,wmt-20260131_pre.xml
X-WMT-0028,WMT,Walmart Inc.,bounded_extension,presentation,us-gaap:SegmentReportingInformationLineItems,Segment Reporting Information [Line Items],us-gaap:Revenues,Revenues,http://www.xbrl.org/2003/arcrole/parent-child,3,,http://www.xbrl.org/2003/role/totalLabel,http://www.walmart.com/role/SegmentsandDisaggregatedRevenueScheduleofSegmentReportingInformationbySegmentDetails,wmt-20260131_pre.xml
X-WMT-0029,WMT,Walmart Inc.,bounded_extension,presentation,us-gaap:SegmentReportingInformationLineItems,Segment Reporting Information [Line Items],us-gaap:CostOfRevenue,Cost of Revenue,http://www.xbrl.org/2003/arcrole/parent-child,4,,http://www.xbrl.org/2003/role/terseLabel,http://www.walmart.com/role/SegmentsandDisaggregatedRevenueScheduleofSegmentReportingInformationbySegmentDetails,wmt-20260131_pre.xml
X-WMT-0030,WMT,Walmart Inc.,bounded_extension,presentation,us-gaap:SegmentReportingInformationLineItems,Segment Reporting Information [Line Items],wmt:CostOfRevenueSellingGeneralAndAdministrativeExpensesForFuelSales,,http://www.xbrl.org/2003/arcrole/parent-child,10,,http://www.xbrl.org/2003/role/terseLabel,http://www.walmart.com/role/SegmentsandDisaggregatedRevenueScheduleofSegmentReportingInformationbySegmentDetails,wmt-20260131_pre.xml
X-WMT-0031,WMT,Walmart Inc.,bounded_extension,presentation,us-gaap:SegmentReportingInformationProfitLossAbstract,"Segment Reporting Information, Profit (Loss) [Abstract]",us-gaap:ScheduleOfRevenuesFromExternalCustomersAndLongLivedAssetsTable,Schedule of Revenues from External Customers and Long-Lived Assets [Table],http://www.xbrl.org/2003/arcrole/parent-child,1,,http://www.xbrl.org/2003/role/terseLabel,http://www.walmart.com/role/SegmentsandDisaggregatedRevenueSegmentRevenuesandLongLivedAssetsDetails,wmt-20260131_pre.xml
X-WMT-0032,WMT,Walmart Inc.,bounded_extension,presentation,us-gaap:ScheduleOfRevenuesFromExternalCustomersAndLongLivedAssetsTable,Schedule of Revenues from External Customers and Long-Lived Assets [Table],srt:StatementGeographicalAxis,Geographical [Axis],http://www.xbrl.org/2003/arcrole/parent-child,1,,http://www.xbrl.org/2003/role/terseLabel,http://www.walmart.com/role/SegmentsandDisaggregatedRevenueSegmentRevenuesandLongLivedAssetsDetails,wmt-20260131_pre.xml
X-WMT-0033,WMT,Walmart Inc.,bounded_extension,presentation,us-gaap:ScheduleOfRevenuesFromExternalCustomersAndLongLivedAssetsTable,Schedule of Revenues from External Customers and Long-Lived Assets [Table],us-gaap:RevenuesFromExternalCustomersAndLongLivedAssetsLineItems,Revenues from External Customers and Long-Lived Assets [Line Items],http://www.xbrl.org/2003/arcrole/parent-child,2,,http://www.xbrl.org/2003/role/terseLabel,http://www.walmart.com/role/SegmentsandDisaggregatedRevenueSegmentRevenuesandLongLivedAssetsDetails,wmt-20260131_pre.xml
X-WMT-0034,WMT,Walmart Inc.,bounded_extension,presentation,us-gaap:RevenuesFromExternalCustomersAndLongLivedAssetsLineItems,Revenues from External Customers and Long-Lived Assets [Line Items],us-gaap:Revenues,Revenues,http://www.xbrl.org/2003/arcrole/parent-child,1,,http://www.xbrl.org/2003/role/terseLabel,http://www.walmart.com/role/SegmentsandDisaggregatedRevenueSegmentRevenuesandLongLivedAssetsDetails,wmt-20260131_pre.xml
X-WMT-0035,WMT,Walmart Inc.,bounded_extension,presentation,us-gaap:RevenuesFromExternalCustomersAndLongLivedAssetsLineItems,Revenues from External Customers and Long-Lived Assets [Line Items],us-gaap:NoncurrentAssets,Long-Lived Assets,http://www.xbrl.org/2003/arcrole/parent-child,2,,http://www.xbrl.org/2003/role/terseLabel,http://www.walmart.com/role/SegmentsandDisaggregatedRevenueSegmentRevenuesandLongLivedAssetsDetails,wmt-20260131_pre.xml
X-WMT-0036,WMT,Walmart Inc.,bounded_extension,presentation,us-gaap:SegmentReportingInformationProfitLossAbstract,"Segment Reporting Information, Profit (Loss) [Abstract]",us-gaap:ScheduleOfEntityWideInformationRevenueFromExternalCustomersByProductsAndServicesTable,"Segment Reporting, Revenue from External Customer, Product and Service [Table]",http://www.xbrl.org/2003/arcrole/parent-child,1,,http://www.xbrl.org/2003/role/terseLabel,http://www.walmart.com/role/SegmentsandDisaggregatedRevenueRevenuefromContractwithCustomerExcludingAssessedTaxWalmartUSDetails,wmt-20260131_pre.xml
X-WMT-0037,WMT,Walmart Inc.,bounded_extension,presentation,us-gaap:ScheduleOfEntityWideInformationRevenueFromExternalCustomersByProductsAndServicesTable,"Segment Reporting, Revenue from External Customer, Product and Service [Table]",srt:ProductOrServiceAxis,Product and Service [Axis],http://www.xbrl.org/2003/arcrole/parent-child,1,,http://www.xbrl.org/2003/role/terseLabel,http://www.walmart.com/role/SegmentsandDisaggregatedRevenueRevenuefromContractwithCustomerExcludingAssessedTaxWalmartUSDetails,wmt-20260131_pre.xml
X-WMT-0038,WMT,Walmart Inc.,bounded_extension,presentation,us-gaap:ScheduleOfEntityWideInformationRevenueFromExternalCustomersByProductsAndServicesTable,"Segment Reporting, Revenue from External Customer, Product and Service [Table]",us-gaap:StatementBusinessSegmentsAxis,Segments [Axis],http://www.xbrl.org/2003/arcrole/parent-child,2,,http://www.xbrl.org/2003/role/terseLabel,http://www.walmart.com/role/SegmentsandDisaggregatedRevenueRevenuefromContractwithCustomerExcludingAssessedTaxWalmartUSDetails,wmt-20260131_pre.xml
X-WMT-0039,WMT,Walmart Inc.,bounded_extension,presentation,us-gaap:ScheduleOfEntityWideInformationRevenueFromExternalCustomersByProductsAndServicesTable,"Segment Reporting, Revenue from External Customer, Product and Service [Table]",srt:MajorCustomersAxis,Customer [Axis],http://www.xbrl.org/2003/arcrole/parent-child,3,,http://www.xbrl.org/2003/role/terseLabel,http://www.walmart.com/role/SegmentsandDisaggregatedRevenueRevenuefromContractwithCustomerExcludingAssessedTaxWalmartUSDetails,wmt-20260131_pre.xml
X-WMT-0040,WMT,Walmart Inc.,bounded_extension,presentation,srt:MajorCustomersAxis,Customer [Axis],srt:NameOfMajorCustomerDomain,Customer [Domain],http://www.xbrl.org/2003/arcrole/parent-child,1,,http://www.xbrl.org/2003/role/terseLabel,http://www.walmart.com/role/SegmentsandDisaggregatedRevenueRevenuefromContractwithCustomerExcludingAssessedTaxWalmartUSDetails,wmt-20260131_pre.xml
X-WMT-0041,WMT,Walmart Inc.,bounded_extension,presentation,srt:NameOfMajorCustomerDomain,Customer [Domain],wmt:ECommerceMember,,http://www.xbrl.org/2003/arcrole/parent-child,1,,http://www.xbrl.org/2003/role/terseLabel,http://www.walmart.com/role/SegmentsandDisaggregatedRevenueRevenuefromContractwithCustomerExcludingAssessedTaxWalmartUSDetails,wmt-20260131_pre.xml
X-WMT-0042,WMT,Walmart Inc.,bounded_extension,presentation,us-gaap:ScheduleOfEntityWideInformationRevenueFromExternalCustomersByProductsAndServicesTable,"Segment Reporting, Revenue from External Customer, Product and Service [Table]",us-gaap:EntityWideInformationRevenueFromExternalCustomerLineItems,Revenue from External Customer [Line Items],http://www.xbrl.org/2003/arcrole/parent-child,4,,http://www.xbrl.org/2003/role/terseLabel,http://www.walmart.com/role/SegmentsandDisaggregatedRevenueRevenuefromContractwithCustomerExcludingAssessedTaxWalmartUSDetails,wmt-20260131_pre.xml
X-WMT-0043,WMT,Walmart Inc.,bounded_extension,presentation,us-gaap:EntityWideInformationRevenueFromExternalCustomerLineItems,Revenue from External Customer [Line Items],us-gaap:RevenueFromContractWithCustomerExcludingAssessedTax,"Revenue from Contract with Customer, Excluding Assessed Tax",http://www.xbrl.org/2003/arcrole/parent-child,1,,http://www.xbrl.org/2003/role/terseLabel,http://www.walmart.com/role/SegmentsandDisaggregatedRevenueRevenuefromContractwithCustomerExcludingAssessedTaxWalmartUSDetails,wmt-20260131_pre.xml
X-WMT-0044,WMT,Walmart Inc.,bounded_extension,presentation,us-gaap:SegmentReportingInformationProfitLossAbstract,"Segment Reporting Information, Profit (Loss) [Abstract]",us-gaap:ScheduleOfEntityWideInformationRevenueFromExternalCustomersByProductsAndServicesTable,"Segment Reporting, Revenue from External Customer, Product and Service [Table]",http://www.xbrl.org/2003/arcrole/parent-child,1,,http://www.xbrl.org/2003/role/terseLabel,http://www.walmart.com/role/SegmentsandDisaggregatedRevenueRevenuefromContractwithCustomerExcludingAssessedTaxInternationalDetails,wmt-20260131_pre.xml
X-WMT-0045,WMT,Walmart Inc.,bounded_extension,presentation,us-gaap:ScheduleOfEntityWideInformationRevenueFromExternalCustomersByProductsAndServicesTable,"Segment Reporting, Revenue from External Customer, Product and Service [Table]",srt:StatementGeographicalAxis,Geographical [Axis],http://www.xbrl.org/2003/arcrole/parent-child,1,,http://www.xbrl.org/2003/role/terseLabel,http://www.walmart.com/role/SegmentsandDisaggregatedRevenueRevenuefromContractwithCustomerExcludingAssessedTaxInternationalDetails,wmt-20260131_pre.xml
X-WMT-0046,WMT,Walmart Inc.,bounded_extension,presentation,us-gaap:ScheduleOfEntityWideInformationRevenueFromExternalCustomersByProductsAndServicesTable,"Segment Reporting, Revenue from External Customer, Product and Service [Table]",us-gaap:StatementBusinessSegmentsAxis,Segments [Axis],http://www.xbrl.org/2003/arcrole/parent-child,2,,http://www.xbrl.org/2003/role/terseLabel,http://www.walmart.com/role/SegmentsandDisaggregatedRevenueRevenuefromContractwithCustomerExcludingAssessedTaxInternationalDetails,wmt-20260131_pre.xml
X-WMT-0047,WMT,Walmart Inc.,bounded_extension,presentation,us-gaap:ScheduleOfEntityWideInformationRevenueFromExternalCustomersByProductsAndServicesTable,"Segment Reporting, Revenue from External Customer, Product and Service [Table]",srt:MajorCustomersAxis,Customer [Axis],http://www.xbrl.org/2003/arcrole/parent-child,3,,http://www.xbrl.org/2003/role/terseLabel,http://www.walmart.com/role/SegmentsandDisaggregatedRevenueRevenuefromContractwithCustomerExcludingAssessedTaxInternationalDetails,wmt-20260131_pre.xml
X-WMT-0048,WMT,Walmart Inc.,bounded_extension,presentation,srt:MajorCustomersAxis,Customer [Axis],srt:NameOfMajorCustomerDomain,Customer [Domain],http://www.xbrl.org/2003/arcrole/parent-child,1,,http://www.xbrl.org/2003/role/terseLabel,http://www.walmart.com/role/SegmentsandDisaggregatedRevenueRevenuefromContractwithCustomerExcludingAssessedTaxInternationalDetails,wmt-20260131_pre.xml
X-WMT-0049,WMT,Walmart Inc.,bounded_extension,presentation,srt:NameOfMajorCustomerDomain,Customer [Domain],wmt:ECommerceMember,,http://www.xbrl.org/2003/arcrole/parent-child,1,,http://www.xbrl.org/2003/role/terseLabel,http://www.walmart.com/role/SegmentsandDisaggregatedRevenueRevenuefromContractwithCustomerExcludingAssessedTaxInternationalDetails,wmt-20260131_pre.xml
X-WMT-0050,WMT,Walmart Inc.,bounded_extension,presentation,us-gaap:ScheduleOfEntityWideInformationRevenueFromExternalCustomersByProductsAndServicesTable,"Segment Reporting, Revenue from External Customer, Product and Service [Table]",us-gaap:EntityWideInformationRevenueFromExternalCustomerLineItems,Revenue from External Customer [Line Items],http://www.xbrl.org/2003/arcrole/parent-child,4,,http://www.xbrl.org/2003/role/terseLabel,http://www.walmart.com/role/SegmentsandDisaggregatedRevenueRevenuefromContractwithCustomerExcludingAssessedTaxInternationalDetails,wmt-20260131_pre.xml
X-WMT-0051,WMT,Walmart Inc.,bounded_extension,presentation,us-gaap:EntityWideInformationRevenueFromExternalCustomerLineItems,Revenue from External Customer [Line Items],us-gaap:RevenueFromContractWithCustomerExcludingAssessedTax,"Revenue from Contract with Customer, Excluding Assessed Tax",http://www.xbrl.org/2003/arcrole/parent-child,1,,http://www.xbrl.org/2003/role/terseLabel,http://www.walmart.com/role/SegmentsandDisaggregatedRevenueRevenuefromContractwithCustomerExcludingAssessedTaxInternationalDetails,wmt-20260131_pre.xml
X-WMT-0052,WMT,Walmart Inc.,bounded_extension,presentation,us-gaap:SegmentReportingInformationProfitLossAbstract,"Segment Reporting Information, Profit (Loss) [Abstract]",us-gaap:ScheduleOfEntityWideInformationRevenueFromExternalCustomersByProductsAndServicesTable,"Segment Reporting, Revenue from External Customer, Product and Service [Table]",http://www.xbrl.org/2003/arcrole/parent-child,1,,http://www.xbrl.org/2003/role/terseLabel,http://www.walmart.com/role/SegmentsandDisaggregatedRevenueRevenuefromContractwithCustomerExcludingAssessedTaxSamsClubDetails,wmt-20260131_pre.xml
X-WMT-0053,WMT,Walmart Inc.,bounded_extension,presentation,us-gaap:ScheduleOfEntityWideInformationRevenueFromExternalCustomersByProductsAndServicesTable,"Segment Reporting, Revenue from External Customer, Product and Service [Table]",srt:ProductOrServiceAxis,Product and Service [Axis],http://www.xbrl.org/2003/arcrole/parent-child,1,,http://www.xbrl.org/2003/role/terseLabel,http://www.walmart.com/role/SegmentsandDisaggregatedRevenueRevenuefromContractwithCustomerExcludingAssessedTaxSamsClubDetails,wmt-20260131_pre.xml
X-WMT-0054,WMT,Walmart Inc.,bounded_extension,presentation,us-gaap:ScheduleOfEntityWideInformationRevenueFromExternalCustomersByProductsAndServicesTable,"Segment Reporting, Revenue from External Customer, Product and Service [Table]",us-gaap:StatementBusinessSegmentsAxis,Segments [Axis],http://www.xbrl.org/2003/arcrole/parent-child,2,,http://www.xbrl.org/2003/role/terseLabel,http://www.walmart.com/role/SegmentsandDisaggregatedRevenueRevenuefromContractwithCustomerExcludingAssessedTaxSamsClubDetails,wmt-20260131_pre.xml
X-WMT-0055,WMT,Walmart Inc.,bounded_extension,presentation,us-gaap:ScheduleOfEntityWideInformationRevenueFromExternalCustomersByProductsAndServicesTable,"Segment Reporting, Revenue from External Customer, Product and Service [Table]",srt:MajorCustomersAxis,Customer [Axis],http://www.xbrl.org/2003/arcrole/parent-child,3,,http://www.xbrl.org/2003/role/terseLabel,http://www.walmart.com/role/SegmentsandDisaggregatedRevenueRevenuefromContractwithCustomerExcludingAssessedTaxSamsClubDetails,wmt-20260131_pre.xml
X-WMT-0056,WMT,Walmart Inc.,bounded_extension,presentation,srt:MajorCustomersAxis,Customer [Axis],srt:NameOfMajorCustomerDomain,Customer [Domain],http://www.xbrl.org/2003/arcrole/parent-child,1,,http://www.xbrl.org/2003/role/terseLabel,http://www.walmart.com/role/SegmentsandDisaggregatedRevenueRevenuefromContractwithCustomerExcludingAssessedTaxSamsClubDetails,wmt-20260131_pre.xml
X-WMT-0057,WMT,Walmart Inc.,bounded_extension,presentation,srt:NameOfMajorCustomerDomain,Customer [Domain],wmt:ECommerceMember,,http://www.xbrl.org/2003/arcrole/parent-child,1,,http://www.xbrl.org/2003/role/terseLabel,http://www.walmart.com/role/SegmentsandDisaggregatedRevenueRevenuefromContractwithCustomerExcludingAssessedTaxSamsClubDetails,wmt-20260131_pre.xml
X-WMT-0058,WMT,Walmart Inc.,bounded_extension,presentation,us-gaap:ScheduleOfEntityWideInformationRevenueFromExternalCustomersByProductsAndServicesTable,"Segment Reporting, Revenue from External Customer, Product and Service [Table]",us-gaap:EntityWideInformationRevenueFromExternalCustomerLineItems,Revenue from External Customer [Line Items],http://www.xbrl.org/2003/arcrole/parent-child,4,,http://www.xbrl.org/2003/role/terseLabel,http://www.walmart.com/role/SegmentsandDisaggregatedRevenueRevenuefromContractwithCustomerExcludingAssessedTaxSamsClubDetails,wmt-20260131_pre.xml
X-WMT-0059,WMT,Walmart Inc.,bounded_extension,presentation,us-gaap:EntityWideInformationRevenueFromExternalCustomerLineItems,Revenue from External Customer [Line Items],us-gaap:RevenueFromContractWithCustomerExcludingAssessedTax,"Revenue from Contract with Customer, Excluding Assessed Tax",http://www.xbrl.org/2003/arcrole/parent-child,1,,http://www.xbrl.org/2003/role/terseLabel,http://www.walmart.com/role/SegmentsandDisaggregatedRevenueRevenuefromContractwithCustomerExcludingAssessedTaxSamsClubDetails,wmt-20260131_pre.xml
X-WMT-0060,WMT,Walmart Inc.,bounded_extension,calculation,us-gaap:Revenues,Revenues,us-gaap:RevenueFromContractWithCustomerExcludingAssessedTax,"Revenue from Contract with Customer, Excluding Assessed Tax",http://www.xbrl.org/2003/arcrole/summation-item,1,1.0,,http://www.walmart.com/role/ConsolidatedStatementsofIncome,wmt-20260131_cal.xml
X-WMT-0061,WMT,Walmart Inc.,bounded_extension,calculation,us-gaap:Revenues,Revenues,us-gaap:OtherIncome,Other Income,http://www.xbrl.org/2003/arcrole/summation-item,2,1.0,,http://www.walmart.com/role/ConsolidatedStatementsofIncome,wmt-20260131_cal.xml
X-WMT-0062,WMT,Walmart Inc.,bounded_extension,calculation,us-gaap:OperatingIncomeLoss,Operating Income (Loss),us-gaap:Revenues,Revenues,http://www.xbrl.org/2003/arcrole/summation-item,1,1.0,,http://www.walmart.com/role/ConsolidatedStatementsofIncome,wmt-20260131_cal.xml
X-WMT-0063,WMT,Walmart Inc.,bounded_extension,calculation,us-gaap:OperatingIncomeLoss,Operating Income (Loss),us-gaap:CostOfRevenue,Cost of Revenue,http://www.xbrl.org/2003/arcrole/summation-item,2,-1.0,,http://www.walmart.com/role/ConsolidatedStatementsofIncome,wmt-20260131_cal.xml
X-WMT-0064,WMT,Walmart Inc.,bounded_extension,calculation,us-gaap:AssetsCurrent,"Assets, Current",us-gaap:ReceivablesNetCurrent,"Receivables, Net, Current",http://www.xbrl.org/2003/arcrole/summation-item,2,1.0,,http://www.walmart.com/role/ConsolidatedBalanceSheets,wmt-20260131_cal.xml
X-WMT-0065,WMT,Walmart Inc.,bounded_extension,calculation,us-gaap:AssetsCurrent,"Assets, Current",us-gaap:InventoryNet,"Inventory, Net",http://www.xbrl.org/2003/arcrole/summation-item,3,1.0,,http://www.walmart.com/role/ConsolidatedBalanceSheets,wmt-20260131_cal.xml
X-WMT-0066,WMT,Walmart Inc.,bounded_extension,calculation,us-gaap:NetCashProvidedByUsedInOperatingActivities,"Cash Provided by (Used in) Operating Activity, Including Discontinued Operation",us-gaap:IncreaseDecreaseInRetailRelatedInventories,Increase (Decrease) in Retail Related Inventories,http://www.xbrl.org/2003/arcrole/summation-item,2,-1.0,,http://www.walmart.com/role/ConsolidatedStatementsofCashFlows,wmt-20260131_cal.xml
X-WMT-0067,WMT,Walmart Inc.,bounded_extension,calculation,us-gaap:NetCashProvidedByUsedInOperatingActivities,"Cash Provided by (Used in) Operating Activity, Including Discontinued Operation",us-gaap:IncreaseDecreaseInAccountsAndOtherReceivables,Increase (Decrease) in Accounts and Other Receivables,http://www.xbrl.org/2003/arcrole/summation-item,3,-1.0,,http://www.walmart.com/role/ConsolidatedStatementsofCashFlows,wmt-20260131_cal.xml
X-WMT-0068,WMT,Walmart Inc.,bounded_extension,calculation,us-gaap:AccruedLiabilitiesCurrent,"Accrued Liabilities, Current",wmt:DeferredGiftCardRevenueCurrent,,http://www.xbrl.org/2003/arcrole/summation-item,2,1.0,,http://www.walmart.com/role/AccruedLiabilitiesScheduleofAccruedLiabilitiesDetails,wmt-20260131_cal.xml
X-WMT-0069,WMT,Walmart Inc.,bounded_extension,calculation,us-gaap:AccruedLiabilitiesCurrent,"Accrued Liabilities, Current",us-gaap:SelfInsuranceReserveCurrent,"Self Insurance Reserve, Current",http://www.xbrl.org/2003/arcrole/summation-item,5,1.0,,http://www.walmart.com/role/AccruedLiabilitiesScheduleofAccruedLiabilitiesDetails,wmt-20260131_cal.xml
X-WMT-0070,WMT,Walmart Inc.,bounded_extension,calculation,us-gaap:DeferredIncomeTaxLiabilities,"Deferred Tax Liabilities, Gross",us-gaap:DeferredTaxLiabilitiesDeferredExpenseCapitalizedInventoryCosts,"Deferred Tax Liabilities, Inventory",http://www.xbrl.org/2003/arcrole/summation-item,3,1.0,,http://www.walmart.com/role/TaxesScheduleofDeferredTaxBalancesDetails,wmt-20260131_cal.xml
X-WMT-0071,WMT,Walmart Inc.,bounded_extension,calculation,us-gaap:DeferredTaxAssetsGross,"Deferred Tax Assets, Gross",us-gaap:DeferredTaxAssetsTaxDeferredExpenseReservesAndAccrualsAccruedLiabilities,"Deferred Tax Assets, Tax Deferred Expense, Reserves and Accruals, Accrued Liabilities",http://www.xbrl.org/2003/arcrole/summation-item,2,1.0,,http://www.walmart.com/role/TaxesScheduleofDeferredTaxBalancesDetails,wmt-20260131_cal.xml
X-WMT-0072,WMT,Walmart Inc.,bounded_extension,definition,us-gaap:DisaggregationOfRevenueLineItems,Disaggregation of Revenue [Line Items],us-gaap:DisaggregationOfRevenueTable,Disaggregation of Revenue [Table],http://xbrl.org/int/dim/arcrole/all,1,,,http://www.walmart.com/role/SegmentsandDisaggregatedRevenueTables,wmt-20260131_def.xml
X-WMT-0073,WMT,Walmart Inc.,bounded_extension,definition,us-gaap:DisaggregationOfRevenueTable,Disaggregation of Revenue [Table],us-gaap:StatementBusinessSegmentsAxis,Segments [Axis],http://xbrl.org/int/dim/arcrole/hypercube-dimension,1,,,http://www.walmart.com/role/SegmentsandDisaggregatedRevenueTables,wmt-20260131_def.xml
X-WMT-0074,WMT,Walmart Inc.,bounded_extension,definition,us-gaap:DisaggregationOfRevenueLineItems,Disaggregation of Revenue [Line Items],us-gaap:ScheduleOfSegmentReportingInformationBySegmentTextBlock,"Schedule of Segment Reporting Information, by Segment [Table Text Block]",http://xbrl.org/int/dim/arcrole/domain-member,0,,,http://www.walmart.com/role/SegmentsandDisaggregatedRevenueTables,wmt-20260131_def.xml
X-WMT-0075,WMT,Walmart Inc.,bounded_extension,definition,us-gaap:DisaggregationOfRevenueLineItems,Disaggregation of Revenue [Line Items],us-gaap:ScheduleOfRevenuesFromExternalCustomersAndLongLivedAssetsByGeographicalAreasTableTextBlock,"Schedule of Revenue from External Customers and Long-Lived Assets, by Geographical Areas [Table Text Block]",http://xbrl.org/int/dim/arcrole/domain-member,1,,,http://www.walmart.com/role/SegmentsandDisaggregatedRevenueTables,wmt-20260131_def.xml
X-WMT-0076,WMT,Walmart Inc.,bounded_extension,definition,us-gaap:DisaggregationOfRevenueLineItems,Disaggregation of Revenue [Line Items],us-gaap:DisaggregationOfRevenueTableTextBlock,Disaggregation of Revenue [Table Text Block],http://xbrl.org/int/dim/arcrole/domain-member,2,,,http://www.walmart.com/role/SegmentsandDisaggregatedRevenueTables,wmt-20260131_def.xml
X-WMT-0077,WMT,Walmart Inc.,bounded_extension,definition,wmt:AccountingPoliciesLineItems,,us-gaap:AccountsReceivableNet,"Accounts Receivable, after Allowance for Credit Loss",http://xbrl.org/int/dim/arcrole/domain-member,4,,,http://www.walmart.com/role/SummaryofSignificantAccountingPoliciesNarrativeDetails,wmt-20260131_def.xml
X-WMT-0078,WMT,Walmart Inc.,bounded_extension,definition,us-gaap:SegmentReportingInformationLineItems,Segment Reporting Information [Line Items],us-gaap:RevenueFromContractWithCustomerExcludingAssessedTax,"Revenue from Contract with Customer, Excluding Assessed Tax",http://xbrl.org/int/dim/arcrole/domain-member,0,,,http://www.walmart.com/role/SegmentsandDisaggregatedRevenueScheduleofSegmentReportingInformationbySegmentDetails,wmt-20260131_def.xml
X-WMT-0079,WMT,Walmart Inc.,bounded_extension,definition,us-gaap:SegmentReportingInformationLineItems,Segment Reporting Information [Line Items],us-gaap:Revenues,Revenues,http://xbrl.org/int/dim/arcrole/domain-member,2,,,http://www.walmart.com/role/SegmentsandDisaggregatedRevenueScheduleofSegmentReportingInformationbySegmentDetails,wmt-20260131_def.xml
X-WMT-0080,WMT,Walmart Inc.,bounded_extension,definition,us-gaap:SegmentReportingInformationLineItems,Segment Reporting Information [Line Items],us-gaap:CostOfRevenue,Cost of Revenue,http://xbrl.org/int/dim/arcrole/domain-member,3,,,http://www.walmart.com/role/SegmentsandDisaggregatedRevenueScheduleofSegmentReportingInformationbySegmentDetails,wmt-20260131_def.xml
X-WMT-0081,WMT,Walmart Inc.,bounded_extension,definition,us-gaap:SegmentReportingInformationLineItems,Segment Reporting Information [Line Items],wmt:CostOfRevenueSellingGeneralAndAdministrativeExpensesForFuelSales,,http://xbrl.org/int/dim/arcrole/domain-member,9,,,http://www.walmart.com/role/SegmentsandDisaggregatedRevenueScheduleofSegmentReportingInformationbySegmentDetails,wmt-20260131_def.xml
X-WMT-0082,WMT,Walmart Inc.,bounded_extension,definition,us-gaap:RevenuesFromExternalCustomersAndLongLivedAssetsLineItems,Revenues from External Customers and Long-Lived Assets [Line Items],us-gaap:ScheduleOfRevenuesFromExternalCustomersAndLongLivedAssetsTable,Schedule of Revenues from External Customers and Long-Lived Assets [Table],http://xbrl.org/int/dim/arcrole/all,1,,,http://www.walmart.com/role/SegmentsandDisaggregatedRevenueSegmentRevenuesandLongLivedAssetsDetails,wmt-20260131_def.xml
X-WMT-0083,WMT,Walmart Inc.,bounded_extension,definition,us-gaap:ScheduleOfRevenuesFromExternalCustomersAndLongLivedAssetsTable,Schedule of Revenues from External Customers and Long-Lived Assets [Table],srt:StatementGeographicalAxis,Geographical [Axis],http://xbrl.org/int/dim/arcrole/hypercube-dimension,1,,,http://www.walmart.com/role/SegmentsandDisaggregatedRevenueSegmentRevenuesandLongLivedAssetsDetails,wmt-20260131_def.xml
X-WMT-0084,WMT,Walmart Inc.,bounded_extension,definition,us-gaap:RevenuesFromExternalCustomersAndLongLivedAssetsLineItems,Revenues from External Customers and Long-Lived Assets [Line Items],us-gaap:Revenues,Revenues,http://xbrl.org/int/dim/arcrole/domain-member,0,,,http://www.walmart.com/role/SegmentsandDisaggregatedRevenueSegmentRevenuesandLongLivedAssetsDetails,wmt-20260131_def.xml
X-WMT-0085,WMT,Walmart Inc.,bounded_extension,definition,us-gaap:RevenuesFromExternalCustomersAndLongLivedAssetsLineItems,Revenues from External Customers and Long-Lived Assets [Line Items],us-gaap:NoncurrentAssets,Long-Lived Assets,http://xbrl.org/int/dim/arcrole/domain-member,1,,,http://www.walmart.com/role/SegmentsandDisaggregatedRevenueSegmentRevenuesandLongLivedAssetsDetails,wmt-20260131_def.xml
X-WMT-0086,WMT,Walmart Inc.,bounded_extension,definition,us-gaap:EntityWideInformationRevenueFromExternalCustomerLineItems,Revenue from External Customer [Line Items],us-gaap:ScheduleOfEntityWideInformationRevenueFromExternalCustomersByProductsAndServicesTable,"Segment Reporting, Revenue from External Customer, Product and Service [Table]",http://xbrl.org/int/dim/arcrole/all,1,,,http://www.walmart.com/role/SegmentsandDisaggregatedRevenueRevenuefromContractwithCustomerExcludingAssessedTaxWalmartUSDetails,wmt-20260131_def.xml
X-WMT-0087,WMT,Walmart Inc.,bounded_extension,definition,us-gaap:ScheduleOfEntityWideInformationRevenueFromExternalCustomersByProductsAndServicesTable,"Segment Reporting, Revenue from External Customer, Product and Service [Table]",srt:ProductOrServiceAxis,Product and Service [Axis],http://xbrl.org/int/dim/arcrole/hypercube-dimension,1,,,http://www.walmart.com/role/SegmentsandDisaggregatedRevenueRevenuefromContractwithCustomerExcludingAssessedTaxWalmartUSDetails,wmt-20260131_def.xml
X-WMT-0088,WMT,Walmart Inc.,bounded_extension,definition,us-gaap:ScheduleOfEntityWideInformationRevenueFromExternalCustomersByProductsAndServicesTable,"Segment Reporting, Revenue from External Customer, Product and Service [Table]",us-gaap:StatementBusinessSegmentsAxis,Segments [Axis],http://xbrl.org/int/dim/arcrole/hypercube-dimension,2,,,http://www.walmart.com/role/SegmentsandDisaggregatedRevenueRevenuefromContractwithCustomerExcludingAssessedTaxWalmartUSDetails,wmt-20260131_def.xml
X-WMT-0089,WMT,Walmart Inc.,bounded_extension,definition,us-gaap:ScheduleOfEntityWideInformationRevenueFromExternalCustomersByProductsAndServicesTable,"Segment Reporting, Revenue from External Customer, Product and Service [Table]",srt:MajorCustomersAxis,Customer [Axis],http://xbrl.org/int/dim/arcrole/hypercube-dimension,3,,,http://www.walmart.com/role/SegmentsandDisaggregatedRevenueRevenuefromContractwithCustomerExcludingAssessedTaxWalmartUSDetails,wmt-20260131_def.xml
X-WMT-0090,WMT,Walmart Inc.,bounded_extension,definition,srt:MajorCustomersAxis,Customer [Axis],srt:NameOfMajorCustomerDomain,Customer [Domain],http://xbrl.org/int/dim/arcrole/dimension-default,1,,,http://www.walmart.com/role/SegmentsandDisaggregatedRevenueRevenuefromContractwithCustomerExcludingAssessedTaxWalmartUSDetails,wmt-20260131_def.xml
X-WMT-0091,WMT,Walmart Inc.,bounded_extension,definition,srt:MajorCustomersAxis,Customer [Axis],srt:NameOfMajorCustomerDomain,Customer [Domain],http://xbrl.org/int/dim/arcrole/dimension-domain,1,,,http://www.walmart.com/role/SegmentsandDisaggregatedRevenueRevenuefromContractwithCustomerExcludingAssessedTaxWalmartUSDetails,wmt-20260131_def.xml
X-WMT-0092,WMT,Walmart Inc.,bounded_extension,definition,srt:NameOfMajorCustomerDomain,Customer [Domain],wmt:ECommerceMember,,http://xbrl.org/int/dim/arcrole/domain-member,0,,,http://www.walmart.com/role/SegmentsandDisaggregatedRevenueRevenuefromContractwithCustomerExcludingAssessedTaxWalmartUSDetails,wmt-20260131_def.xml
X-WMT-0093,WMT,Walmart Inc.,bounded_extension,definition,us-gaap:EntityWideInformationRevenueFromExternalCustomerLineItems,Revenue from External Customer [Line Items],us-gaap:RevenueFromContractWithCustomerExcludingAssessedTax,"Revenue from Contract with Customer, Excluding Assessed Tax",http://xbrl.org/int/dim/arcrole/domain-member,0,,,http://www.walmart.com/role/SegmentsandDisaggregatedRevenueRevenuefromContractwithCustomerExcludingAssessedTaxWalmartUSDetails,wmt-20260131_def.xml
X-WMT-0094,WMT,Walmart Inc.,bounded_extension,definition,us-gaap:EntityWideInformationRevenueFromExternalCustomerLineItems,Revenue from External Customer [Line Items],us-gaap:ScheduleOfEntityWideInformationRevenueFromExternalCustomersByProductsAndServicesTable,"Segment Reporting, Revenue from External Customer, Product and Service [Table]",http://xbrl.org/int/dim/arcrole/all,1,,,http://www.walmart.com/role/SegmentsandDisaggregatedRevenueRevenuefromContractwithCustomerExcludingAssessedTaxInternationalDetails,wmt-20260131_def.xml
X-WMT-0095,WMT,Walmart Inc.,bounded_extension,definition,us-gaap:ScheduleOfEntityWideInformationRevenueFromExternalCustomersByProductsAndServicesTable,"Segment Reporting, Revenue from External Customer, Product and Service [Table]",srt:StatementGeographicalAxis,Geographical [Axis],http://xbrl.org/int/dim/arcrole/hypercube-dimension,1,,,http://www.walmart.com/role/SegmentsandDisaggregatedRevenueRevenuefromContractwithCustomerExcludingAssessedTaxInternationalDetails,wmt-20260131_def.xml
X-WMT-0096,WMT,Walmart Inc.,bounded_extension,definition,us-gaap:ScheduleOfEntityWideInformationRevenueFromExternalCustomersByProductsAndServicesTable,"Segment Reporting, Revenue from External Customer, Product and Service [Table]",us-gaap:StatementBusinessSegmentsAxis,Segments [Axis],http://xbrl.org/int/dim/arcrole/hypercube-dimension,2,,,http://www.walmart.com/role/SegmentsandDisaggregatedRevenueRevenuefromContractwithCustomerExcludingAssessedTaxInternationalDetails,wmt-20260131_def.xml
X-WMT-0097,WMT,Walmart Inc.,bounded_extension,definition,us-gaap:ScheduleOfEntityWideInformationRevenueFromExternalCustomersByProductsAndServicesTable,"Segment Reporting, Revenue from External Customer, Product and Service [Table]",srt:MajorCustomersAxis,Customer [Axis],http://xbrl.org/int/dim/arcrole/hypercube-dimension,3,,,http://www.walmart.com/role/SegmentsandDisaggregatedRevenueRevenuefromContractwithCustomerExcludingAssessedTaxInternationalDetails,wmt-20260131_def.xml
X-WMT-0098,WMT,Walmart Inc.,bounded_extension,definition,srt:MajorCustomersAxis,Customer [Axis],srt:NameOfMajorCustomerDomain,Customer [Domain],http://xbrl.org/int/dim/arcrole/dimension-default,1,,,http://www.walmart.com/role/SegmentsandDisaggregatedRevenueRevenuefromContractwithCustomerExcludingAssessedTaxInternationalDetails,wmt-20260131_def.xml
X-WMT-0099,WMT,Walmart Inc.,bounded_extension,definition,srt:MajorCustomersAxis,Customer [Axis],srt:NameOfMajorCustomerDomain,Customer [Domain],http://xbrl.org/int/dim/arcrole/dimension-domain,1,,,http://www.walmart.com/role/SegmentsandDisaggregatedRevenueRevenuefromContractwithCustomerExcludingAssessedTaxInternationalDetails,wmt-20260131_def.xml
X-WMT-0100,WMT,Walmart Inc.,bounded_extension,definition,srt:NameOfMajorCustomerDomain,Customer [Domain],wmt:ECommerceMember,,http://xbrl.org/int/dim/arcrole/domain-member,0,,,http://www.walmart.com/role/SegmentsandDisaggregatedRevenueRevenuefromContractwithCustomerExcludingAssessedTaxInternationalDetails,wmt-20260131_def.xml
X-WMT-0101,WMT,Walmart Inc.,bounded_extension,definition,us-gaap:EntityWideInformationRevenueFromExternalCustomerLineItems,Revenue from External Customer [Line Items],us-gaap:RevenueFromContractWithCustomerExcludingAssessedTax,"Revenue from Contract with Customer, Excluding Assessed Tax",http://xbrl.org/int/dim/arcrole/domain-member,0,,,http://www.walmart.com/role/SegmentsandDisaggregatedRevenueRevenuefromContractwithCustomerExcludingAssessedTaxInternationalDetails,wmt-20260131_def.xml
X-WMT-0102,WMT,Walmart Inc.,bounded_extension,definition,us-gaap:EntityWideInformationRevenueFromExternalCustomerLineItems,Revenue from External Customer [Line Items],us-gaap:ScheduleOfEntityWideInformationRevenueFromExternalCustomersByProductsAndServicesTable,"Segment Reporting, Revenue from External Customer, Product and Service [Table]",http://xbrl.org/int/dim/arcrole/all,1,,,http://www.walmart.com/role/SegmentsandDisaggregatedRevenueRevenuefromContractwithCustomerExcludingAssessedTaxSamsClubDetails,wmt-20260131_def.xml
X-WMT-0103,WMT,Walmart Inc.,bounded_extension,definition,us-gaap:ScheduleOfEntityWideInformationRevenueFromExternalCustomersByProductsAndServicesTable,"Segment Reporting, Revenue from External Customer, Product and Service [Table]",srt:ProductOrServiceAxis,Product and Service [Axis],http://xbrl.org/int/dim/arcrole/hypercube-dimension,1,,,http://www.walmart.com/role/SegmentsandDisaggregatedRevenueRevenuefromContractwithCustomerExcludingAssessedTaxSamsClubDetails,wmt-20260131_def.xml
X-WMT-0104,WMT,Walmart Inc.,bounded_extension,definition,us-gaap:ScheduleOfEntityWideInformationRevenueFromExternalCustomersByProductsAndServicesTable,"Segment Reporting, Revenue from External Customer, Product and Service [Table]",us-gaap:StatementBusinessSegmentsAxis,Segments [Axis],http://xbrl.org/int/dim/arcrole/hypercube-dimension,2,,,http://www.walmart.com/role/SegmentsandDisaggregatedRevenueRevenuefromContractwithCustomerExcludingAssessedTaxSamsClubDetails,wmt-20260131_def.xml
X-WMT-0105,WMT,Walmart Inc.,bounded_extension,definition,us-gaap:ScheduleOfEntityWideInformationRevenueFromExternalCustomersByProductsAndServicesTable,"Segment Reporting, Revenue from External Customer, Product and Service [Table]",srt:MajorCustomersAxis,Customer [Axis],http://xbrl.org/int/dim/arcrole/hypercube-dimension,3,,,http://www.walmart.com/role/SegmentsandDisaggregatedRevenueRevenuefromContractwithCustomerExcludingAssessedTaxSamsClubDetails,wmt-20260131_def.xml
X-WMT-0106,WMT,Walmart Inc.,bounded_extension,definition,srt:MajorCustomersAxis,Customer [Axis],srt:NameOfMajorCustomerDomain,Customer [Domain],http://xbrl.org/int/dim/arcrole/dimension-default,1,,,http://www.walmart.com/role/SegmentsandDisaggregatedRevenueRevenuefromContractwithCustomerExcludingAssessedTaxSamsClubDetails,wmt-20260131_def.xml
X-WMT-0107,WMT,Walmart Inc.,bounded_extension,definition,srt:MajorCustomersAxis,Customer [Axis],srt:NameOfMajorCustomerDomain,Customer [Domain],http://xbrl.org/int/dim/arcrole/dimension-domain,1,,,http://www.walmart.com/role/SegmentsandDisaggregatedRevenueRevenuefromContractwithCustomerExcludingAssessedTaxSamsClubDetails,wmt-20260131_def.xml
X-WMT-0108,WMT,Walmart Inc.,bounded_extension,definition,srt:NameOfMajorCustomerDomain,Customer [Domain],wmt:ECommerceMember,,http://xbrl.org/int/dim/arcrole/domain-member,0,,,http://www.walmart.com/role/SegmentsandDisaggregatedRevenueRevenuefromContractwithCustomerExcludingAssessedTaxSamsClubDetails,wmt-20260131_def.xml
X-WMT-0109,WMT,Walmart Inc.,bounded_extension,definition,us-gaap:EntityWideInformationRevenueFromExternalCustomerLineItems,Revenue from External Customer [Line Items],us-gaap:RevenueFromContractWithCustomerExcludingAssessedTax,"Revenue from Contract with Customer, Excluding Assessed Tax",http://xbrl.org/int/dim/arcrole/domain-member,0,,,http://www.walmart.com/role/SegmentsandDisaggregatedRevenueRevenuefromContractwithCustomerExcludingAssessedTaxSamsClubDetails,wmt-20260131_def.xml
X-HD-0001,HD,"Home Depot, Inc.",bounded_extension,presentation,us-gaap:AssetsCurrentAbstract,"Assets, Current [Abstract]",us-gaap:AccountsReceivableNetCurrent,"Accounts Receivable, after Allowance for Credit Loss, Current",http://www.xbrl.org/2003/arcrole/parent-child,2,,http://www.xbrl.org/2003/role/verboseLabel,http://www.homedepot.com/role/CONSOLIDATEDBALANCESHEETS,hd-20260201_pre.xml
X-HD-0002,HD,"Home Depot, Inc.",bounded_extension,presentation,us-gaap:AssetsCurrentAbstract,"Assets, Current [Abstract]",us-gaap:InventoryNet,"Inventory, Net",http://www.xbrl.org/2003/arcrole/parent-child,3,,http://www.xbrl.org/2003/role/terseLabel,http://www.homedepot.com/role/CONSOLIDATEDBALANCESHEETS,hd-20260201_pre.xml
X-HD-0003,HD,"Home Depot, Inc.",bounded_extension,presentation,us-gaap:LiabilitiesCurrentAbstract,"Liabilities, Current [Abstract]",us-gaap:DeferredRevenueCurrent,"Deferred Revenue, Current",http://www.xbrl.org/2003/arcrole/parent-child,5,,http://www.xbrl.org/2003/role/verboseLabel,http://www.homedepot.com/role/CONSOLIDATEDBALANCESHEETS,hd-20260201_pre.xml
X-HD-0004,HD,"Home Depot, Inc.",bounded_extension,presentation,us-gaap:IncomeStatementAbstract,Income Statement [Abstract],us-gaap:RevenueFromContractWithCustomerExcludingAssessedTax,"Revenue from Contract with Customer, Excluding Assessed Tax",http://www.xbrl.org/2003/arcrole/parent-child,1,,http://www.xbrl.org/2003/role/verboseLabel,http://www.homedepot.com/role/CONSOLIDATEDSTATEMENTSOFEARNINGS,hd-20260201_pre.xml
X-HD-0005,HD,"Home Depot, Inc.",bounded_extension,presentation,us-gaap:IncomeStatementAbstract,Income Statement [Abstract],us-gaap:CostOfRevenue,Cost of Revenue,http://www.xbrl.org/2003/arcrole/parent-child,2,,http://www.xbrl.org/2003/role/terseLabel,http://www.homedepot.com/role/CONSOLIDATEDSTATEMENTSOFEARNINGS,hd-20260201_pre.xml
X-HD-0006,HD,"Home Depot, Inc.",bounded_extension,presentation,us-gaap:IncomeStatementAbstract,Income Statement [Abstract],us-gaap:GrossProfit,Gross Profit,http://www.xbrl.org/2003/arcrole/parent-child,3,,http://www.xbrl.org/2003/role/totalLabel,http://www.homedepot.com/role/CONSOLIDATEDSTATEMENTSOFEARNINGS,hd-20260201_pre.xml
X-HD-0007,HD,"Home Depot, Inc.",bounded_extension,presentation,us-gaap:AdjustmentsToReconcileNetIncomeLossToCashProvidedByUsedInOperatingActivitiesAbstract,Adjustment to Reconcile Net Income to Cash Provided by (Used in) Operating Activity [Abstract],us-gaap:IncreaseDecreaseInReceivables,Increase (Decrease) in Receivables,http://www.xbrl.org/2003/arcrole/parent-child,4,,http://www.xbrl.org/2009/role/negatedTerseLabel,http://www.homedepot.com/role/CONSOLIDATEDSTATEMENTSOFCASHFLOWS,hd-20260201_pre.xml
X-HD-0008,HD,"Home Depot, Inc.",bounded_extension,presentation,us-gaap:AdjustmentsToReconcileNetIncomeLossToCashProvidedByUsedInOperatingActivitiesAbstract,Adjustment to Reconcile Net Income to Cash Provided by (Used in) Operating Activity [Abstract],us-gaap:IncreaseDecreaseInRetailRelatedInventories,Increase (Decrease) in Retail Related Inventories,http://www.xbrl.org/2003/arcrole/parent-child,5,,http://www.xbrl.org/2009/role/negatedTerseLabel,http://www.homedepot.com/role/CONSOLIDATEDSTATEMENTSOFCASHFLOWS,hd-20260201_pre.xml
X-HD-0009,HD,"Home Depot, Inc.",bounded_extension,presentation,us-gaap:AdjustmentsToReconcileNetIncomeLossToCashProvidedByUsedInOperatingActivitiesAbstract,Adjustment to Reconcile Net Income to Cash Provided by (Used in) Operating Activity [Abstract],us-gaap:IncreaseDecreaseInDeferredRevenue,Increase (Decrease) in Deferred Revenue,http://www.xbrl.org/2003/arcrole/parent-child,8,,http://www.xbrl.org/2003/role/verboseLabel,http://www.homedepot.com/role/CONSOLIDATEDSTATEMENTSOFCASHFLOWS,hd-20260201_pre.xml
X-HD-0010,HD,"Home Depot, Inc.",bounded_extension,presentation,us-gaap:AccountingPoliciesAbstract,Accounting Policies [Abstract],us-gaap:ReceivablesPolicyTextBlock,Receivable [Policy Text Block],http://www.xbrl.org/2003/arcrole/parent-child,5,,http://www.xbrl.org/2003/role/terseLabel,http://www.homedepot.com/role/SUMMARYOFSIGNIFICANTACCOUNTINGPOLICIESPolicies,hd-20260201_pre.xml
X-HD-0011,HD,"Home Depot, Inc.",bounded_extension,presentation,us-gaap:AccountingPoliciesAbstract,Accounting Policies [Abstract],us-gaap:InventoryPolicyTextBlock,"Inventory, Policy [Policy Text Block]",http://www.xbrl.org/2003/arcrole/parent-child,6,,http://www.xbrl.org/2003/role/terseLabel,http://www.homedepot.com/role/SUMMARYOFSIGNIFICANTACCOUNTINGPOLICIESPolicies,hd-20260201_pre.xml
X-HD-0012,HD,"Home Depot, Inc.",bounded_extension,presentation,us-gaap:AccountingPoliciesAbstract,Accounting Policies [Abstract],us-gaap:LiabilityReserveEstimatePolicy,"Liability Reserve Estimate, Policy [Policy Text Block]",http://www.xbrl.org/2003/arcrole/parent-child,16,,http://www.xbrl.org/2003/role/terseLabel,http://www.homedepot.com/role/SUMMARYOFSIGNIFICANTACCOUNTINGPOLICIESPolicies,hd-20260201_pre.xml
X-HD-0013,HD,"Home Depot, Inc.",bounded_extension,presentation,us-gaap:AccountingPoliciesAbstract,Accounting Policies [Abstract],us-gaap:RevenueFromContractWithCustomerPolicyTextBlock,Revenue from Contract with Customer [Policy Text Block],http://www.xbrl.org/2003/arcrole/parent-child,18,,http://www.xbrl.org/2003/role/terseLabel,http://www.homedepot.com/role/SUMMARYOFSIGNIFICANTACCOUNTINGPOLICIESPolicies,hd-20260201_pre.xml
X-HD-0014,HD,"Home Depot, Inc.",bounded_extension,presentation,us-gaap:AccountingPoliciesAbstract,Accounting Policies [Abstract],us-gaap:CostOfSalesPolicyTextBlock,Cost of Goods and Service [Policy Text Block],http://www.xbrl.org/2003/arcrole/parent-child,19,,http://www.xbrl.org/2003/role/terseLabel,http://www.homedepot.com/role/SUMMARYOFSIGNIFICANTACCOUNTINGPOLICIESPolicies,hd-20260201_pre.xml
X-HD-0015,HD,"Home Depot, Inc.",bounded_extension,presentation,us-gaap:AccountingPoliciesAbstract,Accounting Policies [Abstract],us-gaap:ScheduleOfAccountsNotesLoansAndFinancingReceivableTextBlock,"Schedule of Accounts, Notes, Loans and Financing Receivable [Table Text Block]",http://www.xbrl.org/2003/arcrole/parent-child,1,,http://www.xbrl.org/2003/role/terseLabel,http://www.homedepot.com/role/SUMMARYOFSIGNIFICANTACCOUNTINGPOLICIESTables,hd-20260201_pre.xml
X-HD-0016,HD,"Home Depot, Inc.",bounded_extension,presentation,us-gaap:SegmentReportingAbstract,Segment Reporting [Abstract],us-gaap:RevenueFromExternalCustomersByGeographicAreasTableTextBlock,Revenue from External Customers by Geographic Areas [Table Text Block],http://www.xbrl.org/2003/arcrole/parent-child,1,,http://www.xbrl.org/2003/role/terseLabel,http://www.homedepot.com/role/SEGMENTREPORTINGANDNETSALESTables,hd-20260201_pre.xml
X-HD-0017,HD,"Home Depot, Inc.",bounded_extension,presentation,us-gaap:SegmentReportingAbstract,Segment Reporting [Abstract],us-gaap:DisaggregationOfRevenueTableTextBlock,Disaggregation of Revenue [Table Text Block],http://www.xbrl.org/2003/arcrole/parent-child,2,,http://www.xbrl.org/2003/role/terseLabel,http://www.homedepot.com/role/SEGMENTREPORTINGANDNETSALESTables,hd-20260201_pre.xml
X-HD-0018,HD,"Home Depot, Inc.",bounded_extension,presentation,us-gaap:SegmentReportingAbstract,Segment Reporting [Abstract],us-gaap:ScheduleOfEntityWideInformationRevenueFromExternalCustomersByProductsAndServicesTextBlock,Revenue from External Customers by Products and Services [Table Text Block],http://www.xbrl.org/2003/arcrole/parent-child,3,,http://www.xbrl.org/2003/role/terseLabel,http://www.homedepot.com/role/SEGMENTREPORTINGANDNETSALESTables,hd-20260201_pre.xml
X-HD-0019,HD,"Home Depot, Inc.",bounded_extension,presentation,us-gaap:AccountingPoliciesAbstract,Accounting Policies [Abstract],us-gaap:ScheduleOfAccountsNotesLoansAndFinancingReceivableTable,Accounts and Financing Receivables [Table],http://www.xbrl.org/2003/arcrole/parent-child,1,,http://www.xbrl.org/2003/role/terseLabel,http://www.homedepot.com/role/SUMMARYOFSIGNIFICANTACCOUNTINGPOLICIESComponentsofReceivablesDetails,hd-20260201_pre.xml
X-HD-0020,HD,"Home Depot, Inc.",bounded_extension,presentation,us-gaap:ScheduleOfAccountsNotesLoansAndFinancingReceivableTable,Accounts and Financing Receivables [Table],us-gaap:AccountsNotesLoansAndFinancingReceivableByReceivableTypeAxis,Receivable Type [Axis],http://www.xbrl.org/2003/arcrole/parent-child,1,,http://www.xbrl.org/2003/role/terseLabel,http://www.homedepot.com/role/SUMMARYOFSIGNIFICANTACCOUNTINGPOLICIESComponentsofReceivablesDetails,hd-20260201_pre.xml
X-HD-0021,HD,"Home Depot, Inc.",bounded_extension,presentation,us-gaap:AccountsNotesLoansAndFinancingReceivableByReceivableTypeAxis,Receivable Type [Axis],us-gaap:ReceivableTypeDomain,Receivable [Domain],http://www.xbrl.org/2003/arcrole/parent-child,1,,http://www.xbrl.org/2003/role/terseLabel,http://www.homedepot.com/role/SUMMARYOFSIGNIFICANTACCOUNTINGPOLICIESComponentsofReceivablesDetails,hd-20260201_pre.xml
X-HD-0022,HD,"Home Depot, Inc.",bounded_extension,presentation,us-gaap:ReceivableTypeDomain,Receivable [Domain],us-gaap:CreditCardReceivablesMember,Credit Card Receivable [Member],http://www.xbrl.org/2003/arcrole/parent-child,1,,http://www.xbrl.org/2003/role/terseLabel,http://www.homedepot.com/role/SUMMARYOFSIGNIFICANTACCOUNTINGPOLICIESComponentsofReceivablesDetails,hd-20260201_pre.xml
X-HD-0023,HD,"Home Depot, Inc.",bounded_extension,presentation,us-gaap:ReceivableTypeDomain,Receivable [Domain],hd:RebateReceivablesMember,,http://www.xbrl.org/2003/arcrole/parent-child,2,,http://www.xbrl.org/2003/role/terseLabel,http://www.homedepot.com/role/SUMMARYOFSIGNIFICANTACCOUNTINGPOLICIESComponentsofReceivablesDetails,hd-20260201_pre.xml
X-HD-0024,HD,"Home Depot, Inc.",bounded_extension,presentation,us-gaap:ReceivableTypeDomain,Receivable [Domain],us-gaap:TradeAccountsReceivableMember,Trade Accounts Receivable [Member],http://www.xbrl.org/2003/arcrole/parent-child,3,,http://www.xbrl.org/2003/role/terseLabel,http://www.homedepot.com/role/SUMMARYOFSIGNIFICANTACCOUNTINGPOLICIESComponentsofReceivablesDetails,hd-20260201_pre.xml
X-HD-0025,HD,"Home Depot, Inc.",bounded_extension,presentation,us-gaap:ReceivableTypeDomain,Receivable [Domain],hd:OtherReceivableMember,,http://www.xbrl.org/2003/arcrole/parent-child,4,,http://www.xbrl.org/2003/role/terseLabel,http://www.homedepot.com/role/SUMMARYOFSIGNIFICANTACCOUNTINGPOLICIESComponentsofReceivablesDetails,hd-20260201_pre.xml
X-HD-0026,HD,"Home Depot, Inc.",bounded_extension,presentation,us-gaap:ScheduleOfAccountsNotesLoansAndFinancingReceivableTable,Accounts and Financing Receivables [Table],us-gaap:AccountsNotesAndLoansReceivableLineItems,"Accounts, Notes, Loans and Financing Receivable [Line Items]",http://www.xbrl.org/2003/arcrole/parent-child,2,,http://www.xbrl.org/2003/role/terseLabel,http://www.homedepot.com/role/SUMMARYOFSIGNIFICANTACCOUNTINGPOLICIESComponentsofReceivablesDetails,hd-20260201_pre.xml
X-HD-0027,HD,"Home Depot, Inc.",bounded_extension,presentation,us-gaap:AccountsNotesAndLoansReceivableLineItems,"Accounts, Notes, Loans and Financing Receivable [Line Items]",us-gaap:AccountsReceivableNetCurrent,"Accounts Receivable, after Allowance for Credit Loss, Current",http://www.xbrl.org/2003/arcrole/parent-child,1,,http://www.xbrl.org/2009/role/netLabel,http://www.homedepot.com/role/SUMMARYOFSIGNIFICANTACCOUNTINGPOLICIESComponentsofReceivablesDetails,hd-20260201_pre.xml
X-HD-0028,HD,"Home Depot, Inc.",bounded_extension,presentation,hd:AccountingPoliciesLineItems,,us-gaap:SelfInsuranceReserve,Self Insurance Reserve,http://www.xbrl.org/2003/arcrole/parent-child,8,,http://www.xbrl.org/2003/role/terseLabel,http://www.homedepot.com/role/SUMMARYOFSIGNIFICANTACCOUNTINGPOLICIESNarrativeDetails,hd-20260201_pre.xml
X-HD-0029,HD,"Home Depot, Inc.",bounded_extension,presentation,hd:AccountingPoliciesLineItems,,us-gaap:ContractWithCustomerLiabilityCurrent,"Contract with Customer, Liability, Current",http://www.xbrl.org/2003/arcrole/parent-child,9,,http://www.xbrl.org/2003/role/terseLabel,http://www.homedepot.com/role/SUMMARYOFSIGNIFICANTACCOUNTINGPOLICIESNarrativeDetails,hd-20260201_pre.xml
X-HD-0030,HD,"Home Depot, Inc.",bounded_extension,presentation,hd:AccountingPoliciesLineItems,,hd:ContractWithCustomerLiabilityAverageRedemptionPeriod,,http://www.xbrl.org/2003/arcrole/parent-child,10,,http://www.xbrl.org/2003/role/terseLabel,http://www.homedepot.com/role/SUMMARYOFSIGNIFICANTACCOUNTINGPOLICIESNarrativeDetails,hd-20260201_pre.xml
X-HD-0031,HD,"Home Depot, Inc.",bounded_extension,presentation,hd:AccountingPoliciesLineItems,,us-gaap:RevenueRemainingPerformanceObligation,"Revenue, Remaining Performance Obligation, Amount",http://www.xbrl.org/2003/arcrole/parent-child,11,,http://www.xbrl.org/2003/role/terseLabel,http://www.homedepot.com/role/SUMMARYOFSIGNIFICANTACCOUNTINGPOLICIESNarrativeDetails,hd-20260201_pre.xml
X-HD-0032,HD,"Home Depot, Inc.",bounded_extension,presentation,us-gaap:SegmentReportingAbstract,Segment Reporting [Abstract],us-gaap:DisaggregationOfRevenueTable,Disaggregation of Revenue [Table],http://www.xbrl.org/2003/arcrole/parent-child,1,,http://www.xbrl.org/2003/role/terseLabel,http://www.homedepot.com/role/SEGMENTREPORTINGANDNETSALESNarrativeDetails,hd-20260201_pre.xml
X-HD-0033,HD,"Home Depot, Inc.",bounded_extension,presentation,us-gaap:DisaggregationOfRevenueTable,Disaggregation of Revenue [Table],us-gaap:StatementBusinessSegmentsAxis,Segments [Axis],http://www.xbrl.org/2003/arcrole/parent-child,1,,http://www.xbrl.org/2003/role/terseLabel,http://www.homedepot.com/role/SEGMENTREPORTINGANDNETSALESNarrativeDetails,hd-20260201_pre.xml
X-HD-0034,HD,"Home Depot, Inc.",bounded_extension,presentation,us-gaap:DisaggregationOfRevenueTable,Disaggregation of Revenue [Table],us-gaap:DisaggregationOfRevenueLineItems,Disaggregation of Revenue [Line Items],http://www.xbrl.org/2003/arcrole/parent-child,2,,http://www.xbrl.org/2003/role/terseLabel,http://www.homedepot.com/role/SEGMENTREPORTINGANDNETSALESNarrativeDetails,hd-20260201_pre.xml
X-HD-0035,HD,"Home Depot, Inc.",bounded_extension,presentation,us-gaap:DisaggregationOfRevenueLineItems,Disaggregation of Revenue [Line Items],us-gaap:NumberOfOperatingSegments,Number of Operating Segments,http://www.xbrl.org/2003/arcrole/parent-child,1,,http://www.xbrl.org/2003/role/terseLabel,http://www.homedepot.com/role/SEGMENTREPORTINGANDNETSALESNarrativeDetails,hd-20260201_pre.xml
X-HD-0036,HD,"Home Depot, Inc.",bounded_extension,presentation,us-gaap:DisaggregationOfRevenueLineItems,Disaggregation of Revenue [Line Items],us-gaap:NumberOfReportableSegments,Number of Reportable Segments,http://www.xbrl.org/2003/arcrole/parent-child,2,,http://www.xbrl.org/2003/role/terseLabel,http://www.homedepot.com/role/SEGMENTREPORTINGANDNETSALESNarrativeDetails,hd-20260201_pre.xml
X-HD-0037,HD,"Home Depot, Inc.",bounded_extension,presentation,us-gaap:DisaggregationOfRevenueLineItems,Disaggregation of Revenue [Line Items],hd:NumberOfLinesOfBusiness,,http://www.xbrl.org/2003/arcrole/parent-child,3,,http://www.xbrl.org/2003/role/terseLabel,http://www.homedepot.com/role/SEGMENTREPORTINGANDNETSALESNarrativeDetails,hd-20260201_pre.xml
X-HD-0038,HD,"Home Depot, Inc.",bounded_extension,presentation,us-gaap:SegmentReportingAbstract,Segment Reporting [Abstract],us-gaap:ScheduleOfEntityWideInformationRevenueFromExternalCustomersByProductsAndServicesTable,"Segment Reporting, Revenue from External Customer, Product and Service [Table]",http://www.xbrl.org/2003/arcrole/parent-child,1,,http://www.xbrl.org/2003/role/terseLabel,http://www.homedepot.com/role/SEGMENTREPORTINGANDNETSALESSignificantExpenseUsedByOurCODMDetails,hd-20260201_pre.xml
X-HD-0039,HD,"Home Depot, Inc.",bounded_extension,presentation,us-gaap:ScheduleOfEntityWideInformationRevenueFromExternalCustomersByProductsAndServicesTable,"Segment Reporting, Revenue from External Customer, Product and Service [Table]",us-gaap:StatementBusinessSegmentsAxis,Segments [Axis],http://www.xbrl.org/2003/arcrole/parent-child,1,,http://www.xbrl.org/2003/role/terseLabel,http://www.homedepot.com/role/SEGMENTREPORTINGANDNETSALESSignificantExpenseUsedByOurCODMDetails,hd-20260201_pre.xml
X-HD-0040,HD,"Home Depot, Inc.",bounded_extension,presentation,us-gaap:ScheduleOfEntityWideInformationRevenueFromExternalCustomersByProductsAndServicesTable,"Segment Reporting, Revenue from External Customer, Product and Service [Table]",us-gaap:EntityWideInformationRevenueFromExternalCustomerLineItems,Revenue from External Customer [Line Items],http://www.xbrl.org/2003/arcrole/parent-child,2,,http://www.xbrl.org/2003/role/terseLabel,http://www.homedepot.com/role/SEGMENTREPORTINGANDNETSALESSignificantExpenseUsedByOurCODMDetails,hd-20260201_pre.xml
X-HD-0041,HD,"Home Depot, Inc.",bounded_extension,presentation,us-gaap:EntityWideInformationRevenueFromExternalCustomerLineItems,Revenue from External Customer [Line Items],us-gaap:RevenueFromContractWithCustomerExcludingAssessedTax,"Revenue from Contract with Customer, Excluding Assessed Tax",http://www.xbrl.org/2003/arcrole/parent-child,1,,http://www.xbrl.org/2009/role/netLabel,http://www.homedepot.com/role/SEGMENTREPORTINGANDNETSALESSignificantExpenseUsedByOurCODMDetails,hd-20260201_pre.xml
X-HD-0042,HD,"Home Depot, Inc.",bounded_extension,presentation,us-gaap:EntityWideInformationRevenueFromExternalCustomerLineItems,Revenue from External Customer [Line Items],us-gaap:CostOfRevenue,Cost of Revenue,http://www.xbrl.org/2003/arcrole/parent-child,2,,http://www.xbrl.org/2003/role/terseLabel,http://www.homedepot.com/role/SEGMENTREPORTINGANDNETSALESSignificantExpenseUsedByOurCODMDetails,hd-20260201_pre.xml
X-HD-0043,HD,"Home Depot, Inc.",bounded_extension,presentation,us-gaap:EntityWideInformationRevenueFromExternalCustomerLineItems,Revenue from External Customer [Line Items],us-gaap:SellingGeneralAndAdministrativeExpense,"Selling, General and Administrative Expense",http://www.xbrl.org/2003/arcrole/parent-child,3,,http://www.xbrl.org/2003/role/terseLabel,http://www.homedepot.com/role/SEGMENTREPORTINGANDNETSALESSignificantExpenseUsedByOurCODMDetails,hd-20260201_pre.xml
X-HD-0044,HD,"Home Depot, Inc.",bounded_extension,presentation,us-gaap:EntityWideInformationRevenueFromExternalCustomerLineItems,Revenue from External Customer [Line Items],us-gaap:DepreciationAndAmortization,"Depreciation, Depletion and Amortization, Nonproduction",http://www.xbrl.org/2003/arcrole/parent-child,4,,http://www.xbrl.org/2003/role/verboseLabel,http://www.homedepot.com/role/SEGMENTREPORTINGANDNETSALESSignificantExpenseUsedByOurCODMDetails,hd-20260201_pre.xml
X-HD-0045,HD,"Home Depot, Inc.",bounded_extension,presentation,us-gaap:EntityWideInformationRevenueFromExternalCustomerLineItems,Revenue from External Customer [Line Items],us-gaap:OperatingIncomeLoss,Operating Income (Loss),http://www.xbrl.org/2003/arcrole/parent-child,5,,http://www.xbrl.org/2003/role/totalLabel,http://www.homedepot.com/role/SEGMENTREPORTINGANDNETSALESSignificantExpenseUsedByOurCODMDetails,hd-20260201_pre.xml
X-HD-0046,HD,"Home Depot, Inc.",bounded_extension,presentation,us-gaap:SegmentReportingAbstract,Segment Reporting [Abstract],us-gaap:DisaggregationOfRevenueTable,Disaggregation of Revenue [Table],http://www.xbrl.org/2003/arcrole/parent-child,1,,http://www.xbrl.org/2003/role/terseLabel,http://www.homedepot.com/role/SEGMENTREPORTINGANDNETSALESScheduleofSegmentReconciliationofOtherItemsfromSegmentstoConsolidatedDetails,hd-20260201_pre.xml
X-HD-0047,HD,"Home Depot, Inc.",bounded_extension,presentation,us-gaap:DisaggregationOfRevenueTable,Disaggregation of Revenue [Table],us-gaap:StatementBusinessSegmentsAxis,Segments [Axis],http://www.xbrl.org/2003/arcrole/parent-child,1,,http://www.xbrl.org/2003/role/terseLabel,http://www.homedepot.com/role/SEGMENTREPORTINGANDNETSALESScheduleofSegmentReconciliationofOtherItemsfromSegmentstoConsolidatedDetails,hd-20260201_pre.xml
X-HD-0048,HD,"Home Depot, Inc.",bounded_extension,presentation,us-gaap:DisaggregationOfRevenueTable,Disaggregation of Revenue [Table],us-gaap:DisaggregationOfRevenueLineItems,Disaggregation of Revenue [Line Items],http://www.xbrl.org/2003/arcrole/parent-child,2,,http://www.xbrl.org/2003/role/terseLabel,http://www.homedepot.com/role/SEGMENTREPORTINGANDNETSALESScheduleofSegmentReconciliationofOtherItemsfromSegmentstoConsolidatedDetails,hd-20260201_pre.xml
X-HD-0049,HD,"Home Depot, Inc.",bounded_extension,presentation,us-gaap:DisaggregationOfRevenueLineItems,Disaggregation of Revenue [Line Items],us-gaap:RevenueFromContractWithCustomerExcludingAssessedTax,"Revenue from Contract with Customer, Excluding Assessed Tax",http://www.xbrl.org/2003/arcrole/parent-child,1,,http://www.xbrl.org/2009/role/netLabel,http://www.homedepot.com/role/SEGMENTREPORTINGANDNETSALESScheduleofSegmentReconciliationofOtherItemsfromSegmentstoConsolidatedDetails,hd-20260201_pre.xml
X-HD-0050,HD,"Home Depot, Inc.",bounded_extension,presentation,us-gaap:DisaggregationOfRevenueLineItems,Disaggregation of Revenue [Line Items],us-gaap:OperatingIncomeLoss,Operating Income (Loss),http://www.xbrl.org/2003/arcrole/parent-child,2,,http://www.xbrl.org/2003/role/terseLabel,http://www.homedepot.com/role/SEGMENTREPORTINGANDNETSALESScheduleofSegmentReconciliationofOtherItemsfromSegmentstoConsolidatedDetails,hd-20260201_pre.xml
X-HD-0051,HD,"Home Depot, Inc.",bounded_extension,presentation,us-gaap:DisaggregationOfRevenueLineItems,Disaggregation of Revenue [Line Items],us-gaap:InvestmentIncomeInterestAndDividend,"Investment Income, Interest and Dividend",http://www.xbrl.org/2003/arcrole/parent-child,3,,http://www.xbrl.org/2009/role/negatedTerseLabel,http://www.homedepot.com/role/SEGMENTREPORTINGANDNETSALESScheduleofSegmentReconciliationofOtherItemsfromSegmentstoConsolidatedDetails,hd-20260201_pre.xml
X-HD-0052,HD,"Home Depot, Inc.",bounded_extension,presentation,us-gaap:DisaggregationOfRevenueLineItems,Disaggregation of Revenue [Line Items],us-gaap:InterestExpenseNonoperating,"Interest Expense, Nonoperating",http://www.xbrl.org/2003/arcrole/parent-child,4,,http://www.xbrl.org/2003/role/verboseLabel,http://www.homedepot.com/role/SEGMENTREPORTINGANDNETSALESScheduleofSegmentReconciliationofOtherItemsfromSegmentstoConsolidatedDetails,hd-20260201_pre.xml
X-HD-0053,HD,"Home Depot, Inc.",bounded_extension,presentation,us-gaap:DisaggregationOfRevenueLineItems,Disaggregation of Revenue [Line Items],us-gaap:IncomeLossFromContinuingOperationsBeforeIncomeTaxesExtraordinaryItemsNoncontrollingInterest,"Income (Loss) from Continuing Operations before Income Taxes, Noncontrolling Interest",http://www.xbrl.org/2003/arcrole/parent-child,5,,http://www.xbrl.org/2003/role/totalLabel,http://www.homedepot.com/role/SEGMENTREPORTINGANDNETSALESScheduleofSegmentReconciliationofOtherItemsfromSegmentstoConsolidatedDetails,hd-20260201_pre.xml
X-HD-0054,HD,"Home Depot, Inc.",bounded_extension,presentation,us-gaap:DisaggregationOfRevenueLineItems,Disaggregation of Revenue [Line Items],us-gaap:CostOfGoodsAndServicesSoldDepreciationAndAmortization,"Cost, Depreciation and Amortization",http://www.xbrl.org/2003/arcrole/parent-child,6,,http://www.xbrl.org/2003/role/terseLabel,http://www.homedepot.com/role/SEGMENTREPORTINGANDNETSALESScheduleofSegmentReconciliationofOtherItemsfromSegmentstoConsolidatedDetails,hd-20260201_pre.xml
X-HD-0055,HD,"Home Depot, Inc.",bounded_extension,presentation,us-gaap:DisaggregationOfRevenueLineItems,Disaggregation of Revenue [Line Items],us-gaap:CostsAndExpenses,Costs and Expenses,http://www.xbrl.org/2003/arcrole/parent-child,7,,http://www.xbrl.org/2003/role/terseLabel,http://www.homedepot.com/role/SEGMENTREPORTINGANDNETSALESScheduleofSegmentReconciliationofOtherItemsfromSegmentstoConsolidatedDetails,hd-20260201_pre.xml
X-HD-0056,HD,"Home Depot, Inc.",bounded_extension,presentation,us-gaap:DisaggregationOfRevenueLineItems,Disaggregation of Revenue [Line Items],us-gaap:AmortizationOfIntangibleAssets,Amortization of Intangible Assets,http://www.xbrl.org/2003/arcrole/parent-child,8,,http://www.xbrl.org/2003/role/terseLabel,http://www.homedepot.com/role/SEGMENTREPORTINGANDNETSALESScheduleofSegmentReconciliationofOtherItemsfromSegmentstoConsolidatedDetails,hd-20260201_pre.xml
X-HD-0057,HD,"Home Depot, Inc.",bounded_extension,presentation,us-gaap:SegmentReportingAbstract,Segment Reporting [Abstract],us-gaap:ScheduleOfRevenuesFromExternalCustomersAndLongLivedAssetsTable,Schedule of Revenues from External Customers and Long-Lived Assets [Table],http://www.xbrl.org/2003/arcrole/parent-child,1,,http://www.xbrl.org/2003/role/terseLabel,http://www.homedepot.com/role/SEGMENTREPORTINGANDNETSALESScheduleofLongLivedAssetsbyGeographicAreasDetails,hd-20260201_pre.xml
X-HD-0058,HD,"Home Depot, Inc.",bounded_extension,presentation,us-gaap:ScheduleOfRevenuesFromExternalCustomersAndLongLivedAssetsTable,Schedule of Revenues from External Customers and Long-Lived Assets [Table],srt:StatementGeographicalAxis,Geographical [Axis],http://www.xbrl.org/2003/arcrole/parent-child,1,,http://www.xbrl.org/2003/role/terseLabel,http://www.homedepot.com/role/SEGMENTREPORTINGANDNETSALESScheduleofLongLivedAssetsbyGeographicAreasDetails,hd-20260201_pre.xml
X-HD-0059,HD,"Home Depot, Inc.",bounded_extension,presentation,us-gaap:ScheduleOfRevenuesFromExternalCustomersAndLongLivedAssetsTable,Schedule of Revenues from External Customers and Long-Lived Assets [Table],us-gaap:RevenuesFromExternalCustomersAndLongLivedAssetsLineItems,Revenues from External Customers and Long-Lived Assets [Line Items],http://www.xbrl.org/2003/arcrole/parent-child,2,,http://www.xbrl.org/2003/role/terseLabel,http://www.homedepot.com/role/SEGMENTREPORTINGANDNETSALESScheduleofLongLivedAssetsbyGeographicAreasDetails,hd-20260201_pre.xml
X-HD-0060,HD,"Home Depot, Inc.",bounded_extension,presentation,us-gaap:RevenuesFromExternalCustomersAndLongLivedAssetsLineItems,Revenues from External Customers and Long-Lived Assets [Line Items],us-gaap:PropertyPlantAndEquipmentAndFinanceLeaseRightOfUseAssetAfterAccumulatedDepreciationAndAmortization,"Property, Plant, and Equipment and Finance Lease Right-of-Use Asset, after Accumulated Depreciation and Amortization",http://www.xbrl.org/2003/arcrole/parent-child,1,,http://www.xbrl.org/2003/role/terseLabel,http://www.homedepot.com/role/SEGMENTREPORTINGANDNETSALESScheduleofLongLivedAssetsbyGeographicAreasDetails,hd-20260201_pre.xml
X-HD-0061,HD,"Home Depot, Inc.",bounded_extension,presentation,us-gaap:RevenuesFromExternalCustomersAndLongLivedAssetsLineItems,Revenues from External Customers and Long-Lived Assets [Line Items],us-gaap:RevenueFromContractWithCustomerExcludingAssessedTax,"Revenue from Contract with Customer, Excluding Assessed Tax",http://www.xbrl.org/2003/arcrole/parent-child,2,,http://www.xbrl.org/2003/role/terseLabel,http://www.homedepot.com/role/SEGMENTREPORTINGANDNETSALESScheduleofLongLivedAssetsbyGeographicAreasDetails,hd-20260201_pre.xml
X-HD-0062,HD,"Home Depot, Inc.",bounded_extension,presentation,us-gaap:SegmentReportingAbstract,Segment Reporting [Abstract],us-gaap:ScheduleOfRevenuesFromExternalCustomersAndLongLivedAssetsTable,Schedule of Revenues from External Customers and Long-Lived Assets [Table],http://www.xbrl.org/2003/arcrole/parent-child,1,,http://www.xbrl.org/2003/role/terseLabel,http://www.homedepot.com/role/SEGMENTREPORTINGANDNETSALESScheduleofNetSalesByMajorProductLineDetails,hd-20260201_pre.xml
X-HD-0063,HD,"Home Depot, Inc.",bounded_extension,presentation,us-gaap:ScheduleOfRevenuesFromExternalCustomersAndLongLivedAssetsTable,Schedule of Revenues from External Customers and Long-Lived Assets [Table],srt:ConsolidationItemsAxis,Consolidation Items [Axis],http://www.xbrl.org/2003/arcrole/parent-child,1,,http://www.xbrl.org/2003/role/terseLabel,http://www.homedepot.com/role/SEGMENTREPORTINGANDNETSALESScheduleofNetSalesByMajorProductLineDetails,hd-20260201_pre.xml
X-HD-0064,HD,"Home Depot, Inc.",bounded_extension,presentation,us-gaap:ScheduleOfRevenuesFromExternalCustomersAndLongLivedAssetsTable,Schedule of Revenues from External Customers and Long-Lived Assets [Table],srt:ProductOrServiceAxis,Product and Service [Axis],http://www.xbrl.org/2003/arcrole/parent-child,2,,http://www.xbrl.org/2003/role/terseLabel,http://www.homedepot.com/role/SEGMENTREPORTINGANDNETSALESScheduleofNetSalesByMajorProductLineDetails,hd-20260201_pre.xml
X-HD-0065,HD,"Home Depot, Inc.",bounded_extension,presentation,us-gaap:ScheduleOfRevenuesFromExternalCustomersAndLongLivedAssetsTable,Schedule of Revenues from External Customers and Long-Lived Assets [Table],us-gaap:StatementBusinessSegmentsAxis,Segments [Axis],http://www.xbrl.org/2003/arcrole/parent-child,3,,http://www.xbrl.org/2003/role/terseLabel,http://www.homedepot.com/role/SEGMENTREPORTINGANDNETSALESScheduleofNetSalesByMajorProductLineDetails,hd-20260201_pre.xml
X-HD-0066,HD,"Home Depot, Inc.",bounded_extension,presentation,us-gaap:ScheduleOfRevenuesFromExternalCustomersAndLongLivedAssetsTable,Schedule of Revenues from External Customers and Long-Lived Assets [Table],us-gaap:ConcentrationRiskByBenchmarkAxis,Concentration Risk Benchmark [Axis],http://www.xbrl.org/2003/arcrole/parent-child,4,,http://www.xbrl.org/2003/role/terseLabel,http://www.homedepot.com/role/SEGMENTREPORTINGANDNETSALESScheduleofNetSalesByMajorProductLineDetails,hd-20260201_pre.xml
X-HD-0067,HD,"Home Depot, Inc.",bounded_extension,presentation,us-gaap:ConcentrationRiskBenchmarkDomain,Concentration Risk Benchmark [Domain],us-gaap:SalesRevenueNetMember,Revenue Benchmark [Member],http://www.xbrl.org/2003/arcrole/parent-child,1,,http://www.xbrl.org/2003/role/terseLabel,http://www.homedepot.com/role/SEGMENTREPORTINGANDNETSALESScheduleofNetSalesByMajorProductLineDetails,hd-20260201_pre.xml
X-HD-0068,HD,"Home Depot, Inc.",bounded_extension,presentation,us-gaap:ScheduleOfRevenuesFromExternalCustomersAndLongLivedAssetsTable,Schedule of Revenues from External Customers and Long-Lived Assets [Table],us-gaap:ConcentrationRiskByTypeAxis,Concentration Risk Type [Axis],http://www.xbrl.org/2003/arcrole/parent-child,5,,http://www.xbrl.org/2003/role/terseLabel,http://www.homedepot.com/role/SEGMENTREPORTINGANDNETSALESScheduleofNetSalesByMajorProductLineDetails,hd-20260201_pre.xml
X-HD-0069,HD,"Home Depot, Inc.",bounded_extension,presentation,us-gaap:ScheduleOfRevenuesFromExternalCustomersAndLongLivedAssetsTable,Schedule of Revenues from External Customers and Long-Lived Assets [Table],us-gaap:RevenuesFromExternalCustomersAndLongLivedAssetsLineItems,Revenues from External Customers and Long-Lived Assets [Line Items],http://www.xbrl.org/2003/arcrole/parent-child,6,,http://www.xbrl.org/2003/role/terseLabel,http://www.homedepot.com/role/SEGMENTREPORTINGANDNETSALESScheduleofNetSalesByMajorProductLineDetails,hd-20260201_pre.xml
X-HD-0070,HD,"Home Depot, Inc.",bounded_extension,presentation,us-gaap:RevenuesFromExternalCustomersAndLongLivedAssetsLineItems,Revenues from External Customers and Long-Lived Assets [Line Items],us-gaap:RevenueFromContractWithCustomerExcludingAssessedTax,"Revenue from Contract with Customer, Excluding Assessed Tax",http://www.xbrl.org/2003/arcrole/parent-child,1,,http://www.xbrl.org/2003/role/terseLabel,http://www.homedepot.com/role/SEGMENTREPORTINGANDNETSALESScheduleofNetSalesByMajorProductLineDetails,hd-20260201_pre.xml
X-HD-0071,HD,"Home Depot, Inc.",bounded_extension,presentation,us-gaap:RevenuesFromExternalCustomersAndLongLivedAssetsLineItems,Revenues from External Customers and Long-Lived Assets [Line Items],us-gaap:ConcentrationRiskPercentage1,"Concentration Risk, Percentage",http://www.xbrl.org/2003/arcrole/parent-child,2,,http://www.xbrl.org/2003/role/terseLabel,http://www.homedepot.com/role/SEGMENTREPORTINGANDNETSALESScheduleofNetSalesByMajorProductLineDetails,hd-20260201_pre.xml
X-HD-0072,HD,"Home Depot, Inc.",bounded_extension,presentation,us-gaap:SegmentReportingAbstract,Segment Reporting [Abstract],us-gaap:ScheduleOfEntityWideInformationRevenueFromExternalCustomersByProductsAndServicesTable,"Segment Reporting, Revenue from External Customer, Product and Service [Table]",http://www.xbrl.org/2003/arcrole/parent-child,1,,http://www.xbrl.org/2003/role/terseLabel,http://www.homedepot.com/role/SEGMENTREPORTINGANDNETSALESRevenuefromExternalCustomersbyProductsandServicesDetails,hd-20260201_pre.xml
X-HD-0073,HD,"Home Depot, Inc.",bounded_extension,presentation,us-gaap:ScheduleOfEntityWideInformationRevenueFromExternalCustomersByProductsAndServicesTable,"Segment Reporting, Revenue from External Customer, Product and Service [Table]",srt:ProductOrServiceAxis,Product and Service [Axis],http://www.xbrl.org/2003/arcrole/parent-child,1,,http://www.xbrl.org/2003/role/terseLabel,http://www.homedepot.com/role/SEGMENTREPORTINGANDNETSALESRevenuefromExternalCustomersbyProductsandServicesDetails,hd-20260201_pre.xml
X-HD-0074,HD,"Home Depot, Inc.",bounded_extension,presentation,us-gaap:ScheduleOfEntityWideInformationRevenueFromExternalCustomersByProductsAndServicesTable,"Segment Reporting, Revenue from External Customer, Product and Service [Table]",us-gaap:StatementBusinessSegmentsAxis,Segments [Axis],http://www.xbrl.org/2003/arcrole/parent-child,2,,http://www.xbrl.org/2003/role/terseLabel,http://www.homedepot.com/role/SEGMENTREPORTINGANDNETSALESRevenuefromExternalCustomersbyProductsandServicesDetails,hd-20260201_pre.xml
X-HD-0075,HD,"Home Depot, Inc.",bounded_extension,presentation,us-gaap:ScheduleOfEntityWideInformationRevenueFromExternalCustomersByProductsAndServicesTable,"Segment Reporting, Revenue from External Customer, Product and Service [Table]",us-gaap:ConcentrationRiskByTypeAxis,Concentration Risk Type [Axis],http://www.xbrl.org/2003/arcrole/parent-child,3,,http://www.xbrl.org/2003/role/terseLabel,http://www.homedepot.com/role/SEGMENTREPORTINGANDNETSALESRevenuefromExternalCustomersbyProductsandServicesDetails,hd-20260201_pre.xml
X-HD-0076,HD,"Home Depot, Inc.",bounded_extension,presentation,us-gaap:ScheduleOfEntityWideInformationRevenueFromExternalCustomersByProductsAndServicesTable,"Segment Reporting, Revenue from External Customer, Product and Service [Table]",us-gaap:ConcentrationRiskByBenchmarkAxis,Concentration Risk Benchmark [Axis],http://www.xbrl.org/2003/arcrole/parent-child,4,,http://www.xbrl.org/2003/role/terseLabel,http://www.homedepot.com/role/SEGMENTREPORTINGANDNETSALESRevenuefromExternalCustomersbyProductsandServicesDetails,hd-20260201_pre.xml
X-HD-0077,HD,"Home Depot, Inc.",bounded_extension,presentation,us-gaap:ConcentrationRiskBenchmarkDomain,Concentration Risk Benchmark [Domain],us-gaap:SalesRevenueProductLineMember,"Revenue, Product and Service Benchmark [Member]",http://www.xbrl.org/2003/arcrole/parent-child,1,,http://www.xbrl.org/2003/role/terseLabel,http://www.homedepot.com/role/SEGMENTREPORTINGANDNETSALESRevenuefromExternalCustomersbyProductsandServicesDetails,hd-20260201_pre.xml
X-HD-0078,HD,"Home Depot, Inc.",bounded_extension,presentation,us-gaap:ScheduleOfEntityWideInformationRevenueFromExternalCustomersByProductsAndServicesTable,"Segment Reporting, Revenue from External Customer, Product and Service [Table]",us-gaap:EntityWideInformationRevenueFromExternalCustomerLineItems,Revenue from External Customer [Line Items],http://www.xbrl.org/2003/arcrole/parent-child,5,,http://www.xbrl.org/2003/role/terseLabel,http://www.homedepot.com/role/SEGMENTREPORTINGANDNETSALESRevenuefromExternalCustomersbyProductsandServicesDetails,hd-20260201_pre.xml
X-HD-0079,HD,"Home Depot, Inc.",bounded_extension,presentation,us-gaap:EntityWideInformationRevenueFromExternalCustomerLineItems,Revenue from External Customer [Line Items],us-gaap:RevenueFromContractWithCustomerExcludingAssessedTax,"Revenue from Contract with Customer, Excluding Assessed Tax",http://www.xbrl.org/2003/arcrole/parent-child,1,,http://www.xbrl.org/2003/role/terseLabel,http://www.homedepot.com/role/SEGMENTREPORTINGANDNETSALESRevenuefromExternalCustomersbyProductsandServicesDetails,hd-20260201_pre.xml
X-HD-0080,HD,"Home Depot, Inc.",bounded_extension,presentation,us-gaap:EntityWideInformationRevenueFromExternalCustomerLineItems,Revenue from External Customer [Line Items],us-gaap:ConcentrationRiskPercentage1,"Concentration Risk, Percentage",http://www.xbrl.org/2003/arcrole/parent-child,2,,http://www.xbrl.org/2003/role/terseLabel,http://www.homedepot.com/role/SEGMENTREPORTINGANDNETSALESRevenuefromExternalCustomersbyProductsandServicesDetails,hd-20260201_pre.xml
X-HD-0081,HD,"Home Depot, Inc.",bounded_extension,presentation,us-gaap:SegmentReportingAbstract,Segment Reporting [Abstract],us-gaap:ScheduleOfRevenuesFromExternalCustomersAndLongLivedAssetsTable,Schedule of Revenues from External Customers and Long-Lived Assets [Table],http://www.xbrl.org/2003/arcrole/parent-child,1,,http://www.xbrl.org/2003/role/terseLabel,http://www.homedepot.com/role/SEGMENTREPORTINGANDNETSALESScheduleofProductsandServicesDetails,hd-20260201_pre.xml
X-HD-0082,HD,"Home Depot, Inc.",bounded_extension,presentation,us-gaap:ScheduleOfRevenuesFromExternalCustomersAndLongLivedAssetsTable,Schedule of Revenues from External Customers and Long-Lived Assets [Table],srt:ProductOrServiceAxis,Product and Service [Axis],http://www.xbrl.org/2003/arcrole/parent-child,1,,http://www.xbrl.org/2003/role/terseLabel,http://www.homedepot.com/role/SEGMENTREPORTINGANDNETSALESScheduleofProductsandServicesDetails,hd-20260201_pre.xml
X-HD-0083,HD,"Home Depot, Inc.",bounded_extension,presentation,us-gaap:ScheduleOfRevenuesFromExternalCustomersAndLongLivedAssetsTable,Schedule of Revenues from External Customers and Long-Lived Assets [Table],us-gaap:RevenuesFromExternalCustomersAndLongLivedAssetsLineItems,Revenues from External Customers and Long-Lived Assets [Line Items],http://www.xbrl.org/2003/arcrole/parent-child,2,,http://www.xbrl.org/2003/role/terseLabel,http://www.homedepot.com/role/SEGMENTREPORTINGANDNETSALESScheduleofProductsandServicesDetails,hd-20260201_pre.xml
X-HD-0084,HD,"Home Depot, Inc.",bounded_extension,presentation,us-gaap:RevenuesFromExternalCustomersAndLongLivedAssetsLineItems,Revenues from External Customers and Long-Lived Assets [Line Items],us-gaap:RevenueFromContractWithCustomerExcludingAssessedTax,"Revenue from Contract with Customer, Excluding Assessed Tax",http://www.xbrl.org/2003/arcrole/parent-child,1,,http://www.xbrl.org/2003/role/terseLabel,http://www.homedepot.com/role/SEGMENTREPORTINGANDNETSALESScheduleofProductsandServicesDetails,hd-20260201_pre.xml
X-HD-0085,HD,"Home Depot, Inc.",bounded_extension,presentation,us-gaap:FiniteLivedIntangibleAssetsMajorClassNameDomain,"Finite-Lived Intangible Assets, Major Class Name [Domain]",us-gaap:CustomerRelationshipsMember,Customer Relationships [Member],http://www.xbrl.org/2003/arcrole/parent-child,1,,http://www.xbrl.org/2003/role/terseLabel,http://www.homedepot.com/role/GOODWILLANDINTANGIBLEASSETSScheduleofIntangibleAssetsDetails,hd-20260201_pre.xml
X-HD-0086,HD,"Home Depot, Inc.",bounded_extension,presentation,us-gaap:DeferredTaxAssetsNetOfValuationAllowanceAbstract,"Deferred Tax Assets, Net of Valuation Allowance [Abstract]",us-gaap:DeferredTaxAssetsTaxDeferredExpenseReservesAndAccrualsSelfInsurance,"Deferred Tax Assets, Tax Deferred Expense, Reserves and Accruals, Self Insurance",http://www.xbrl.org/2003/arcrole/parent-child,2,,http://www.xbrl.org/2003/role/terseLabel,http://www.homedepot.com/role/INCOMETAXESTaxEffectsofTemporaryDifferencesDetails,hd-20260201_pre.xml
X-HD-0087,HD,"Home Depot, Inc.",bounded_extension,presentation,us-gaap:DeferredTaxAssetsNetOfValuationAllowanceAbstract,"Deferred Tax Assets, Net of Valuation Allowance [Abstract]",us-gaap:DeferredTaxAssetsTaxDeferredExpenseReservesAndAccrualsOther,"Deferred Tax Assets, Tax Deferred Expense, Reserves and Accruals, Other",http://www.xbrl.org/2003/arcrole/parent-child,4,,http://www.xbrl.org/2003/role/terseLabel,http://www.homedepot.com/role/INCOMETAXESTaxEffectsofTemporaryDifferencesDetails,hd-20260201_pre.xml
X-HD-0088,HD,"Home Depot, Inc.",bounded_extension,presentation,us-gaap:DeferredTaxLiabilitiesNetAbstract,"Deferred Tax Liabilities, Net [Abstract]",us-gaap:DeferredTaxLiabilitiesDeferredExpenseCapitalizedInventoryCosts,"Deferred Tax Liabilities, Inventory",http://www.xbrl.org/2003/arcrole/parent-child,1,,http://www.xbrl.org/2009/role/negatedTerseLabel,http://www.homedepot.com/role/INCOMETAXESTaxEffectsofTemporaryDifferencesDetails,hd-20260201_pre.xml
X-HD-0089,HD,"Home Depot, Inc.",bounded_extension,presentation,us-gaap:BusinessAcquisitionLineItems,Business Combination [Line Items],us-gaap:BusinessCombinationProFormaInformationRevenueOfAcquireeSinceAcquisitionDateActual,"Business Combination, Acquiree's Revenue since Acquisition Date, Actual",http://www.xbrl.org/2003/arcrole/parent-child,7,,http://www.xbrl.org/2003/role/terseLabel,http://www.homedepot.com/role/ACQUISITIONSNarrativeDetails,hd-20260201_pre.xml
X-HD-0090,HD,"Home Depot, Inc.",bounded_extension,presentation,us-gaap:BusinessAcquisitionLineItems,Business Combination [Line Items],us-gaap:RevenueFromContractWithCustomerExcludingAssessedTax,"Revenue from Contract with Customer, Excluding Assessed Tax",http://www.xbrl.org/2003/arcrole/parent-child,8,,http://www.xbrl.org/2003/role/verboseLabel,http://www.homedepot.com/role/ACQUISITIONSNarrativeDetails,hd-20260201_pre.xml
X-HD-0091,HD,"Home Depot, Inc.",bounded_extension,presentation,us-gaap:BusinessAcquisitionLineItems,Business Combination [Line Items],us-gaap:BusinessCombinationRecognizedIdentifiableAssetsAcquiredAndLiabilitiesAssumedCurrentAssetsReceivables,"Business Combination, Recognized Asset Acquired, Receivable, Current",http://www.xbrl.org/2003/arcrole/parent-child,2,,http://www.xbrl.org/2003/role/terseLabel,http://www.homedepot.com/role/ACQUISITIONSScheduleofBusinessAcquisitionsbyAcquisitionDetails,hd-20260201_pre.xml
X-HD-0092,HD,"Home Depot, Inc.",bounded_extension,presentation,us-gaap:BusinessAcquisitionLineItems,Business Combination [Line Items],us-gaap:BusinessCombinationRecognizedIdentifiableAssetsAcquiredAndLiabilitiesAssumedInventory,"Business Combination, Recognized Asset Acquired, Inventory, Current",http://www.xbrl.org/2003/arcrole/parent-child,3,,http://www.xbrl.org/2003/role/terseLabel,http://www.homedepot.com/role/ACQUISITIONSScheduleofBusinessAcquisitionsbyAcquisitionDetails,hd-20260201_pre.xml
X-HD-0093,HD,"Home Depot, Inc.",bounded_extension,presentation,us-gaap:FiniteLivedIntangibleAssetsMajorClassNameDomain,"Finite-Lived Intangible Assets, Major Class Name [Domain]",us-gaap:CustomerRelationshipsMember,Customer Relationships [Member],http://www.xbrl.org/2003/arcrole/parent-child,1,,http://www.xbrl.org/2003/role/terseLabel,http://www.homedepot.com/role/ACQUISITIONSScheduleofFiniteLivedIntangibleAssetsDetails,hd-20260201_pre.xml
X-HD-0094,HD,"Home Depot, Inc.",bounded_extension,calculation,us-gaap:LiabilitiesCurrent,"Liabilities, Current",us-gaap:DeferredRevenueCurrent,"Deferred Revenue, Current",https://xbrl.org/2023/arcrole/summation-item,8,1.0,,http://www.homedepot.com/role/CONSOLIDATEDBALANCESHEETS,hd-20260201_cal.xml
X-HD-0095,HD,"Home Depot, Inc.",bounded_extension,calculation,us-gaap:AssetsCurrent,"Assets, Current",us-gaap:AccountsReceivableNetCurrent,"Accounts Receivable, after Allowance for Credit Loss, Current",https://xbrl.org/2023/arcrole/summation-item,2,1.0,,http://www.homedepot.com/role/CONSOLIDATEDBALANCESHEETS,hd-20260201_cal.xml
X-HD-0096,HD,"Home Depot, Inc.",bounded_extension,calculation,us-gaap:AssetsCurrent,"Assets, Current",us-gaap:InventoryNet,"Inventory, Net",https://xbrl.org/2023/arcrole/summation-item,3,1.0,,http://www.homedepot.com/role/CONSOLIDATEDBALANCESHEETS,hd-20260201_cal.xml
X-HD-0097,HD,"Home Depot, Inc.",bounded_extension,calculation,us-gaap:GrossProfit,Gross Profit,us-gaap:RevenueFromContractWithCustomerExcludingAssessedTax,"Revenue from Contract with Customer, Excluding Assessed Tax",https://xbrl.org/2023/arcrole/summation-item,1,1.0,,http://www.homedepot.com/role/CONSOLIDATEDSTATEMENTSOFEARNINGS,hd-20260201_cal.xml
X-HD-0098,HD,"Home Depot, Inc.",bounded_extension,calculation,us-gaap:GrossProfit,Gross Profit,us-gaap:CostOfRevenue,Cost of Revenue,https://xbrl.org/2023/arcrole/summation-item,2,-1.0,,http://www.homedepot.com/role/CONSOLIDATEDSTATEMENTSOFEARNINGS,hd-20260201_cal.xml
X-HD-0099,HD,"Home Depot, Inc.",bounded_extension,calculation,us-gaap:OperatingIncomeLoss,Operating Income (Loss),us-gaap:GrossProfit,Gross Profit,https://xbrl.org/2023/arcrole/summation-item,1,1.0,,http://www.homedepot.com/role/CONSOLIDATEDSTATEMENTSOFEARNINGS,hd-20260201_cal.xml
X-HD-0100,HD,"Home Depot, Inc.",bounded_extension,calculation,us-gaap:NetCashProvidedByUsedInOperatingActivities,"Cash Provided by (Used in) Operating Activity, Including Discontinued Operation",us-gaap:IncreaseDecreaseInReceivables,Increase (Decrease) in Receivables,https://xbrl.org/2023/arcrole/summation-item,1,-1.0,,http://www.homedepot.com/role/CONSOLIDATEDSTATEMENTSOFCASHFLOWS,hd-20260201_cal.xml
X-HD-0101,HD,"Home Depot, Inc.",bounded_extension,calculation,us-gaap:NetCashProvidedByUsedInOperatingActivities,"Cash Provided by (Used in) Operating Activity, Including Discontinued Operation",us-gaap:IncreaseDecreaseInRetailRelatedInventories,Increase (Decrease) in Retail Related Inventories,https://xbrl.org/2023/arcrole/summation-item,2,-1.0,,http://www.homedepot.com/role/CONSOLIDATEDSTATEMENTSOFCASHFLOWS,hd-20260201_cal.xml
X-HD-0102,HD,"Home Depot, Inc.",bounded_extension,calculation,us-gaap:NetCashProvidedByUsedInOperatingActivities,"Cash Provided by (Used in) Operating Activity, Including Discontinued Operation",us-gaap:IncreaseDecreaseInDeferredRevenue,Increase (Decrease) in Deferred Revenue,https://xbrl.org/2023/arcrole/summation-item,5,1.0,,http://www.homedepot.com/role/CONSOLIDATEDSTATEMENTSOFCASHFLOWS,hd-20260201_cal.xml
X-HD-0103,HD,"Home Depot, Inc.",bounded_extension,calculation,us-gaap:OperatingIncomeLoss,Operating Income (Loss),us-gaap:RevenueFromContractWithCustomerExcludingAssessedTax,"Revenue from Contract with Customer, Excluding Assessed Tax",https://xbrl.org/2023/arcrole/summation-item,1,1.0,,http://www.homedepot.com/role/SEGMENTREPORTINGANDNETSALESSignificantExpenseUsedByOurCODMDetails,hd-20260201_cal.xml
X-HD-0104,HD,"Home Depot, Inc.",bounded_extension,calculation,us-gaap:OperatingIncomeLoss,Operating Income (Loss),us-gaap:CostOfRevenue,Cost of Revenue,https://xbrl.org/2023/arcrole/summation-item,2,-1.0,,http://www.homedepot.com/role/SEGMENTREPORTINGANDNETSALESSignificantExpenseUsedByOurCODMDetails,hd-20260201_cal.xml
X-HD-0105,HD,"Home Depot, Inc.",bounded_extension,calculation,us-gaap:DeferredTaxAssetsGross,"Deferred Tax Assets, Gross",us-gaap:DeferredTaxAssetsTaxDeferredExpenseReservesAndAccrualsSelfInsurance,"Deferred Tax Assets, Tax Deferred Expense, Reserves and Accruals, Self Insurance",https://xbrl.org/2023/arcrole/summation-item,2,1.0,,http://www.homedepot.com/role/INCOMETAXESTaxEffectsofTemporaryDifferencesDetails,hd-20260201_cal.xml
X-HD-0106,HD,"Home Depot, Inc.",bounded_extension,calculation,us-gaap:DeferredTaxAssetsGross,"Deferred Tax Assets, Gross",us-gaap:DeferredTaxAssetsTaxDeferredExpenseReservesAndAccrualsOther,"Deferred Tax Assets, Tax Deferred Expense, Reserves and Accruals, Other",https://xbrl.org/2023/arcrole/summation-item,4,1.0,,http://www.homedepot.com/role/INCOMETAXESTaxEffectsofTemporaryDifferencesDetails,hd-20260201_cal.xml
X-HD-0107,HD,"Home Depot, Inc.",bounded_extension,calculation,us-gaap:DeferredIncomeTaxLiabilities,"Deferred Tax Liabilities, Gross",us-gaap:DeferredTaxLiabilitiesDeferredExpenseCapitalizedInventoryCosts,"Deferred Tax Liabilities, Inventory",https://xbrl.org/2023/arcrole/summation-item,4,1.0,,http://www.homedepot.com/role/INCOMETAXESTaxEffectsofTemporaryDifferencesDetails,hd-20260201_cal.xml
X-HD-0108,HD,"Home Depot, Inc.",bounded_extension,calculation,hd:BusinessCombinationRecognizedIdentifiableAssetsAcquiredAndLiabilitiesAssumedAssetsAcquiredIncludingGoodwill,,us-gaap:BusinessCombinationRecognizedIdentifiableAssetsAcquiredAndLiabilitiesAssumedCurrentAssetsReceivables,"Business Combination, Recognized Asset Acquired, Receivable, Current",https://xbrl.org/2023/arcrole/summation-item,1,1.0,,http://www.homedepot.com/role/ACQUISITIONSScheduleofBusinessAcquisitionsbyAcquisitionDetails,hd-20260201_cal.xml
X-HD-0109,HD,"Home Depot, Inc.",bounded_extension,calculation,hd:BusinessCombinationRecognizedIdentifiableAssetsAcquiredAndLiabilitiesAssumedAssetsAcquiredIncludingGoodwill,,us-gaap:BusinessCombinationRecognizedIdentifiableAssetsAcquiredAndLiabilitiesAssumedInventory,"Business Combination, Recognized Asset Acquired, Inventory, Current",https://xbrl.org/2023/arcrole/summation-item,5,1.0,,http://www.homedepot.com/role/ACQUISITIONSScheduleofBusinessAcquisitionsbyAcquisitionDetails,hd-20260201_cal.xml
X-HD-0110,HD,"Home Depot, Inc.",bounded_extension,definition,us-gaap:AccountsNotesAndLoansReceivableLineItems,"Accounts, Notes, Loans and Financing Receivable [Line Items]",us-gaap:ScheduleOfAccountsNotesLoansAndFinancingReceivableTable,Accounts and Financing Receivables [Table],http://xbrl.org/int/dim/arcrole/all,1,,,http://www.homedepot.com/role/SUMMARYOFSIGNIFICANTACCOUNTINGPOLICIESComponentsofReceivablesDetails,hd-20260201_def.xml
X-HD-0111,HD,"Home Depot, Inc.",bounded_extension,definition,us-gaap:ScheduleOfAccountsNotesLoansAndFinancingReceivableTable,Accounts and Financing Receivables [Table],us-gaap:AccountsNotesLoansAndFinancingReceivableByReceivableTypeAxis,Receivable Type [Axis],http://xbrl.org/int/dim/arcrole/hypercube-dimension,1,,,http://www.homedepot.com/role/SUMMARYOFSIGNIFICANTACCOUNTINGPOLICIESComponentsofReceivablesDetails,hd-20260201_def.xml
X-HD-0112,HD,"Home Depot, Inc.",bounded_extension,definition,us-gaap:AccountsNotesLoansAndFinancingReceivableByReceivableTypeAxis,Receivable Type [Axis],us-gaap:ReceivableTypeDomain,Receivable [Domain],http://xbrl.org/int/dim/arcrole/dimension-default,1,,,http://www.homedepot.com/role/SUMMARYOFSIGNIFICANTACCOUNTINGPOLICIESComponentsofReceivablesDetails,hd-20260201_def.xml
X-HD-0113,HD,"Home Depot, Inc.",bounded_extension,definition,us-gaap:AccountsNotesLoansAndFinancingReceivableByReceivableTypeAxis,Receivable Type [Axis],us-gaap:ReceivableTypeDomain,Receivable [Domain],http://xbrl.org/int/dim/arcrole/dimension-domain,1,,,http://www.homedepot.com/role/SUMMARYOFSIGNIFICANTACCOUNTINGPOLICIESComponentsofReceivablesDetails,hd-20260201_def.xml
X-HD-0114,HD,"Home Depot, Inc.",bounded_extension,definition,us-gaap:ReceivableTypeDomain,Receivable [Domain],us-gaap:CreditCardReceivablesMember,Credit Card Receivable [Member],http://xbrl.org/int/dim/arcrole/domain-member,0,,,http://www.homedepot.com/role/SUMMARYOFSIGNIFICANTACCOUNTINGPOLICIESComponentsofReceivablesDetails,hd-20260201_def.xml
X-HD-0115,HD,"Home Depot, Inc.",bounded_extension,definition,us-gaap:ReceivableTypeDomain,Receivable [Domain],hd:RebateReceivablesMember,,http://xbrl.org/int/dim/arcrole/domain-member,1,,,http://www.homedepot.com/role/SUMMARYOFSIGNIFICANTACCOUNTINGPOLICIESComponentsofReceivablesDetails,hd-20260201_def.xml
X-HD-0116,HD,"Home Depot, Inc.",bounded_extension,definition,us-gaap:ReceivableTypeDomain,Receivable [Domain],us-gaap:TradeAccountsReceivableMember,Trade Accounts Receivable [Member],http://xbrl.org/int/dim/arcrole/domain-member,2,,,http://www.homedepot.com/role/SUMMARYOFSIGNIFICANTACCOUNTINGPOLICIESComponentsofReceivablesDetails,hd-20260201_def.xml
X-HD-0117,HD,"Home Depot, Inc.",bounded_extension,definition,us-gaap:ReceivableTypeDomain,Receivable [Domain],hd:OtherReceivableMember,,http://xbrl.org/int/dim/arcrole/domain-member,3,,,http://www.homedepot.com/role/SUMMARYOFSIGNIFICANTACCOUNTINGPOLICIESComponentsofReceivablesDetails,hd-20260201_def.xml
X-HD-0118,HD,"Home Depot, Inc.",bounded_extension,definition,us-gaap:AccountsNotesAndLoansReceivableLineItems,"Accounts, Notes, Loans and Financing Receivable [Line Items]",us-gaap:AccountsReceivableNetCurrent,"Accounts Receivable, after Allowance for Credit Loss, Current",http://xbrl.org/int/dim/arcrole/domain-member,0,,,http://www.homedepot.com/role/SUMMARYOFSIGNIFICANTACCOUNTINGPOLICIESComponentsofReceivablesDetails,hd-20260201_def.xml
X-HD-0119,HD,"Home Depot, Inc.",bounded_extension,definition,hd:AccountingPoliciesLineItems,,us-gaap:SelfInsuranceReserve,Self Insurance Reserve,http://xbrl.org/int/dim/arcrole/domain-member,7,,,http://www.homedepot.com/role/SUMMARYOFSIGNIFICANTACCOUNTINGPOLICIESNarrativeDetails,hd-20260201_def.xml
X-HD-0120,HD,"Home Depot, Inc.",bounded_extension,definition,hd:AccountingPoliciesLineItems,,us-gaap:ContractWithCustomerLiabilityCurrent,"Contract with Customer, Liability, Current",http://xbrl.org/int/dim/arcrole/domain-member,8,,,http://www.homedepot.com/role/SUMMARYOFSIGNIFICANTACCOUNTINGPOLICIESNarrativeDetails,hd-20260201_def.xml
X-HD-0121,HD,"Home Depot, Inc.",bounded_extension,definition,hd:AccountingPoliciesLineItems,,hd:ContractWithCustomerLiabilityAverageRedemptionPeriod,,http://xbrl.org/int/dim/arcrole/domain-member,9,,,http://www.homedepot.com/role/SUMMARYOFSIGNIFICANTACCOUNTINGPOLICIESNarrativeDetails,hd-20260201_def.xml
X-HD-0122,HD,"Home Depot, Inc.",bounded_extension,definition,hd:AccountingPoliciesLineItems,,us-gaap:RevenueRemainingPerformanceObligation,"Revenue, Remaining Performance Obligation, Amount",http://xbrl.org/int/dim/arcrole/domain-member,10,,,http://www.homedepot.com/role/SUMMARYOFSIGNIFICANTACCOUNTINGPOLICIESNarrativeDetails,hd-20260201_def.xml
X-HD-0123,HD,"Home Depot, Inc.",bounded_extension,definition,us-gaap:DisaggregationOfRevenueLineItems,Disaggregation of Revenue [Line Items],us-gaap:DisaggregationOfRevenueTable,Disaggregation of Revenue [Table],http://xbrl.org/int/dim/arcrole/all,1,,,http://www.homedepot.com/role/SEGMENTREPORTINGANDNETSALESNarrativeDetails,hd-20260201_def.xml
X-HD-0124,HD,"Home Depot, Inc.",bounded_extension,definition,us-gaap:DisaggregationOfRevenueTable,Disaggregation of Revenue [Table],us-gaap:StatementBusinessSegmentsAxis,Segments [Axis],http://xbrl.org/int/dim/arcrole/hypercube-dimension,1,,,http://www.homedepot.com/role/SEGMENTREPORTINGANDNETSALESNarrativeDetails,hd-20260201_def.xml
X-HD-0125,HD,"Home Depot, Inc.",bounded_extension,definition,us-gaap:DisaggregationOfRevenueLineItems,Disaggregation of Revenue [Line Items],us-gaap:NumberOfOperatingSegments,Number of Operating Segments,http://xbrl.org/int/dim/arcrole/domain-member,0,,,http://www.homedepot.com/role/SEGMENTREPORTINGANDNETSALESNarrativeDetails,hd-20260201_def.xml
X-HD-0126,HD,"Home Depot, Inc.",bounded_extension,definition,us-gaap:DisaggregationOfRevenueLineItems,Disaggregation of Revenue [Line Items],us-gaap:NumberOfReportableSegments,Number of Reportable Segments,http://xbrl.org/int/dim/arcrole/domain-member,1,,,http://www.homedepot.com/role/SEGMENTREPORTINGANDNETSALESNarrativeDetails,hd-20260201_def.xml
X-HD-0127,HD,"Home Depot, Inc.",bounded_extension,definition,us-gaap:DisaggregationOfRevenueLineItems,Disaggregation of Revenue [Line Items],hd:NumberOfLinesOfBusiness,,http://xbrl.org/int/dim/arcrole/domain-member,2,,,http://www.homedepot.com/role/SEGMENTREPORTINGANDNETSALESNarrativeDetails,hd-20260201_def.xml
X-HD-0128,HD,"Home Depot, Inc.",bounded_extension,definition,us-gaap:EntityWideInformationRevenueFromExternalCustomerLineItems,Revenue from External Customer [Line Items],us-gaap:ScheduleOfEntityWideInformationRevenueFromExternalCustomersByProductsAndServicesTable,"Segment Reporting, Revenue from External Customer, Product and Service [Table]",http://xbrl.org/int/dim/arcrole/all,1,,,http://www.homedepot.com/role/SEGMENTREPORTINGANDNETSALESSignificantExpenseUsedByOurCODMDetails,hd-20260201_def.xml
X-HD-0129,HD,"Home Depot, Inc.",bounded_extension,definition,us-gaap:ScheduleOfEntityWideInformationRevenueFromExternalCustomersByProductsAndServicesTable,"Segment Reporting, Revenue from External Customer, Product and Service [Table]",us-gaap:StatementBusinessSegmentsAxis,Segments [Axis],http://xbrl.org/int/dim/arcrole/hypercube-dimension,1,,,http://www.homedepot.com/role/SEGMENTREPORTINGANDNETSALESSignificantExpenseUsedByOurCODMDetails,hd-20260201_def.xml
X-HD-0130,HD,"Home Depot, Inc.",bounded_extension,definition,us-gaap:EntityWideInformationRevenueFromExternalCustomerLineItems,Revenue from External Customer [Line Items],us-gaap:RevenueFromContractWithCustomerExcludingAssessedTax,"Revenue from Contract with Customer, Excluding Assessed Tax",http://xbrl.org/int/dim/arcrole/domain-member,0,,,http://www.homedepot.com/role/SEGMENTREPORTINGANDNETSALESSignificantExpenseUsedByOurCODMDetails,hd-20260201_def.xml
X-HD-0131,HD,"Home Depot, Inc.",bounded_extension,definition,us-gaap:EntityWideInformationRevenueFromExternalCustomerLineItems,Revenue from External Customer [Line Items],us-gaap:CostOfRevenue,Cost of Revenue,http://xbrl.org/int/dim/arcrole/domain-member,1,,,http://www.homedepot.com/role/SEGMENTREPORTINGANDNETSALESSignificantExpenseUsedByOurCODMDetails,hd-20260201_def.xml
X-HD-0132,HD,"Home Depot, Inc.",bounded_extension,definition,us-gaap:EntityWideInformationRevenueFromExternalCustomerLineItems,Revenue from External Customer [Line Items],us-gaap:SellingGeneralAndAdministrativeExpense,"Selling, General and Administrative Expense",http://xbrl.org/int/dim/arcrole/domain-member,2,,,http://www.homedepot.com/role/SEGMENTREPORTINGANDNETSALESSignificantExpenseUsedByOurCODMDetails,hd-20260201_def.xml
X-HD-0133,HD,"Home Depot, Inc.",bounded_extension,definition,us-gaap:EntityWideInformationRevenueFromExternalCustomerLineItems,Revenue from External Customer [Line Items],us-gaap:DepreciationAndAmortization,"Depreciation, Depletion and Amortization, Nonproduction",http://xbrl.org/int/dim/arcrole/domain-member,3,,,http://www.homedepot.com/role/SEGMENTREPORTINGANDNETSALESSignificantExpenseUsedByOurCODMDetails,hd-20260201_def.xml
X-HD-0134,HD,"Home Depot, Inc.",bounded_extension,definition,us-gaap:EntityWideInformationRevenueFromExternalCustomerLineItems,Revenue from External Customer [Line Items],us-gaap:OperatingIncomeLoss,Operating Income (Loss),http://xbrl.org/int/dim/arcrole/domain-member,4,,,http://www.homedepot.com/role/SEGMENTREPORTINGANDNETSALESSignificantExpenseUsedByOurCODMDetails,hd-20260201_def.xml
X-HD-0135,HD,"Home Depot, Inc.",bounded_extension,definition,us-gaap:DisaggregationOfRevenueLineItems,Disaggregation of Revenue [Line Items],us-gaap:DisaggregationOfRevenueTable,Disaggregation of Revenue [Table],http://xbrl.org/int/dim/arcrole/all,1,,,http://www.homedepot.com/role/SEGMENTREPORTINGANDNETSALESScheduleofSegmentReconciliationofOtherItemsfromSegmentstoConsolidatedDetails,hd-20260201_def.xml
X-HD-0136,HD,"Home Depot, Inc.",bounded_extension,definition,us-gaap:DisaggregationOfRevenueTable,Disaggregation of Revenue [Table],us-gaap:StatementBusinessSegmentsAxis,Segments [Axis],http://xbrl.org/int/dim/arcrole/hypercube-dimension,1,,,http://www.homedepot.com/role/SEGMENTREPORTINGANDNETSALESScheduleofSegmentReconciliationofOtherItemsfromSegmentstoConsolidatedDetails,hd-20260201_def.xml
X-HD-0137,HD,"Home Depot, Inc.",bounded_extension,definition,us-gaap:DisaggregationOfRevenueLineItems,Disaggregation of Revenue [Line Items],us-gaap:RevenueFromContractWithCustomerExcludingAssessedTax,"Revenue from Contract with Customer, Excluding Assessed Tax",http://xbrl.org/int/dim/arcrole/domain-member,0,,,http://www.homedepot.com/role/SEGMENTREPORTINGANDNETSALESScheduleofSegmentReconciliationofOtherItemsfromSegmentstoConsolidatedDetails,hd-20260201_def.xml
X-HD-0138,HD,"Home Depot, Inc.",bounded_extension,definition,us-gaap:DisaggregationOfRevenueLineItems,Disaggregation of Revenue [Line Items],us-gaap:OperatingIncomeLoss,Operating Income (Loss),http://xbrl.org/int/dim/arcrole/domain-member,1,,,http://www.homedepot.com/role/SEGMENTREPORTINGANDNETSALESScheduleofSegmentReconciliationofOtherItemsfromSegmentstoConsolidatedDetails,hd-20260201_def.xml
X-HD-0139,HD,"Home Depot, Inc.",bounded_extension,definition,us-gaap:DisaggregationOfRevenueLineItems,Disaggregation of Revenue [Line Items],us-gaap:InvestmentIncomeInterestAndDividend,"Investment Income, Interest and Dividend",http://xbrl.org/int/dim/arcrole/domain-member,2,,,http://www.homedepot.com/role/SEGMENTREPORTINGANDNETSALESScheduleofSegmentReconciliationofOtherItemsfromSegmentstoConsolidatedDetails,hd-20260201_def.xml
X-HD-0140,HD,"Home Depot, Inc.",bounded_extension,definition,us-gaap:DisaggregationOfRevenueLineItems,Disaggregation of Revenue [Line Items],us-gaap:InterestExpenseNonoperating,"Interest Expense, Nonoperating",http://xbrl.org/int/dim/arcrole/domain-member,3,,,http://www.homedepot.com/role/SEGMENTREPORTINGANDNETSALESScheduleofSegmentReconciliationofOtherItemsfromSegmentstoConsolidatedDetails,hd-20260201_def.xml
X-HD-0141,HD,"Home Depot, Inc.",bounded_extension,definition,us-gaap:DisaggregationOfRevenueLineItems,Disaggregation of Revenue [Line Items],us-gaap:IncomeLossFromContinuingOperationsBeforeIncomeTaxesExtraordinaryItemsNoncontrollingInterest,"Income (Loss) from Continuing Operations before Income Taxes, Noncontrolling Interest",http://xbrl.org/int/dim/arcrole/domain-member,4,,,http://www.homedepot.com/role/SEGMENTREPORTINGANDNETSALESScheduleofSegmentReconciliationofOtherItemsfromSegmentstoConsolidatedDetails,hd-20260201_def.xml
X-HD-0142,HD,"Home Depot, Inc.",bounded_extension,definition,us-gaap:DisaggregationOfRevenueLineItems,Disaggregation of Revenue [Line Items],us-gaap:CostOfGoodsAndServicesSoldDepreciationAndAmortization,"Cost, Depreciation and Amortization",http://xbrl.org/int/dim/arcrole/domain-member,5,,,http://www.homedepot.com/role/SEGMENTREPORTINGANDNETSALESScheduleofSegmentReconciliationofOtherItemsfromSegmentstoConsolidatedDetails,hd-20260201_def.xml
X-HD-0143,HD,"Home Depot, Inc.",bounded_extension,definition,us-gaap:DisaggregationOfRevenueLineItems,Disaggregation of Revenue [Line Items],us-gaap:CostsAndExpenses,Costs and Expenses,http://xbrl.org/int/dim/arcrole/domain-member,6,,,http://www.homedepot.com/role/SEGMENTREPORTINGANDNETSALESScheduleofSegmentReconciliationofOtherItemsfromSegmentstoConsolidatedDetails,hd-20260201_def.xml
X-HD-0144,HD,"Home Depot, Inc.",bounded_extension,definition,us-gaap:DisaggregationOfRevenueLineItems,Disaggregation of Revenue [Line Items],us-gaap:AmortizationOfIntangibleAssets,Amortization of Intangible Assets,http://xbrl.org/int/dim/arcrole/domain-member,7,,,http://www.homedepot.com/role/SEGMENTREPORTINGANDNETSALESScheduleofSegmentReconciliationofOtherItemsfromSegmentstoConsolidatedDetails,hd-20260201_def.xml
X-HD-0145,HD,"Home Depot, Inc.",bounded_extension,definition,us-gaap:RevenuesFromExternalCustomersAndLongLivedAssetsLineItems,Revenues from External Customers and Long-Lived Assets [Line Items],us-gaap:ScheduleOfRevenuesFromExternalCustomersAndLongLivedAssetsTable,Schedule of Revenues from External Customers and Long-Lived Assets [Table],http://xbrl.org/int/dim/arcrole/all,1,,,http://www.homedepot.com/role/SEGMENTREPORTINGANDNETSALESScheduleofLongLivedAssetsbyGeographicAreasDetails,hd-20260201_def.xml
X-HD-0146,HD,"Home Depot, Inc.",bounded_extension,definition,us-gaap:ScheduleOfRevenuesFromExternalCustomersAndLongLivedAssetsTable,Schedule of Revenues from External Customers and Long-Lived Assets [Table],srt:StatementGeographicalAxis,Geographical [Axis],http://xbrl.org/int/dim/arcrole/hypercube-dimension,1,,,http://www.homedepot.com/role/SEGMENTREPORTINGANDNETSALESScheduleofLongLivedAssetsbyGeographicAreasDetails,hd-20260201_def.xml
X-HD-0147,HD,"Home Depot, Inc.",bounded_extension,definition,us-gaap:RevenuesFromExternalCustomersAndLongLivedAssetsLineItems,Revenues from External Customers and Long-Lived Assets [Line Items],us-gaap:PropertyPlantAndEquipmentAndFinanceLeaseRightOfUseAssetAfterAccumulatedDepreciationAndAmortization,"Property, Plant, and Equipment and Finance Lease Right-of-Use Asset, after Accumulated Depreciation and Amortization",http://xbrl.org/int/dim/arcrole/domain-member,0,,,http://www.homedepot.com/role/SEGMENTREPORTINGANDNETSALESScheduleofLongLivedAssetsbyGeographicAreasDetails,hd-20260201_def.xml
X-HD-0148,HD,"Home Depot, Inc.",bounded_extension,definition,us-gaap:RevenuesFromExternalCustomersAndLongLivedAssetsLineItems,Revenues from External Customers and Long-Lived Assets [Line Items],us-gaap:RevenueFromContractWithCustomerExcludingAssessedTax,"Revenue from Contract with Customer, Excluding Assessed Tax",http://xbrl.org/int/dim/arcrole/domain-member,1,,,http://www.homedepot.com/role/SEGMENTREPORTINGANDNETSALESScheduleofLongLivedAssetsbyGeographicAreasDetails,hd-20260201_def.xml
X-HD-0149,HD,"Home Depot, Inc.",bounded_extension,definition,us-gaap:RevenuesFromExternalCustomersAndLongLivedAssetsLineItems,Revenues from External Customers and Long-Lived Assets [Line Items],us-gaap:ScheduleOfRevenuesFromExternalCustomersAndLongLivedAssetsTable,Schedule of Revenues from External Customers and Long-Lived Assets [Table],http://xbrl.org/int/dim/arcrole/all,1,,,http://www.homedepot.com/role/SEGMENTREPORTINGANDNETSALESScheduleofNetSalesByMajorProductLineDetails,hd-20260201_def.xml
X-HD-0150,HD,"Home Depot, Inc.",bounded_extension,definition,us-gaap:ScheduleOfRevenuesFromExternalCustomersAndLongLivedAssetsTable,Schedule of Revenues from External Customers and Long-Lived Assets [Table],srt:ConsolidationItemsAxis,Consolidation Items [Axis],http://xbrl.org/int/dim/arcrole/hypercube-dimension,1,,,http://www.homedepot.com/role/SEGMENTREPORTINGANDNETSALESScheduleofNetSalesByMajorProductLineDetails,hd-20260201_def.xml
X-HD-0151,HD,"Home Depot, Inc.",bounded_extension,definition,us-gaap:ScheduleOfRevenuesFromExternalCustomersAndLongLivedAssetsTable,Schedule of Revenues from External Customers and Long-Lived Assets [Table],srt:ProductOrServiceAxis,Product and Service [Axis],http://xbrl.org/int/dim/arcrole/hypercube-dimension,2,,,http://www.homedepot.com/role/SEGMENTREPORTINGANDNETSALESScheduleofNetSalesByMajorProductLineDetails,hd-20260201_def.xml
X-HD-0152,HD,"Home Depot, Inc.",bounded_extension,definition,us-gaap:ScheduleOfRevenuesFromExternalCustomersAndLongLivedAssetsTable,Schedule of Revenues from External Customers and Long-Lived Assets [Table],us-gaap:StatementBusinessSegmentsAxis,Segments [Axis],http://xbrl.org/int/dim/arcrole/hypercube-dimension,3,,,http://www.homedepot.com/role/SEGMENTREPORTINGANDNETSALESScheduleofNetSalesByMajorProductLineDetails,hd-20260201_def.xml
X-HD-0153,HD,"Home Depot, Inc.",bounded_extension,definition,us-gaap:ScheduleOfRevenuesFromExternalCustomersAndLongLivedAssetsTable,Schedule of Revenues from External Customers and Long-Lived Assets [Table],us-gaap:ConcentrationRiskByBenchmarkAxis,Concentration Risk Benchmark [Axis],http://xbrl.org/int/dim/arcrole/hypercube-dimension,4,,,http://www.homedepot.com/role/SEGMENTREPORTINGANDNETSALESScheduleofNetSalesByMajorProductLineDetails,hd-20260201_def.xml
X-HD-0154,HD,"Home Depot, Inc.",bounded_extension,definition,us-gaap:ConcentrationRiskBenchmarkDomain,Concentration Risk Benchmark [Domain],us-gaap:SalesRevenueNetMember,Revenue Benchmark [Member],http://xbrl.org/int/dim/arcrole/domain-member,0,,,http://www.homedepot.com/role/SEGMENTREPORTINGANDNETSALESScheduleofNetSalesByMajorProductLineDetails,hd-20260201_def.xml
X-HD-0155,HD,"Home Depot, Inc.",bounded_extension,definition,us-gaap:ScheduleOfRevenuesFromExternalCustomersAndLongLivedAssetsTable,Schedule of Revenues from External Customers and Long-Lived Assets [Table],us-gaap:ConcentrationRiskByTypeAxis,Concentration Risk Type [Axis],http://xbrl.org/int/dim/arcrole/hypercube-dimension,5,,,http://www.homedepot.com/role/SEGMENTREPORTINGANDNETSALESScheduleofNetSalesByMajorProductLineDetails,hd-20260201_def.xml
X-HD-0156,HD,"Home Depot, Inc.",bounded_extension,definition,us-gaap:RevenuesFromExternalCustomersAndLongLivedAssetsLineItems,Revenues from External Customers and Long-Lived Assets [Line Items],us-gaap:RevenueFromContractWithCustomerExcludingAssessedTax,"Revenue from Contract with Customer, Excluding Assessed Tax",http://xbrl.org/int/dim/arcrole/domain-member,0,,,http://www.homedepot.com/role/SEGMENTREPORTINGANDNETSALESScheduleofNetSalesByMajorProductLineDetails,hd-20260201_def.xml
X-HD-0157,HD,"Home Depot, Inc.",bounded_extension,definition,us-gaap:RevenuesFromExternalCustomersAndLongLivedAssetsLineItems,Revenues from External Customers and Long-Lived Assets [Line Items],us-gaap:ConcentrationRiskPercentage1,"Concentration Risk, Percentage",http://xbrl.org/int/dim/arcrole/domain-member,1,,,http://www.homedepot.com/role/SEGMENTREPORTINGANDNETSALESScheduleofNetSalesByMajorProductLineDetails,hd-20260201_def.xml
X-HD-0158,HD,"Home Depot, Inc.",bounded_extension,definition,us-gaap:EntityWideInformationRevenueFromExternalCustomerLineItems,Revenue from External Customer [Line Items],us-gaap:ScheduleOfEntityWideInformationRevenueFromExternalCustomersByProductsAndServicesTable,"Segment Reporting, Revenue from External Customer, Product and Service [Table]",http://xbrl.org/int/dim/arcrole/all,1,,,http://www.homedepot.com/role/SEGMENTREPORTINGANDNETSALESRevenuefromExternalCustomersbyProductsandServicesDetails,hd-20260201_def.xml
X-HD-0159,HD,"Home Depot, Inc.",bounded_extension,definition,us-gaap:ScheduleOfEntityWideInformationRevenueFromExternalCustomersByProductsAndServicesTable,"Segment Reporting, Revenue from External Customer, Product and Service [Table]",srt:ProductOrServiceAxis,Product and Service [Axis],http://xbrl.org/int/dim/arcrole/hypercube-dimension,1,,,http://www.homedepot.com/role/SEGMENTREPORTINGANDNETSALESRevenuefromExternalCustomersbyProductsandServicesDetails,hd-20260201_def.xml
X-HD-0160,HD,"Home Depot, Inc.",bounded_extension,definition,us-gaap:ScheduleOfEntityWideInformationRevenueFromExternalCustomersByProductsAndServicesTable,"Segment Reporting, Revenue from External Customer, Product and Service [Table]",us-gaap:StatementBusinessSegmentsAxis,Segments [Axis],http://xbrl.org/int/dim/arcrole/hypercube-dimension,2,,,http://www.homedepot.com/role/SEGMENTREPORTINGANDNETSALESRevenuefromExternalCustomersbyProductsandServicesDetails,hd-20260201_def.xml
X-HD-0161,HD,"Home Depot, Inc.",bounded_extension,definition,us-gaap:ScheduleOfEntityWideInformationRevenueFromExternalCustomersByProductsAndServicesTable,"Segment Reporting, Revenue from External Customer, Product and Service [Table]",us-gaap:ConcentrationRiskByTypeAxis,Concentration Risk Type [Axis],http://xbrl.org/int/dim/arcrole/hypercube-dimension,3,,,http://www.homedepot.com/role/SEGMENTREPORTINGANDNETSALESRevenuefromExternalCustomersbyProductsandServicesDetails,hd-20260201_def.xml
X-HD-0162,HD,"Home Depot, Inc.",bounded_extension,definition,us-gaap:ScheduleOfEntityWideInformationRevenueFromExternalCustomersByProductsAndServicesTable,"Segment Reporting, Revenue from External Customer, Product and Service [Table]",us-gaap:ConcentrationRiskByBenchmarkAxis,Concentration Risk Benchmark [Axis],http://xbrl.org/int/dim/arcrole/hypercube-dimension,4,,,http://www.homedepot.com/role/SEGMENTREPORTINGANDNETSALESRevenuefromExternalCustomersbyProductsandServicesDetails,hd-20260201_def.xml
X-HD-0163,HD,"Home Depot, Inc.",bounded_extension,definition,us-gaap:ConcentrationRiskBenchmarkDomain,Concentration Risk Benchmark [Domain],us-gaap:SalesRevenueProductLineMember,"Revenue, Product and Service Benchmark [Member]",http://xbrl.org/int/dim/arcrole/domain-member,0,,,http://www.homedepot.com/role/SEGMENTREPORTINGANDNETSALESRevenuefromExternalCustomersbyProductsandServicesDetails,hd-20260201_def.xml
X-HD-0164,HD,"Home Depot, Inc.",bounded_extension,definition,us-gaap:EntityWideInformationRevenueFromExternalCustomerLineItems,Revenue from External Customer [Line Items],us-gaap:RevenueFromContractWithCustomerExcludingAssessedTax,"Revenue from Contract with Customer, Excluding Assessed Tax",http://xbrl.org/int/dim/arcrole/domain-member,0,,,http://www.homedepot.com/role/SEGMENTREPORTINGANDNETSALESRevenuefromExternalCustomersbyProductsandServicesDetails,hd-20260201_def.xml
X-HD-0165,HD,"Home Depot, Inc.",bounded_extension,definition,us-gaap:EntityWideInformationRevenueFromExternalCustomerLineItems,Revenue from External Customer [Line Items],us-gaap:ConcentrationRiskPercentage1,"Concentration Risk, Percentage",http://xbrl.org/int/dim/arcrole/domain-member,1,,,http://www.homedepot.com/role/SEGMENTREPORTINGANDNETSALESRevenuefromExternalCustomersbyProductsandServicesDetails,hd-20260201_def.xml
X-HD-0166,HD,"Home Depot, Inc.",bounded_extension,definition,us-gaap:RevenuesFromExternalCustomersAndLongLivedAssetsLineItems,Revenues from External Customers and Long-Lived Assets [Line Items],us-gaap:ScheduleOfRevenuesFromExternalCustomersAndLongLivedAssetsTable,Schedule of Revenues from External Customers and Long-Lived Assets [Table],http://xbrl.org/int/dim/arcrole/all,1,,,http://www.homedepot.com/role/SEGMENTREPORTINGANDNETSALESScheduleofProductsandServicesDetails,hd-20260201_def.xml
X-HD-0167,HD,"Home Depot, Inc.",bounded_extension,definition,us-gaap:ScheduleOfRevenuesFromExternalCustomersAndLongLivedAssetsTable,Schedule of Revenues from External Customers and Long-Lived Assets [Table],srt:ProductOrServiceAxis,Product and Service [Axis],http://xbrl.org/int/dim/arcrole/hypercube-dimension,1,,,http://www.homedepot.com/role/SEGMENTREPORTINGANDNETSALESScheduleofProductsandServicesDetails,hd-20260201_def.xml
X-HD-0168,HD,"Home Depot, Inc.",bounded_extension,definition,us-gaap:RevenuesFromExternalCustomersAndLongLivedAssetsLineItems,Revenues from External Customers and Long-Lived Assets [Line Items],us-gaap:RevenueFromContractWithCustomerExcludingAssessedTax,"Revenue from Contract with Customer, Excluding Assessed Tax",http://xbrl.org/int/dim/arcrole/domain-member,0,,,http://www.homedepot.com/role/SEGMENTREPORTINGANDNETSALESScheduleofProductsandServicesDetails,hd-20260201_def.xml
X-HD-0169,HD,"Home Depot, Inc.",bounded_extension,definition,us-gaap:FiniteLivedIntangibleAssetsMajorClassNameDomain,"Finite-Lived Intangible Assets, Major Class Name [Domain]",us-gaap:CustomerRelationshipsMember,Customer Relationships [Member],http://xbrl.org/int/dim/arcrole/domain-member,0,,,http://www.homedepot.com/role/GOODWILLANDINTANGIBLEASSETSScheduleofIntangibleAssetsDetails,hd-20260201_def.xml
X-HD-0170,HD,"Home Depot, Inc.",bounded_extension,definition,us-gaap:BusinessAcquisitionLineItems,Business Combination [Line Items],us-gaap:BusinessCombinationProFormaInformationRevenueOfAcquireeSinceAcquisitionDateActual,"Business Combination, Acquiree's Revenue since Acquisition Date, Actual",http://xbrl.org/int/dim/arcrole/domain-member,6,,,http://www.homedepot.com/role/ACQUISITIONSNarrativeDetails,hd-20260201_def.xml
X-HD-0171,HD,"Home Depot, Inc.",bounded_extension,definition,us-gaap:BusinessAcquisitionLineItems,Business Combination [Line Items],us-gaap:RevenueFromContractWithCustomerExcludingAssessedTax,"Revenue from Contract with Customer, Excluding Assessed Tax",http://xbrl.org/int/dim/arcrole/domain-member,7,,,http://www.homedepot.com/role/ACQUISITIONSNarrativeDetails,hd-20260201_def.xml
X-HD-0172,HD,"Home Depot, Inc.",bounded_extension,definition,us-gaap:BusinessAcquisitionLineItems,Business Combination [Line Items],us-gaap:BusinessCombinationRecognizedIdentifiableAssetsAcquiredAndLiabilitiesAssumedCurrentAssetsReceivables,"Business Combination, Recognized Asset Acquired, Receivable, Current",http://xbrl.org/int/dim/arcrole/domain-member,1,,,http://www.homedepot.com/role/ACQUISITIONSScheduleofBusinessAcquisitionsbyAcquisitionDetails,hd-20260201_def.xml
X-HD-0173,HD,"Home Depot, Inc.",bounded_extension,definition,us-gaap:BusinessAcquisitionLineItems,Business Combination [Line Items],us-gaap:BusinessCombinationRecognizedIdentifiableAssetsAcquiredAndLiabilitiesAssumedInventory,"Business Combination, Recognized Asset Acquired, Inventory, Current",http://xbrl.org/int/dim/arcrole/domain-member,2,,,http://www.homedepot.com/role/ACQUISITIONSScheduleofBusinessAcquisitionsbyAcquisitionDetails,hd-20260201_def.xml
X-HD-0174,HD,"Home Depot, Inc.",bounded_extension,definition,us-gaap:FiniteLivedIntangibleAssetsMajorClassNameDomain,"Finite-Lived Intangible Assets, Major Class Name [Domain]",us-gaap:CustomerRelationshipsMember,Customer Relationships [Member],http://xbrl.org/int/dim/arcrole/domain-member,0,,,http://www.homedepot.com/role/ACQUISITIONSScheduleofFiniteLivedIntangibleAssetsDetails,hd-20260201_def.xml
X-CAT-0001,CAT,Caterpillar Inc.,bounded_extension,presentation,us-gaap:StatementLineItems,Statement [Line Items],us-gaap:RevenuesAbstract,Revenues [Abstract],http://www.xbrl.org/2003/arcrole/parent-child,1,,http://www.xbrl.org/2003/role/terseLabel,http://www.cat.com/role/ConsolidatedResultsofOperationsfortheYearsEndedDecember31,cat-20251231_pre.xml
X-CAT-0002,CAT,Caterpillar Inc.,bounded_extension,presentation,us-gaap:RevenuesAbstract,Revenues [Abstract],us-gaap:Revenues,Revenues,http://www.xbrl.org/2003/arcrole/parent-child,1,,http://www.xbrl.org/2003/role/terseLabel,http://www.cat.com/role/ConsolidatedResultsofOperationsfortheYearsEndedDecember31,cat-20251231_pre.xml
X-CAT-0003,CAT,Caterpillar Inc.,bounded_extension,presentation,us-gaap:OperatingExpensesAbstract,Operating Expenses [Abstract],us-gaap:CostOfRevenue,Cost of Revenue,http://www.xbrl.org/2003/arcrole/parent-child,1,,http://www.xbrl.org/2003/role/terseLabel,http://www.cat.com/role/ConsolidatedResultsofOperationsfortheYearsEndedDecember31,cat-20251231_pre.xml
X-CAT-0004,CAT,Caterpillar Inc.,bounded_extension,presentation,us-gaap:AssetsCurrentAbstract,"Assets, Current [Abstract]",us-gaap:AccountsReceivableNetCurrent,"Accounts Receivable, after Allowance for Credit Loss, Current",http://www.xbrl.org/2003/arcrole/parent-child,2,,http://www.xbrl.org/2003/role/verboseLabel,http://www.cat.com/role/ConsolidatedFinancialPositionatDecember31,cat-20251231_pre.xml
X-CAT-0005,CAT,Caterpillar Inc.,bounded_extension,presentation,us-gaap:AssetsCurrentAbstract,"Assets, Current [Abstract]",us-gaap:NotesAndLoansReceivableNetCurrent,"Financing Receivable, after Allowance for Credit Loss, Current",http://www.xbrl.org/2003/arcrole/parent-child,3,,http://www.xbrl.org/2003/role/terseLabel,http://www.cat.com/role/ConsolidatedFinancialPositionatDecember31,cat-20251231_pre.xml
X-CAT-0006,CAT,Caterpillar Inc.,bounded_extension,presentation,us-gaap:AssetsCurrentAbstract,"Assets, Current [Abstract]",us-gaap:InventoryNet,"Inventory, Net",http://www.xbrl.org/2003/arcrole/parent-child,5,,http://www.xbrl.org/2003/role/terseLabel,http://www.cat.com/role/ConsolidatedFinancialPositionatDecember31,cat-20251231_pre.xml
X-CAT-0007,CAT,Caterpillar Inc.,bounded_extension,presentation,us-gaap:AssetsAbstract,Assets [Abstract],us-gaap:AccountsReceivableNetNoncurrent,"Accounts Receivable, after Allowance for Credit Loss, Noncurrent",http://www.xbrl.org/2003/arcrole/parent-child,3,,http://www.xbrl.org/2003/role/terseLabel,http://www.cat.com/role/ConsolidatedFinancialPositionatDecember31,cat-20251231_pre.xml
X-CAT-0008,CAT,Caterpillar Inc.,bounded_extension,presentation,us-gaap:AssetsAbstract,Assets [Abstract],us-gaap:NotesAndLoansReceivableNetNoncurrent,"Financing Receivable, after Allowance for Credit Loss, Noncurrent",http://www.xbrl.org/2003/arcrole/parent-child,4,,http://www.xbrl.org/2003/role/terseLabel,http://www.cat.com/role/ConsolidatedFinancialPositionatDecember31,cat-20251231_pre.xml
X-CAT-0009,CAT,Caterpillar Inc.,bounded_extension,presentation,us-gaap:LiabilitiesCurrentAbstract,"Liabilities, Current [Abstract]",us-gaap:ContractWithCustomerLiabilityCurrent,"Contract with Customer, Liability, Current",http://www.xbrl.org/2003/arcrole/parent-child,5,,http://www.xbrl.org/2003/role/terseLabel,http://www.cat.com/role/ConsolidatedFinancialPositionatDecember31,cat-20251231_pre.xml
X-CAT-0010,CAT,Caterpillar Inc.,bounded_extension,presentation,us-gaap:IncreaseDecreaseInOperatingCapitalAbstract,"Adjustment to Reconcile Net Income to Cash Provided by (Used in) Operating Activity, Increase (Decrease) in Operating Capital [Abstract]",us-gaap:IncreaseDecreaseInReceivables,Increase (Decrease) in Receivables,http://www.xbrl.org/2003/arcrole/parent-child,1,,http://www.xbrl.org/2009/role/negatedLabel,http://www.cat.com/role/ConsolidatedStatementofCashFlowfortheYearsEndedDecember31,cat-20251231_pre.xml
X-CAT-0011,CAT,Caterpillar Inc.,bounded_extension,presentation,us-gaap:IncreaseDecreaseInOperatingCapitalAbstract,"Adjustment to Reconcile Net Income to Cash Provided by (Used in) Operating Activity, Increase (Decrease) in Operating Capital [Abstract]",us-gaap:IncreaseDecreaseInInventories,Increase (Decrease) in Inventories,http://www.xbrl.org/2003/arcrole/parent-child,2,,http://www.xbrl.org/2009/role/negatedLabel,http://www.cat.com/role/ConsolidatedStatementofCashFlowfortheYearsEndedDecember31,cat-20251231_pre.xml
X-CAT-0012,CAT,Caterpillar Inc.,bounded_extension,presentation,us-gaap:IncreaseDecreaseInOperatingCapitalAbstract,"Adjustment to Reconcile Net Income to Cash Provided by (Used in) Operating Activity, Increase (Decrease) in Operating Capital [Abstract]",us-gaap:IncreaseDecreaseInContractWithCustomerLiability,"Increase (Decrease) in Contract with Customer, Liability",http://www.xbrl.org/2003/arcrole/parent-child,6,,http://www.xbrl.org/2003/role/terseLabel,http://www.cat.com/role/ConsolidatedStatementofCashFlowfortheYearsEndedDecember31,cat-20251231_pre.xml
X-CAT-0013,CAT,Caterpillar Inc.,bounded_extension,presentation,us-gaap:NetCashProvidedByUsedInInvestingActivitiesContinuingOperationsAbstract,"Cash Provided by (Used in) Investing Activity, Continuing Operation [Abstract]",us-gaap:PaymentsToAcquireFinanceReceivables,Payments to Acquire Finance Receivables,http://www.xbrl.org/2003/arcrole/parent-child,4,,http://www.xbrl.org/2009/role/negatedLabel,http://www.cat.com/role/ConsolidatedStatementofCashFlowfortheYearsEndedDecember31,cat-20251231_pre.xml
X-CAT-0014,CAT,Caterpillar Inc.,bounded_extension,presentation,us-gaap:NetCashProvidedByUsedInInvestingActivitiesContinuingOperationsAbstract,"Cash Provided by (Used in) Investing Activity, Continuing Operation [Abstract]",us-gaap:ProceedsFromCollectionOfFinanceReceivables,Proceeds from Collection of Finance Receivables,http://www.xbrl.org/2003/arcrole/parent-child,5,,http://www.xbrl.org/2003/role/terseLabel,http://www.cat.com/role/ConsolidatedStatementofCashFlowfortheYearsEndedDecember31,cat-20251231_pre.xml
X-CAT-0015,CAT,Caterpillar Inc.,bounded_extension,presentation,us-gaap:NetCashProvidedByUsedInInvestingActivitiesContinuingOperationsAbstract,"Cash Provided by (Used in) Investing Activity, Continuing Operation [Abstract]",us-gaap:ProceedsFromSaleOfFinanceReceivables,Proceeds from Sale of Finance Receivables,http://www.xbrl.org/2003/arcrole/parent-child,6,,http://www.xbrl.org/2003/role/terseLabel,http://www.cat.com/role/ConsolidatedStatementofCashFlowfortheYearsEndedDecember31,cat-20251231_pre.xml
X-CAT-0016,CAT,Caterpillar Inc.,bounded_extension,presentation,us-gaap:RevenueFromContractWithCustomerAbstract,Revenue from Contract with Customer [Abstract],us-gaap:RevenueFromContractWithCustomerTextBlock,Revenue from Contract with Customer [Text Block],http://www.xbrl.org/2003/arcrole/parent-child,1,,http://www.xbrl.org/2003/role/terseLabel,http://www.cat.com/role/Salesandrevenuerecognition,cat-20251231_pre.xml
X-CAT-0017,CAT,Caterpillar Inc.,bounded_extension,presentation,us-gaap:ReceivablesAbstract,Receivables [Abstract],us-gaap:FinancingReceivablesTextBlock,Financing Receivables [Text Block],http://www.xbrl.org/2003/arcrole/parent-child,1,,http://www.xbrl.org/2003/role/terseLabel,http://www.cat.com/role/CatFinancialFinancingActivities,cat-20251231_pre.xml
X-CAT-0018,CAT,Caterpillar Inc.,bounded_extension,presentation,us-gaap:InventoryDisclosureAbstract,Inventory Disclosure [Abstract],us-gaap:InventoryDisclosureTextBlock,Inventory Disclosure [Text Block],http://www.xbrl.org/2003/arcrole/parent-child,1,,http://www.xbrl.org/2003/role/terseLabel,http://www.cat.com/role/Inventories,cat-20251231_pre.xml
X-CAT-0019,CAT,Caterpillar Inc.,bounded_extension,presentation,us-gaap:OrganizationConsolidationAndPresentationOfFinancialStatementsAbstract,"Organization, Consolidation and Presentation of Financial Statements [Abstract]",us-gaap:InventoryPolicyTextBlock,"Inventory, Policy [Policy Text Block]",http://www.xbrl.org/2003/arcrole/parent-child,2,,http://www.xbrl.org/2003/role/terseLabel,http://www.cat.com/role/OperationsandsummaryofsignificantaccountingpoliciesPolicies,cat-20251231_pre.xml
X-CAT-0020,CAT,Caterpillar Inc.,bounded_extension,presentation,us-gaap:OrganizationConsolidationAndPresentationOfFinancialStatementsAbstract,"Organization, Consolidation and Presentation of Financial Statements [Abstract]",us-gaap:RevenueRecognitionPolicyTextBlock,Revenue [Policy Text Block],http://www.xbrl.org/2003/arcrole/parent-child,10,,http://www.xbrl.org/2003/role/terseLabel,http://www.cat.com/role/OperationsandsummaryofsignificantaccountingpoliciesPolicies,cat-20251231_pre.xml
X-CAT-0021,CAT,Caterpillar Inc.,bounded_extension,presentation,us-gaap:ReceivablesAbstract,Receivables [Abstract],cat:ScheduleOfContractualMaturitiesOfOutstandingWholesaleInventoryReceivablesTableTextBlock,,http://www.xbrl.org/2003/arcrole/parent-child,1,,http://www.xbrl.org/2003/role/terseLabel,http://www.cat.com/role/CatFinancialFinancingActivitiesTables,cat-20251231_pre.xml
X-CAT-0022,CAT,Caterpillar Inc.,bounded_extension,presentation,us-gaap:ReceivablesAbstract,Receivables [Abstract],cat:ScheduleOfContractualMaturitiesOfOutstandingFinancingReceivablesTableTextBlock,,http://www.xbrl.org/2003/arcrole/parent-child,2,,http://www.xbrl.org/2003/role/terseLabel,http://www.cat.com/role/CatFinancialFinancingActivitiesTables,cat-20251231_pre.xml
X-CAT-0023,CAT,Caterpillar Inc.,bounded_extension,presentation,us-gaap:ReceivablesAbstract,Receivables [Abstract],us-gaap:AllowanceForCreditLossesOnFinancingReceivablesTableTextBlock,"Financing Receivable, Allowance for Credit Loss [Table Text Block]",http://www.xbrl.org/2003/arcrole/parent-child,3,,http://www.xbrl.org/2003/role/terseLabel,http://www.cat.com/role/CatFinancialFinancingActivitiesTables,cat-20251231_pre.xml
X-CAT-0024,CAT,Caterpillar Inc.,bounded_extension,presentation,us-gaap:ReceivablesAbstract,Receivables [Abstract],cat:WriteOffsByOriginationYearTableTextBlock,,http://www.xbrl.org/2003/arcrole/parent-child,4,,http://www.xbrl.org/2003/role/terseLabel,http://www.cat.com/role/CatFinancialFinancingActivitiesTables,cat-20251231_pre.xml
X-CAT-0025,CAT,Caterpillar Inc.,bounded_extension,presentation,us-gaap:ReceivablesAbstract,Receivables [Abstract],us-gaap:FinancingReceivableCreditQualityIndicatorsTableTextBlock,Financing Receivable Credit Quality Indicators [Table Text Block],http://www.xbrl.org/2003/arcrole/parent-child,5,,http://www.xbrl.org/2003/role/terseLabel,http://www.cat.com/role/CatFinancialFinancingActivitiesTables,cat-20251231_pre.xml
X-CAT-0026,CAT,Caterpillar Inc.,bounded_extension,presentation,us-gaap:ReceivablesAbstract,Receivables [Abstract],us-gaap:ScheduleOfFinancingReceivablesNonAccrualStatusTableTextBlock,"Financing Receivable, Nonaccrual [Table Text Block]",http://www.xbrl.org/2003/arcrole/parent-child,6,,http://www.xbrl.org/2003/role/terseLabel,http://www.cat.com/role/CatFinancialFinancingActivitiesTables,cat-20251231_pre.xml
X-CAT-0027,CAT,Caterpillar Inc.,bounded_extension,presentation,us-gaap:ReceivablesAbstract,Receivables [Abstract],us-gaap:TroubledDebtRestructuringsOnFinancingReceivablesTableTextBlock,"Financing Receivable, Modified [Table Text Block]",http://www.xbrl.org/2003/arcrole/parent-child,7,,http://www.xbrl.org/2003/role/terseLabel,http://www.cat.com/role/CatFinancialFinancingActivitiesTables,cat-20251231_pre.xml
X-CAT-0028,CAT,Caterpillar Inc.,bounded_extension,presentation,us-gaap:InventoryDisclosureAbstract,Inventory Disclosure [Abstract],us-gaap:ScheduleOfInventoryCurrentTableTextBlock,"Schedule of Inventory, Current [Table Text Block]",http://www.xbrl.org/2003/arcrole/parent-child,1,,http://www.xbrl.org/2003/role/terseLabel,http://www.cat.com/role/InventoriesTables,cat-20251231_pre.xml
X-CAT-0029,CAT,Caterpillar Inc.,bounded_extension,presentation,us-gaap:LeasesAbstract,Leases [Abstract],cat:RevenuefromsalestypeandoperatingleaseTableTextBlock,,http://www.xbrl.org/2003/arcrole/parent-child,7,,http://www.xbrl.org/2003/role/terseLabel,http://www.cat.com/role/LeasesTables,cat-20251231_pre.xml
X-CAT-0030,CAT,Caterpillar Inc.,bounded_extension,presentation,us-gaap:SegmentReportingAbstract,Segment Reporting [Abstract],us-gaap:DisaggregationOfRevenueTableTextBlock,Disaggregation of Revenue [Table Text Block],http://www.xbrl.org/2003/arcrole/parent-child,1,,http://www.xbrl.org/2003/role/terseLabel,http://www.cat.com/role/SegmentinformationTables,cat-20251231_pre.xml
X-CAT-0031,CAT,Caterpillar Inc.,bounded_extension,presentation,us-gaap:SegmentReportingAbstract,Segment Reporting [Abstract],us-gaap:ScheduleOfRevenuesFromExternalCustomersAndLongLivedAssetsByGeographicalAreasTableTextBlock,"Schedule of Revenue from External Customers and Long-Lived Assets, by Geographical Areas [Table Text Block]",http://www.xbrl.org/2003/arcrole/parent-child,7,,http://www.xbrl.org/2003/role/terseLabel,http://www.cat.com/role/SegmentinformationTables,cat-20251231_pre.xml
X-CAT-0032,CAT,Caterpillar Inc.,bounded_extension,presentation,cat:OperationsandsummaryofsignificantaccountingpoliciesTable,,cat:FinanceReceivablesAxis,,http://www.xbrl.org/2003/arcrole/parent-child,5,,http://www.xbrl.org/2003/role/terseLabel,http://www.cat.com/role/OperationsandsummaryofsignificantaccountingpoliciesDetails,cat-20251231_pre.xml
X-CAT-0033,CAT,Caterpillar Inc.,bounded_extension,presentation,cat:FinanceReceivablesAxis,,cat:FinanceReceivablesDomain,,http://www.xbrl.org/2003/arcrole/parent-child,1,,http://www.xbrl.org/2003/role/terseLabel,http://www.cat.com/role/OperationsandsummaryofsignificantaccountingpoliciesDetails,cat-20251231_pre.xml
X-CAT-0034,CAT,Caterpillar Inc.,bounded_extension,presentation,cat:FinanceReceivablesDomain,,cat:RecoveriesFromOverPaymentsMember,,http://www.xbrl.org/2003/arcrole/parent-child,1,,http://www.xbrl.org/2003/role/terseLabel,http://www.cat.com/role/OperationsandsummaryofsignificantaccountingpoliciesDetails,cat-20251231_pre.xml
X-CAT-0035,CAT,Caterpillar Inc.,bounded_extension,presentation,cat:OperationsandsummaryofsignificantaccountingpoliciesLineItems,,us-gaap:AccountsReceivableNetNoncurrent,"Accounts Receivable, after Allowance for Credit Loss, Noncurrent",http://www.xbrl.org/2003/arcrole/parent-child,5,,http://www.xbrl.org/2003/role/terseLabel,http://www.cat.com/role/OperationsandsummaryofsignificantaccountingpoliciesDetails,cat-20251231_pre.xml
X-CAT-0036,CAT,Caterpillar Inc.,bounded_extension,presentation,cat:OperationsandsummaryofsignificantaccountingpoliciesLineItems,,us-gaap:PercentageOfLIFOInventory,Percentage of LIFO Inventory,http://www.xbrl.org/2003/arcrole/parent-child,6,,http://www.xbrl.org/2003/role/terseLabel,http://www.cat.com/role/OperationsandsummaryofsignificantaccountingpoliciesDetails,cat-20251231_pre.xml
X-CAT-0037,CAT,Caterpillar Inc.,bounded_extension,presentation,cat:OperationsandsummaryofsignificantaccountingpoliciesLineItems,,us-gaap:InventoryLIFOReserve,"Inventory, LIFO Reserve",http://www.xbrl.org/2003/arcrole/parent-child,7,,http://www.xbrl.org/2003/role/terseLabel,http://www.cat.com/role/OperationsandsummaryofsignificantaccountingpoliciesDetails,cat-20251231_pre.xml
X-CAT-0038,CAT,Caterpillar Inc.,bounded_extension,presentation,us-gaap:RevenueFromContractWithCustomerAbstract,Revenue from Contract with Customer [Abstract],us-gaap:RevenueRemainingPerformanceObligationExpectedTimingOfSatisfactionTable,"Revenue, Remaining Performance Obligation, Expected Timing of Satisfaction [Table]",http://www.xbrl.org/2003/arcrole/parent-child,1,,http://www.xbrl.org/2003/role/terseLabel,http://www.cat.com/role/SalesandrevenuerecognitionDetails,cat-20251231_pre.xml
X-CAT-0039,CAT,Caterpillar Inc.,bounded_extension,presentation,us-gaap:RevenueRemainingPerformanceObligationExpectedTimingOfSatisfactionTable,"Revenue, Remaining Performance Obligation, Expected Timing of Satisfaction [Table]",us-gaap:RevenueRemainingPerformanceObligationExpectedTimingOfSatisfactionStartDateAxis,"Revenue, Remaining Performance Obligation, Expected Timing of Satisfaction, Start Date [Axis]",http://www.xbrl.org/2003/arcrole/parent-child,1,,http://www.xbrl.org/2003/role/terseLabel,http://www.cat.com/role/SalesandrevenuerecognitionDetails,cat-20251231_pre.xml
X-CAT-0040,CAT,Caterpillar Inc.,bounded_extension,presentation,us-gaap:RevenueRemainingPerformanceObligationExpectedTimingOfSatisfactionTable,"Revenue, Remaining Performance Obligation, Expected Timing of Satisfaction [Table]",us-gaap:RevenueRemainingPerformanceObligationExpectedTimingOfSatisfactionLineItems,"Revenue, Remaining Performance Obligation, Expected Timing of Satisfaction [Line Items]",http://www.xbrl.org/2003/arcrole/parent-child,2,,http://www.xbrl.org/2003/role/terseLabel,http://www.cat.com/role/SalesandrevenuerecognitionDetails,cat-20251231_pre.xml
X-CAT-0041,CAT,Caterpillar Inc.,bounded_extension,presentation,us-gaap:RevenueRemainingPerformanceObligationExpectedTimingOfSatisfactionLineItems,"Revenue, Remaining Performance Obligation, Expected Timing of Satisfaction [Line Items]",us-gaap:ContractWithCustomerLiabilityCumulativeCatchUpAdjustmentToRevenueChangeInEstimateOfTransactionPrice,"Contract with Customer, Liability, Cumulative Catch-up Adjustment to Revenue, Change in Estimate of Transaction Price",http://www.xbrl.org/2003/arcrole/parent-child,1,,http://www.xbrl.org/2009/role/negatedTerseLabel,http://www.cat.com/role/SalesandrevenuerecognitionDetails,cat-20251231_pre.xml
X-CAT-0042,CAT,Caterpillar Inc.,bounded_extension,presentation,us-gaap:RevenueRemainingPerformanceObligationExpectedTimingOfSatisfactionLineItems,"Revenue, Remaining Performance Obligation, Expected Timing of Satisfaction [Line Items]",us-gaap:ContractWithCustomerReceivableAfterAllowanceForCreditLossCurrent,"Contract with Customer, Receivable, after Allowance for Credit Loss, Current",http://www.xbrl.org/2003/arcrole/parent-child,2,,http://www.xbrl.org/2003/role/terseLabel,http://www.cat.com/role/SalesandrevenuerecognitionDetails,cat-20251231_pre.xml
X-CAT-0043,CAT,Caterpillar Inc.,bounded_extension,presentation,us-gaap:RevenueRemainingPerformanceObligationExpectedTimingOfSatisfactionLineItems,"Revenue, Remaining Performance Obligation, Expected Timing of Satisfaction [Line Items]",us-gaap:ContractWithCustomerReceivableAfterAllowanceForCreditLossNoncurrent,"Contract with Customer, Receivable, after Allowance for Credit Loss, Noncurrent",http://www.xbrl.org/2003/arcrole/parent-child,3,,http://www.xbrl.org/2003/role/terseLabel,http://www.cat.com/role/SalesandrevenuerecognitionDetails,cat-20251231_pre.xml
X-CAT-0044,CAT,Caterpillar Inc.,bounded_extension,presentation,us-gaap:RevenueRemainingPerformanceObligationExpectedTimingOfSatisfactionLineItems,"Revenue, Remaining Performance Obligation, Expected Timing of Satisfaction [Line Items]",us-gaap:ContractWithCustomerAssetNet,"Contract with Customer, Asset, after Allowance for Credit Loss",http://www.xbrl.org/2003/arcrole/parent-child,4,,http://www.xbrl.org/2003/role/terseLabel,http://www.cat.com/role/SalesandrevenuerecognitionDetails,cat-20251231_pre.xml
X-CAT-0045,CAT,Caterpillar Inc.,bounded_extension,presentation,us-gaap:RevenueRemainingPerformanceObligationExpectedTimingOfSatisfactionLineItems,"Revenue, Remaining Performance Obligation, Expected Timing of Satisfaction [Line Items]",us-gaap:ContractWithCustomerLiability,"Contract with Customer, Liability",http://www.xbrl.org/2003/arcrole/parent-child,5,,http://www.xbrl.org/2003/role/terseLabel,http://www.cat.com/role/SalesandrevenuerecognitionDetails,cat-20251231_pre.xml
X-CAT-0046,CAT,Caterpillar Inc.,bounded_extension,presentation,us-gaap:RevenueRemainingPerformanceObligationExpectedTimingOfSatisfactionLineItems,"Revenue, Remaining Performance Obligation, Expected Timing of Satisfaction [Line Items]",us-gaap:ContractWithCustomerLiabilityRevenueRecognized,"Contract with Customer, Liability, Revenue Recognized",http://www.xbrl.org/2003/arcrole/parent-child,6,,http://www.xbrl.org/2003/role/terseLabel,http://www.cat.com/role/SalesandrevenuerecognitionDetails,cat-20251231_pre.xml
X-CAT-0047,CAT,Caterpillar Inc.,bounded_extension,presentation,us-gaap:RevenueRemainingPerformanceObligationExpectedTimingOfSatisfactionLineItems,"Revenue, Remaining Performance Obligation, Expected Timing of Satisfaction [Line Items]",us-gaap:RevenueRemainingPerformanceObligation,"Revenue, Remaining Performance Obligation, Amount",http://www.xbrl.org/2003/arcrole/parent-child,7,,http://www.xbrl.org/2003/role/terseLabel,http://www.cat.com/role/SalesandrevenuerecognitionDetails,cat-20251231_pre.xml
X-CAT-0048,CAT,Caterpillar Inc.,bounded_extension,presentation,us-gaap:RevenueRemainingPerformanceObligationExpectedTimingOfSatisfactionLineItems,"Revenue, Remaining Performance Obligation, Expected Timing of Satisfaction [Line Items]",us-gaap:RevenueRemainingPerformanceObligationExpectedTimingOfSatisfactionPeriod1,"Revenue, Remaining Performance Obligation, Expected Timing of Satisfaction, Period",http://www.xbrl.org/2003/arcrole/parent-child,8,,http://www.xbrl.org/2003/role/terseLabel,http://www.cat.com/role/SalesandrevenuerecognitionDetails,cat-20251231_pre.xml
X-CAT-0049,CAT,Caterpillar Inc.,bounded_extension,presentation,us-gaap:RevenueRemainingPerformanceObligationExpectedTimingOfSatisfactionLineItems,"Revenue, Remaining Performance Obligation, Expected Timing of Satisfaction [Line Items]",cat:PeriodAfterWhichCollectionOfFutureIncomeIsConsideredAsNotProbable,,http://www.xbrl.org/2003/arcrole/parent-child,9,,http://www.xbrl.org/2003/role/terseLabel,http://www.cat.com/role/SalesandrevenuerecognitionDetails,cat-20251231_pre.xml
X-CAT-0050,CAT,Caterpillar Inc.,bounded_extension,presentation,us-gaap:RevenueRemainingPerformanceObligationExpectedTimingOfSatisfactionLineItems,"Revenue, Remaining Performance Obligation, Expected Timing of Satisfaction [Line Items]",us-gaap:RevenueRemainingPerformanceObligationPercentage,"Revenue, Remaining Performance Obligation, Percentage",http://www.xbrl.org/2003/arcrole/parent-child,10,,http://www.xbrl.org/2003/role/terseLabel,http://www.cat.com/role/SalesandrevenuerecognitionDetails,cat-20251231_pre.xml
X-CAT-0051,CAT,Caterpillar Inc.,bounded_extension,presentation,us-gaap:ComponentsOfDeferredTaxAssetsAbstract,Components of Deferred Tax Assets [Abstract],us-gaap:DeferredTaxAssetsTaxDeferredExpenseReservesAndAccrualsWarrantyReserves,"Deferred Tax Assets, Tax Deferred Expense, Reserves and Accruals, Warranty Reserves",http://www.xbrl.org/2003/arcrole/parent-child,6,,http://www.xbrl.org/2003/role/terseLabel,http://www.cat.com/role/IncometaxesDeferredincometaxassetsandliabilitiesDetails,cat-20251231_pre.xml
X-CAT-0052,CAT,Caterpillar Inc.,bounded_extension,presentation,us-gaap:ReceivablesAbstract,Receivables [Abstract],cat:FinanceReceivablesTable,,http://www.xbrl.org/2003/arcrole/parent-child,1,,http://www.xbrl.org/2003/role/terseLabel,http://www.cat.com/role/CatFinancialFinancingActivitiesDetails,cat-20251231_pre.xml
X-CAT-0053,CAT,Caterpillar Inc.,bounded_extension,presentation,cat:FinanceReceivablesTable,,us-gaap:AccountsNotesLoansAndFinancingReceivableByReceivableTypeAxis,Receivable Type [Axis],http://www.xbrl.org/2003/arcrole/parent-child,1,,http://www.xbrl.org/2003/role/terseLabel,http://www.cat.com/role/CatFinancialFinancingActivitiesDetails,cat-20251231_pre.xml
X-CAT-0054,CAT,Caterpillar Inc.,bounded_extension,presentation,us-gaap:AccountsNotesLoansAndFinancingReceivableByReceivableTypeAxis,Receivable Type [Axis],us-gaap:ReceivableTypeDomain,Receivable [Domain],http://www.xbrl.org/2003/arcrole/parent-child,1,,http://www.xbrl.org/2003/role/terseLabel,http://www.cat.com/role/CatFinancialFinancingActivitiesDetails,cat-20251231_pre.xml
X-CAT-0055,CAT,Caterpillar Inc.,bounded_extension,presentation,us-gaap:ReceivableTypeDomain,Receivable [Domain],cat:WholesaleReceivablesMember,,http://www.xbrl.org/2003/arcrole/parent-child,1,,http://www.xbrl.org/2003/role/terseLabel,http://www.cat.com/role/CatFinancialFinancingActivitiesDetails,cat-20251231_pre.xml
X-CAT-0056,CAT,Caterpillar Inc.,bounded_extension,presentation,cat:FinanceReceivablesTable,,us-gaap:FinancingReceivablePortfolioSegmentAxis,Financing Receivable Portfolio Segment [Axis],http://www.xbrl.org/2003/arcrole/parent-child,2,,http://www.xbrl.org/2003/role/terseLabel,http://www.cat.com/role/CatFinancialFinancingActivitiesDetails,cat-20251231_pre.xml
X-CAT-0057,CAT,Caterpillar Inc.,bounded_extension,presentation,us-gaap:FinancingReceivablePortfolioSegmentAxis,Financing Receivable Portfolio Segment [Axis],us-gaap:FinancingReceivablePortfolioSegmentDomain,Financing Receivable Portfolio Segment [Domain],http://www.xbrl.org/2003/arcrole/parent-child,1,,http://www.xbrl.org/2003/role/terseLabel,http://www.cat.com/role/CatFinancialFinancingActivitiesDetails,cat-20251231_pre.xml
X-CAT-0058,CAT,Caterpillar Inc.,bounded_extension,presentation,us-gaap:FinancingReceivablePortfolioSegmentDomain,Financing Receivable Portfolio Segment [Domain],cat:DealerMember,,http://www.xbrl.org/2003/arcrole/parent-child,1,,http://www.xbrl.org/2003/role/terseLabel,http://www.cat.com/role/CatFinancialFinancingActivitiesDetails,cat-20251231_pre.xml
X-CAT-0059,CAT,Caterpillar Inc.,bounded_extension,presentation,us-gaap:FinancingReceivablePortfolioSegmentDomain,Financing Receivable Portfolio Segment [Domain],cat:CustomerMember,,http://www.xbrl.org/2003/arcrole/parent-child,2,,http://www.xbrl.org/2003/role/terseLabel,http://www.cat.com/role/CatFinancialFinancingActivitiesDetails,cat-20251231_pre.xml
X-CAT-0060,CAT,Caterpillar Inc.,bounded_extension,presentation,us-gaap:FinancingReceivablePortfolioSegmentDomain,Financing Receivable Portfolio Segment [Domain],us-gaap:EMEAMember,EMEA [Member],http://www.xbrl.org/2003/arcrole/parent-child,3,,http://www.xbrl.org/2003/role/terseLabel,http://www.cat.com/role/CatFinancialFinancingActivitiesDetails,cat-20251231_pre.xml
X-CAT-0061,CAT,Caterpillar Inc.,bounded_extension,presentation,cat:FinanceReceivablesTable,,us-gaap:FinancingReceivableRecordedInvestmentByClassOfFinancingReceivableAxis,Class of Financing Receivable [Axis],http://www.xbrl.org/2003/arcrole/parent-child,3,,http://www.xbrl.org/2003/role/terseLabel,http://www.cat.com/role/CatFinancialFinancingActivitiesDetails,cat-20251231_pre.xml
X-CAT-0062,CAT,Caterpillar Inc.,bounded_extension,presentation,us-gaap:FinancingReceivableRecordedInvestmentByClassOfFinancingReceivableAxis,Class of Financing Receivable [Axis],us-gaap:FinancingReceivableRecordedInvestmentClassOfFinancingReceivableDomain,Class of Financing Receivable [Domain],http://www.xbrl.org/2003/arcrole/parent-child,1,,http://www.xbrl.org/2003/role/terseLabel,http://www.cat.com/role/CatFinancialFinancingActivitiesDetails,cat-20251231_pre.xml
X-CAT-0063,CAT,Caterpillar Inc.,bounded_extension,presentation,us-gaap:FinancingReceivableRecordedInvestmentClassOfFinancingReceivableDomain,Class of Financing Receivable [Domain],srt:LatinAmericaMember,Latin America [Member],http://www.xbrl.org/2003/arcrole/parent-child,1,,http://www.xbrl.org/2003/role/terseLabel,http://www.cat.com/role/CatFinancialFinancingActivitiesDetails,cat-20251231_pre.xml
X-CAT-0064,CAT,Caterpillar Inc.,bounded_extension,presentation,cat:FinanceReceivablesTable,,us-gaap:InternalCreditAssessmentAxis,Internal Credit Assessment [Axis],http://www.xbrl.org/2003/arcrole/parent-child,4,,http://www.xbrl.org/2003/role/terseLabel,http://www.cat.com/role/CatFinancialFinancingActivitiesDetails,cat-20251231_pre.xml
X-CAT-0065,CAT,Caterpillar Inc.,bounded_extension,presentation,us-gaap:InternalCreditAssessmentDomain,Internal Credit Assessment [Domain],cat:FinancingReceivablesEqualToGreaterThan91DaysPastDueMember,,http://www.xbrl.org/2003/arcrole/parent-child,1,,http://www.xbrl.org/2003/role/terseLabel,http://www.cat.com/role/CatFinancialFinancingActivitiesDetails,cat-20251231_pre.xml
X-CAT-0066,CAT,Caterpillar Inc.,bounded_extension,presentation,cat:FinanceReceivablesTable,,us-gaap:FinancingReceivablesPeriodPastDueAxis,"Financial Asset, Aging [Axis]",http://www.xbrl.org/2003/arcrole/parent-child,5,,http://www.xbrl.org/2003/role/terseLabel,http://www.cat.com/role/CatFinancialFinancingActivitiesDetails,cat-20251231_pre.xml
X-CAT-0067,CAT,Caterpillar Inc.,bounded_extension,presentation,us-gaap:FinancingReceivablesPeriodPastDueAxis,"Financial Asset, Aging [Axis]",us-gaap:FinancingReceivablesPeriodPastDueDomain,"Financial Asset, Aging [Domain]",http://www.xbrl.org/2003/arcrole/parent-child,1,,http://www.xbrl.org/2003/role/terseLabel,http://www.cat.com/role/CatFinancialFinancingActivitiesDetails,cat-20251231_pre.xml
X-CAT-0068,CAT,Caterpillar Inc.,bounded_extension,presentation,us-gaap:FinancingReceivablesPeriodPastDueDomain,"Financial Asset, Aging [Domain]",cat:FinancingReceivables31To60DaysPastDueMember,,http://www.xbrl.org/2003/arcrole/parent-child,1,,http://www.xbrl.org/2003/role/terseLabel,http://www.cat.com/role/CatFinancialFinancingActivitiesDetails,cat-20251231_pre.xml
X-CAT-0069,CAT,Caterpillar Inc.,bounded_extension,presentation,us-gaap:FinancingReceivablesPeriodPastDueDomain,"Financial Asset, Aging [Domain]",cat:FinancingReceivables61To90DaysPastDueMember,,http://www.xbrl.org/2003/arcrole/parent-child,2,,http://www.xbrl.org/2003/role/terseLabel,http://www.cat.com/role/CatFinancialFinancingActivitiesDetails,cat-20251231_pre.xml
X-CAT-0070,CAT,Caterpillar Inc.,bounded_extension,presentation,us-gaap:FinancingReceivablesPeriodPastDueDomain,"Financial Asset, Aging [Domain]",cat:FinancingReceivablesEqualToGreaterThan91DaysPastDueMember,,http://www.xbrl.org/2003/arcrole/parent-child,3,,http://www.xbrl.org/2003/role/terseLabel,http://www.cat.com/role/CatFinancialFinancingActivitiesDetails,cat-20251231_pre.xml
X-CAT-0071,CAT,Caterpillar Inc.,bounded_extension,presentation,cat:FinanceReceivablesTable,,us-gaap:LoanRestructuringModificationAxis,Loan Restructuring Modification [Axis],http://www.xbrl.org/2003/arcrole/parent-child,6,,http://www.xbrl.org/2003/role/terseLabel,http://www.cat.com/role/CatFinancialFinancingActivitiesDetails,cat-20251231_pre.xml
X-CAT-0072,CAT,Caterpillar Inc.,bounded_extension,presentation,cat:FinanceReceivablesTable,,cat:FinanceReceivablesLineItems,Finance Receivables [Line Items],http://www.xbrl.org/2003/arcrole/parent-child,7,,http://www.xbrl.org/2003/role/terseLabel,http://www.cat.com/role/CatFinancialFinancingActivitiesDetails,cat-20251231_pre.xml
X-CAT-0073,CAT,Caterpillar Inc.,bounded_extension,presentation,cat:FinanceReceivablesLineItems,Finance Receivables [Line Items],us-gaap:NotesReceivableGross,"Financing Receivable, before Allowance for Credit Loss",http://www.xbrl.org/2003/arcrole/parent-child,1,,http://www.xbrl.org/2003/role/terseLabel,http://www.cat.com/role/CatFinancialFinancingActivitiesDetails,cat-20251231_pre.xml
X-CAT-0074,CAT,Caterpillar Inc.,bounded_extension,presentation,cat:FinanceReceivablesLineItems,Finance Receivables [Line Items],us-gaap:FinancingReceivableOriginatedFourYearsBeforeLatestFiscalYear,"Financing Receivable, Year Five, Originated, Four Years before Current Fiscal Year",http://www.xbrl.org/2003/arcrole/parent-child,2,,http://www.xbrl.org/2003/role/terseLabel,http://www.cat.com/role/CatFinancialFinancingActivitiesDetails,cat-20251231_pre.xml
X-CAT-0075,CAT,Caterpillar Inc.,bounded_extension,presentation,cat:FinanceReceivablesLineItems,Finance Receivables [Line Items],us-gaap:FinancingReceivableRecordedInvestmentNonaccrualStatus,"Financing Receivable, Nonaccrual",http://www.xbrl.org/2003/arcrole/parent-child,3,,http://www.xbrl.org/2003/role/terseLabel,http://www.cat.com/role/CatFinancialFinancingActivitiesDetails,cat-20251231_pre.xml
X-CAT-0076,CAT,Caterpillar Inc.,bounded_extension,presentation,cat:FinanceReceivablesLineItems,Finance Receivables [Line Items],cat:FinancingReceivableModifiedBorrowersNotExperiencingFinancialDifficultyMaximumPeriod,,http://www.xbrl.org/2003/arcrole/parent-child,4,,http://www.xbrl.org/2003/role/terseLabel,http://www.cat.com/role/CatFinancialFinancingActivitiesDetails,cat-20251231_pre.xml
X-CAT-0077,CAT,Caterpillar Inc.,bounded_extension,presentation,cat:FinanceReceivablesLineItems,Finance Receivables [Line Items],us-gaap:FinancingReceivableModificationsPostModificationRecordedInvestment2,"Financing Receivable, Modified in Period, Amount",http://www.xbrl.org/2003/arcrole/parent-child,5,,http://www.xbrl.org/2003/role/terseLabel,http://www.cat.com/role/CatFinancialFinancingActivitiesDetails,cat-20251231_pre.xml
X-CAT-0078,CAT,Caterpillar Inc.,bounded_extension,presentation,cat:FinanceReceivablesLineItems,Finance Receivables [Line Items],us-gaap:FinancingReceivableModificationToTotalFinancingReceivablesPercent,"Financing Receivable, Modified in Period, to Total Financing Receivables, Percentage",http://www.xbrl.org/2003/arcrole/parent-child,6,,http://www.xbrl.org/2003/role/terseLabel,http://www.cat.com/role/CatFinancialFinancingActivitiesDetails,cat-20251231_pre.xml
X-CAT-0079,CAT,Caterpillar Inc.,bounded_extension,presentation,cat:FinanceReceivablesLineItems,Finance Receivables [Line Items],cat:FinancingReceivableWeightedAverageTerm,,http://www.xbrl.org/2003/arcrole/parent-child,7,,http://www.xbrl.org/2003/role/terseLabel,http://www.cat.com/role/CatFinancialFinancingActivitiesDetails,cat-20251231_pre.xml
X-CAT-0080,CAT,Caterpillar Inc.,bounded_extension,presentation,cat:FinanceReceivablesLineItems,Finance Receivables [Line Items],cat:FinancingReceivableWeightedAverageRemainingTerm,,http://www.xbrl.org/2003/arcrole/parent-child,8,,http://www.xbrl.org/2003/role/terseLabel,http://www.cat.com/role/CatFinancialFinancingActivitiesDetails,cat-20251231_pre.xml
X-CAT-0081,CAT,Caterpillar Inc.,bounded_extension,presentation,cat:FinanceReceivablesLineItems,Finance Receivables [Line Items],us-gaap:FinancingReceivableThresholdPeriodPastDue,"Financing Receivable, Threshold Period Past Due",http://www.xbrl.org/2003/arcrole/parent-child,9,,http://www.xbrl.org/2003/role/terseLabel,http://www.cat.com/role/CatFinancialFinancingActivitiesDetails,cat-20251231_pre.xml
X-CAT-0082,CAT,Caterpillar Inc.,bounded_extension,presentation,us-gaap:ReceivablesAbstract,Receivables [Abstract],us-gaap:ScheduleOfAccountsNotesLoansAndFinancingReceivableTable,Accounts and Financing Receivables [Table],http://www.xbrl.org/2003/arcrole/parent-child,1,,http://www.xbrl.org/2003/role/terseLabel,http://www.cat.com/role/CatFinancialFinancingActivitiesContractualmaturitiesofoutstandingwholesaleinventoryreceivablesDetails,cat-20251231_pre.xml
X-CAT-0083,CAT,Caterpillar Inc.,bounded_extension,presentation,us-gaap:ScheduleOfAccountsNotesLoansAndFinancingReceivableTable,Accounts and Financing Receivables [Table],us-gaap:AccountsNotesLoansAndFinancingReceivableByReceivableTypeAxis,Receivable Type [Axis],http://www.xbrl.org/2003/arcrole/parent-child,1,,http://www.xbrl.org/2003/role/terseLabel,http://www.cat.com/role/CatFinancialFinancingActivitiesContractualmaturitiesofoutstandingwholesaleinventoryreceivablesDetails,cat-20251231_pre.xml
X-CAT-0084,CAT,Caterpillar Inc.,bounded_extension,presentation,us-gaap:AccountsNotesLoansAndFinancingReceivableByReceivableTypeAxis,Receivable Type [Axis],us-gaap:ReceivableTypeDomain,Receivable [Domain],http://www.xbrl.org/2003/arcrole/parent-child,1,,http://www.xbrl.org/2003/role/terseLabel,http://www.cat.com/role/CatFinancialFinancingActivitiesContractualmaturitiesofoutstandingwholesaleinventoryreceivablesDetails,cat-20251231_pre.xml
X-CAT-0085,CAT,Caterpillar Inc.,bounded_extension,presentation,us-gaap:ReceivableTypeDomain,Receivable [Domain],cat:WholesaleReceivablesMember,,http://www.xbrl.org/2003/arcrole/parent-child,1,,http://www.xbrl.org/2003/role/terseLabel,http://www.cat.com/role/CatFinancialFinancingActivitiesContractualmaturitiesofoutstandingwholesaleinventoryreceivablesDetails,cat-20251231_pre.xml
X-CAT-0086,CAT,Caterpillar Inc.,bounded_extension,presentation,us-gaap:ScheduleOfAccountsNotesLoansAndFinancingReceivableTable,Accounts and Financing Receivables [Table],cat:WholesaleInventoryReceivablesAxis,,http://www.xbrl.org/2003/arcrole/parent-child,2,,http://www.xbrl.org/2003/role/terseLabel,http://www.cat.com/role/CatFinancialFinancingActivitiesContractualmaturitiesofoutstandingwholesaleinventoryreceivablesDetails,cat-20251231_pre.xml
X-CAT-0087,CAT,Caterpillar Inc.,bounded_extension,presentation,cat:WholesaleInventoryReceivablesAxis,,cat:WholesaleInventoryReceivablesDomain,,http://www.xbrl.org/2003/arcrole/parent-child,1,,http://www.xbrl.org/2003/role/terseLabel,http://www.cat.com/role/CatFinancialFinancingActivitiesContractualmaturitiesofoutstandingwholesaleinventoryreceivablesDetails,cat-20251231_pre.xml
X-CAT-0088,CAT,Caterpillar Inc.,bounded_extension,presentation,cat:WholesaleInventoryReceivablesDomain,,cat:WholesaleloansMember,,http://www.xbrl.org/2003/arcrole/parent-child,1,,http://www.xbrl.org/2003/role/terseLabel,http://www.cat.com/role/CatFinancialFinancingActivitiesContractualmaturitiesofoutstandingwholesaleinventoryreceivablesDetails,cat-20251231_pre.xml
X-CAT-0089,CAT,Caterpillar Inc.,bounded_extension,presentation,cat:WholesaleInventoryReceivablesDomain,,cat:WholesaleLeasesMember,,http://www.xbrl.org/2003/arcrole/parent-child,2,,http://www.xbrl.org/2003/role/terseLabel,http://www.cat.com/role/CatFinancialFinancingActivitiesContractualmaturitiesofoutstandingwholesaleinventoryreceivablesDetails,cat-20251231_pre.xml
X-CAT-0090,CAT,Caterpillar Inc.,bounded_extension,presentation,us-gaap:ScheduleOfAccountsNotesLoansAndFinancingReceivableTable,Accounts and Financing Receivables [Table],us-gaap:AccountsNotesAndLoansReceivableLineItems,"Accounts, Notes, Loans and Financing Receivable [Line Items]",http://www.xbrl.org/2003/arcrole/parent-child,3,,http://www.xbrl.org/2003/role/terseLabel,http://www.cat.com/role/CatFinancialFinancingActivitiesContractualmaturitiesofoutstandingwholesaleinventoryreceivablesDetails,cat-20251231_pre.xml
X-CAT-0091,CAT,Caterpillar Inc.,bounded_extension,presentation,us-gaap:AccountsNotesAndLoansReceivableLineItems,"Accounts, Notes, Loans and Financing Receivable [Line Items]",cat:WholesaleInventoryReceivablesDueInNextTwelveMonths,,http://www.xbrl.org/2003/arcrole/parent-child,1,,http://www.xbrl.org/2003/role/terseLabel,http://www.cat.com/role/CatFinancialFinancingActivitiesContractualmaturitiesofoutstandingwholesaleinventoryreceivablesDetails,cat-20251231_pre.xml
X-CAT-0092,CAT,Caterpillar Inc.,bounded_extension,presentation,us-gaap:AccountsNotesAndLoansReceivableLineItems,"Accounts, Notes, Loans and Financing Receivable [Line Items]",cat:WholesaleInventoryReceivablesDueInYearTwo,,http://www.xbrl.org/2003/arcrole/parent-child,2,,http://www.xbrl.org/2003/role/terseLabel,http://www.cat.com/role/CatFinancialFinancingActivitiesContractualmaturitiesofoutstandingwholesaleinventoryreceivablesDetails,cat-20251231_pre.xml
X-CAT-0093,CAT,Caterpillar Inc.,bounded_extension,presentation,us-gaap:AccountsNotesAndLoansReceivableLineItems,"Accounts, Notes, Loans and Financing Receivable [Line Items]",cat:WholesaleInventoryReceivablesDueInYearThree,,http://www.xbrl.org/2003/arcrole/parent-child,3,,http://www.xbrl.org/2003/role/terseLabel,http://www.cat.com/role/CatFinancialFinancingActivitiesContractualmaturitiesofoutstandingwholesaleinventoryreceivablesDetails,cat-20251231_pre.xml
X-CAT-0094,CAT,Caterpillar Inc.,bounded_extension,presentation,us-gaap:AccountsNotesAndLoansReceivableLineItems,"Accounts, Notes, Loans and Financing Receivable [Line Items]",cat:WholesaleInventoryReceivablesDueInYearFour,,http://www.xbrl.org/2003/arcrole/parent-child,4,,http://www.xbrl.org/2003/role/terseLabel,http://www.cat.com/role/CatFinancialFinancingActivitiesContractualmaturitiesofoutstandingwholesaleinventoryreceivablesDetails,cat-20251231_pre.xml
X-CAT-0095,CAT,Caterpillar Inc.,bounded_extension,presentation,us-gaap:AccountsNotesAndLoansReceivableLineItems,"Accounts, Notes, Loans and Financing Receivable [Line Items]",cat:WholesaleInventoryReceivablesDueInYearFive,,http://www.xbrl.org/2003/arcrole/parent-child,5,,http://www.xbrl.org/2003/role/terseLabel,http://www.cat.com/role/CatFinancialFinancingActivitiesContractualmaturitiesofoutstandingwholesaleinventoryreceivablesDetails,cat-20251231_pre.xml
X-CAT-0096,CAT,Caterpillar Inc.,bounded_extension,presentation,us-gaap:AccountsNotesAndLoansReceivableLineItems,"Accounts, Notes, Loans and Financing Receivable [Line Items]",cat:WholesaleInventoryReceivablesDueThereafter,,http://www.xbrl.org/2003/arcrole/parent-child,6,,http://www.xbrl.org/2003/role/terseLabel,http://www.cat.com/role/CatFinancialFinancingActivitiesContractualmaturitiesofoutstandingwholesaleinventoryreceivablesDetails,cat-20251231_pre.xml
X-CAT-0097,CAT,Caterpillar Inc.,bounded_extension,presentation,us-gaap:AccountsNotesAndLoansReceivableLineItems,"Accounts, Notes, Loans and Financing Receivable [Line Items]",cat:WholesaleInventoryReceivablesAggregateMaturities,,http://www.xbrl.org/2003/arcrole/parent-child,7,,http://www.xbrl.org/2003/role/totalLabel,http://www.cat.com/role/CatFinancialFinancingActivitiesContractualmaturitiesofoutstandingwholesaleinventoryreceivablesDetails,cat-20251231_pre.xml
X-CAT-0098,CAT,Caterpillar Inc.,bounded_extension,presentation,us-gaap:AccountsNotesAndLoansReceivableLineItems,"Accounts, Notes, Loans and Financing Receivable [Line Items]",cat:WholesaleInventoryReceivablesGuaranteedResidualValue,,http://www.xbrl.org/2003/arcrole/parent-child,8,,http://www.xbrl.org/2003/role/terseLabel,http://www.cat.com/role/CatFinancialFinancingActivitiesContractualmaturitiesofoutstandingwholesaleinventoryreceivablesDetails,cat-20251231_pre.xml
X-CAT-0099,CAT,Caterpillar Inc.,bounded_extension,presentation,us-gaap:AccountsNotesAndLoansReceivableLineItems,"Accounts, Notes, Loans and Financing Receivable [Line Items]",cat:WholesaleInventoryReceivablesUnguaranteedResidualValue,,http://www.xbrl.org/2003/arcrole/parent-child,9,,http://www.xbrl.org/2003/role/terseLabel,http://www.cat.com/role/CatFinancialFinancingActivitiesContractualmaturitiesofoutstandingwholesaleinventoryreceivablesDetails,cat-20251231_pre.xml
X-CAT-0100,CAT,Caterpillar Inc.,bounded_extension,presentation,us-gaap:AccountsNotesAndLoansReceivableLineItems,"Accounts, Notes, Loans and Financing Receivable [Line Items]",us-gaap:FinancingReceivableUnamortizedLoanCommitmentOriginationFeeAndPremiumDiscount,"Financing Receivable, Unamortized Loan Cost (Fee) and Purchase Premium (Discount)",http://www.xbrl.org/2003/arcrole/parent-child,10,,http://www.xbrl.org/2003/role/verboseLabel,http://www.cat.com/role/CatFinancialFinancingActivitiesContractualmaturitiesofoutstandingwholesaleinventoryreceivablesDetails,cat-20251231_pre.xml
X-CAT-0101,CAT,Caterpillar Inc.,bounded_extension,presentation,us-gaap:AccountsNotesAndLoansReceivableLineItems,"Accounts, Notes, Loans and Financing Receivable [Line Items]",us-gaap:NotesReceivableGross,"Financing Receivable, before Allowance for Credit Loss",http://www.xbrl.org/2003/arcrole/parent-child,11,,http://www.xbrl.org/2003/role/totalLabel,http://www.cat.com/role/CatFinancialFinancingActivitiesContractualmaturitiesofoutstandingwholesaleinventoryreceivablesDetails,cat-20251231_pre.xml
X-CAT-0102,CAT,Caterpillar Inc.,bounded_extension,presentation,us-gaap:ReceivablesAbstract,Receivables [Abstract],cat:FinanceReceivablesTable,,http://www.xbrl.org/2003/arcrole/parent-child,1,,http://www.xbrl.org/2003/role/terseLabel,http://www.cat.com/role/CatFinancialFinancingActivitiesContractualmaturitiesofoutstandingfinancereceivablesDetails,cat-20251231_pre.xml
X-CAT-0103,CAT,Caterpillar Inc.,bounded_extension,presentation,cat:FinanceReceivablesTable,,us-gaap:AccountsNotesLoansAndFinancingReceivableByReceivableTypeAxis,Receivable Type [Axis],http://www.xbrl.org/2003/arcrole/parent-child,1,,http://www.xbrl.org/2003/role/terseLabel,http://www.cat.com/role/CatFinancialFinancingActivitiesContractualmaturitiesofoutstandingfinancereceivablesDetails,cat-20251231_pre.xml
X-CAT-0104,CAT,Caterpillar Inc.,bounded_extension,presentation,us-gaap:AccountsNotesLoansAndFinancingReceivableByReceivableTypeAxis,Receivable Type [Axis],us-gaap:ReceivableTypeDomain,Receivable [Domain],http://www.xbrl.org/2003/arcrole/parent-child,1,,http://www.xbrl.org/2003/role/terseLabel,http://www.cat.com/role/CatFinancialFinancingActivitiesContractualmaturitiesofoutstandingfinancereceivablesDetails,cat-20251231_pre.xml
X-CAT-0105,CAT,Caterpillar Inc.,bounded_extension,presentation,us-gaap:ReceivableTypeDomain,Receivable [Domain],cat:FinanceReceivableMember,,http://www.xbrl.org/2003/arcrole/parent-child,1,,http://www.xbrl.org/2003/role/terseLabel,http://www.cat.com/role/CatFinancialFinancingActivitiesContractualmaturitiesofoutstandingfinancereceivablesDetails,cat-20251231_pre.xml
X-CAT-0106,CAT,Caterpillar Inc.,bounded_extension,presentation,cat:FinanceReceivablesTable,,cat:FinanceReceivablesAxis,,http://www.xbrl.org/2003/arcrole/parent-child,2,,http://www.xbrl.org/2003/role/terseLabel,http://www.cat.com/role/CatFinancialFinancingActivitiesContractualmaturitiesofoutstandingfinancereceivablesDetails,cat-20251231_pre.xml
X-CAT-0107,CAT,Caterpillar Inc.,bounded_extension,presentation,cat:FinanceReceivablesAxis,,cat:FinanceReceivablesDomain,,http://www.xbrl.org/2003/arcrole/parent-child,1,,http://www.xbrl.org/2003/role/terseLabel,http://www.cat.com/role/CatFinancialFinancingActivitiesContractualmaturitiesofoutstandingfinancereceivablesDetails,cat-20251231_pre.xml
X-CAT-0108,CAT,Caterpillar Inc.,bounded_extension,presentation,cat:FinanceReceivablesDomain,,cat:RetailloansMember,,http://www.xbrl.org/2003/arcrole/parent-child,1,,http://www.xbrl.org/2003/role/terseLabel,http://www.cat.com/role/CatFinancialFinancingActivitiesContractualmaturitiesofoutstandingfinancereceivablesDetails,cat-20251231_pre.xml
X-CAT-0109,CAT,Caterpillar Inc.,bounded_extension,presentation,cat:FinanceReceivablesDomain,,cat:RetailLeasesMember,,http://www.xbrl.org/2003/arcrole/parent-child,2,,http://www.xbrl.org/2003/role/terseLabel,http://www.cat.com/role/CatFinancialFinancingActivitiesContractualmaturitiesofoutstandingfinancereceivablesDetails,cat-20251231_pre.xml
X-CAT-0110,CAT,Caterpillar Inc.,bounded_extension,presentation,cat:FinanceReceivablesTable,,cat:FinanceReceivablesLineItems,Finance Receivables [Line Items],http://www.xbrl.org/2003/arcrole/parent-child,3,,http://www.xbrl.org/2003/role/terseLabel,http://www.cat.com/role/CatFinancialFinancingActivitiesContractualmaturitiesofoutstandingfinancereceivablesDetails,cat-20251231_pre.xml
X-CAT-0111,CAT,Caterpillar Inc.,bounded_extension,presentation,cat:FinanceReceivablesLineItems,Finance Receivables [Line Items],cat:ContractualMaturitiesOfOutstandingFinanceReceivablesAbstract,Contractual Maturities of Outstanding Finance Receivables [Abstract],http://www.xbrl.org/2003/arcrole/parent-child,1,,http://www.xbrl.org/2003/role/terseLabel,http://www.cat.com/role/CatFinancialFinancingActivitiesContractualmaturitiesofoutstandingfinancereceivablesDetails,cat-20251231_pre.xml
X-CAT-0112,CAT,Caterpillar Inc.,bounded_extension,presentation,cat:ContractualMaturitiesOfOutstandingFinanceReceivablesAbstract,Contractual Maturities of Outstanding Finance Receivables [Abstract],cat:FinanceReceivablesDueInNextTwelveMonths,,http://www.xbrl.org/2003/arcrole/parent-child,1,,http://www.xbrl.org/2003/role/terseLabel,http://www.cat.com/role/CatFinancialFinancingActivitiesContractualmaturitiesofoutstandingfinancereceivablesDetails,cat-20251231_pre.xml
X-CAT-0113,CAT,Caterpillar Inc.,bounded_extension,presentation,cat:ContractualMaturitiesOfOutstandingFinanceReceivablesAbstract,Contractual Maturities of Outstanding Finance Receivables [Abstract],cat:FinanceReceivablesDueInYearTwo,,http://www.xbrl.org/2003/arcrole/parent-child,2,,http://www.xbrl.org/2003/role/terseLabel,http://www.cat.com/role/CatFinancialFinancingActivitiesContractualmaturitiesofoutstandingfinancereceivablesDetails,cat-20251231_pre.xml
X-CAT-0114,CAT,Caterpillar Inc.,bounded_extension,presentation,cat:ContractualMaturitiesOfOutstandingFinanceReceivablesAbstract,Contractual Maturities of Outstanding Finance Receivables [Abstract],cat:FinanceReceivablesDueInYearThree,,http://www.xbrl.org/2003/arcrole/parent-child,3,,http://www.xbrl.org/2003/role/terseLabel,http://www.cat.com/role/CatFinancialFinancingActivitiesContractualmaturitiesofoutstandingfinancereceivablesDetails,cat-20251231_pre.xml
X-CAT-0115,CAT,Caterpillar Inc.,bounded_extension,presentation,cat:ContractualMaturitiesOfOutstandingFinanceReceivablesAbstract,Contractual Maturities of Outstanding Finance Receivables [Abstract],cat:FinanceReceivablesDueInYearFour,,http://www.xbrl.org/2003/arcrole/parent-child,4,,http://www.xbrl.org/2003/role/terseLabel,http://www.cat.com/role/CatFinancialFinancingActivitiesContractualmaturitiesofoutstandingfinancereceivablesDetails,cat-20251231_pre.xml
X-CAT-0116,CAT,Caterpillar Inc.,bounded_extension,presentation,cat:ContractualMaturitiesOfOutstandingFinanceReceivablesAbstract,Contractual Maturities of Outstanding Finance Receivables [Abstract],cat:FinanceReceivablesDueInYearFive,,http://www.xbrl.org/2003/arcrole/parent-child,5,,http://www.xbrl.org/2003/role/terseLabel,http://www.cat.com/role/CatFinancialFinancingActivitiesContractualmaturitiesofoutstandingfinancereceivablesDetails,cat-20251231_pre.xml
X-CAT-0117,CAT,Caterpillar Inc.,bounded_extension,presentation,cat:ContractualMaturitiesOfOutstandingFinanceReceivablesAbstract,Contractual Maturities of Outstanding Finance Receivables [Abstract],cat:FinanceReceivablesDueThereafter,,http://www.xbrl.org/2003/arcrole/parent-child,6,,http://www.xbrl.org/2003/role/terseLabel,http://www.cat.com/role/CatFinancialFinancingActivitiesContractualmaturitiesofoutstandingfinancereceivablesDetails,cat-20251231_pre.xml
X-CAT-0118,CAT,Caterpillar Inc.,bounded_extension,presentation,cat:ContractualMaturitiesOfOutstandingFinanceReceivablesAbstract,Contractual Maturities of Outstanding Finance Receivables [Abstract],cat:FinanceReceivablesAggregateAmountsReceivable,,http://www.xbrl.org/2003/arcrole/parent-child,7,,http://www.xbrl.org/2003/role/totalLabel,http://www.cat.com/role/CatFinancialFinancingActivitiesContractualmaturitiesofoutstandingfinancereceivablesDetails,cat-20251231_pre.xml
X-CAT-0119,CAT,Caterpillar Inc.,bounded_extension,presentation,cat:ContractualMaturitiesOfOutstandingFinanceReceivablesAbstract,Contractual Maturities of Outstanding Finance Receivables [Abstract],cat:FinanceReceivablesGuaranteedResidualValue,,http://www.xbrl.org/2003/arcrole/parent-child,8,,http://www.xbrl.org/2003/role/terseLabel,http://www.cat.com/role/CatFinancialFinancingActivitiesContractualmaturitiesofoutstandingfinancereceivablesDetails,cat-20251231_pre.xml
X-CAT-0120,CAT,Caterpillar Inc.,bounded_extension,presentation,cat:ContractualMaturitiesOfOutstandingFinanceReceivablesAbstract,Contractual Maturities of Outstanding Finance Receivables [Abstract],cat:FinanceReceivablesUnguaranteedResidualValue,,http://www.xbrl.org/2003/arcrole/parent-child,9,,http://www.xbrl.org/2003/role/terseLabel,http://www.cat.com/role/CatFinancialFinancingActivitiesContractualmaturitiesofoutstandingfinancereceivablesDetails,cat-20251231_pre.xml
X-CAT-0121,CAT,Caterpillar Inc.,bounded_extension,presentation,cat:ContractualMaturitiesOfOutstandingFinanceReceivablesAbstract,Contractual Maturities of Outstanding Finance Receivables [Abstract],us-gaap:FinancingReceivableUnamortizedLoanCommitmentOriginationFeeAndPremiumDiscount,"Financing Receivable, Unamortized Loan Cost (Fee) and Purchase Premium (Discount)",http://www.xbrl.org/2003/arcrole/parent-child,10,,http://www.xbrl.org/2009/role/negatedLabel,http://www.cat.com/role/CatFinancialFinancingActivitiesContractualmaturitiesofoutstandingfinancereceivablesDetails,cat-20251231_pre.xml
X-CAT-0122,CAT,Caterpillar Inc.,bounded_extension,presentation,cat:ContractualMaturitiesOfOutstandingFinanceReceivablesAbstract,Contractual Maturities of Outstanding Finance Receivables [Abstract],us-gaap:NotesReceivableGross,"Financing Receivable, before Allowance for Credit Loss",http://www.xbrl.org/2003/arcrole/parent-child,11,,http://www.xbrl.org/2003/role/totalLabel,http://www.cat.com/role/CatFinancialFinancingActivitiesContractualmaturitiesofoutstandingfinancereceivablesDetails,cat-20251231_pre.xml
X-CAT-0123,CAT,Caterpillar Inc.,bounded_extension,presentation,us-gaap:ReceivablesAbstract,Receivables [Abstract],cat:WriteOffsByOriginationYearTable,,http://www.xbrl.org/2003/arcrole/parent-child,1,,http://www.xbrl.org/2003/role/terseLabel,http://www.cat.com/role/CatFinancialFinancingActivitiesWriteOffsDetails,cat-20251231_pre.xml
X-CAT-0124,CAT,Caterpillar Inc.,bounded_extension,presentation,cat:WriteOffsByOriginationYearTable,,us-gaap:FinancingReceivablePortfolioSegmentAxis,Financing Receivable Portfolio Segment [Axis],http://www.xbrl.org/2003/arcrole/parent-child,1,,http://www.xbrl.org/2003/role/terseLabel,http://www.cat.com/role/CatFinancialFinancingActivitiesWriteOffsDetails,cat-20251231_pre.xml
X-CAT-0125,CAT,Caterpillar Inc.,bounded_extension,presentation,us-gaap:FinancingReceivablePortfolioSegmentAxis,Financing Receivable Portfolio Segment [Axis],us-gaap:FinancingReceivablePortfolioSegmentDomain,Financing Receivable Portfolio Segment [Domain],http://www.xbrl.org/2003/arcrole/parent-child,1,,http://www.xbrl.org/2003/role/terseLabel,http://www.cat.com/role/CatFinancialFinancingActivitiesWriteOffsDetails,cat-20251231_pre.xml
X-CAT-0126,CAT,Caterpillar Inc.,bounded_extension,presentation,us-gaap:FinancingReceivablePortfolioSegmentDomain,Financing Receivable Portfolio Segment [Domain],cat:CustomerMember,,http://www.xbrl.org/2003/arcrole/parent-child,1,,http://www.xbrl.org/2003/role/terseLabel,http://www.cat.com/role/CatFinancialFinancingActivitiesWriteOffsDetails,cat-20251231_pre.xml
X-CAT-0127,CAT,Caterpillar Inc.,bounded_extension,presentation,us-gaap:FinancingReceivablePortfolioSegmentDomain,Financing Receivable Portfolio Segment [Domain],cat:DealerMember,,http://www.xbrl.org/2003/arcrole/parent-child,2,,http://www.xbrl.org/2003/role/terseLabel,http://www.cat.com/role/CatFinancialFinancingActivitiesWriteOffsDetails,cat-20251231_pre.xml
X-CAT-0128,CAT,Caterpillar Inc.,bounded_extension,presentation,cat:WriteOffsByOriginationYearTable,,us-gaap:FinancingReceivableRecordedInvestmentByClassOfFinancingReceivableAxis,Class of Financing Receivable [Axis],http://www.xbrl.org/2003/arcrole/parent-child,2,,http://www.xbrl.org/2003/role/terseLabel,http://www.cat.com/role/CatFinancialFinancingActivitiesWriteOffsDetails,cat-20251231_pre.xml
X-CAT-0129,CAT,Caterpillar Inc.,bounded_extension,presentation,us-gaap:FinancingReceivableRecordedInvestmentByClassOfFinancingReceivableAxis,Class of Financing Receivable [Axis],us-gaap:FinancingReceivableRecordedInvestmentClassOfFinancingReceivableDomain,Class of Financing Receivable [Domain],http://www.xbrl.org/2003/arcrole/parent-child,1,,http://www.xbrl.org/2003/role/terseLabel,http://www.cat.com/role/CatFinancialFinancingActivitiesWriteOffsDetails,cat-20251231_pre.xml
X-CAT-0130,CAT,Caterpillar Inc.,bounded_extension,presentation,us-gaap:FinancingReceivableRecordedInvestmentClassOfFinancingReceivableDomain,Class of Financing Receivable [Domain],srt:NorthAmericaMember,North America [Member],http://www.xbrl.org/2003/arcrole/parent-child,1,,http://www.xbrl.org/2003/role/terseLabel,http://www.cat.com/role/CatFinancialFinancingActivitiesWriteOffsDetails,cat-20251231_pre.xml
X-CAT-0131,CAT,Caterpillar Inc.,bounded_extension,presentation,us-gaap:FinancingReceivableRecordedInvestmentClassOfFinancingReceivableDomain,Class of Financing Receivable [Domain],us-gaap:EMEAMember,EMEA [Member],http://www.xbrl.org/2003/arcrole/parent-child,2,,http://www.xbrl.org/2003/role/terseLabel,http://www.cat.com/role/CatFinancialFinancingActivitiesWriteOffsDetails,cat-20251231_pre.xml
X-CAT-0132,CAT,Caterpillar Inc.,bounded_extension,presentation,us-gaap:FinancingReceivableRecordedInvestmentClassOfFinancingReceivableDomain,Class of Financing Receivable [Domain],srt:AsiaPacificMember,Asia Pacific [Member],http://www.xbrl.org/2003/arcrole/parent-child,3,,http://www.xbrl.org/2003/role/terseLabel,http://www.cat.com/role/CatFinancialFinancingActivitiesWriteOffsDetails,cat-20251231_pre.xml
X-CAT-0133,CAT,Caterpillar Inc.,bounded_extension,presentation,us-gaap:FinancingReceivableRecordedInvestmentClassOfFinancingReceivableDomain,Class of Financing Receivable [Domain],srt:LatinAmericaMember,Latin America [Member],http://www.xbrl.org/2003/arcrole/parent-child,4,,http://www.xbrl.org/2003/role/terseLabel,http://www.cat.com/role/CatFinancialFinancingActivitiesWriteOffsDetails,cat-20251231_pre.xml
X-CAT-0134,CAT,Caterpillar Inc.,bounded_extension,presentation,us-gaap:FinancingReceivableRecordedInvestmentClassOfFinancingReceivableDomain,Class of Financing Receivable [Domain],cat:MiningMember,,http://www.xbrl.org/2003/arcrole/parent-child,5,,http://www.xbrl.org/2003/role/terseLabel,http://www.cat.com/role/CatFinancialFinancingActivitiesWriteOffsDetails,cat-20251231_pre.xml
X-CAT-0135,CAT,Caterpillar Inc.,bounded_extension,presentation,us-gaap:FinancingReceivableRecordedInvestmentClassOfFinancingReceivableDomain,Class of Financing Receivable [Domain],cat:PowerMember,,http://www.xbrl.org/2003/arcrole/parent-child,6,,http://www.xbrl.org/2003/role/terseLabel,http://www.cat.com/role/CatFinancialFinancingActivitiesWriteOffsDetails,cat-20251231_pre.xml
X-CAT-0136,CAT,Caterpillar Inc.,bounded_extension,presentation,cat:WriteOffsByOriginationYearLineItems,,us-gaap:FinancingReceivableYearOneOriginatedCurrentFiscalYearWriteoff,"Financing Receivable, Year One, Originated, Current Fiscal Year, Writeoff",http://www.xbrl.org/2003/arcrole/parent-child,1,,http://www.xbrl.org/2003/role/terseLabel,http://www.cat.com/role/CatFinancialFinancingActivitiesWriteOffsDetails,cat-20251231_pre.xml
X-CAT-0137,CAT,Caterpillar Inc.,bounded_extension,presentation,cat:WriteOffsByOriginationYearLineItems,,us-gaap:FinancingReceivableYearTwoOriginatedFiscalYearBeforeCurrentFiscalYearWriteoff,"Financing Receivable, Year Two, Originated, Fiscal Year before Current Fiscal Year, Writeoff",http://www.xbrl.org/2003/arcrole/parent-child,2,,http://www.xbrl.org/2003/role/terseLabel,http://www.cat.com/role/CatFinancialFinancingActivitiesWriteOffsDetails,cat-20251231_pre.xml
X-CAT-0138,CAT,Caterpillar Inc.,bounded_extension,presentation,cat:WriteOffsByOriginationYearLineItems,,us-gaap:FinancingReceivableYearThreeOriginatedTwoYearsBeforeCurrentFiscalYearWriteoff,"Financing Receivable, Year Three, Originated, Two Years before Current Fiscal Year, Writeoff",http://www.xbrl.org/2003/arcrole/parent-child,3,,http://www.xbrl.org/2003/role/terseLabel,http://www.cat.com/role/CatFinancialFinancingActivitiesWriteOffsDetails,cat-20251231_pre.xml
X-CAT-0139,CAT,Caterpillar Inc.,bounded_extension,presentation,cat:WriteOffsByOriginationYearLineItems,,us-gaap:FinancingReceivableYearFourOriginatedThreeYearsBeforeCurrentFiscalYearWriteoff,"Financing Receivable, Year Four, Originated, Three Years before Current Fiscal Year, Writeoff",http://www.xbrl.org/2003/arcrole/parent-child,4,,http://www.xbrl.org/2003/role/terseLabel,http://www.cat.com/role/CatFinancialFinancingActivitiesWriteOffsDetails,cat-20251231_pre.xml
X-CAT-0140,CAT,Caterpillar Inc.,bounded_extension,presentation,cat:WriteOffsByOriginationYearLineItems,,us-gaap:FinancingReceivableYearFiveOriginatedFourYearsBeforeCurrentFiscalYearWriteoff,"Financing Receivable, Year Five, Originated, Four Years before Current Fiscal Year, Writeoff",http://www.xbrl.org/2003/arcrole/parent-child,5,,http://www.xbrl.org/2003/role/terseLabel,http://www.cat.com/role/CatFinancialFinancingActivitiesWriteOffsDetails,cat-20251231_pre.xml
X-CAT-0141,CAT,Caterpillar Inc.,bounded_extension,presentation,cat:WriteOffsByOriginationYearLineItems,,us-gaap:FinancingReceivableOriginatedMoreThanFiveYearsBeforeCurrentFiscalYearWriteoff,"Financing Receivable, Originated, More than Five Years before Current Fiscal Year, Writeoff",http://www.xbrl.org/2003/arcrole/parent-child,6,,http://www.xbrl.org/2003/role/terseLabel,http://www.cat.com/role/CatFinancialFinancingActivitiesWriteOffsDetails,cat-20251231_pre.xml
X-CAT-0142,CAT,Caterpillar Inc.,bounded_extension,presentation,cat:WriteOffsByOriginationYearLineItems,,us-gaap:FinancingReceivableRevolvingWriteoff,"Financing Receivable, Revolving, Writeoff",http://www.xbrl.org/2003/arcrole/parent-child,7,,http://www.xbrl.org/2003/role/terseLabel,http://www.cat.com/role/CatFinancialFinancingActivitiesWriteOffsDetails,cat-20251231_pre.xml
X-CAT-0143,CAT,Caterpillar Inc.,bounded_extension,presentation,cat:WriteOffsByOriginationYearLineItems,,us-gaap:FinancingReceivableAllowanceForCreditLossesWriteOffs,"Financing Receivable, Allowance for Credit Loss, Writeoff",http://www.xbrl.org/2003/arcrole/parent-child,8,,http://www.xbrl.org/2003/role/totalLabel,http://www.cat.com/role/CatFinancialFinancingActivitiesWriteOffsDetails,cat-20251231_pre.xml
X-CAT-0144,CAT,Caterpillar Inc.,bounded_extension,presentation,us-gaap:ReceivablesAbstract,Receivables [Abstract],us-gaap:ScheduleOfFinancingReceivableAllowanceForCreditLossesTable,"Financing Receivable, Allowance for Credit Loss [Table]",http://www.xbrl.org/2003/arcrole/parent-child,1,,http://www.xbrl.org/2003/role/terseLabel,http://www.cat.com/role/CatFinancialFinancingActivitiesAllowanceforcreditlossesinfinancereceivablesDetails,cat-20251231_pre.xml
X-CAT-0145,CAT,Caterpillar Inc.,bounded_extension,presentation,us-gaap:ScheduleOfFinancingReceivableAllowanceForCreditLossesTable,"Financing Receivable, Allowance for Credit Loss [Table]",us-gaap:FinancingReceivablePortfolioSegmentAxis,Financing Receivable Portfolio Segment [Axis],http://www.xbrl.org/2003/arcrole/parent-child,1,,http://www.xbrl.org/2003/role/terseLabel,http://www.cat.com/role/CatFinancialFinancingActivitiesAllowanceforcreditlossesinfinancereceivablesDetails,cat-20251231_pre.xml
X-CAT-0146,CAT,Caterpillar Inc.,bounded_extension,presentation,us-gaap:FinancingReceivablePortfolioSegmentAxis,Financing Receivable Portfolio Segment [Axis],us-gaap:FinancingReceivablePortfolioSegmentDomain,Financing Receivable Portfolio Segment [Domain],http://www.xbrl.org/2003/arcrole/parent-child,1,,http://www.xbrl.org/2003/role/terseLabel,http://www.cat.com/role/CatFinancialFinancingActivitiesAllowanceforcreditlossesinfinancereceivablesDetails,cat-20251231_pre.xml
X-CAT-0147,CAT,Caterpillar Inc.,bounded_extension,presentation,us-gaap:FinancingReceivablePortfolioSegmentDomain,Financing Receivable Portfolio Segment [Domain],cat:CustomerMember,,http://www.xbrl.org/2003/arcrole/parent-child,1,,http://www.xbrl.org/2003/role/terseLabel,http://www.cat.com/role/CatFinancialFinancingActivitiesAllowanceforcreditlossesinfinancereceivablesDetails,cat-20251231_pre.xml
X-CAT-0148,CAT,Caterpillar Inc.,bounded_extension,presentation,us-gaap:FinancingReceivablePortfolioSegmentDomain,Financing Receivable Portfolio Segment [Domain],cat:DealerMember,,http://www.xbrl.org/2003/arcrole/parent-child,2,,http://www.xbrl.org/2003/role/terseLabel,http://www.cat.com/role/CatFinancialFinancingActivitiesAllowanceforcreditlossesinfinancereceivablesDetails,cat-20251231_pre.xml
X-CAT-0149,CAT,Caterpillar Inc.,bounded_extension,presentation,us-gaap:ScheduleOfFinancingReceivableAllowanceForCreditLossesTable,"Financing Receivable, Allowance for Credit Loss [Table]",us-gaap:FinancingReceivableAllowanceForCreditLossesLineItems,"Financing Receivable, Allowance for Credit Loss [Line Items]",http://www.xbrl.org/2003/arcrole/parent-child,2,,http://www.xbrl.org/2003/role/terseLabel,http://www.cat.com/role/CatFinancialFinancingActivitiesAllowanceforcreditlossesinfinancereceivablesDetails,cat-20251231_pre.xml
X-CAT-0150,CAT,Caterpillar Inc.,bounded_extension,presentation,us-gaap:FinancingReceivableAllowanceForCreditLossesLineItems,"Financing Receivable, Allowance for Credit Loss [Line Items]",us-gaap:FinancingReceivableAllowanceForCreditLossesRollForward,"Financing Receivable, Allowance for Credit Loss [Roll Forward]",http://www.xbrl.org/2003/arcrole/parent-child,1,,http://www.xbrl.org/2003/role/terseLabel,http://www.cat.com/role/CatFinancialFinancingActivitiesAllowanceforcreditlossesinfinancereceivablesDetails,cat-20251231_pre.xml
X-CAT-0151,CAT,Caterpillar Inc.,bounded_extension,presentation,us-gaap:FinancingReceivableAllowanceForCreditLossesRollForward,"Financing Receivable, Allowance for Credit Loss [Roll Forward]",us-gaap:FinancingReceivableAllowanceForCreditLosses,"Financing Receivable, Allowance for Credit Loss",http://www.xbrl.org/2003/arcrole/parent-child,1,,http://www.xbrl.org/2003/role/periodStartLabel,http://www.cat.com/role/CatFinancialFinancingActivitiesAllowanceforcreditlossesinfinancereceivablesDetails,cat-20251231_pre.xml
X-CAT-0152,CAT,Caterpillar Inc.,bounded_extension,presentation,us-gaap:FinancingReceivableAllowanceForCreditLossesRollForward,"Financing Receivable, Allowance for Credit Loss [Roll Forward]",us-gaap:FinancingReceivableAllowanceForCreditLossesWriteOffs,"Financing Receivable, Allowance for Credit Loss, Writeoff",http://www.xbrl.org/2003/arcrole/parent-child,2,,http://www.xbrl.org/2009/role/negatedLabel,http://www.cat.com/role/CatFinancialFinancingActivitiesAllowanceforcreditlossesinfinancereceivablesDetails,cat-20251231_pre.xml
X-CAT-0153,CAT,Caterpillar Inc.,bounded_extension,presentation,us-gaap:FinancingReceivableAllowanceForCreditLossesRollForward,"Financing Receivable, Allowance for Credit Loss [Roll Forward]",us-gaap:FinancingReceivableAllowanceForCreditLossesRecovery,"Financing Receivable, Allowance for Credit Loss, Recovery",http://www.xbrl.org/2003/arcrole/parent-child,3,,http://www.xbrl.org/2003/role/terseLabel,http://www.cat.com/role/CatFinancialFinancingActivitiesAllowanceforcreditlossesinfinancereceivablesDetails,cat-20251231_pre.xml
X-CAT-0154,CAT,Caterpillar Inc.,bounded_extension,presentation,us-gaap:FinancingReceivableAllowanceForCreditLossesRollForward,"Financing Receivable, Allowance for Credit Loss [Roll Forward]",us-gaap:ProvisionForLoanLossesExpensed,"Financing Receivable, Credit Loss, Expense (Reversal)",http://www.xbrl.org/2003/arcrole/parent-child,4,,http://www.xbrl.org/2003/role/terseLabel,http://www.cat.com/role/CatFinancialFinancingActivitiesAllowanceforcreditlossesinfinancereceivablesDetails,cat-20251231_pre.xml
X-CAT-0155,CAT,Caterpillar Inc.,bounded_extension,presentation,us-gaap:FinancingReceivableAllowanceForCreditLossesRollForward,"Financing Receivable, Allowance for Credit Loss [Roll Forward]",cat:FinancingReceivableAllowanceForCreditLossesOtherActivity,,http://www.xbrl.org/2003/arcrole/parent-child,5,,http://www.xbrl.org/2009/role/negatedLabel,http://www.cat.com/role/CatFinancialFinancingActivitiesAllowanceforcreditlossesinfinancereceivablesDetails,cat-20251231_pre.xml
X-CAT-0156,CAT,Caterpillar Inc.,bounded_extension,presentation,us-gaap:FinancingReceivableAllowanceForCreditLossesRollForward,"Financing Receivable, Allowance for Credit Loss [Roll Forward]",us-gaap:FinancingReceivableAllowanceForCreditLosses,"Financing Receivable, Allowance for Credit Loss",http://www.xbrl.org/2003/arcrole/parent-child,6,,http://www.xbrl.org/2003/role/periodEndLabel,http://www.cat.com/role/CatFinancialFinancingActivitiesAllowanceforcreditlossesinfinancereceivablesDetails,cat-20251231_pre.xml
X-CAT-0157,CAT,Caterpillar Inc.,bounded_extension,presentation,us-gaap:FinancingReceivableAllowanceForCreditLossesLineItems,"Financing Receivable, Allowance for Credit Loss [Line Items]",us-gaap:NotesReceivableGross,"Financing Receivable, before Allowance for Credit Loss",http://www.xbrl.org/2003/arcrole/parent-child,2,,http://www.xbrl.org/2003/role/verboseLabel,http://www.cat.com/role/CatFinancialFinancingActivitiesAllowanceforcreditlossesinfinancereceivablesDetails,cat-20251231_pre.xml
X-CAT-0158,CAT,Caterpillar Inc.,bounded_extension,presentation,us-gaap:ReceivablesAbstract,Receivables [Abstract],us-gaap:ScheduleOfFinancingReceivableRecordedInvestmentCreditQualityIndicatorTable,"Financing Receivable, Credit Quality Indicator [Table]",http://www.xbrl.org/2003/arcrole/parent-child,1,,http://www.xbrl.org/2003/role/terseLabel,http://www.cat.com/role/CatFinancialFinancingActivitiesAmortizedcostoffinancereceivablesinthecustomerportfoliosegmentbyoriginationyearDetails,cat-20251231_pre.xml
X-CAT-0159,CAT,Caterpillar Inc.,bounded_extension,presentation,us-gaap:ScheduleOfFinancingReceivableRecordedInvestmentCreditQualityIndicatorTable,"Financing Receivable, Credit Quality Indicator [Table]",us-gaap:AccountsNotesLoansAndFinancingReceivableByReceivableTypeAxis,Receivable Type [Axis],http://www.xbrl.org/2003/arcrole/parent-child,1,,http://www.xbrl.org/2003/role/terseLabel,http://www.cat.com/role/CatFinancialFinancingActivitiesAmortizedcostoffinancereceivablesinthecustomerportfoliosegmentbyoriginationyearDetails,cat-20251231_pre.xml
X-CAT-0160,CAT,Caterpillar Inc.,bounded_extension,presentation,us-gaap:AccountsNotesLoansAndFinancingReceivableByReceivableTypeAxis,Receivable Type [Axis],us-gaap:ReceivableTypeDomain,Receivable [Domain],http://www.xbrl.org/2003/arcrole/parent-child,1,,http://www.xbrl.org/2003/role/terseLabel,http://www.cat.com/role/CatFinancialFinancingActivitiesAmortizedcostoffinancereceivablesinthecustomerportfoliosegmentbyoriginationyearDetails,cat-20251231_pre.xml
X-CAT-0161,CAT,Caterpillar Inc.,bounded_extension,presentation,us-gaap:ReceivableTypeDomain,Receivable [Domain],cat:FinanceReceivableMember,,http://www.xbrl.org/2003/arcrole/parent-child,1,,http://www.xbrl.org/2003/role/terseLabel,http://www.cat.com/role/CatFinancialFinancingActivitiesAmortizedcostoffinancereceivablesinthecustomerportfoliosegmentbyoriginationyearDetails,cat-20251231_pre.xml
X-CAT-0162,CAT,Caterpillar Inc.,bounded_extension,presentation,us-gaap:ScheduleOfFinancingReceivableRecordedInvestmentCreditQualityIndicatorTable,"Financing Receivable, Credit Quality Indicator [Table]",us-gaap:FinancingReceivablePortfolioSegmentAxis,Financing Receivable Portfolio Segment [Axis],http://www.xbrl.org/2003/arcrole/parent-child,2,,http://www.xbrl.org/2003/role/terseLabel,http://www.cat.com/role/CatFinancialFinancingActivitiesAmortizedcostoffinancereceivablesinthecustomerportfoliosegmentbyoriginationyearDetails,cat-20251231_pre.xml
X-CAT-0163,CAT,Caterpillar Inc.,bounded_extension,presentation,us-gaap:FinancingReceivablePortfolioSegmentAxis,Financing Receivable Portfolio Segment [Axis],us-gaap:FinancingReceivablePortfolioSegmentDomain,Financing Receivable Portfolio Segment [Domain],http://www.xbrl.org/2003/arcrole/parent-child,1,,http://www.xbrl.org/2003/role/terseLabel,http://www.cat.com/role/CatFinancialFinancingActivitiesAmortizedcostoffinancereceivablesinthecustomerportfoliosegmentbyoriginationyearDetails,cat-20251231_pre.xml
X-CAT-0164,CAT,Caterpillar Inc.,bounded_extension,presentation,us-gaap:FinancingReceivablePortfolioSegmentDomain,Financing Receivable Portfolio Segment [Domain],cat:CustomerMember,,http://www.xbrl.org/2003/arcrole/parent-child,1,,http://www.xbrl.org/2003/role/terseLabel,http://www.cat.com/role/CatFinancialFinancingActivitiesAmortizedcostoffinancereceivablesinthecustomerportfoliosegmentbyoriginationyearDetails,cat-20251231_pre.xml
X-CAT-0165,CAT,Caterpillar Inc.,bounded_extension,presentation,us-gaap:ScheduleOfFinancingReceivableRecordedInvestmentCreditQualityIndicatorTable,"Financing Receivable, Credit Quality Indicator [Table]",us-gaap:FinancingReceivableRecordedInvestmentByClassOfFinancingReceivableAxis,Class of Financing Receivable [Axis],http://www.xbrl.org/2003/arcrole/parent-child,3,,http://www.xbrl.org/2003/role/terseLabel,http://www.cat.com/role/CatFinancialFinancingActivitiesAmortizedcostoffinancereceivablesinthecustomerportfoliosegmentbyoriginationyearDetails,cat-20251231_pre.xml
X-CAT-0166,CAT,Caterpillar Inc.,bounded_extension,presentation,us-gaap:FinancingReceivableRecordedInvestmentByClassOfFinancingReceivableAxis,Class of Financing Receivable [Axis],us-gaap:FinancingReceivableRecordedInvestmentClassOfFinancingReceivableDomain,Class of Financing Receivable [Domain],http://www.xbrl.org/2003/arcrole/parent-child,1,,http://www.xbrl.org/2003/role/terseLabel,http://www.cat.com/role/CatFinancialFinancingActivitiesAmortizedcostoffinancereceivablesinthecustomerportfoliosegmentbyoriginationyearDetails,cat-20251231_pre.xml
X-CAT-0167,CAT,Caterpillar Inc.,bounded_extension,presentation,us-gaap:FinancingReceivableRecordedInvestmentClassOfFinancingReceivableDomain,Class of Financing Receivable [Domain],srt:NorthAmericaMember,North America [Member],http://www.xbrl.org/2003/arcrole/parent-child,1,,http://www.xbrl.org/2003/role/terseLabel,http://www.cat.com/role/CatFinancialFinancingActivitiesAmortizedcostoffinancereceivablesinthecustomerportfoliosegmentbyoriginationyearDetails,cat-20251231_pre.xml
X-CAT-0168,CAT,Caterpillar Inc.,bounded_extension,presentation,us-gaap:FinancingReceivableRecordedInvestmentClassOfFinancingReceivableDomain,Class of Financing Receivable [Domain],us-gaap:EMEAMember,EMEA [Member],http://www.xbrl.org/2003/arcrole/parent-child,2,,http://www.xbrl.org/2003/role/verboseLabel,http://www.cat.com/role/CatFinancialFinancingActivitiesAmortizedcostoffinancereceivablesinthecustomerportfoliosegmentbyoriginationyearDetails,cat-20251231_pre.xml
X-CAT-0169,CAT,Caterpillar Inc.,bounded_extension,presentation,us-gaap:FinancingReceivableRecordedInvestmentClassOfFinancingReceivableDomain,Class of Financing Receivable [Domain],srt:AsiaPacificMember,Asia Pacific [Member],http://www.xbrl.org/2003/arcrole/parent-child,3,,http://www.xbrl.org/2003/role/terseLabel,http://www.cat.com/role/CatFinancialFinancingActivitiesAmortizedcostoffinancereceivablesinthecustomerportfoliosegmentbyoriginationyearDetails,cat-20251231_pre.xml
X-CAT-0170,CAT,Caterpillar Inc.,bounded_extension,presentation,us-gaap:FinancingReceivableRecordedInvestmentClassOfFinancingReceivableDomain,Class of Financing Receivable [Domain],srt:LatinAmericaMember,Latin America [Member],http://www.xbrl.org/2003/arcrole/parent-child,4,,http://www.xbrl.org/2003/role/terseLabel,http://www.cat.com/role/CatFinancialFinancingActivitiesAmortizedcostoffinancereceivablesinthecustomerportfoliosegmentbyoriginationyearDetails,cat-20251231_pre.xml
X-CAT-0171,CAT,Caterpillar Inc.,bounded_extension,presentation,us-gaap:FinancingReceivableRecordedInvestmentClassOfFinancingReceivableDomain,Class of Financing Receivable [Domain],cat:MiningMember,,http://www.xbrl.org/2003/arcrole/parent-child,5,,http://www.xbrl.org/2003/role/terseLabel,http://www.cat.com/role/CatFinancialFinancingActivitiesAmortizedcostoffinancereceivablesinthecustomerportfoliosegmentbyoriginationyearDetails,cat-20251231_pre.xml
X-CAT-0172,CAT,Caterpillar Inc.,bounded_extension,presentation,us-gaap:FinancingReceivableRecordedInvestmentClassOfFinancingReceivableDomain,Class of Financing Receivable [Domain],cat:PowerMember,,http://www.xbrl.org/2003/arcrole/parent-child,6,,http://www.xbrl.org/2003/role/terseLabel,http://www.cat.com/role/CatFinancialFinancingActivitiesAmortizedcostoffinancereceivablesinthecustomerportfoliosegmentbyoriginationyearDetails,cat-20251231_pre.xml
X-CAT-0173,CAT,Caterpillar Inc.,bounded_extension,presentation,us-gaap:ScheduleOfFinancingReceivableRecordedInvestmentCreditQualityIndicatorTable,"Financing Receivable, Credit Quality Indicator [Table]",us-gaap:InternalCreditAssessmentAxis,Internal Credit Assessment [Axis],http://www.xbrl.org/2003/arcrole/parent-child,4,,http://www.xbrl.org/2003/role/terseLabel,http://www.cat.com/role/CatFinancialFinancingActivitiesAmortizedcostoffinancereceivablesinthecustomerportfoliosegmentbyoriginationyearDetails,cat-20251231_pre.xml
X-CAT-0174,CAT,Caterpillar Inc.,bounded_extension,presentation,us-gaap:InternalCreditAssessmentDomain,Internal Credit Assessment [Domain],cat:FinancingReceivables31To60DaysPastDueMember,,http://www.xbrl.org/2003/arcrole/parent-child,2,,http://www.xbrl.org/2003/role/terseLabel,http://www.cat.com/role/CatFinancialFinancingActivitiesAmortizedcostoffinancereceivablesinthecustomerportfoliosegmentbyoriginationyearDetails,cat-20251231_pre.xml
X-CAT-0175,CAT,Caterpillar Inc.,bounded_extension,presentation,us-gaap:InternalCreditAssessmentDomain,Internal Credit Assessment [Domain],cat:FinancingReceivables61To90DaysPastDueMember,,http://www.xbrl.org/2003/arcrole/parent-child,3,,http://www.xbrl.org/2003/role/terseLabel,http://www.cat.com/role/CatFinancialFinancingActivitiesAmortizedcostoffinancereceivablesinthecustomerportfoliosegmentbyoriginationyearDetails,cat-20251231_pre.xml
X-CAT-0176,CAT,Caterpillar Inc.,bounded_extension,presentation,us-gaap:InternalCreditAssessmentDomain,Internal Credit Assessment [Domain],cat:FinancingReceivablesEqualToGreaterThan91DaysPastDueMember,,http://www.xbrl.org/2003/arcrole/parent-child,4,,http://www.xbrl.org/2003/role/verboseLabel,http://www.cat.com/role/CatFinancialFinancingActivitiesAmortizedcostoffinancereceivablesinthecustomerportfoliosegmentbyoriginationyearDetails,cat-20251231_pre.xml
X-CAT-0177,CAT,Caterpillar Inc.,bounded_extension,presentation,us-gaap:ScheduleOfFinancingReceivableRecordedInvestmentCreditQualityIndicatorTable,"Financing Receivable, Credit Quality Indicator [Table]",us-gaap:FinancingReceivableRecordedInvestmentLineItems,"Financing Receivable, Credit Quality Indicator [Line Items]",http://www.xbrl.org/2003/arcrole/parent-child,5,,http://www.xbrl.org/2003/role/terseLabel,http://www.cat.com/role/CatFinancialFinancingActivitiesAmortizedcostoffinancereceivablesinthecustomerportfoliosegmentbyoriginationyearDetails,cat-20251231_pre.xml
X-CAT-0178,CAT,Caterpillar Inc.,bounded_extension,presentation,us-gaap:FinancingReceivableRecordedInvestmentLineItems,"Financing Receivable, Credit Quality Indicator [Line Items]",us-gaap:FinancingReceivableOriginatedInCurrentFiscalYear,"Financing Receivable, Year One, Originated, Current Fiscal Year",http://www.xbrl.org/2003/arcrole/parent-child,1,,http://www.xbrl.org/2003/role/terseLabel,http://www.cat.com/role/CatFinancialFinancingActivitiesAmortizedcostoffinancereceivablesinthecustomerportfoliosegmentbyoriginationyearDetails,cat-20251231_pre.xml
X-CAT-0179,CAT,Caterpillar Inc.,bounded_extension,presentation,us-gaap:FinancingReceivableRecordedInvestmentLineItems,"Financing Receivable, Credit Quality Indicator [Line Items]",us-gaap:FinancingReceivableOriginatedInFiscalYearBeforeLatestFiscalYear,"Financing Receivable, Year Two, Originated, Fiscal Year before Current Fiscal Year",http://www.xbrl.org/2003/arcrole/parent-child,2,,http://www.xbrl.org/2003/role/terseLabel,http://www.cat.com/role/CatFinancialFinancingActivitiesAmortizedcostoffinancereceivablesinthecustomerportfoliosegmentbyoriginationyearDetails,cat-20251231_pre.xml
X-CAT-0180,CAT,Caterpillar Inc.,bounded_extension,presentation,us-gaap:FinancingReceivableRecordedInvestmentLineItems,"Financing Receivable, Credit Quality Indicator [Line Items]",us-gaap:FinancingReceivableOriginatedTwoYearsBeforeLatestFiscalYear,"Financing Receivable, Year Three, Originated, Two Years before Current Fiscal Year",http://www.xbrl.org/2003/arcrole/parent-child,3,,http://www.xbrl.org/2003/role/terseLabel,http://www.cat.com/role/CatFinancialFinancingActivitiesAmortizedcostoffinancereceivablesinthecustomerportfoliosegmentbyoriginationyearDetails,cat-20251231_pre.xml
X-CAT-0181,CAT,Caterpillar Inc.,bounded_extension,presentation,us-gaap:FinancingReceivableRecordedInvestmentLineItems,"Financing Receivable, Credit Quality Indicator [Line Items]",us-gaap:FinancingReceivableOriginatedThreeYearsBeforeLatestFiscalYear,"Financing Receivable, Year Four, Originated, Three Years before Current Fiscal Year",http://www.xbrl.org/2003/arcrole/parent-child,4,,http://www.xbrl.org/2003/role/terseLabel,http://www.cat.com/role/CatFinancialFinancingActivitiesAmortizedcostoffinancereceivablesinthecustomerportfoliosegmentbyoriginationyearDetails,cat-20251231_pre.xml
X-CAT-0182,CAT,Caterpillar Inc.,bounded_extension,presentation,us-gaap:FinancingReceivableRecordedInvestmentLineItems,"Financing Receivable, Credit Quality Indicator [Line Items]",us-gaap:FinancingReceivableOriginatedFourYearsBeforeLatestFiscalYear,"Financing Receivable, Year Five, Originated, Four Years before Current Fiscal Year",http://www.xbrl.org/2003/arcrole/parent-child,5,,http://www.xbrl.org/2003/role/verboseLabel,http://www.cat.com/role/CatFinancialFinancingActivitiesAmortizedcostoffinancereceivablesinthecustomerportfoliosegmentbyoriginationyearDetails,cat-20251231_pre.xml
X-CAT-0183,CAT,Caterpillar Inc.,bounded_extension,presentation,us-gaap:FinancingReceivableRecordedInvestmentLineItems,"Financing Receivable, Credit Quality Indicator [Line Items]",us-gaap:FinancingReceivableOriginatedFiveOrMoreYearsBeforeLatestFiscalYear,"Financing Receivable, Originated, More than Five Years before Current Fiscal Year",http://www.xbrl.org/2003/arcrole/parent-child,6,,http://www.xbrl.org/2003/role/terseLabel,http://www.cat.com/role/CatFinancialFinancingActivitiesAmortizedcostoffinancereceivablesinthecustomerportfoliosegmentbyoriginationyearDetails,cat-20251231_pre.xml
X-CAT-0184,CAT,Caterpillar Inc.,bounded_extension,presentation,us-gaap:FinancingReceivableRecordedInvestmentLineItems,"Financing Receivable, Credit Quality Indicator [Line Items]",us-gaap:FinancingReceivableRevolving,"Financing Receivable, Revolving",http://www.xbrl.org/2003/arcrole/parent-child,7,,http://www.xbrl.org/2003/role/terseLabel,http://www.cat.com/role/CatFinancialFinancingActivitiesAmortizedcostoffinancereceivablesinthecustomerportfoliosegmentbyoriginationyearDetails,cat-20251231_pre.xml
X-CAT-0185,CAT,Caterpillar Inc.,bounded_extension,presentation,us-gaap:FinancingReceivableRecordedInvestmentLineItems,"Financing Receivable, Credit Quality Indicator [Line Items]",us-gaap:NotesReceivableGross,"Financing Receivable, before Allowance for Credit Loss",http://www.xbrl.org/2003/arcrole/parent-child,8,,http://www.xbrl.org/2003/role/totalLabel,http://www.cat.com/role/CatFinancialFinancingActivitiesAmortizedcostoffinancereceivablesinthecustomerportfoliosegmentbyoriginationyearDetails,cat-20251231_pre.xml
X-CAT-0186,CAT,Caterpillar Inc.,bounded_extension,presentation,us-gaap:ReceivablesAbstract,Receivables [Abstract],us-gaap:FinancingReceivableNonaccrualTable,"Financing Receivable, Nonaccrual [Table]",http://www.xbrl.org/2003/arcrole/parent-child,1,,http://www.xbrl.org/2003/role/terseLabel,http://www.cat.com/role/CatFinancialFinancingActivitiesFinancingreceivablenonaccrualDetails,cat-20251231_pre.xml
X-CAT-0187,CAT,Caterpillar Inc.,bounded_extension,presentation,us-gaap:FinancingReceivableNonaccrualTable,"Financing Receivable, Nonaccrual [Table]",us-gaap:AccountsNotesLoansAndFinancingReceivableByReceivableTypeAxis,Receivable Type [Axis],http://www.xbrl.org/2003/arcrole/parent-child,1,,http://www.xbrl.org/2003/role/terseLabel,http://www.cat.com/role/CatFinancialFinancingActivitiesFinancingreceivablenonaccrualDetails,cat-20251231_pre.xml
X-CAT-0188,CAT,Caterpillar Inc.,bounded_extension,presentation,us-gaap:AccountsNotesLoansAndFinancingReceivableByReceivableTypeAxis,Receivable Type [Axis],us-gaap:ReceivableTypeDomain,Receivable [Domain],http://www.xbrl.org/2003/arcrole/parent-child,1,,http://www.xbrl.org/2003/role/terseLabel,http://www.cat.com/role/CatFinancialFinancingActivitiesFinancingreceivablenonaccrualDetails,cat-20251231_pre.xml
X-CAT-0189,CAT,Caterpillar Inc.,bounded_extension,presentation,us-gaap:ReceivableTypeDomain,Receivable [Domain],cat:FinanceReceivableMember,,http://www.xbrl.org/2003/arcrole/parent-child,1,,http://www.xbrl.org/2003/role/terseLabel,http://www.cat.com/role/CatFinancialFinancingActivitiesFinancingreceivablenonaccrualDetails,cat-20251231_pre.xml
X-CAT-0190,CAT,Caterpillar Inc.,bounded_extension,presentation,us-gaap:FinancingReceivableNonaccrualTable,"Financing Receivable, Nonaccrual [Table]",us-gaap:FinancingReceivableRecordedInvestmentByClassOfFinancingReceivableAxis,Class of Financing Receivable [Axis],http://www.xbrl.org/2003/arcrole/parent-child,2,,http://www.xbrl.org/2003/role/terseLabel,http://www.cat.com/role/CatFinancialFinancingActivitiesFinancingreceivablenonaccrualDetails,cat-20251231_pre.xml
X-CAT-0191,CAT,Caterpillar Inc.,bounded_extension,presentation,us-gaap:FinancingReceivableRecordedInvestmentByClassOfFinancingReceivableAxis,Class of Financing Receivable [Axis],us-gaap:FinancingReceivableRecordedInvestmentClassOfFinancingReceivableDomain,Class of Financing Receivable [Domain],http://www.xbrl.org/2003/arcrole/parent-child,1,,http://www.xbrl.org/2003/role/terseLabel,http://www.cat.com/role/CatFinancialFinancingActivitiesFinancingreceivablenonaccrualDetails,cat-20251231_pre.xml
X-CAT-0192,CAT,Caterpillar Inc.,bounded_extension,presentation,us-gaap:FinancingReceivableRecordedInvestmentClassOfFinancingReceivableDomain,Class of Financing Receivable [Domain],srt:NorthAmericaMember,North America [Member],http://www.xbrl.org/2003/arcrole/parent-child,1,,http://www.xbrl.org/2003/role/terseLabel,http://www.cat.com/role/CatFinancialFinancingActivitiesFinancingreceivablenonaccrualDetails,cat-20251231_pre.xml
X-CAT-0193,CAT,Caterpillar Inc.,bounded_extension,presentation,us-gaap:FinancingReceivableRecordedInvestmentClassOfFinancingReceivableDomain,Class of Financing Receivable [Domain],us-gaap:EMEAMember,EMEA [Member],http://www.xbrl.org/2003/arcrole/parent-child,2,,http://www.xbrl.org/2003/role/verboseLabel,http://www.cat.com/role/CatFinancialFinancingActivitiesFinancingreceivablenonaccrualDetails,cat-20251231_pre.xml
X-CAT-0194,CAT,Caterpillar Inc.,bounded_extension,presentation,us-gaap:FinancingReceivableRecordedInvestmentClassOfFinancingReceivableDomain,Class of Financing Receivable [Domain],srt:AsiaPacificMember,Asia Pacific [Member],http://www.xbrl.org/2003/arcrole/parent-child,3,,http://www.xbrl.org/2003/role/terseLabel,http://www.cat.com/role/CatFinancialFinancingActivitiesFinancingreceivablenonaccrualDetails,cat-20251231_pre.xml
X-CAT-0195,CAT,Caterpillar Inc.,bounded_extension,presentation,us-gaap:FinancingReceivableRecordedInvestmentClassOfFinancingReceivableDomain,Class of Financing Receivable [Domain],srt:LatinAmericaMember,Latin America [Member],http://www.xbrl.org/2003/arcrole/parent-child,4,,http://www.xbrl.org/2003/role/terseLabel,http://www.cat.com/role/CatFinancialFinancingActivitiesFinancingreceivablenonaccrualDetails,cat-20251231_pre.xml
X-CAT-0196,CAT,Caterpillar Inc.,bounded_extension,presentation,us-gaap:FinancingReceivableRecordedInvestmentClassOfFinancingReceivableDomain,Class of Financing Receivable [Domain],cat:MiningMember,,http://www.xbrl.org/2003/arcrole/parent-child,5,,http://www.xbrl.org/2003/role/terseLabel,http://www.cat.com/role/CatFinancialFinancingActivitiesFinancingreceivablenonaccrualDetails,cat-20251231_pre.xml
X-CAT-0197,CAT,Caterpillar Inc.,bounded_extension,presentation,us-gaap:FinancingReceivableRecordedInvestmentClassOfFinancingReceivableDomain,Class of Financing Receivable [Domain],cat:PowerMember,,http://www.xbrl.org/2003/arcrole/parent-child,6,,http://www.xbrl.org/2003/role/terseLabel,http://www.cat.com/role/CatFinancialFinancingActivitiesFinancingreceivablenonaccrualDetails,cat-20251231_pre.xml
X-CAT-0198,CAT,Caterpillar Inc.,bounded_extension,presentation,us-gaap:FinancingReceivableNonaccrualTable,"Financing Receivable, Nonaccrual [Table]",us-gaap:FinancingReceivablePortfolioSegmentAxis,Financing Receivable Portfolio Segment [Axis],http://www.xbrl.org/2003/arcrole/parent-child,3,,http://www.xbrl.org/2003/role/terseLabel,http://www.cat.com/role/CatFinancialFinancingActivitiesFinancingreceivablenonaccrualDetails,cat-20251231_pre.xml
X-CAT-0199,CAT,Caterpillar Inc.,bounded_extension,presentation,us-gaap:FinancingReceivablePortfolioSegmentAxis,Financing Receivable Portfolio Segment [Axis],us-gaap:FinancingReceivablePortfolioSegmentDomain,Financing Receivable Portfolio Segment [Domain],http://www.xbrl.org/2003/arcrole/parent-child,1,,http://www.xbrl.org/2003/role/terseLabel,http://www.cat.com/role/CatFinancialFinancingActivitiesFinancingreceivablenonaccrualDetails,cat-20251231_pre.xml
X-CAT-0200,CAT,Caterpillar Inc.,bounded_extension,presentation,us-gaap:FinancingReceivablePortfolioSegmentDomain,Financing Receivable Portfolio Segment [Domain],cat:CustomerMember,,http://www.xbrl.org/2003/arcrole/parent-child,1,,http://www.xbrl.org/2003/role/terseLabel,http://www.cat.com/role/CatFinancialFinancingActivitiesFinancingreceivablenonaccrualDetails,cat-20251231_pre.xml
X-CAT-0201,CAT,Caterpillar Inc.,bounded_extension,presentation,us-gaap:FinancingReceivableNonaccrualTable,"Financing Receivable, Nonaccrual [Table]",us-gaap:FinancingReceivableNonaccrualStatusLineItems,"Financing Receivable, Nonaccrual [Line Items]",http://www.xbrl.org/2003/arcrole/parent-child,4,,http://www.xbrl.org/2003/role/terseLabel,http://www.cat.com/role/CatFinancialFinancingActivitiesFinancingreceivablenonaccrualDetails,cat-20251231_pre.xml
X-CAT-0202,CAT,Caterpillar Inc.,bounded_extension,presentation,us-gaap:FinancingReceivableNonaccrualStatusLineItems,"Financing Receivable, Nonaccrual [Line Items]",us-gaap:FinancingReceivableRecordedInvestmentNonaccrualStatus,"Financing Receivable, Nonaccrual",http://www.xbrl.org/2003/arcrole/parent-child,1,,http://www.xbrl.org/2003/role/terseLabel,http://www.cat.com/role/CatFinancialFinancingActivitiesFinancingreceivablenonaccrualDetails,cat-20251231_pre.xml
X-CAT-0203,CAT,Caterpillar Inc.,bounded_extension,presentation,us-gaap:FinancingReceivableNonaccrualStatusLineItems,"Financing Receivable, Nonaccrual [Line Items]",cat:FinancingReceivable91dayspastdueandstillaccruing,,http://www.xbrl.org/2003/arcrole/parent-child,2,,http://www.xbrl.org/2003/role/terseLabel,http://www.cat.com/role/CatFinancialFinancingActivitiesFinancingreceivablenonaccrualDetails,cat-20251231_pre.xml
X-CAT-0204,CAT,Caterpillar Inc.,bounded_extension,presentation,us-gaap:ReceivablesAbstract,Receivables [Abstract],us-gaap:ScheduleOfAccountsNotesLoansAndFinancingReceivableTable,Accounts and Financing Receivables [Table],http://www.xbrl.org/2003/arcrole/parent-child,1,,http://www.xbrl.org/2003/role/terseLabel,http://www.cat.com/role/CatFinancialFinancingActivitiesFinancialreceivablemodifiedDetails,cat-20251231_pre.xml
X-CAT-0205,CAT,Caterpillar Inc.,bounded_extension,presentation,us-gaap:ScheduleOfAccountsNotesLoansAndFinancingReceivableTable,Accounts and Financing Receivables [Table],us-gaap:LoanRestructuringModificationAxis,Loan Restructuring Modification [Axis],http://www.xbrl.org/2003/arcrole/parent-child,1,,http://www.xbrl.org/2003/role/terseLabel,http://www.cat.com/role/CatFinancialFinancingActivitiesFinancialreceivablemodifiedDetails,cat-20251231_pre.xml
X-CAT-0206,CAT,Caterpillar Inc.,bounded_extension,presentation,us-gaap:ScheduleOfAccountsNotesLoansAndFinancingReceivableTable,Accounts and Financing Receivables [Table],us-gaap:FinancingReceivablePortfolioSegmentAxis,Financing Receivable Portfolio Segment [Axis],http://www.xbrl.org/2003/arcrole/parent-child,2,,http://www.xbrl.org/2003/role/terseLabel,http://www.cat.com/role/CatFinancialFinancingActivitiesFinancialreceivablemodifiedDetails,cat-20251231_pre.xml
X-CAT-0207,CAT,Caterpillar Inc.,bounded_extension,presentation,us-gaap:FinancingReceivablePortfolioSegmentAxis,Financing Receivable Portfolio Segment [Axis],us-gaap:FinancingReceivablePortfolioSegmentDomain,Financing Receivable Portfolio Segment [Domain],http://www.xbrl.org/2003/arcrole/parent-child,1,,http://www.xbrl.org/2003/role/terseLabel,http://www.cat.com/role/CatFinancialFinancingActivitiesFinancialreceivablemodifiedDetails,cat-20251231_pre.xml
X-CAT-0208,CAT,Caterpillar Inc.,bounded_extension,presentation,us-gaap:FinancingReceivablePortfolioSegmentDomain,Financing Receivable Portfolio Segment [Domain],cat:CustomerMember,,http://www.xbrl.org/2003/arcrole/parent-child,1,,http://www.xbrl.org/2003/role/terseLabel,http://www.cat.com/role/CatFinancialFinancingActivitiesFinancialreceivablemodifiedDetails,cat-20251231_pre.xml
X-CAT-0209,CAT,Caterpillar Inc.,bounded_extension,presentation,us-gaap:ScheduleOfAccountsNotesLoansAndFinancingReceivableTable,Accounts and Financing Receivables [Table],us-gaap:AccountsNotesAndLoansReceivableLineItems,"Accounts, Notes, Loans and Financing Receivable [Line Items]",http://www.xbrl.org/2003/arcrole/parent-child,3,,http://www.xbrl.org/2003/role/terseLabel,http://www.cat.com/role/CatFinancialFinancingActivitiesFinancialreceivablemodifiedDetails,cat-20251231_pre.xml
X-CAT-0210,CAT,Caterpillar Inc.,bounded_extension,presentation,us-gaap:AccountsNotesAndLoansReceivableLineItems,"Accounts, Notes, Loans and Financing Receivable [Line Items]",us-gaap:FinancingReceivableModificationToTotalFinancingReceivablesPercent,"Financing Receivable, Modified in Period, to Total Financing Receivables, Percentage",http://www.xbrl.org/2003/arcrole/parent-child,1,,http://www.xbrl.org/2003/role/terseLabel,http://www.cat.com/role/CatFinancialFinancingActivitiesFinancialreceivablemodifiedDetails,cat-20251231_pre.xml
X-CAT-0211,CAT,Caterpillar Inc.,bounded_extension,presentation,us-gaap:AccountsNotesAndLoansReceivableLineItems,"Accounts, Notes, Loans and Financing Receivable [Line Items]",us-gaap:FinancingReceivableModifiedWeightedAverageTermIncreaseFromModification,"Financing Receivable, Modified, Weighted Average Term Increase from Modification",http://www.xbrl.org/2003/arcrole/parent-child,2,,http://www.xbrl.org/2003/role/terseLabel,http://www.cat.com/role/CatFinancialFinancingActivitiesFinancialreceivablemodifiedDetails,cat-20251231_pre.xml
X-CAT-0212,CAT,Caterpillar Inc.,bounded_extension,presentation,us-gaap:AccountsNotesAndLoansReceivableLineItems,"Accounts, Notes, Loans and Financing Receivable [Line Items]",us-gaap:FinancingReceivableModificationsPostModificationRecordedInvestment2,"Financing Receivable, Modified in Period, Amount",http://www.xbrl.org/2003/arcrole/parent-child,3,,http://www.xbrl.org/2003/role/terseLabel,http://www.cat.com/role/CatFinancialFinancingActivitiesFinancialreceivablemodifiedDetails,cat-20251231_pre.xml
X-CAT-0213,CAT,Caterpillar Inc.,bounded_extension,presentation,us-gaap:InventoryDisclosureAbstract,Inventory Disclosure [Abstract],us-gaap:InventoryRawMaterialsNetOfReserves,"Inventory, Raw Materials, Net of Reserves",http://www.xbrl.org/2003/arcrole/parent-child,1,,http://www.xbrl.org/2003/role/terseLabel,http://www.cat.com/role/InventoriesDetails,cat-20251231_pre.xml
X-CAT-0214,CAT,Caterpillar Inc.,bounded_extension,presentation,us-gaap:InventoryDisclosureAbstract,Inventory Disclosure [Abstract],us-gaap:InventoryWorkInProcessNetOfReserves,"Inventory, Work in Process, Net of Reserves",http://www.xbrl.org/2003/arcrole/parent-child,2,,http://www.xbrl.org/2003/role/terseLabel,http://www.cat.com/role/InventoriesDetails,cat-20251231_pre.xml
X-CAT-0215,CAT,Caterpillar Inc.,bounded_extension,presentation,us-gaap:InventoryDisclosureAbstract,Inventory Disclosure [Abstract],us-gaap:InventoryFinishedGoodsNetOfReserves,"Inventory, Finished Goods, Net of Reserves",http://www.xbrl.org/2003/arcrole/parent-child,3,,http://www.xbrl.org/2003/role/terseLabel,http://www.cat.com/role/InventoriesDetails,cat-20251231_pre.xml
X-CAT-0216,CAT,Caterpillar Inc.,bounded_extension,presentation,us-gaap:InventoryDisclosureAbstract,Inventory Disclosure [Abstract],us-gaap:InventorySuppliesNetOfReserves,"Inventory, Supplies, Net of Reserves",http://www.xbrl.org/2003/arcrole/parent-child,4,,http://www.xbrl.org/2003/role/terseLabel,http://www.cat.com/role/InventoriesDetails,cat-20251231_pre.xml
X-CAT-0217,CAT,Caterpillar Inc.,bounded_extension,presentation,us-gaap:InventoryDisclosureAbstract,Inventory Disclosure [Abstract],us-gaap:InventoryNet,"Inventory, Net",http://www.xbrl.org/2003/arcrole/parent-child,5,,http://www.xbrl.org/2003/role/totalLabel,http://www.cat.com/role/InventoriesDetails,cat-20251231_pre.xml
X-CAT-0218,CAT,Caterpillar Inc.,bounded_extension,presentation,us-gaap:FiniteLivedIntangibleAssetsMajorClassNameDomain,"Finite-Lived Intangible Assets, Major Class Name [Domain]",us-gaap:CustomerRelationshipsMember,Customer Relationships [Member],http://www.xbrl.org/2003/arcrole/parent-child,1,,http://www.xbrl.org/2003/role/terseLabel,http://www.cat.com/role/IntangibleAssetsandGoodwillSummaryofintangibleassetsDetails,cat-20251231_pre.xml
X-CAT-0219,CAT,Caterpillar Inc.,bounded_extension,presentation,us-gaap:FinancialInstrumentsFinancialAssetsBalanceSheetGroupingsAbstract,"Financial Instruments, Financial Assets, Balance Sheet Groupings [Abstract]",cat:FinanceReceivablesNet,,http://www.xbrl.org/2003/arcrole/parent-child,1,,http://www.xbrl.org/2003/role/terseLabel,http://www.cat.com/role/FairvaluedisclosuresFairvaluesoffinancialinstrumentsDetails,cat-20251231_pre.xml
X-CAT-0220,CAT,Caterpillar Inc.,bounded_extension,presentation,us-gaap:FinancialInstrumentsFinancialAssetsBalanceSheetGroupingsAbstract,"Financial Instruments, Financial Assets, Balance Sheet Groupings [Abstract]",cat:WholesaleInventoryReceivables,,http://www.xbrl.org/2003/arcrole/parent-child,2,,http://www.xbrl.org/2003/role/terseLabel,http://www.cat.com/role/FairvaluedisclosuresFairvaluesoffinancialinstrumentsDetails,cat-20251231_pre.xml
X-CAT-0221,CAT,Caterpillar Inc.,bounded_extension,presentation,us-gaap:LeasesAbstract,Leases [Abstract],us-gaap:SalesTypeLeaseRevenue,"Sales-type Lease, Revenue",http://www.xbrl.org/2003/arcrole/parent-child,1,,http://www.xbrl.org/2003/role/terseLabel,http://www.cat.com/role/LeasesRevenuesfromfinanceandoperatingleasesDetails,cat-20251231_pre.xml
X-CAT-0222,CAT,Caterpillar Inc.,bounded_extension,presentation,srt:RepurchaseAgreementCounterpartyNameDomain,Counterparty Name [Domain],cat:CustomerMember,,http://www.xbrl.org/2003/arcrole/parent-child,1,,http://www.xbrl.org/2003/role/terseLabel,http://www.cat.com/role/GuaranteesandproductwarrantyDetails,cat-20251231_pre.xml
X-CAT-0223,CAT,Caterpillar Inc.,bounded_extension,presentation,us-gaap:DisaggregationOfRevenueAbstract,Disaggregation of Revenue [Abstract],us-gaap:DisaggregationOfRevenueTable,Disaggregation of Revenue [Table],http://www.xbrl.org/2003/arcrole/parent-child,1,,http://www.xbrl.org/2003/role/terseLabel,http://www.cat.com/role/SegmentinformationDisaggregationofrevenueDetails,cat-20251231_pre.xml
X-CAT-0224,CAT,Caterpillar Inc.,bounded_extension,presentation,us-gaap:DisaggregationOfRevenueTable,Disaggregation of Revenue [Table],us-gaap:StatementBusinessSegmentsAxis,Segments [Axis],http://www.xbrl.org/2003/arcrole/parent-child,1,,http://www.xbrl.org/2003/role/terseLabel,http://www.cat.com/role/SegmentinformationDisaggregationofrevenueDetails,cat-20251231_pre.xml
X-CAT-0225,CAT,Caterpillar Inc.,bounded_extension,presentation,us-gaap:DisaggregationOfRevenueTable,Disaggregation of Revenue [Table],srt:StatementGeographicalAxis,Geographical [Axis],http://www.xbrl.org/2003/arcrole/parent-child,2,,http://www.xbrl.org/2003/role/terseLabel,http://www.cat.com/role/SegmentinformationDisaggregationofrevenueDetails,cat-20251231_pre.xml
X-CAT-0226,CAT,Caterpillar Inc.,bounded_extension,presentation,us-gaap:DisaggregationOfRevenueTable,Disaggregation of Revenue [Table],srt:ConsolidationItemsAxis,Consolidation Items [Axis],http://www.xbrl.org/2003/arcrole/parent-child,3,,http://www.xbrl.org/2003/role/terseLabel,http://www.cat.com/role/SegmentinformationDisaggregationofrevenueDetails,cat-20251231_pre.xml
X-CAT-0227,CAT,Caterpillar Inc.,bounded_extension,presentation,us-gaap:DisaggregationOfRevenueTable,Disaggregation of Revenue [Table],us-gaap:RelatedPartyTransactionsByRelatedPartyAxis,Related and Nonrelated Parties [Axis],http://www.xbrl.org/2003/arcrole/parent-child,4,,http://www.xbrl.org/2003/role/terseLabel,http://www.cat.com/role/SegmentinformationDisaggregationofrevenueDetails,cat-20251231_pre.xml
X-CAT-0228,CAT,Caterpillar Inc.,bounded_extension,presentation,us-gaap:DisaggregationOfRevenueTable,Disaggregation of Revenue [Table],us-gaap:DisaggregationOfRevenueLineItems,Disaggregation of Revenue [Line Items],http://www.xbrl.org/2003/arcrole/parent-child,5,,http://www.xbrl.org/2003/role/terseLabel,http://www.cat.com/role/SegmentinformationDisaggregationofrevenueDetails,cat-20251231_pre.xml
X-CAT-0229,CAT,Caterpillar Inc.,bounded_extension,presentation,us-gaap:DisaggregationOfRevenueLineItems,Disaggregation of Revenue [Line Items],us-gaap:Revenues,Revenues,http://www.xbrl.org/2003/arcrole/parent-child,1,,http://www.xbrl.org/2009/role/negatedTerseLabel,http://www.cat.com/role/SegmentinformationDisaggregationofrevenueDetails,cat-20251231_pre.xml
X-CAT-0230,CAT,Caterpillar Inc.,bounded_extension,presentation,us-gaap:SegmentReportingAbstract,Segment Reporting [Abstract],us-gaap:DisaggregationOfRevenueTable,Disaggregation of Revenue [Table],http://www.xbrl.org/2003/arcrole/parent-child,1,,http://www.xbrl.org/2003/role/verboseLabel,http://www.cat.com/role/SegmentinformationEnergytransportationsalesDetails,cat-20251231_pre.xml
X-CAT-0231,CAT,Caterpillar Inc.,bounded_extension,presentation,us-gaap:DisaggregationOfRevenueTable,Disaggregation of Revenue [Table],us-gaap:StatementBusinessSegmentsAxis,Segments [Axis],http://www.xbrl.org/2003/arcrole/parent-child,1,,http://www.xbrl.org/2003/role/terseLabel,http://www.cat.com/role/SegmentinformationEnergytransportationsalesDetails,cat-20251231_pre.xml
X-CAT-0232,CAT,Caterpillar Inc.,bounded_extension,presentation,us-gaap:DisaggregationOfRevenueTable,Disaggregation of Revenue [Table],srt:MajorCustomersAxis,Customer [Axis],http://www.xbrl.org/2003/arcrole/parent-child,2,,http://www.xbrl.org/2003/role/terseLabel,http://www.cat.com/role/SegmentinformationEnergytransportationsalesDetails,cat-20251231_pre.xml
X-CAT-0233,CAT,Caterpillar Inc.,bounded_extension,presentation,srt:MajorCustomersAxis,Customer [Axis],srt:NameOfMajorCustomerDomain,Customer [Domain],http://www.xbrl.org/2003/arcrole/parent-child,1,,http://www.xbrl.org/2003/role/terseLabel,http://www.cat.com/role/SegmentinformationEnergytransportationsalesDetails,cat-20251231_pre.xml
X-CAT-0234,CAT,Caterpillar Inc.,bounded_extension,presentation,srt:NameOfMajorCustomerDomain,Customer [Domain],cat:OilAndGasCustomerMember,,http://www.xbrl.org/2003/arcrole/parent-child,1,,http://www.xbrl.org/2003/role/terseLabel,http://www.cat.com/role/SegmentinformationEnergytransportationsalesDetails,cat-20251231_pre.xml
X-CAT-0235,CAT,Caterpillar Inc.,bounded_extension,presentation,srt:NameOfMajorCustomerDomain,Customer [Domain],cat:PowergenerationMember,,http://www.xbrl.org/2003/arcrole/parent-child,2,,http://www.xbrl.org/2003/role/terseLabel,http://www.cat.com/role/SegmentinformationEnergytransportationsalesDetails,cat-20251231_pre.xml
X-CAT-0236,CAT,Caterpillar Inc.,bounded_extension,presentation,srt:NameOfMajorCustomerDomain,Customer [Domain],cat:IndustrialMember,,http://www.xbrl.org/2003/arcrole/parent-child,3,,http://www.xbrl.org/2003/role/terseLabel,http://www.cat.com/role/SegmentinformationEnergytransportationsalesDetails,cat-20251231_pre.xml
X-CAT-0237,CAT,Caterpillar Inc.,bounded_extension,presentation,srt:NameOfMajorCustomerDomain,Customer [Domain],cat:TransportationMember,,http://www.xbrl.org/2003/arcrole/parent-child,4,,http://www.xbrl.org/2003/role/terseLabel,http://www.cat.com/role/SegmentinformationEnergytransportationsalesDetails,cat-20251231_pre.xml
X-CAT-0238,CAT,Caterpillar Inc.,bounded_extension,presentation,us-gaap:DisaggregationOfRevenueTable,Disaggregation of Revenue [Table],us-gaap:DisaggregationOfRevenueLineItems,Disaggregation of Revenue [Line Items],http://www.xbrl.org/2003/arcrole/parent-child,3,,http://www.xbrl.org/2003/role/verboseLabel,http://www.cat.com/role/SegmentinformationEnergytransportationsalesDetails,cat-20251231_pre.xml
X-CAT-0239,CAT,Caterpillar Inc.,bounded_extension,presentation,us-gaap:DisaggregationOfRevenueLineItems,Disaggregation of Revenue [Line Items],us-gaap:Revenues,Revenues,http://www.xbrl.org/2003/arcrole/parent-child,1,,http://www.xbrl.org/2003/role/terseLabel,http://www.cat.com/role/SegmentinformationEnergytransportationsalesDetails,cat-20251231_pre.xml
X-CAT-0240,CAT,Caterpillar Inc.,bounded_extension,presentation,us-gaap:SegmentReportingInformationLineItems,Segment Reporting Information [Line Items],us-gaap:Revenues,Revenues,http://www.xbrl.org/2003/arcrole/parent-child,1,,http://www.xbrl.org/2003/role/terseLabel,http://www.cat.com/role/SegmentinformationReconciliationofprofitfromreportablesegmentsDetails,cat-20251231_pre.xml
X-CAT-0241,CAT,Caterpillar Inc.,bounded_extension,presentation,us-gaap:FinancialServicesCostsAbstract,Financial Services Costs [Abstract],us-gaap:CostOfRevenue,Cost of Revenue,http://www.xbrl.org/2003/arcrole/parent-child,1,,http://www.xbrl.org/2003/role/terseLabel,http://www.cat.com/role/SegmentinformationReconciliationofprofitfromreportablesegmentsDetails,cat-20251231_pre.xml
X-CAT-0242,CAT,Caterpillar Inc.,bounded_extension,presentation,us-gaap:SegmentReportingAbstract,Segment Reporting [Abstract],us-gaap:DisaggregationOfRevenueTable,Disaggregation of Revenue [Table],http://www.xbrl.org/2003/arcrole/parent-child,2,,http://www.xbrl.org/2003/role/terseLabel,http://www.cat.com/role/SegmentinformationReconciliationsofconsolidatedprofitbeforetaxesDetails,cat-20251231_pre.xml
X-CAT-0243,CAT,Caterpillar Inc.,bounded_extension,presentation,us-gaap:DisaggregationOfRevenueTable,Disaggregation of Revenue [Table],us-gaap:StatementBusinessSegmentsAxis,Segments [Axis],http://www.xbrl.org/2003/arcrole/parent-child,1,,http://www.xbrl.org/2003/role/terseLabel,http://www.cat.com/role/SegmentinformationReconciliationsofconsolidatedprofitbeforetaxesDetails,cat-20251231_pre.xml
X-CAT-0244,CAT,Caterpillar Inc.,bounded_extension,presentation,us-gaap:DisaggregationOfRevenueTable,Disaggregation of Revenue [Table],us-gaap:DisaggregationOfRevenueLineItems,Disaggregation of Revenue [Line Items],http://www.xbrl.org/2003/arcrole/parent-child,2,,http://www.xbrl.org/2003/role/terseLabel,http://www.cat.com/role/SegmentinformationReconciliationsofconsolidatedprofitbeforetaxesDetails,cat-20251231_pre.xml
X-CAT-0245,CAT,Caterpillar Inc.,bounded_extension,presentation,us-gaap:DisaggregationOfRevenueLineItems,Disaggregation of Revenue [Line Items],us-gaap:IncomeLossFromContinuingOperationsBeforeIncomeTaxesMinorityInterestAndIncomeLossFromEquityMethodInvestments,"Income (Loss) from Continuing Operations before Equity Method Investments, Income Taxes, Noncontrolling Interest",http://www.xbrl.org/2003/arcrole/parent-child,1,,http://www.xbrl.org/2003/role/terseLabel,http://www.cat.com/role/SegmentinformationReconciliationsofconsolidatedprofitbeforetaxesDetails,cat-20251231_pre.xml
X-CAT-0246,CAT,Caterpillar Inc.,bounded_extension,presentation,us-gaap:DisaggregationOfRevenueLineItems,Disaggregation of Revenue [Line Items],cat:CostCenters,,http://www.xbrl.org/2003/arcrole/parent-child,2,,http://www.xbrl.org/2009/role/negatedTerseLabel,http://www.cat.com/role/SegmentinformationReconciliationsofconsolidatedprofitbeforetaxesDetails,cat-20251231_pre.xml
X-CAT-0247,CAT,Caterpillar Inc.,bounded_extension,presentation,us-gaap:DisaggregationOfRevenueLineItems,Disaggregation of Revenue [Line Items],cat:CorporateCosts,,http://www.xbrl.org/2003/arcrole/parent-child,3,,http://www.xbrl.org/2009/role/negatedTerseLabel,http://www.cat.com/role/SegmentinformationReconciliationsofconsolidatedprofitbeforetaxesDetails,cat-20251231_pre.xml
X-CAT-0248,CAT,Caterpillar Inc.,bounded_extension,presentation,us-gaap:DisaggregationOfRevenueLineItems,Disaggregation of Revenue [Line Items],cat:GainLossOnTiming,,http://www.xbrl.org/2003/arcrole/parent-child,4,,http://www.xbrl.org/2003/role/terseLabel,http://www.cat.com/role/SegmentinformationReconciliationsofconsolidatedprofitbeforetaxesDetails,cat-20251231_pre.xml
X-CAT-0249,CAT,Caterpillar Inc.,bounded_extension,presentation,us-gaap:DisaggregationOfRevenueLineItems,Disaggregation of Revenue [Line Items],us-gaap:RestructuringCosts,Restructuring Costs,http://www.xbrl.org/2003/arcrole/parent-child,5,,http://www.xbrl.org/2009/role/negatedTerseLabel,http://www.cat.com/role/SegmentinformationReconciliationsofconsolidatedprofitbeforetaxesDetails,cat-20251231_pre.xml
X-CAT-0250,CAT,Caterpillar Inc.,bounded_extension,presentation,us-gaap:DisaggregationOfRevenueLineItems,Disaggregation of Revenue [Line Items],us-gaap:SegmentReportingInformationRevenueAbstract,"Segment Reporting Information, Revenue for Reportable Segment [Abstract]",http://www.xbrl.org/2003/arcrole/parent-child,6,,http://www.xbrl.org/2003/role/terseLabel,http://www.cat.com/role/SegmentinformationReconciliationsofconsolidatedprofitbeforetaxesDetails,cat-20251231_pre.xml
X-CAT-0251,CAT,Caterpillar Inc.,bounded_extension,presentation,us-gaap:SegmentReportingInformationRevenueAbstract,"Segment Reporting Information, Revenue for Reportable Segment [Abstract]",us-gaap:CostOfGoodsAndServicesSold,Cost of Product and Service Sold,http://www.xbrl.org/2003/arcrole/parent-child,1,,http://www.xbrl.org/2003/role/terseLabel,http://www.cat.com/role/SegmentinformationReconciliationsofconsolidatedprofitbeforetaxesDetails,cat-20251231_pre.xml
X-CAT-0252,CAT,Caterpillar Inc.,bounded_extension,presentation,us-gaap:SegmentReportingInformationRevenueAbstract,"Segment Reporting Information, Revenue for Reportable Segment [Abstract]",us-gaap:DefinedBenefitPlanNetPeriodicBenefitCost,"Defined Benefit Plan, Net Periodic Benefit Cost (Credit)",http://www.xbrl.org/2003/arcrole/parent-child,2,,http://www.xbrl.org/2003/role/terseLabel,http://www.cat.com/role/SegmentinformationReconciliationsofconsolidatedprofitbeforetaxesDetails,cat-20251231_pre.xml
X-CAT-0253,CAT,Caterpillar Inc.,bounded_extension,presentation,us-gaap:SegmentReportingInformationRevenueAbstract,"Segment Reporting Information, Revenue for Reportable Segment [Abstract]",us-gaap:AdjustmentsToAdditionalPaidInCapitalShareBasedCompensationStockOptionsRequisiteServicePeriodRecognition,"APIC, Share-Based Payment Arrangement, Option, Increase for Cost Recognition",http://www.xbrl.org/2003/arcrole/parent-child,3,,http://www.xbrl.org/2009/role/negatedTerseLabel,http://www.cat.com/role/SegmentinformationReconciliationsofconsolidatedprofitbeforetaxesDetails,cat-20251231_pre.xml
X-CAT-0254,CAT,Caterpillar Inc.,bounded_extension,presentation,us-gaap:SegmentReportingInformationRevenueAbstract,"Segment Reporting Information, Revenue for Reportable Segment [Abstract]",cat:FinancingCosts,,http://www.xbrl.org/2003/arcrole/parent-child,4,,http://www.xbrl.org/2009/role/negatedTerseLabel,http://www.cat.com/role/SegmentinformationReconciliationsofconsolidatedprofitbeforetaxesDetails,cat-20251231_pre.xml
X-CAT-0255,CAT,Caterpillar Inc.,bounded_extension,presentation,us-gaap:SegmentReportingInformationRevenueAbstract,"Segment Reporting Information, Revenue for Reportable Segment [Abstract]",cat:CurrencyGainLoss,,http://www.xbrl.org/2003/arcrole/parent-child,5,,http://www.xbrl.org/2003/role/terseLabel,http://www.cat.com/role/SegmentinformationReconciliationsofconsolidatedprofitbeforetaxesDetails,cat-20251231_pre.xml
X-CAT-0256,CAT,Caterpillar Inc.,bounded_extension,presentation,us-gaap:SegmentReportingInformationRevenueAbstract,"Segment Reporting Information, Revenue for Reportable Segment [Abstract]",us-gaap:GoodwillImpairmentLoss,"Goodwill, Impairment Loss",http://www.xbrl.org/2003/arcrole/parent-child,6,,http://www.xbrl.org/2009/role/negatedTerseLabel,http://www.cat.com/role/SegmentinformationReconciliationsofconsolidatedprofitbeforetaxesDetails,cat-20251231_pre.xml
X-CAT-0257,CAT,Caterpillar Inc.,bounded_extension,presentation,us-gaap:SegmentReportingInformationRevenueAbstract,"Segment Reporting Information, Revenue for Reportable Segment [Abstract]",cat:OtherNonoperatingIncomeExpenseAdjusted,,http://www.xbrl.org/2003/arcrole/parent-child,7,,http://www.xbrl.org/2003/role/terseLabel,http://www.cat.com/role/SegmentinformationReconciliationsofconsolidatedprofitbeforetaxesDetails,cat-20251231_pre.xml
X-CAT-0258,CAT,Caterpillar Inc.,bounded_extension,presentation,us-gaap:SegmentReportingInformationRevenueAbstract,"Segment Reporting Information, Revenue for Reportable Segment [Abstract]",cat:OtherMethodologyDifferences,,http://www.xbrl.org/2003/arcrole/parent-child,8,,http://www.xbrl.org/2009/role/negatedTerseLabel,http://www.cat.com/role/SegmentinformationReconciliationsofconsolidatedprofitbeforetaxesDetails,cat-20251231_pre.xml
X-CAT-0259,CAT,Caterpillar Inc.,bounded_extension,presentation,us-gaap:SegmentReportingAssetReconcilingItemLineItems,"Segment Reporting, Asset Reconciling Item [Line Items]",cat:InventoryMethodologyDifference,,http://www.xbrl.org/2003/arcrole/parent-child,3,,http://www.xbrl.org/2009/role/negatedLabel,http://www.cat.com/role/SegmentinformationReconciliationofassetsDetails,cat-20251231_pre.xml
X-CAT-0260,CAT,Caterpillar Inc.,bounded_extension,presentation,us-gaap:SegmentReportingInformationLineItems,Segment Reporting Information [Line Items],us-gaap:Revenues,Revenues,http://www.xbrl.org/2003/arcrole/parent-child,1,,http://www.xbrl.org/2003/role/terseLabel,http://www.cat.com/role/SegmentinformationInformationaboutgeographicareasDetails,cat-20251231_pre.xml
X-CAT-0261,CAT,Caterpillar Inc.,bounded_extension,presentation,us-gaap:ScheduleOfRestructuringAndRelatedCostsTable,Restructuring Cost [Table],us-gaap:RestructuringCostAndReserveAxis,Restructuring Type [Axis],http://www.xbrl.org/2003/arcrole/parent-child,1,,http://www.xbrl.org/2003/role/terseLabel,http://www.cat.com/role/RestructuringincomecostsRestructuringandrelatedcostsDetails,cat-20251231_pre.xml
X-CAT-0262,CAT,Caterpillar Inc.,bounded_extension,presentation,us-gaap:RestructuringCostAndReserveAxis,Restructuring Type [Axis],us-gaap:TypeOfRestructuringDomain,Type of Restructuring [Domain],http://www.xbrl.org/2003/arcrole/parent-child,1,,http://www.xbrl.org/2003/role/terseLabel,http://www.cat.com/role/RestructuringincomecostsRestructuringandrelatedcostsDetails,cat-20251231_pre.xml
X-CAT-0263,CAT,Caterpillar Inc.,bounded_extension,presentation,us-gaap:ScheduleOfRestructuringAndRelatedCostsTable,Restructuring Cost [Table],us-gaap:RestructuringCostAndReserveLineItems,Restructuring Cost and Reserve [Line Items],http://www.xbrl.org/2003/arcrole/parent-child,2,,http://www.xbrl.org/2003/role/terseLabel,http://www.cat.com/role/RestructuringincomecostsRestructuringandrelatedcostsDetails,cat-20251231_pre.xml
X-CAT-0264,CAT,Caterpillar Inc.,bounded_extension,presentation,us-gaap:RestructuringCostAndReserveLineItems,Restructuring Cost and Reserve [Line Items],us-gaap:RestructuringCharges,Restructuring Charges,http://www.xbrl.org/2003/arcrole/parent-child,1,,http://www.xbrl.org/2003/role/terseLabel,http://www.cat.com/role/RestructuringincomecostsRestructuringandrelatedcostsDetails,cat-20251231_pre.xml
X-CAT-0265,CAT,Caterpillar Inc.,bounded_extension,calculation,us-gaap:OperatingIncomeLoss,Operating Income (Loss),us-gaap:Revenues,Revenues,http://www.xbrl.org/2003/arcrole/summation-item,1,1.0,,http://www.cat.com/role/ConsolidatedResultsofOperationsfortheYearsEndedDecember31,cat-20251231_cal.xml
X-CAT-0266,CAT,Caterpillar Inc.,bounded_extension,calculation,us-gaap:CostsAndExpenses,Costs and Expenses,us-gaap:CostOfRevenue,Cost of Revenue,http://www.xbrl.org/2003/arcrole/summation-item,1,1.0,,http://www.cat.com/role/ConsolidatedResultsofOperationsfortheYearsEndedDecember31,cat-20251231_cal.xml
X-CAT-0267,CAT,Caterpillar Inc.,bounded_extension,calculation,us-gaap:AssetsCurrent,"Assets, Current",us-gaap:AccountsReceivableNetCurrent,"Accounts Receivable, after Allowance for Credit Loss, Current",http://www.xbrl.org/2003/arcrole/summation-item,2,1.0,,http://www.cat.com/role/ConsolidatedFinancialPositionatDecember31,cat-20251231_cal.xml
X-CAT-0268,CAT,Caterpillar Inc.,bounded_extension,calculation,us-gaap:AssetsCurrent,"Assets, Current",us-gaap:NotesAndLoansReceivableNetCurrent,"Financing Receivable, after Allowance for Credit Loss, Current",http://www.xbrl.org/2003/arcrole/summation-item,3,1.0,,http://www.cat.com/role/ConsolidatedFinancialPositionatDecember31,cat-20251231_cal.xml
X-CAT-0269,CAT,Caterpillar Inc.,bounded_extension,calculation,us-gaap:AssetsCurrent,"Assets, Current",us-gaap:InventoryNet,"Inventory, Net",http://www.xbrl.org/2003/arcrole/summation-item,5,1.0,,http://www.cat.com/role/ConsolidatedFinancialPositionatDecember31,cat-20251231_cal.xml
X-CAT-0270,CAT,Caterpillar Inc.,bounded_extension,calculation,us-gaap:LiabilitiesCurrent,"Liabilities, Current",us-gaap:ContractWithCustomerLiabilityCurrent,"Contract with Customer, Liability, Current",http://www.xbrl.org/2003/arcrole/summation-item,8,1.0,,http://www.cat.com/role/ConsolidatedFinancialPositionatDecember31,cat-20251231_cal.xml
X-CAT-0271,CAT,Caterpillar Inc.,bounded_extension,calculation,us-gaap:Assets,Assets,us-gaap:AccountsReceivableNetNoncurrent,"Accounts Receivable, after Allowance for Credit Loss, Noncurrent",http://www.xbrl.org/2003/arcrole/summation-item,2,1.0,,http://www.cat.com/role/ConsolidatedFinancialPositionatDecember31,cat-20251231_cal.xml
X-CAT-0272,CAT,Caterpillar Inc.,bounded_extension,calculation,us-gaap:Assets,Assets,us-gaap:NotesAndLoansReceivableNetNoncurrent,"Financing Receivable, after Allowance for Credit Loss, Noncurrent",http://www.xbrl.org/2003/arcrole/summation-item,3,1.0,,http://www.cat.com/role/ConsolidatedFinancialPositionatDecember31,cat-20251231_cal.xml
X-CAT-0273,CAT,Caterpillar Inc.,bounded_extension,calculation,us-gaap:NetCashProvidedByUsedInOperatingActivities,"Cash Provided by (Used in) Operating Activity, Including Discontinued Operation",us-gaap:IncreaseDecreaseInInventories,Increase (Decrease) in Inventories,http://www.xbrl.org/2003/arcrole/summation-item,1,-1.0,,http://www.cat.com/role/ConsolidatedStatementofCashFlowfortheYearsEndedDecember31,cat-20251231_cal.xml
X-CAT-0274,CAT,Caterpillar Inc.,bounded_extension,calculation,us-gaap:NetCashProvidedByUsedInOperatingActivities,"Cash Provided by (Used in) Operating Activity, Including Discontinued Operation",us-gaap:IncreaseDecreaseInReceivables,Increase (Decrease) in Receivables,http://www.xbrl.org/2003/arcrole/summation-item,9,-1.0,,http://www.cat.com/role/ConsolidatedStatementofCashFlowfortheYearsEndedDecember31,cat-20251231_cal.xml
X-CAT-0275,CAT,Caterpillar Inc.,bounded_extension,calculation,us-gaap:NetCashProvidedByUsedInOperatingActivities,"Cash Provided by (Used in) Operating Activity, Including Discontinued Operation",us-gaap:IncreaseDecreaseInContractWithCustomerLiability,"Increase (Decrease) in Contract with Customer, Liability",http://www.xbrl.org/2003/arcrole/summation-item,11,1.0,,http://www.cat.com/role/ConsolidatedStatementofCashFlowfortheYearsEndedDecember31,cat-20251231_cal.xml
X-CAT-0276,CAT,Caterpillar Inc.,bounded_extension,calculation,us-gaap:NetCashProvidedByUsedInInvestingActivities,"Cash Provided by (Used in) Investing Activity, Including Discontinued Operation",us-gaap:PaymentsToAcquireFinanceReceivables,Payments to Acquire Finance Receivables,http://www.xbrl.org/2003/arcrole/summation-item,4,-1.0,,http://www.cat.com/role/ConsolidatedStatementofCashFlowfortheYearsEndedDecember31,cat-20251231_cal.xml
X-CAT-0277,CAT,Caterpillar Inc.,bounded_extension,calculation,us-gaap:NetCashProvidedByUsedInInvestingActivities,"Cash Provided by (Used in) Investing Activity, Including Discontinued Operation",us-gaap:ProceedsFromCollectionOfFinanceReceivables,Proceeds from Collection of Finance Receivables,http://www.xbrl.org/2003/arcrole/summation-item,5,1.0,,http://www.cat.com/role/ConsolidatedStatementofCashFlowfortheYearsEndedDecember31,cat-20251231_cal.xml
X-CAT-0278,CAT,Caterpillar Inc.,bounded_extension,calculation,us-gaap:NetCashProvidedByUsedInInvestingActivities,"Cash Provided by (Used in) Investing Activity, Including Discontinued Operation",us-gaap:ProceedsFromSaleOfFinanceReceivables,Proceeds from Sale of Finance Receivables,http://www.xbrl.org/2003/arcrole/summation-item,6,1.0,,http://www.cat.com/role/ConsolidatedStatementofCashFlowfortheYearsEndedDecember31,cat-20251231_cal.xml
X-CAT-0279,CAT,Caterpillar Inc.,bounded_extension,calculation,us-gaap:DeferredTaxAssetsGross,"Deferred Tax Assets, Gross",us-gaap:DeferredTaxAssetsTaxDeferredExpenseReservesAndAccrualsWarrantyReserves,"Deferred Tax Assets, Tax Deferred Expense, Reserves and Accruals, Warranty Reserves",http://www.xbrl.org/2003/arcrole/summation-item,4,1.0,,http://www.cat.com/role/IncometaxesDeferredincometaxassetsandliabilitiesDetails,cat-20251231_cal.xml
X-CAT-0280,CAT,Caterpillar Inc.,bounded_extension,calculation,us-gaap:NotesReceivableGross,"Financing Receivable, before Allowance for Credit Loss",cat:WholesaleInventoryReceivablesUnguaranteedResidualValue,,http://www.xbrl.org/2003/arcrole/summation-item,1,1.0,,http://www.cat.com/role/CatFinancialFinancingActivitiesContractualmaturitiesofoutstandingwholesaleinventoryreceivablesDetails,cat-20251231_cal.xml
X-CAT-0281,CAT,Caterpillar Inc.,bounded_extension,calculation,us-gaap:NotesReceivableGross,"Financing Receivable, before Allowance for Credit Loss",us-gaap:FinancingReceivableUnamortizedLoanCommitmentOriginationFeeAndPremiumDiscount,"Financing Receivable, Unamortized Loan Cost (Fee) and Purchase Premium (Discount)",http://www.xbrl.org/2003/arcrole/summation-item,2,1.0,,http://www.cat.com/role/CatFinancialFinancingActivitiesContractualmaturitiesofoutstandingwholesaleinventoryreceivablesDetails,cat-20251231_cal.xml
X-CAT-0282,CAT,Caterpillar Inc.,bounded_extension,calculation,us-gaap:NotesReceivableGross,"Financing Receivable, before Allowance for Credit Loss",cat:WholesaleInventoryReceivablesGuaranteedResidualValue,,http://www.xbrl.org/2003/arcrole/summation-item,3,1.0,,http://www.cat.com/role/CatFinancialFinancingActivitiesContractualmaturitiesofoutstandingwholesaleinventoryreceivablesDetails,cat-20251231_cal.xml
X-CAT-0283,CAT,Caterpillar Inc.,bounded_extension,calculation,us-gaap:NotesReceivableGross,"Financing Receivable, before Allowance for Credit Loss",cat:WholesaleInventoryReceivablesAggregateMaturities,,http://www.xbrl.org/2003/arcrole/summation-item,4,1.0,,http://www.cat.com/role/CatFinancialFinancingActivitiesContractualmaturitiesofoutstandingwholesaleinventoryreceivablesDetails,cat-20251231_cal.xml
X-CAT-0284,CAT,Caterpillar Inc.,bounded_extension,calculation,cat:WholesaleInventoryReceivablesAggregateMaturities,,cat:WholesaleInventoryReceivablesDueInYearFour,,http://www.xbrl.org/2003/arcrole/summation-item,1,1.0,,http://www.cat.com/role/CatFinancialFinancingActivitiesContractualmaturitiesofoutstandingwholesaleinventoryreceivablesDetails,cat-20251231_cal.xml
X-CAT-0285,CAT,Caterpillar Inc.,bounded_extension,calculation,cat:WholesaleInventoryReceivablesAggregateMaturities,,cat:WholesaleInventoryReceivablesDueInYearTwo,,http://www.xbrl.org/2003/arcrole/summation-item,2,1.0,,http://www.cat.com/role/CatFinancialFinancingActivitiesContractualmaturitiesofoutstandingwholesaleinventoryreceivablesDetails,cat-20251231_cal.xml
X-CAT-0286,CAT,Caterpillar Inc.,bounded_extension,calculation,cat:WholesaleInventoryReceivablesAggregateMaturities,,cat:WholesaleInventoryReceivablesDueInYearThree,,http://www.xbrl.org/2003/arcrole/summation-item,3,1.0,,http://www.cat.com/role/CatFinancialFinancingActivitiesContractualmaturitiesofoutstandingwholesaleinventoryreceivablesDetails,cat-20251231_cal.xml
X-CAT-0287,CAT,Caterpillar Inc.,bounded_extension,calculation,cat:WholesaleInventoryReceivablesAggregateMaturities,,cat:WholesaleInventoryReceivablesDueThereafter,,http://www.xbrl.org/2003/arcrole/summation-item,4,1.0,,http://www.cat.com/role/CatFinancialFinancingActivitiesContractualmaturitiesofoutstandingwholesaleinventoryreceivablesDetails,cat-20251231_cal.xml
X-CAT-0288,CAT,Caterpillar Inc.,bounded_extension,calculation,cat:WholesaleInventoryReceivablesAggregateMaturities,,cat:WholesaleInventoryReceivablesDueInNextTwelveMonths,,http://www.xbrl.org/2003/arcrole/summation-item,5,1.0,,http://www.cat.com/role/CatFinancialFinancingActivitiesContractualmaturitiesofoutstandingwholesaleinventoryreceivablesDetails,cat-20251231_cal.xml
X-CAT-0289,CAT,Caterpillar Inc.,bounded_extension,calculation,cat:WholesaleInventoryReceivablesAggregateMaturities,,cat:WholesaleInventoryReceivablesDueInYearFive,,http://www.xbrl.org/2003/arcrole/summation-item,6,1.0,,http://www.cat.com/role/CatFinancialFinancingActivitiesContractualmaturitiesofoutstandingwholesaleinventoryreceivablesDetails,cat-20251231_cal.xml
X-CAT-0290,CAT,Caterpillar Inc.,bounded_extension,calculation,cat:FinanceReceivablesAggregateAmountsReceivable,,cat:FinanceReceivablesDueInYearTwo,,http://www.xbrl.org/2003/arcrole/summation-item,1,1.0,,http://www.cat.com/role/CatFinancialFinancingActivitiesContractualmaturitiesofoutstandingfinancereceivablesDetails,cat-20251231_cal.xml
X-CAT-0291,CAT,Caterpillar Inc.,bounded_extension,calculation,cat:FinanceReceivablesAggregateAmountsReceivable,,cat:FinanceReceivablesDueInYearFour,,http://www.xbrl.org/2003/arcrole/summation-item,2,1.0,,http://www.cat.com/role/CatFinancialFinancingActivitiesContractualmaturitiesofoutstandingfinancereceivablesDetails,cat-20251231_cal.xml
X-CAT-0292,CAT,Caterpillar Inc.,bounded_extension,calculation,cat:FinanceReceivablesAggregateAmountsReceivable,,cat:FinanceReceivablesDueInYearFive,,http://www.xbrl.org/2003/arcrole/summation-item,3,1.0,,http://www.cat.com/role/CatFinancialFinancingActivitiesContractualmaturitiesofoutstandingfinancereceivablesDetails,cat-20251231_cal.xml
X-CAT-0293,CAT,Caterpillar Inc.,bounded_extension,calculation,cat:FinanceReceivablesAggregateAmountsReceivable,,cat:FinanceReceivablesDueInYearThree,,http://www.xbrl.org/2003/arcrole/summation-item,4,1.0,,http://www.cat.com/role/CatFinancialFinancingActivitiesContractualmaturitiesofoutstandingfinancereceivablesDetails,cat-20251231_cal.xml
X-CAT-0294,CAT,Caterpillar Inc.,bounded_extension,calculation,cat:FinanceReceivablesAggregateAmountsReceivable,,cat:FinanceReceivablesDueInNextTwelveMonths,,http://www.xbrl.org/2003/arcrole/summation-item,5,1.0,,http://www.cat.com/role/CatFinancialFinancingActivitiesContractualmaturitiesofoutstandingfinancereceivablesDetails,cat-20251231_cal.xml
X-CAT-0295,CAT,Caterpillar Inc.,bounded_extension,calculation,cat:FinanceReceivablesAggregateAmountsReceivable,,cat:FinanceReceivablesDueThereafter,,http://www.xbrl.org/2003/arcrole/summation-item,6,1.0,,http://www.cat.com/role/CatFinancialFinancingActivitiesContractualmaturitiesofoutstandingfinancereceivablesDetails,cat-20251231_cal.xml
X-CAT-0296,CAT,Caterpillar Inc.,bounded_extension,calculation,us-gaap:FinancingReceivableAllowanceForCreditLossesWriteOffs,"Financing Receivable, Allowance for Credit Loss, Writeoff",us-gaap:FinancingReceivableOriginatedMoreThanFiveYearsBeforeCurrentFiscalYearWriteoff,"Financing Receivable, Originated, More than Five Years before Current Fiscal Year, Writeoff",http://www.xbrl.org/2003/arcrole/summation-item,1,1.0,,http://www.cat.com/role/CatFinancialFinancingActivitiesWriteOffsDetails,cat-20251231_cal.xml
X-CAT-0297,CAT,Caterpillar Inc.,bounded_extension,calculation,us-gaap:FinancingReceivableAllowanceForCreditLossesWriteOffs,"Financing Receivable, Allowance for Credit Loss, Writeoff",us-gaap:FinancingReceivableYearOneOriginatedCurrentFiscalYearWriteoff,"Financing Receivable, Year One, Originated, Current Fiscal Year, Writeoff",http://www.xbrl.org/2003/arcrole/summation-item,2,1.0,,http://www.cat.com/role/CatFinancialFinancingActivitiesWriteOffsDetails,cat-20251231_cal.xml
X-CAT-0298,CAT,Caterpillar Inc.,bounded_extension,calculation,us-gaap:FinancingReceivableAllowanceForCreditLossesWriteOffs,"Financing Receivable, Allowance for Credit Loss, Writeoff",us-gaap:FinancingReceivableRevolvingWriteoff,"Financing Receivable, Revolving, Writeoff",http://www.xbrl.org/2003/arcrole/summation-item,3,1.0,,http://www.cat.com/role/CatFinancialFinancingActivitiesWriteOffsDetails,cat-20251231_cal.xml
X-CAT-0299,CAT,Caterpillar Inc.,bounded_extension,calculation,us-gaap:FinancingReceivableAllowanceForCreditLossesWriteOffs,"Financing Receivable, Allowance for Credit Loss, Writeoff",us-gaap:FinancingReceivableYearFourOriginatedThreeYearsBeforeCurrentFiscalYearWriteoff,"Financing Receivable, Year Four, Originated, Three Years before Current Fiscal Year, Writeoff",http://www.xbrl.org/2003/arcrole/summation-item,4,1.0,,http://www.cat.com/role/CatFinancialFinancingActivitiesWriteOffsDetails,cat-20251231_cal.xml
X-CAT-0300,CAT,Caterpillar Inc.,bounded_extension,calculation,us-gaap:FinancingReceivableAllowanceForCreditLossesWriteOffs,"Financing Receivable, Allowance for Credit Loss, Writeoff",us-gaap:FinancingReceivableYearThreeOriginatedTwoYearsBeforeCurrentFiscalYearWriteoff,"Financing Receivable, Year Three, Originated, Two Years before Current Fiscal Year, Writeoff",http://www.xbrl.org/2003/arcrole/summation-item,5,1.0,,http://www.cat.com/role/CatFinancialFinancingActivitiesWriteOffsDetails,cat-20251231_cal.xml
X-CAT-0301,CAT,Caterpillar Inc.,bounded_extension,calculation,us-gaap:FinancingReceivableAllowanceForCreditLossesWriteOffs,"Financing Receivable, Allowance for Credit Loss, Writeoff",us-gaap:FinancingReceivableYearFiveOriginatedFourYearsBeforeCurrentFiscalYearWriteoff,"Financing Receivable, Year Five, Originated, Four Years before Current Fiscal Year, Writeoff",http://www.xbrl.org/2003/arcrole/summation-item,6,1.0,,http://www.cat.com/role/CatFinancialFinancingActivitiesWriteOffsDetails,cat-20251231_cal.xml
X-CAT-0302,CAT,Caterpillar Inc.,bounded_extension,calculation,us-gaap:FinancingReceivableAllowanceForCreditLossesWriteOffs,"Financing Receivable, Allowance for Credit Loss, Writeoff",us-gaap:FinancingReceivableYearTwoOriginatedFiscalYearBeforeCurrentFiscalYearWriteoff,"Financing Receivable, Year Two, Originated, Fiscal Year before Current Fiscal Year, Writeoff",http://www.xbrl.org/2003/arcrole/summation-item,7,1.0,,http://www.cat.com/role/CatFinancialFinancingActivitiesWriteOffsDetails,cat-20251231_cal.xml
X-CAT-0303,CAT,Caterpillar Inc.,bounded_extension,calculation,us-gaap:NotesReceivableGross,"Financing Receivable, before Allowance for Credit Loss",us-gaap:FinancingReceivableRevolving,"Financing Receivable, Revolving",http://www.xbrl.org/2003/arcrole/summation-item,1,1.0,,http://www.cat.com/role/CatFinancialFinancingActivitiesAmortizedcostoffinancereceivablesinthecustomerportfoliosegmentbyoriginationyearDetails,cat-20251231_cal.xml
X-CAT-0304,CAT,Caterpillar Inc.,bounded_extension,calculation,us-gaap:NotesReceivableGross,"Financing Receivable, before Allowance for Credit Loss",us-gaap:FinancingReceivableOriginatedInCurrentFiscalYear,"Financing Receivable, Year One, Originated, Current Fiscal Year",http://www.xbrl.org/2003/arcrole/summation-item,2,1.0,,http://www.cat.com/role/CatFinancialFinancingActivitiesAmortizedcostoffinancereceivablesinthecustomerportfoliosegmentbyoriginationyearDetails,cat-20251231_cal.xml
X-CAT-0305,CAT,Caterpillar Inc.,bounded_extension,calculation,us-gaap:NotesReceivableGross,"Financing Receivable, before Allowance for Credit Loss",us-gaap:FinancingReceivableOriginatedTwoYearsBeforeLatestFiscalYear,"Financing Receivable, Year Three, Originated, Two Years before Current Fiscal Year",http://www.xbrl.org/2003/arcrole/summation-item,3,1.0,,http://www.cat.com/role/CatFinancialFinancingActivitiesAmortizedcostoffinancereceivablesinthecustomerportfoliosegmentbyoriginationyearDetails,cat-20251231_cal.xml
X-CAT-0306,CAT,Caterpillar Inc.,bounded_extension,calculation,us-gaap:NotesReceivableGross,"Financing Receivable, before Allowance for Credit Loss",us-gaap:FinancingReceivableOriginatedFiveOrMoreYearsBeforeLatestFiscalYear,"Financing Receivable, Originated, More than Five Years before Current Fiscal Year",http://www.xbrl.org/2003/arcrole/summation-item,4,1.0,,http://www.cat.com/role/CatFinancialFinancingActivitiesAmortizedcostoffinancereceivablesinthecustomerportfoliosegmentbyoriginationyearDetails,cat-20251231_cal.xml
X-CAT-0307,CAT,Caterpillar Inc.,bounded_extension,calculation,us-gaap:NotesReceivableGross,"Financing Receivable, before Allowance for Credit Loss",us-gaap:FinancingReceivableOriginatedInFiscalYearBeforeLatestFiscalYear,"Financing Receivable, Year Two, Originated, Fiscal Year before Current Fiscal Year",http://www.xbrl.org/2003/arcrole/summation-item,5,1.0,,http://www.cat.com/role/CatFinancialFinancingActivitiesAmortizedcostoffinancereceivablesinthecustomerportfoliosegmentbyoriginationyearDetails,cat-20251231_cal.xml
X-CAT-0308,CAT,Caterpillar Inc.,bounded_extension,calculation,us-gaap:NotesReceivableGross,"Financing Receivable, before Allowance for Credit Loss",us-gaap:FinancingReceivableOriginatedThreeYearsBeforeLatestFiscalYear,"Financing Receivable, Year Four, Originated, Three Years before Current Fiscal Year",http://www.xbrl.org/2003/arcrole/summation-item,6,1.0,,http://www.cat.com/role/CatFinancialFinancingActivitiesAmortizedcostoffinancereceivablesinthecustomerportfoliosegmentbyoriginationyearDetails,cat-20251231_cal.xml
X-CAT-0309,CAT,Caterpillar Inc.,bounded_extension,calculation,us-gaap:NotesReceivableGross,"Financing Receivable, before Allowance for Credit Loss",us-gaap:FinancingReceivableOriginatedFourYearsBeforeLatestFiscalYear,"Financing Receivable, Year Five, Originated, Four Years before Current Fiscal Year",http://www.xbrl.org/2003/arcrole/summation-item,7,1.0,,http://www.cat.com/role/CatFinancialFinancingActivitiesAmortizedcostoffinancereceivablesinthecustomerportfoliosegmentbyoriginationyearDetails,cat-20251231_cal.xml
X-CAT-0310,CAT,Caterpillar Inc.,bounded_extension,calculation,us-gaap:InventoryNet,"Inventory, Net",us-gaap:InventoryRawMaterialsNetOfReserves,"Inventory, Raw Materials, Net of Reserves",http://www.xbrl.org/2003/arcrole/summation-item,1,1.0,,http://www.cat.com/role/InventoriesDetails,cat-20251231_cal.xml
X-CAT-0311,CAT,Caterpillar Inc.,bounded_extension,calculation,us-gaap:InventoryNet,"Inventory, Net",us-gaap:InventoryWorkInProcessNetOfReserves,"Inventory, Work in Process, Net of Reserves",http://www.xbrl.org/2003/arcrole/summation-item,2,1.0,,http://www.cat.com/role/InventoriesDetails,cat-20251231_cal.xml
X-CAT-0312,CAT,Caterpillar Inc.,bounded_extension,calculation,us-gaap:InventoryNet,"Inventory, Net",us-gaap:InventoryFinishedGoodsNetOfReserves,"Inventory, Finished Goods, Net of Reserves",http://www.xbrl.org/2003/arcrole/summation-item,3,1.0,,http://www.cat.com/role/InventoriesDetails,cat-20251231_cal.xml
X-CAT-0313,CAT,Caterpillar Inc.,bounded_extension,calculation,us-gaap:InventoryNet,"Inventory, Net",us-gaap:InventorySuppliesNetOfReserves,"Inventory, Supplies, Net of Reserves",http://www.xbrl.org/2003/arcrole/summation-item,4,1.0,,http://www.cat.com/role/InventoriesDetails,cat-20251231_cal.xml
X-CAT-0314,CAT,Caterpillar Inc.,bounded_extension,calculation,us-gaap:LeaseIncome,Lease Income,us-gaap:SalesTypeLeaseRevenue,"Sales-type Lease, Revenue",http://www.xbrl.org/2003/arcrole/summation-item,1,1.0,,http://www.cat.com/role/LeasesRevenuesfromfinanceandoperatingleasesDetails,cat-20251231_cal.xml
X-CAT-0315,CAT,Caterpillar Inc.,bounded_extension,definition,us-gaap:StatementLineItems,Statement [Line Items],us-gaap:RevenuesAbstract,Revenues [Abstract],http://xbrl.org/int/dim/arcrole/domain-member,0,,,http://www.cat.com/role/ConsolidatedResultsofOperationsfortheYearsEndedDecember31,cat-20251231_def.xml
X-CAT-0316,CAT,Caterpillar Inc.,bounded_extension,definition,us-gaap:RevenuesAbstract,Revenues [Abstract],us-gaap:Revenues,Revenues,http://xbrl.org/int/dim/arcrole/domain-member,1,,,http://www.cat.com/role/ConsolidatedResultsofOperationsfortheYearsEndedDecember31,cat-20251231_def.xml
X-CAT-0317,CAT,Caterpillar Inc.,bounded_extension,definition,us-gaap:OperatingExpensesAbstract,Operating Expenses [Abstract],us-gaap:CostOfRevenue,Cost of Revenue,http://xbrl.org/int/dim/arcrole/domain-member,1,,,http://www.cat.com/role/ConsolidatedResultsofOperationsfortheYearsEndedDecember31,cat-20251231_def.xml
X-CAT-0318,CAT,Caterpillar Inc.,bounded_extension,definition,us-gaap:AssetsCurrentAbstract,"Assets, Current [Abstract]",us-gaap:AccountsReceivableNetCurrent,"Accounts Receivable, after Allowance for Credit Loss, Current",http://xbrl.org/int/dim/arcrole/domain-member,2,,,http://www.cat.com/role/ConsolidatedFinancialPositionatDecember31,cat-20251231_def.xml
X-CAT-0319,CAT,Caterpillar Inc.,bounded_extension,definition,us-gaap:AssetsCurrentAbstract,"Assets, Current [Abstract]",us-gaap:NotesAndLoansReceivableNetCurrent,"Financing Receivable, after Allowance for Credit Loss, Current",http://xbrl.org/int/dim/arcrole/domain-member,3,,,http://www.cat.com/role/ConsolidatedFinancialPositionatDecember31,cat-20251231_def.xml
X-CAT-0320,CAT,Caterpillar Inc.,bounded_extension,definition,us-gaap:AssetsCurrentAbstract,"Assets, Current [Abstract]",us-gaap:InventoryNet,"Inventory, Net",http://xbrl.org/int/dim/arcrole/domain-member,5,,,http://www.cat.com/role/ConsolidatedFinancialPositionatDecember31,cat-20251231_def.xml
X-CAT-0321,CAT,Caterpillar Inc.,bounded_extension,definition,us-gaap:AssetsAbstract,Assets [Abstract],us-gaap:AccountsReceivableNetNoncurrent,"Accounts Receivable, after Allowance for Credit Loss, Noncurrent",http://xbrl.org/int/dim/arcrole/domain-member,3,,,http://www.cat.com/role/ConsolidatedFinancialPositionatDecember31,cat-20251231_def.xml
X-CAT-0322,CAT,Caterpillar Inc.,bounded_extension,definition,us-gaap:AssetsAbstract,Assets [Abstract],us-gaap:NotesAndLoansReceivableNetNoncurrent,"Financing Receivable, after Allowance for Credit Loss, Noncurrent",http://xbrl.org/int/dim/arcrole/domain-member,4,,,http://www.cat.com/role/ConsolidatedFinancialPositionatDecember31,cat-20251231_def.xml
X-CAT-0323,CAT,Caterpillar Inc.,bounded_extension,definition,us-gaap:LiabilitiesCurrentAbstract,"Liabilities, Current [Abstract]",us-gaap:ContractWithCustomerLiabilityCurrent,"Contract with Customer, Liability, Current",http://xbrl.org/int/dim/arcrole/domain-member,5,,,http://www.cat.com/role/ConsolidatedFinancialPositionatDecember31,cat-20251231_def.xml
X-CAT-0324,CAT,Caterpillar Inc.,bounded_extension,definition,us-gaap:IncreaseDecreaseInOperatingCapitalAbstract,"Adjustment to Reconcile Net Income to Cash Provided by (Used in) Operating Activity, Increase (Decrease) in Operating Capital [Abstract]",us-gaap:IncreaseDecreaseInReceivables,Increase (Decrease) in Receivables,http://xbrl.org/int/dim/arcrole/domain-member,1,,,http://www.cat.com/role/ConsolidatedStatementofCashFlowfortheYearsEndedDecember31,cat-20251231_def.xml
X-CAT-0325,CAT,Caterpillar Inc.,bounded_extension,definition,us-gaap:IncreaseDecreaseInOperatingCapitalAbstract,"Adjustment to Reconcile Net Income to Cash Provided by (Used in) Operating Activity, Increase (Decrease) in Operating Capital [Abstract]",us-gaap:IncreaseDecreaseInInventories,Increase (Decrease) in Inventories,http://xbrl.org/int/dim/arcrole/domain-member,2,,,http://www.cat.com/role/ConsolidatedStatementofCashFlowfortheYearsEndedDecember31,cat-20251231_def.xml
X-CAT-0326,CAT,Caterpillar Inc.,bounded_extension,definition,us-gaap:IncreaseDecreaseInOperatingCapitalAbstract,"Adjustment to Reconcile Net Income to Cash Provided by (Used in) Operating Activity, Increase (Decrease) in Operating Capital [Abstract]",us-gaap:IncreaseDecreaseInContractWithCustomerLiability,"Increase (Decrease) in Contract with Customer, Liability",http://xbrl.org/int/dim/arcrole/domain-member,6,,,http://www.cat.com/role/ConsolidatedStatementofCashFlowfortheYearsEndedDecember31,cat-20251231_def.xml
X-CAT-0327,CAT,Caterpillar Inc.,bounded_extension,definition,us-gaap:NetCashProvidedByUsedInInvestingActivitiesContinuingOperationsAbstract,"Cash Provided by (Used in) Investing Activity, Continuing Operation [Abstract]",us-gaap:PaymentsToAcquireFinanceReceivables,Payments to Acquire Finance Receivables,http://xbrl.org/int/dim/arcrole/domain-member,4,,,http://www.cat.com/role/ConsolidatedStatementofCashFlowfortheYearsEndedDecember31,cat-20251231_def.xml
X-CAT-0328,CAT,Caterpillar Inc.,bounded_extension,definition,us-gaap:NetCashProvidedByUsedInInvestingActivitiesContinuingOperationsAbstract,"Cash Provided by (Used in) Investing Activity, Continuing Operation [Abstract]",us-gaap:ProceedsFromCollectionOfFinanceReceivables,Proceeds from Collection of Finance Receivables,http://xbrl.org/int/dim/arcrole/domain-member,5,,,http://www.cat.com/role/ConsolidatedStatementofCashFlowfortheYearsEndedDecember31,cat-20251231_def.xml
X-CAT-0329,CAT,Caterpillar Inc.,bounded_extension,definition,us-gaap:NetCashProvidedByUsedInInvestingActivitiesContinuingOperationsAbstract,"Cash Provided by (Used in) Investing Activity, Continuing Operation [Abstract]",us-gaap:ProceedsFromSaleOfFinanceReceivables,Proceeds from Sale of Finance Receivables,http://xbrl.org/int/dim/arcrole/domain-member,6,,,http://www.cat.com/role/ConsolidatedStatementofCashFlowfortheYearsEndedDecember31,cat-20251231_def.xml
X-CAT-0330,CAT,Caterpillar Inc.,bounded_extension,definition,cat:OperationsandsummaryofsignificantaccountingpoliciesTable,,cat:FinanceReceivablesAxis,,http://xbrl.org/int/dim/arcrole/hypercube-dimension,5,,,http://www.cat.com/role/OperationsandsummaryofsignificantaccountingpoliciesDetails,cat-20251231_def.xml
X-CAT-0331,CAT,Caterpillar Inc.,bounded_extension,definition,cat:FinanceReceivablesAxis,,cat:FinanceReceivablesDomain,,http://xbrl.org/int/dim/arcrole/dimension-default,1,,,http://www.cat.com/role/OperationsandsummaryofsignificantaccountingpoliciesDetails,cat-20251231_def.xml
X-CAT-0332,CAT,Caterpillar Inc.,bounded_extension,definition,cat:FinanceReceivablesAxis,,cat:FinanceReceivablesDomain,,http://xbrl.org/int/dim/arcrole/dimension-domain,1,,,http://www.cat.com/role/OperationsandsummaryofsignificantaccountingpoliciesDetails,cat-20251231_def.xml
X-CAT-0333,CAT,Caterpillar Inc.,bounded_extension,definition,cat:FinanceReceivablesDomain,,cat:RecoveriesFromOverPaymentsMember,,http://xbrl.org/int/dim/arcrole/domain-member,0,,,http://www.cat.com/role/OperationsandsummaryofsignificantaccountingpoliciesDetails,cat-20251231_def.xml
X-CAT-0334,CAT,Caterpillar Inc.,bounded_extension,definition,cat:OperationsandsummaryofsignificantaccountingpoliciesLineItems,,us-gaap:AccountsReceivableNetNoncurrent,"Accounts Receivable, after Allowance for Credit Loss, Noncurrent",http://xbrl.org/int/dim/arcrole/domain-member,4,,,http://www.cat.com/role/OperationsandsummaryofsignificantaccountingpoliciesDetails,cat-20251231_def.xml
X-CAT-0335,CAT,Caterpillar Inc.,bounded_extension,definition,cat:OperationsandsummaryofsignificantaccountingpoliciesLineItems,,us-gaap:PercentageOfLIFOInventory,Percentage of LIFO Inventory,http://xbrl.org/int/dim/arcrole/domain-member,5,,,http://www.cat.com/role/OperationsandsummaryofsignificantaccountingpoliciesDetails,cat-20251231_def.xml
X-CAT-0336,CAT,Caterpillar Inc.,bounded_extension,definition,cat:OperationsandsummaryofsignificantaccountingpoliciesLineItems,,us-gaap:InventoryLIFOReserve,"Inventory, LIFO Reserve",http://xbrl.org/int/dim/arcrole/domain-member,6,,,http://www.cat.com/role/OperationsandsummaryofsignificantaccountingpoliciesDetails,cat-20251231_def.xml
X-CAT-0337,CAT,Caterpillar Inc.,bounded_extension,definition,us-gaap:RevenueRemainingPerformanceObligationExpectedTimingOfSatisfactionLineItems,"Revenue, Remaining Performance Obligation, Expected Timing of Satisfaction [Line Items]",us-gaap:RevenueRemainingPerformanceObligationExpectedTimingOfSatisfactionTable,"Revenue, Remaining Performance Obligation, Expected Timing of Satisfaction [Table]",http://xbrl.org/int/dim/arcrole/all,1,,,http://www.cat.com/role/SalesandrevenuerecognitionDetails,cat-20251231_def.xml
X-CAT-0338,CAT,Caterpillar Inc.,bounded_extension,definition,us-gaap:RevenueRemainingPerformanceObligationExpectedTimingOfSatisfactionTable,"Revenue, Remaining Performance Obligation, Expected Timing of Satisfaction [Table]",us-gaap:RevenueRemainingPerformanceObligationExpectedTimingOfSatisfactionStartDateAxis,"Revenue, Remaining Performance Obligation, Expected Timing of Satisfaction, Start Date [Axis]",http://xbrl.org/int/dim/arcrole/hypercube-dimension,1,,,http://www.cat.com/role/SalesandrevenuerecognitionDetails,cat-20251231_def.xml
X-CAT-0339,CAT,Caterpillar Inc.,bounded_extension,definition,us-gaap:RevenueRemainingPerformanceObligationExpectedTimingOfSatisfactionLineItems,"Revenue, Remaining Performance Obligation, Expected Timing of Satisfaction [Line Items]",us-gaap:ContractWithCustomerLiabilityCumulativeCatchUpAdjustmentToRevenueChangeInEstimateOfTransactionPrice,"Contract with Customer, Liability, Cumulative Catch-up Adjustment to Revenue, Change in Estimate of Transaction Price",http://xbrl.org/int/dim/arcrole/domain-member,0,,,http://www.cat.com/role/SalesandrevenuerecognitionDetails,cat-20251231_def.xml
X-CAT-0340,CAT,Caterpillar Inc.,bounded_extension,definition,us-gaap:RevenueRemainingPerformanceObligationExpectedTimingOfSatisfactionLineItems,"Revenue, Remaining Performance Obligation, Expected Timing of Satisfaction [Line Items]",us-gaap:ContractWithCustomerReceivableAfterAllowanceForCreditLossCurrent,"Contract with Customer, Receivable, after Allowance for Credit Loss, Current",http://xbrl.org/int/dim/arcrole/domain-member,1,,,http://www.cat.com/role/SalesandrevenuerecognitionDetails,cat-20251231_def.xml
X-CAT-0341,CAT,Caterpillar Inc.,bounded_extension,definition,us-gaap:RevenueRemainingPerformanceObligationExpectedTimingOfSatisfactionLineItems,"Revenue, Remaining Performance Obligation, Expected Timing of Satisfaction [Line Items]",us-gaap:ContractWithCustomerReceivableAfterAllowanceForCreditLossNoncurrent,"Contract with Customer, Receivable, after Allowance for Credit Loss, Noncurrent",http://xbrl.org/int/dim/arcrole/domain-member,2,,,http://www.cat.com/role/SalesandrevenuerecognitionDetails,cat-20251231_def.xml
X-CAT-0342,CAT,Caterpillar Inc.,bounded_extension,definition,us-gaap:RevenueRemainingPerformanceObligationExpectedTimingOfSatisfactionLineItems,"Revenue, Remaining Performance Obligation, Expected Timing of Satisfaction [Line Items]",us-gaap:ContractWithCustomerAssetNet,"Contract with Customer, Asset, after Allowance for Credit Loss",http://xbrl.org/int/dim/arcrole/domain-member,3,,,http://www.cat.com/role/SalesandrevenuerecognitionDetails,cat-20251231_def.xml
X-CAT-0343,CAT,Caterpillar Inc.,bounded_extension,definition,us-gaap:RevenueRemainingPerformanceObligationExpectedTimingOfSatisfactionLineItems,"Revenue, Remaining Performance Obligation, Expected Timing of Satisfaction [Line Items]",us-gaap:ContractWithCustomerLiability,"Contract with Customer, Liability",http://xbrl.org/int/dim/arcrole/domain-member,4,,,http://www.cat.com/role/SalesandrevenuerecognitionDetails,cat-20251231_def.xml
X-CAT-0344,CAT,Caterpillar Inc.,bounded_extension,definition,us-gaap:RevenueRemainingPerformanceObligationExpectedTimingOfSatisfactionLineItems,"Revenue, Remaining Performance Obligation, Expected Timing of Satisfaction [Line Items]",us-gaap:ContractWithCustomerLiabilityRevenueRecognized,"Contract with Customer, Liability, Revenue Recognized",http://xbrl.org/int/dim/arcrole/domain-member,5,,,http://www.cat.com/role/SalesandrevenuerecognitionDetails,cat-20251231_def.xml
X-CAT-0345,CAT,Caterpillar Inc.,bounded_extension,definition,us-gaap:RevenueRemainingPerformanceObligationExpectedTimingOfSatisfactionLineItems,"Revenue, Remaining Performance Obligation, Expected Timing of Satisfaction [Line Items]",us-gaap:RevenueRemainingPerformanceObligation,"Revenue, Remaining Performance Obligation, Amount",http://xbrl.org/int/dim/arcrole/domain-member,6,,,http://www.cat.com/role/SalesandrevenuerecognitionDetails,cat-20251231_def.xml
X-CAT-0346,CAT,Caterpillar Inc.,bounded_extension,definition,us-gaap:RevenueRemainingPerformanceObligationExpectedTimingOfSatisfactionLineItems,"Revenue, Remaining Performance Obligation, Expected Timing of Satisfaction [Line Items]",us-gaap:RevenueRemainingPerformanceObligationExpectedTimingOfSatisfactionPeriod1,"Revenue, Remaining Performance Obligation, Expected Timing of Satisfaction, Period",http://xbrl.org/int/dim/arcrole/domain-member,7,,,http://www.cat.com/role/SalesandrevenuerecognitionDetails,cat-20251231_def.xml
X-CAT-0347,CAT,Caterpillar Inc.,bounded_extension,definition,us-gaap:RevenueRemainingPerformanceObligationExpectedTimingOfSatisfactionLineItems,"Revenue, Remaining Performance Obligation, Expected Timing of Satisfaction [Line Items]",cat:PeriodAfterWhichCollectionOfFutureIncomeIsConsideredAsNotProbable,,http://xbrl.org/int/dim/arcrole/domain-member,8,,,http://www.cat.com/role/SalesandrevenuerecognitionDetails,cat-20251231_def.xml
X-CAT-0348,CAT,Caterpillar Inc.,bounded_extension,definition,us-gaap:RevenueRemainingPerformanceObligationExpectedTimingOfSatisfactionLineItems,"Revenue, Remaining Performance Obligation, Expected Timing of Satisfaction [Line Items]",us-gaap:RevenueRemainingPerformanceObligationPercentage,"Revenue, Remaining Performance Obligation, Percentage",http://xbrl.org/int/dim/arcrole/domain-member,9,,,http://www.cat.com/role/SalesandrevenuerecognitionDetails,cat-20251231_def.xml
X-CAT-0349,CAT,Caterpillar Inc.,bounded_extension,definition,us-gaap:RevenueRemainingPerformanceObligationExpectedTimingOfSatisfactionLineItems,"Revenue, Remaining Performance Obligation, Expected Timing of Satisfaction [Line Items]",us-gaap:RevenueRemainingPerformanceObligationExpectedTimingOfSatisfactionTable,"Revenue, Remaining Performance Obligation, Expected Timing of Satisfaction [Table]",http://xbrl.org/int/dim/arcrole/all,1,,,http://www.cat.com/role/SalesandrevenuerecognitionDetails_1,cat-20251231_def.xml
X-CAT-0350,CAT,Caterpillar Inc.,bounded_extension,definition,us-gaap:RevenueRemainingPerformanceObligationExpectedTimingOfSatisfactionLineItems,"Revenue, Remaining Performance Obligation, Expected Timing of Satisfaction [Line Items]",us-gaap:ContractWithCustomerLiabilityCumulativeCatchUpAdjustmentToRevenueChangeInEstimateOfTransactionPrice,"Contract with Customer, Liability, Cumulative Catch-up Adjustment to Revenue, Change in Estimate of Transaction Price",http://xbrl.org/int/dim/arcrole/domain-member,0,,,http://www.cat.com/role/SalesandrevenuerecognitionDetails_1,cat-20251231_def.xml
X-CAT-0351,CAT,Caterpillar Inc.,bounded_extension,definition,us-gaap:RevenueRemainingPerformanceObligationExpectedTimingOfSatisfactionLineItems,"Revenue, Remaining Performance Obligation, Expected Timing of Satisfaction [Line Items]",us-gaap:ContractWithCustomerReceivableAfterAllowanceForCreditLossCurrent,"Contract with Customer, Receivable, after Allowance for Credit Loss, Current",http://xbrl.org/int/dim/arcrole/domain-member,1,,,http://www.cat.com/role/SalesandrevenuerecognitionDetails_1,cat-20251231_def.xml
X-CAT-0352,CAT,Caterpillar Inc.,bounded_extension,definition,us-gaap:RevenueRemainingPerformanceObligationExpectedTimingOfSatisfactionLineItems,"Revenue, Remaining Performance Obligation, Expected Timing of Satisfaction [Line Items]",us-gaap:ContractWithCustomerReceivableAfterAllowanceForCreditLossNoncurrent,"Contract with Customer, Receivable, after Allowance for Credit Loss, Noncurrent",http://xbrl.org/int/dim/arcrole/domain-member,2,,,http://www.cat.com/role/SalesandrevenuerecognitionDetails_1,cat-20251231_def.xml
X-CAT-0353,CAT,Caterpillar Inc.,bounded_extension,definition,us-gaap:RevenueRemainingPerformanceObligationExpectedTimingOfSatisfactionLineItems,"Revenue, Remaining Performance Obligation, Expected Timing of Satisfaction [Line Items]",us-gaap:ContractWithCustomerAssetNet,"Contract with Customer, Asset, after Allowance for Credit Loss",http://xbrl.org/int/dim/arcrole/domain-member,3,,,http://www.cat.com/role/SalesandrevenuerecognitionDetails_1,cat-20251231_def.xml
X-CAT-0354,CAT,Caterpillar Inc.,bounded_extension,definition,us-gaap:RevenueRemainingPerformanceObligationExpectedTimingOfSatisfactionLineItems,"Revenue, Remaining Performance Obligation, Expected Timing of Satisfaction [Line Items]",us-gaap:ContractWithCustomerLiability,"Contract with Customer, Liability",http://xbrl.org/int/dim/arcrole/domain-member,4,,,http://www.cat.com/role/SalesandrevenuerecognitionDetails_1,cat-20251231_def.xml
X-CAT-0355,CAT,Caterpillar Inc.,bounded_extension,definition,us-gaap:RevenueRemainingPerformanceObligationExpectedTimingOfSatisfactionLineItems,"Revenue, Remaining Performance Obligation, Expected Timing of Satisfaction [Line Items]",us-gaap:ContractWithCustomerLiabilityRevenueRecognized,"Contract with Customer, Liability, Revenue Recognized",http://xbrl.org/int/dim/arcrole/domain-member,5,,,http://www.cat.com/role/SalesandrevenuerecognitionDetails_1,cat-20251231_def.xml
X-CAT-0356,CAT,Caterpillar Inc.,bounded_extension,definition,us-gaap:RevenueRemainingPerformanceObligationExpectedTimingOfSatisfactionLineItems,"Revenue, Remaining Performance Obligation, Expected Timing of Satisfaction [Line Items]",us-gaap:RevenueRemainingPerformanceObligation,"Revenue, Remaining Performance Obligation, Amount",http://xbrl.org/int/dim/arcrole/domain-member,6,,,http://www.cat.com/role/SalesandrevenuerecognitionDetails_1,cat-20251231_def.xml
X-CAT-0357,CAT,Caterpillar Inc.,bounded_extension,definition,us-gaap:RevenueRemainingPerformanceObligationExpectedTimingOfSatisfactionLineItems,"Revenue, Remaining Performance Obligation, Expected Timing of Satisfaction [Line Items]",us-gaap:RevenueRemainingPerformanceObligationExpectedTimingOfSatisfactionPeriod1,"Revenue, Remaining Performance Obligation, Expected Timing of Satisfaction, Period",http://xbrl.org/int/dim/arcrole/domain-member,7,,,http://www.cat.com/role/SalesandrevenuerecognitionDetails_1,cat-20251231_def.xml
X-CAT-0358,CAT,Caterpillar Inc.,bounded_extension,definition,us-gaap:RevenueRemainingPerformanceObligationExpectedTimingOfSatisfactionLineItems,"Revenue, Remaining Performance Obligation, Expected Timing of Satisfaction [Line Items]",cat:PeriodAfterWhichCollectionOfFutureIncomeIsConsideredAsNotProbable,,http://xbrl.org/int/dim/arcrole/domain-member,8,,,http://www.cat.com/role/SalesandrevenuerecognitionDetails_1,cat-20251231_def.xml
X-CAT-0359,CAT,Caterpillar Inc.,bounded_extension,definition,us-gaap:RevenueRemainingPerformanceObligationExpectedTimingOfSatisfactionLineItems,"Revenue, Remaining Performance Obligation, Expected Timing of Satisfaction [Line Items]",us-gaap:RevenueRemainingPerformanceObligationPercentage,"Revenue, Remaining Performance Obligation, Percentage",http://xbrl.org/int/dim/arcrole/domain-member,9,,,http://www.cat.com/role/SalesandrevenuerecognitionDetails_1,cat-20251231_def.xml
X-CAT-0360,CAT,Caterpillar Inc.,bounded_extension,definition,cat:FinanceReceivablesLineItems,Finance Receivables [Line Items],cat:FinanceReceivablesTable,,http://xbrl.org/int/dim/arcrole/all,1,,,http://www.cat.com/role/CatFinancialFinancingActivitiesDetails,cat-20251231_def.xml
X-CAT-0361,CAT,Caterpillar Inc.,bounded_extension,definition,cat:FinanceReceivablesTable,,us-gaap:AccountsNotesLoansAndFinancingReceivableByReceivableTypeAxis,Receivable Type [Axis],http://xbrl.org/int/dim/arcrole/hypercube-dimension,1,,,http://www.cat.com/role/CatFinancialFinancingActivitiesDetails,cat-20251231_def.xml
X-CAT-0362,CAT,Caterpillar Inc.,bounded_extension,definition,us-gaap:AccountsNotesLoansAndFinancingReceivableByReceivableTypeAxis,Receivable Type [Axis],us-gaap:ReceivableTypeDomain,Receivable [Domain],http://xbrl.org/int/dim/arcrole/dimension-default,1,,,http://www.cat.com/role/CatFinancialFinancingActivitiesDetails,cat-20251231_def.xml
X-CAT-0363,CAT,Caterpillar Inc.,bounded_extension,definition,us-gaap:AccountsNotesLoansAndFinancingReceivableByReceivableTypeAxis,Receivable Type [Axis],us-gaap:ReceivableTypeDomain,Receivable [Domain],http://xbrl.org/int/dim/arcrole/dimension-domain,1,,,http://www.cat.com/role/CatFinancialFinancingActivitiesDetails,cat-20251231_def.xml
X-CAT-0364,CAT,Caterpillar Inc.,bounded_extension,definition,us-gaap:ReceivableTypeDomain,Receivable [Domain],cat:WholesaleReceivablesMember,,http://xbrl.org/int/dim/arcrole/domain-member,0,,,http://www.cat.com/role/CatFinancialFinancingActivitiesDetails,cat-20251231_def.xml
X-CAT-0365,CAT,Caterpillar Inc.,bounded_extension,definition,cat:FinanceReceivablesTable,,us-gaap:FinancingReceivablePortfolioSegmentAxis,Financing Receivable Portfolio Segment [Axis],http://xbrl.org/int/dim/arcrole/hypercube-dimension,2,,,http://www.cat.com/role/CatFinancialFinancingActivitiesDetails,cat-20251231_def.xml
X-CAT-0366,CAT,Caterpillar Inc.,bounded_extension,definition,us-gaap:FinancingReceivablePortfolioSegmentAxis,Financing Receivable Portfolio Segment [Axis],us-gaap:FinancingReceivablePortfolioSegmentDomain,Financing Receivable Portfolio Segment [Domain],http://xbrl.org/int/dim/arcrole/dimension-default,1,,,http://www.cat.com/role/CatFinancialFinancingActivitiesDetails,cat-20251231_def.xml
X-CAT-0367,CAT,Caterpillar Inc.,bounded_extension,definition,us-gaap:FinancingReceivablePortfolioSegmentAxis,Financing Receivable Portfolio Segment [Axis],us-gaap:FinancingReceivablePortfolioSegmentDomain,Financing Receivable Portfolio Segment [Domain],http://xbrl.org/int/dim/arcrole/dimension-domain,1,,,http://www.cat.com/role/CatFinancialFinancingActivitiesDetails,cat-20251231_def.xml
X-CAT-0368,CAT,Caterpillar Inc.,bounded_extension,definition,us-gaap:FinancingReceivablePortfolioSegmentDomain,Financing Receivable Portfolio Segment [Domain],cat:DealerMember,,http://xbrl.org/int/dim/arcrole/domain-member,0,,,http://www.cat.com/role/CatFinancialFinancingActivitiesDetails,cat-20251231_def.xml
X-CAT-0369,CAT,Caterpillar Inc.,bounded_extension,definition,us-gaap:FinancingReceivablePortfolioSegmentDomain,Financing Receivable Portfolio Segment [Domain],cat:CustomerMember,,http://xbrl.org/int/dim/arcrole/domain-member,1,,,http://www.cat.com/role/CatFinancialFinancingActivitiesDetails,cat-20251231_def.xml
X-CAT-0370,CAT,Caterpillar Inc.,bounded_extension,definition,us-gaap:FinancingReceivablePortfolioSegmentDomain,Financing Receivable Portfolio Segment [Domain],us-gaap:EMEAMember,EMEA [Member],http://xbrl.org/int/dim/arcrole/domain-member,2,,,http://www.cat.com/role/CatFinancialFinancingActivitiesDetails,cat-20251231_def.xml
X-CAT-0371,CAT,Caterpillar Inc.,bounded_extension,definition,cat:FinanceReceivablesTable,,us-gaap:FinancingReceivableRecordedInvestmentByClassOfFinancingReceivableAxis,Class of Financing Receivable [Axis],http://xbrl.org/int/dim/arcrole/hypercube-dimension,3,,,http://www.cat.com/role/CatFinancialFinancingActivitiesDetails,cat-20251231_def.xml
X-CAT-0372,CAT,Caterpillar Inc.,bounded_extension,definition,us-gaap:FinancingReceivableRecordedInvestmentByClassOfFinancingReceivableAxis,Class of Financing Receivable [Axis],us-gaap:FinancingReceivableRecordedInvestmentClassOfFinancingReceivableDomain,Class of Financing Receivable [Domain],http://xbrl.org/int/dim/arcrole/dimension-default,1,,,http://www.cat.com/role/CatFinancialFinancingActivitiesDetails,cat-20251231_def.xml
X-CAT-0373,CAT,Caterpillar Inc.,bounded_extension,definition,us-gaap:FinancingReceivableRecordedInvestmentByClassOfFinancingReceivableAxis,Class of Financing Receivable [Axis],us-gaap:FinancingReceivableRecordedInvestmentClassOfFinancingReceivableDomain,Class of Financing Receivable [Domain],http://xbrl.org/int/dim/arcrole/dimension-domain,1,,,http://www.cat.com/role/CatFinancialFinancingActivitiesDetails,cat-20251231_def.xml
X-CAT-0374,CAT,Caterpillar Inc.,bounded_extension,definition,us-gaap:FinancingReceivableRecordedInvestmentClassOfFinancingReceivableDomain,Class of Financing Receivable [Domain],srt:LatinAmericaMember,Latin America [Member],http://xbrl.org/int/dim/arcrole/domain-member,0,,,http://www.cat.com/role/CatFinancialFinancingActivitiesDetails,cat-20251231_def.xml
X-CAT-0375,CAT,Caterpillar Inc.,bounded_extension,definition,cat:FinanceReceivablesTable,,us-gaap:InternalCreditAssessmentAxis,Internal Credit Assessment [Axis],http://xbrl.org/int/dim/arcrole/hypercube-dimension,4,,,http://www.cat.com/role/CatFinancialFinancingActivitiesDetails,cat-20251231_def.xml
X-CAT-0376,CAT,Caterpillar Inc.,bounded_extension,definition,us-gaap:InternalCreditAssessmentDomain,Internal Credit Assessment [Domain],cat:FinancingReceivablesEqualToGreaterThan91DaysPastDueMember,,http://xbrl.org/int/dim/arcrole/domain-member,0,,,http://www.cat.com/role/CatFinancialFinancingActivitiesDetails,cat-20251231_def.xml
X-CAT-0377,CAT,Caterpillar Inc.,bounded_extension,definition,cat:FinanceReceivablesTable,,us-gaap:FinancingReceivablesPeriodPastDueAxis,"Financial Asset, Aging [Axis]",http://xbrl.org/int/dim/arcrole/hypercube-dimension,5,,,http://www.cat.com/role/CatFinancialFinancingActivitiesDetails,cat-20251231_def.xml
X-CAT-0378,CAT,Caterpillar Inc.,bounded_extension,definition,us-gaap:FinancingReceivablesPeriodPastDueAxis,"Financial Asset, Aging [Axis]",us-gaap:FinancingReceivablesPeriodPastDueDomain,"Financial Asset, Aging [Domain]",http://xbrl.org/int/dim/arcrole/dimension-default,1,,,http://www.cat.com/role/CatFinancialFinancingActivitiesDetails,cat-20251231_def.xml
X-CAT-0379,CAT,Caterpillar Inc.,bounded_extension,definition,us-gaap:FinancingReceivablesPeriodPastDueAxis,"Financial Asset, Aging [Axis]",us-gaap:FinancingReceivablesPeriodPastDueDomain,"Financial Asset, Aging [Domain]",http://xbrl.org/int/dim/arcrole/dimension-domain,1,,,http://www.cat.com/role/CatFinancialFinancingActivitiesDetails,cat-20251231_def.xml
X-CAT-0380,CAT,Caterpillar Inc.,bounded_extension,definition,us-gaap:FinancingReceivablesPeriodPastDueDomain,"Financial Asset, Aging [Domain]",cat:FinancingReceivables31To60DaysPastDueMember,,http://xbrl.org/int/dim/arcrole/domain-member,0,,,http://www.cat.com/role/CatFinancialFinancingActivitiesDetails,cat-20251231_def.xml
X-CAT-0381,CAT,Caterpillar Inc.,bounded_extension,definition,us-gaap:FinancingReceivablesPeriodPastDueDomain,"Financial Asset, Aging [Domain]",cat:FinancingReceivables61To90DaysPastDueMember,,http://xbrl.org/int/dim/arcrole/domain-member,1,,,http://www.cat.com/role/CatFinancialFinancingActivitiesDetails,cat-20251231_def.xml
X-CAT-0382,CAT,Caterpillar Inc.,bounded_extension,definition,us-gaap:FinancingReceivablesPeriodPastDueDomain,"Financial Asset, Aging [Domain]",cat:FinancingReceivablesEqualToGreaterThan91DaysPastDueMember,,http://xbrl.org/int/dim/arcrole/domain-member,2,,,http://www.cat.com/role/CatFinancialFinancingActivitiesDetails,cat-20251231_def.xml
X-CAT-0383,CAT,Caterpillar Inc.,bounded_extension,definition,cat:FinanceReceivablesTable,,us-gaap:LoanRestructuringModificationAxis,Loan Restructuring Modification [Axis],http://xbrl.org/int/dim/arcrole/hypercube-dimension,6,,,http://www.cat.com/role/CatFinancialFinancingActivitiesDetails,cat-20251231_def.xml
X-CAT-0384,CAT,Caterpillar Inc.,bounded_extension,definition,cat:FinanceReceivablesLineItems,Finance Receivables [Line Items],us-gaap:NotesReceivableGross,"Financing Receivable, before Allowance for Credit Loss",http://xbrl.org/int/dim/arcrole/domain-member,0,,,http://www.cat.com/role/CatFinancialFinancingActivitiesDetails,cat-20251231_def.xml
X-CAT-0385,CAT,Caterpillar Inc.,bounded_extension,definition,cat:FinanceReceivablesLineItems,Finance Receivables [Line Items],us-gaap:FinancingReceivableOriginatedFourYearsBeforeLatestFiscalYear,"Financing Receivable, Year Five, Originated, Four Years before Current Fiscal Year",http://xbrl.org/int/dim/arcrole/domain-member,1,,,http://www.cat.com/role/CatFinancialFinancingActivitiesDetails,cat-20251231_def.xml
X-CAT-0386,CAT,Caterpillar Inc.,bounded_extension,definition,cat:FinanceReceivablesLineItems,Finance Receivables [Line Items],us-gaap:FinancingReceivableRecordedInvestmentNonaccrualStatus,"Financing Receivable, Nonaccrual",http://xbrl.org/int/dim/arcrole/domain-member,2,,,http://www.cat.com/role/CatFinancialFinancingActivitiesDetails,cat-20251231_def.xml
X-CAT-0387,CAT,Caterpillar Inc.,bounded_extension,definition,cat:FinanceReceivablesLineItems,Finance Receivables [Line Items],cat:FinancingReceivableModifiedBorrowersNotExperiencingFinancialDifficultyMaximumPeriod,,http://xbrl.org/int/dim/arcrole/domain-member,3,,,http://www.cat.com/role/CatFinancialFinancingActivitiesDetails,cat-20251231_def.xml
X-CAT-0388,CAT,Caterpillar Inc.,bounded_extension,definition,cat:FinanceReceivablesLineItems,Finance Receivables [Line Items],us-gaap:FinancingReceivableModificationsPostModificationRecordedInvestment2,"Financing Receivable, Modified in Period, Amount",http://xbrl.org/int/dim/arcrole/domain-member,4,,,http://www.cat.com/role/CatFinancialFinancingActivitiesDetails,cat-20251231_def.xml
X-CAT-0389,CAT,Caterpillar Inc.,bounded_extension,definition,cat:FinanceReceivablesLineItems,Finance Receivables [Line Items],us-gaap:FinancingReceivableModificationToTotalFinancingReceivablesPercent,"Financing Receivable, Modified in Period, to Total Financing Receivables, Percentage",http://xbrl.org/int/dim/arcrole/domain-member,5,,,http://www.cat.com/role/CatFinancialFinancingActivitiesDetails,cat-20251231_def.xml
X-CAT-0390,CAT,Caterpillar Inc.,bounded_extension,definition,cat:FinanceReceivablesLineItems,Finance Receivables [Line Items],cat:FinancingReceivableWeightedAverageTerm,,http://xbrl.org/int/dim/arcrole/domain-member,6,,,http://www.cat.com/role/CatFinancialFinancingActivitiesDetails,cat-20251231_def.xml
X-CAT-0391,CAT,Caterpillar Inc.,bounded_extension,definition,cat:FinanceReceivablesLineItems,Finance Receivables [Line Items],cat:FinancingReceivableWeightedAverageRemainingTerm,,http://xbrl.org/int/dim/arcrole/domain-member,7,,,http://www.cat.com/role/CatFinancialFinancingActivitiesDetails,cat-20251231_def.xml
X-CAT-0392,CAT,Caterpillar Inc.,bounded_extension,definition,cat:FinanceReceivablesLineItems,Finance Receivables [Line Items],us-gaap:FinancingReceivableThresholdPeriodPastDue,"Financing Receivable, Threshold Period Past Due",http://xbrl.org/int/dim/arcrole/domain-member,8,,,http://www.cat.com/role/CatFinancialFinancingActivitiesDetails,cat-20251231_def.xml
X-CAT-0393,CAT,Caterpillar Inc.,bounded_extension,definition,us-gaap:AccountsNotesAndLoansReceivableLineItems,"Accounts, Notes, Loans and Financing Receivable [Line Items]",us-gaap:ScheduleOfAccountsNotesLoansAndFinancingReceivableTable,Accounts and Financing Receivables [Table],http://xbrl.org/int/dim/arcrole/all,1,,,http://www.cat.com/role/CatFinancialFinancingActivitiesContractualmaturitiesofoutstandingwholesaleinventoryreceivablesDetails,cat-20251231_def.xml
X-CAT-0394,CAT,Caterpillar Inc.,bounded_extension,definition,us-gaap:ScheduleOfAccountsNotesLoansAndFinancingReceivableTable,Accounts and Financing Receivables [Table],us-gaap:AccountsNotesLoansAndFinancingReceivableByReceivableTypeAxis,Receivable Type [Axis],http://xbrl.org/int/dim/arcrole/hypercube-dimension,1,,,http://www.cat.com/role/CatFinancialFinancingActivitiesContractualmaturitiesofoutstandingwholesaleinventoryreceivablesDetails,cat-20251231_def.xml
X-CAT-0395,CAT,Caterpillar Inc.,bounded_extension,definition,us-gaap:AccountsNotesLoansAndFinancingReceivableByReceivableTypeAxis,Receivable Type [Axis],us-gaap:ReceivableTypeDomain,Receivable [Domain],http://xbrl.org/int/dim/arcrole/dimension-default,1,,,http://www.cat.com/role/CatFinancialFinancingActivitiesContractualmaturitiesofoutstandingwholesaleinventoryreceivablesDetails,cat-20251231_def.xml
X-CAT-0396,CAT,Caterpillar Inc.,bounded_extension,definition,us-gaap:AccountsNotesLoansAndFinancingReceivableByReceivableTypeAxis,Receivable Type [Axis],us-gaap:ReceivableTypeDomain,Receivable [Domain],http://xbrl.org/int/dim/arcrole/dimension-domain,1,,,http://www.cat.com/role/CatFinancialFinancingActivitiesContractualmaturitiesofoutstandingwholesaleinventoryreceivablesDetails,cat-20251231_def.xml
X-CAT-0397,CAT,Caterpillar Inc.,bounded_extension,definition,us-gaap:ReceivableTypeDomain,Receivable [Domain],cat:WholesaleReceivablesMember,,http://xbrl.org/int/dim/arcrole/domain-member,0,,,http://www.cat.com/role/CatFinancialFinancingActivitiesContractualmaturitiesofoutstandingwholesaleinventoryreceivablesDetails,cat-20251231_def.xml
X-CAT-0398,CAT,Caterpillar Inc.,bounded_extension,definition,us-gaap:ScheduleOfAccountsNotesLoansAndFinancingReceivableTable,Accounts and Financing Receivables [Table],cat:WholesaleInventoryReceivablesAxis,,http://xbrl.org/int/dim/arcrole/hypercube-dimension,2,,,http://www.cat.com/role/CatFinancialFinancingActivitiesContractualmaturitiesofoutstandingwholesaleinventoryreceivablesDetails,cat-20251231_def.xml
X-CAT-0399,CAT,Caterpillar Inc.,bounded_extension,definition,cat:WholesaleInventoryReceivablesAxis,,cat:WholesaleInventoryReceivablesDomain,,http://xbrl.org/int/dim/arcrole/dimension-default,1,,,http://www.cat.com/role/CatFinancialFinancingActivitiesContractualmaturitiesofoutstandingwholesaleinventoryreceivablesDetails,cat-20251231_def.xml
X-CAT-0400,CAT,Caterpillar Inc.,bounded_extension,definition,cat:WholesaleInventoryReceivablesAxis,,cat:WholesaleInventoryReceivablesDomain,,http://xbrl.org/int/dim/arcrole/dimension-domain,1,,,http://www.cat.com/role/CatFinancialFinancingActivitiesContractualmaturitiesofoutstandingwholesaleinventoryreceivablesDetails,cat-20251231_def.xml
X-CAT-0401,CAT,Caterpillar Inc.,bounded_extension,definition,cat:WholesaleInventoryReceivablesDomain,,cat:WholesaleloansMember,,http://xbrl.org/int/dim/arcrole/domain-member,0,,,http://www.cat.com/role/CatFinancialFinancingActivitiesContractualmaturitiesofoutstandingwholesaleinventoryreceivablesDetails,cat-20251231_def.xml
X-CAT-0402,CAT,Caterpillar Inc.,bounded_extension,definition,cat:WholesaleInventoryReceivablesDomain,,cat:WholesaleLeasesMember,,http://xbrl.org/int/dim/arcrole/domain-member,1,,,http://www.cat.com/role/CatFinancialFinancingActivitiesContractualmaturitiesofoutstandingwholesaleinventoryreceivablesDetails,cat-20251231_def.xml
X-CAT-0403,CAT,Caterpillar Inc.,bounded_extension,definition,us-gaap:AccountsNotesAndLoansReceivableLineItems,"Accounts, Notes, Loans and Financing Receivable [Line Items]",cat:WholesaleInventoryReceivablesDueInNextTwelveMonths,,http://xbrl.org/int/dim/arcrole/domain-member,0,,,http://www.cat.com/role/CatFinancialFinancingActivitiesContractualmaturitiesofoutstandingwholesaleinventoryreceivablesDetails,cat-20251231_def.xml
X-CAT-0404,CAT,Caterpillar Inc.,bounded_extension,definition,us-gaap:AccountsNotesAndLoansReceivableLineItems,"Accounts, Notes, Loans and Financing Receivable [Line Items]",cat:WholesaleInventoryReceivablesDueInYearTwo,,http://xbrl.org/int/dim/arcrole/domain-member,1,,,http://www.cat.com/role/CatFinancialFinancingActivitiesContractualmaturitiesofoutstandingwholesaleinventoryreceivablesDetails,cat-20251231_def.xml
X-CAT-0405,CAT,Caterpillar Inc.,bounded_extension,definition,us-gaap:AccountsNotesAndLoansReceivableLineItems,"Accounts, Notes, Loans and Financing Receivable [Line Items]",cat:WholesaleInventoryReceivablesDueInYearThree,,http://xbrl.org/int/dim/arcrole/domain-member,2,,,http://www.cat.com/role/CatFinancialFinancingActivitiesContractualmaturitiesofoutstandingwholesaleinventoryreceivablesDetails,cat-20251231_def.xml
X-CAT-0406,CAT,Caterpillar Inc.,bounded_extension,definition,us-gaap:AccountsNotesAndLoansReceivableLineItems,"Accounts, Notes, Loans and Financing Receivable [Line Items]",cat:WholesaleInventoryReceivablesDueInYearFour,,http://xbrl.org/int/dim/arcrole/domain-member,3,,,http://www.cat.com/role/CatFinancialFinancingActivitiesContractualmaturitiesofoutstandingwholesaleinventoryreceivablesDetails,cat-20251231_def.xml
X-CAT-0407,CAT,Caterpillar Inc.,bounded_extension,definition,us-gaap:AccountsNotesAndLoansReceivableLineItems,"Accounts, Notes, Loans and Financing Receivable [Line Items]",cat:WholesaleInventoryReceivablesDueInYearFive,,http://xbrl.org/int/dim/arcrole/domain-member,4,,,http://www.cat.com/role/CatFinancialFinancingActivitiesContractualmaturitiesofoutstandingwholesaleinventoryreceivablesDetails,cat-20251231_def.xml
X-CAT-0408,CAT,Caterpillar Inc.,bounded_extension,definition,us-gaap:AccountsNotesAndLoansReceivableLineItems,"Accounts, Notes, Loans and Financing Receivable [Line Items]",cat:WholesaleInventoryReceivablesDueThereafter,,http://xbrl.org/int/dim/arcrole/domain-member,5,,,http://www.cat.com/role/CatFinancialFinancingActivitiesContractualmaturitiesofoutstandingwholesaleinventoryreceivablesDetails,cat-20251231_def.xml
X-CAT-0409,CAT,Caterpillar Inc.,bounded_extension,definition,us-gaap:AccountsNotesAndLoansReceivableLineItems,"Accounts, Notes, Loans and Financing Receivable [Line Items]",cat:WholesaleInventoryReceivablesAggregateMaturities,,http://xbrl.org/int/dim/arcrole/domain-member,6,,,http://www.cat.com/role/CatFinancialFinancingActivitiesContractualmaturitiesofoutstandingwholesaleinventoryreceivablesDetails,cat-20251231_def.xml
X-CAT-0410,CAT,Caterpillar Inc.,bounded_extension,definition,us-gaap:AccountsNotesAndLoansReceivableLineItems,"Accounts, Notes, Loans and Financing Receivable [Line Items]",cat:WholesaleInventoryReceivablesGuaranteedResidualValue,,http://xbrl.org/int/dim/arcrole/domain-member,7,,,http://www.cat.com/role/CatFinancialFinancingActivitiesContractualmaturitiesofoutstandingwholesaleinventoryreceivablesDetails,cat-20251231_def.xml
X-CAT-0411,CAT,Caterpillar Inc.,bounded_extension,definition,us-gaap:AccountsNotesAndLoansReceivableLineItems,"Accounts, Notes, Loans and Financing Receivable [Line Items]",cat:WholesaleInventoryReceivablesUnguaranteedResidualValue,,http://xbrl.org/int/dim/arcrole/domain-member,8,,,http://www.cat.com/role/CatFinancialFinancingActivitiesContractualmaturitiesofoutstandingwholesaleinventoryreceivablesDetails,cat-20251231_def.xml
X-CAT-0412,CAT,Caterpillar Inc.,bounded_extension,definition,us-gaap:AccountsNotesAndLoansReceivableLineItems,"Accounts, Notes, Loans and Financing Receivable [Line Items]",us-gaap:FinancingReceivableUnamortizedLoanCommitmentOriginationFeeAndPremiumDiscount,"Financing Receivable, Unamortized Loan Cost (Fee) and Purchase Premium (Discount)",http://xbrl.org/int/dim/arcrole/domain-member,9,,,http://www.cat.com/role/CatFinancialFinancingActivitiesContractualmaturitiesofoutstandingwholesaleinventoryreceivablesDetails,cat-20251231_def.xml
X-CAT-0413,CAT,Caterpillar Inc.,bounded_extension,definition,us-gaap:AccountsNotesAndLoansReceivableLineItems,"Accounts, Notes, Loans and Financing Receivable [Line Items]",us-gaap:NotesReceivableGross,"Financing Receivable, before Allowance for Credit Loss",http://xbrl.org/int/dim/arcrole/domain-member,10,,,http://www.cat.com/role/CatFinancialFinancingActivitiesContractualmaturitiesofoutstandingwholesaleinventoryreceivablesDetails,cat-20251231_def.xml
X-CAT-0414,CAT,Caterpillar Inc.,bounded_extension,definition,cat:FinanceReceivablesLineItems,Finance Receivables [Line Items],cat:FinanceReceivablesTable,,http://xbrl.org/int/dim/arcrole/all,1,,,http://www.cat.com/role/CatFinancialFinancingActivitiesContractualmaturitiesofoutstandingfinancereceivablesDetails,cat-20251231_def.xml
X-CAT-0415,CAT,Caterpillar Inc.,bounded_extension,definition,cat:FinanceReceivablesTable,,us-gaap:AccountsNotesLoansAndFinancingReceivableByReceivableTypeAxis,Receivable Type [Axis],http://xbrl.org/int/dim/arcrole/hypercube-dimension,1,,,http://www.cat.com/role/CatFinancialFinancingActivitiesContractualmaturitiesofoutstandingfinancereceivablesDetails,cat-20251231_def.xml
X-CAT-0416,CAT,Caterpillar Inc.,bounded_extension,definition,us-gaap:AccountsNotesLoansAndFinancingReceivableByReceivableTypeAxis,Receivable Type [Axis],us-gaap:ReceivableTypeDomain,Receivable [Domain],http://xbrl.org/int/dim/arcrole/dimension-default,1,,,http://www.cat.com/role/CatFinancialFinancingActivitiesContractualmaturitiesofoutstandingfinancereceivablesDetails,cat-20251231_def.xml
X-CAT-0417,CAT,Caterpillar Inc.,bounded_extension,definition,us-gaap:AccountsNotesLoansAndFinancingReceivableByReceivableTypeAxis,Receivable Type [Axis],us-gaap:ReceivableTypeDomain,Receivable [Domain],http://xbrl.org/int/dim/arcrole/dimension-domain,1,,,http://www.cat.com/role/CatFinancialFinancingActivitiesContractualmaturitiesofoutstandingfinancereceivablesDetails,cat-20251231_def.xml
X-CAT-0418,CAT,Caterpillar Inc.,bounded_extension,definition,us-gaap:ReceivableTypeDomain,Receivable [Domain],cat:FinanceReceivableMember,,http://xbrl.org/int/dim/arcrole/domain-member,0,,,http://www.cat.com/role/CatFinancialFinancingActivitiesContractualmaturitiesofoutstandingfinancereceivablesDetails,cat-20251231_def.xml
X-CAT-0419,CAT,Caterpillar Inc.,bounded_extension,definition,cat:FinanceReceivablesTable,,cat:FinanceReceivablesAxis,,http://xbrl.org/int/dim/arcrole/hypercube-dimension,2,,,http://www.cat.com/role/CatFinancialFinancingActivitiesContractualmaturitiesofoutstandingfinancereceivablesDetails,cat-20251231_def.xml
X-CAT-0420,CAT,Caterpillar Inc.,bounded_extension,definition,cat:FinanceReceivablesAxis,,cat:FinanceReceivablesDomain,,http://xbrl.org/int/dim/arcrole/dimension-default,1,,,http://www.cat.com/role/CatFinancialFinancingActivitiesContractualmaturitiesofoutstandingfinancereceivablesDetails,cat-20251231_def.xml
X-CAT-0421,CAT,Caterpillar Inc.,bounded_extension,definition,cat:FinanceReceivablesAxis,,cat:FinanceReceivablesDomain,,http://xbrl.org/int/dim/arcrole/dimension-domain,1,,,http://www.cat.com/role/CatFinancialFinancingActivitiesContractualmaturitiesofoutstandingfinancereceivablesDetails,cat-20251231_def.xml
X-CAT-0422,CAT,Caterpillar Inc.,bounded_extension,definition,cat:FinanceReceivablesDomain,,cat:RetailloansMember,,http://xbrl.org/int/dim/arcrole/domain-member,0,,,http://www.cat.com/role/CatFinancialFinancingActivitiesContractualmaturitiesofoutstandingfinancereceivablesDetails,cat-20251231_def.xml
X-CAT-0423,CAT,Caterpillar Inc.,bounded_extension,definition,cat:FinanceReceivablesDomain,,cat:RetailLeasesMember,,http://xbrl.org/int/dim/arcrole/domain-member,1,,,http://www.cat.com/role/CatFinancialFinancingActivitiesContractualmaturitiesofoutstandingfinancereceivablesDetails,cat-20251231_def.xml
X-CAT-0424,CAT,Caterpillar Inc.,bounded_extension,definition,cat:FinanceReceivablesLineItems,Finance Receivables [Line Items],cat:ContractualMaturitiesOfOutstandingFinanceReceivablesAbstract,Contractual Maturities of Outstanding Finance Receivables [Abstract],http://xbrl.org/int/dim/arcrole/domain-member,0,,,http://www.cat.com/role/CatFinancialFinancingActivitiesContractualmaturitiesofoutstandingfinancereceivablesDetails,cat-20251231_def.xml
X-CAT-0425,CAT,Caterpillar Inc.,bounded_extension,definition,cat:ContractualMaturitiesOfOutstandingFinanceReceivablesAbstract,Contractual Maturities of Outstanding Finance Receivables [Abstract],cat:FinanceReceivablesDueInNextTwelveMonths,,http://xbrl.org/int/dim/arcrole/domain-member,1,,,http://www.cat.com/role/CatFinancialFinancingActivitiesContractualmaturitiesofoutstandingfinancereceivablesDetails,cat-20251231_def.xml
X-CAT-0426,CAT,Caterpillar Inc.,bounded_extension,definition,cat:ContractualMaturitiesOfOutstandingFinanceReceivablesAbstract,Contractual Maturities of Outstanding Finance Receivables [Abstract],cat:FinanceReceivablesDueInYearTwo,,http://xbrl.org/int/dim/arcrole/domain-member,2,,,http://www.cat.com/role/CatFinancialFinancingActivitiesContractualmaturitiesofoutstandingfinancereceivablesDetails,cat-20251231_def.xml
X-CAT-0427,CAT,Caterpillar Inc.,bounded_extension,definition,cat:ContractualMaturitiesOfOutstandingFinanceReceivablesAbstract,Contractual Maturities of Outstanding Finance Receivables [Abstract],cat:FinanceReceivablesDueInYearThree,,http://xbrl.org/int/dim/arcrole/domain-member,3,,,http://www.cat.com/role/CatFinancialFinancingActivitiesContractualmaturitiesofoutstandingfinancereceivablesDetails,cat-20251231_def.xml
X-CAT-0428,CAT,Caterpillar Inc.,bounded_extension,definition,cat:ContractualMaturitiesOfOutstandingFinanceReceivablesAbstract,Contractual Maturities of Outstanding Finance Receivables [Abstract],cat:FinanceReceivablesDueInYearFour,,http://xbrl.org/int/dim/arcrole/domain-member,4,,,http://www.cat.com/role/CatFinancialFinancingActivitiesContractualmaturitiesofoutstandingfinancereceivablesDetails,cat-20251231_def.xml
X-CAT-0429,CAT,Caterpillar Inc.,bounded_extension,definition,cat:ContractualMaturitiesOfOutstandingFinanceReceivablesAbstract,Contractual Maturities of Outstanding Finance Receivables [Abstract],cat:FinanceReceivablesDueInYearFive,,http://xbrl.org/int/dim/arcrole/domain-member,5,,,http://www.cat.com/role/CatFinancialFinancingActivitiesContractualmaturitiesofoutstandingfinancereceivablesDetails,cat-20251231_def.xml
X-CAT-0430,CAT,Caterpillar Inc.,bounded_extension,definition,cat:ContractualMaturitiesOfOutstandingFinanceReceivablesAbstract,Contractual Maturities of Outstanding Finance Receivables [Abstract],cat:FinanceReceivablesDueThereafter,,http://xbrl.org/int/dim/arcrole/domain-member,6,,,http://www.cat.com/role/CatFinancialFinancingActivitiesContractualmaturitiesofoutstandingfinancereceivablesDetails,cat-20251231_def.xml
X-CAT-0431,CAT,Caterpillar Inc.,bounded_extension,definition,cat:ContractualMaturitiesOfOutstandingFinanceReceivablesAbstract,Contractual Maturities of Outstanding Finance Receivables [Abstract],cat:FinanceReceivablesAggregateAmountsReceivable,,http://xbrl.org/int/dim/arcrole/domain-member,7,,,http://www.cat.com/role/CatFinancialFinancingActivitiesContractualmaturitiesofoutstandingfinancereceivablesDetails,cat-20251231_def.xml
X-CAT-0432,CAT,Caterpillar Inc.,bounded_extension,definition,cat:ContractualMaturitiesOfOutstandingFinanceReceivablesAbstract,Contractual Maturities of Outstanding Finance Receivables [Abstract],cat:FinanceReceivablesGuaranteedResidualValue,,http://xbrl.org/int/dim/arcrole/domain-member,8,,,http://www.cat.com/role/CatFinancialFinancingActivitiesContractualmaturitiesofoutstandingfinancereceivablesDetails,cat-20251231_def.xml
X-CAT-0433,CAT,Caterpillar Inc.,bounded_extension,definition,cat:ContractualMaturitiesOfOutstandingFinanceReceivablesAbstract,Contractual Maturities of Outstanding Finance Receivables [Abstract],cat:FinanceReceivablesUnguaranteedResidualValue,,http://xbrl.org/int/dim/arcrole/domain-member,9,,,http://www.cat.com/role/CatFinancialFinancingActivitiesContractualmaturitiesofoutstandingfinancereceivablesDetails,cat-20251231_def.xml
X-CAT-0434,CAT,Caterpillar Inc.,bounded_extension,definition,cat:ContractualMaturitiesOfOutstandingFinanceReceivablesAbstract,Contractual Maturities of Outstanding Finance Receivables [Abstract],us-gaap:FinancingReceivableUnamortizedLoanCommitmentOriginationFeeAndPremiumDiscount,"Financing Receivable, Unamortized Loan Cost (Fee) and Purchase Premium (Discount)",http://xbrl.org/int/dim/arcrole/domain-member,10,,,http://www.cat.com/role/CatFinancialFinancingActivitiesContractualmaturitiesofoutstandingfinancereceivablesDetails,cat-20251231_def.xml
X-CAT-0435,CAT,Caterpillar Inc.,bounded_extension,definition,cat:ContractualMaturitiesOfOutstandingFinanceReceivablesAbstract,Contractual Maturities of Outstanding Finance Receivables [Abstract],us-gaap:NotesReceivableGross,"Financing Receivable, before Allowance for Credit Loss",http://xbrl.org/int/dim/arcrole/domain-member,11,,,http://www.cat.com/role/CatFinancialFinancingActivitiesContractualmaturitiesofoutstandingfinancereceivablesDetails,cat-20251231_def.xml
X-CAT-0436,CAT,Caterpillar Inc.,bounded_extension,definition,cat:WriteOffsByOriginationYearTable,,us-gaap:FinancingReceivablePortfolioSegmentAxis,Financing Receivable Portfolio Segment [Axis],http://xbrl.org/int/dim/arcrole/hypercube-dimension,1,,,http://www.cat.com/role/CatFinancialFinancingActivitiesWriteOffsDetails,cat-20251231_def.xml
X-CAT-0437,CAT,Caterpillar Inc.,bounded_extension,definition,us-gaap:FinancingReceivablePortfolioSegmentAxis,Financing Receivable Portfolio Segment [Axis],us-gaap:FinancingReceivablePortfolioSegmentDomain,Financing Receivable Portfolio Segment [Domain],http://xbrl.org/int/dim/arcrole/dimension-default,1,,,http://www.cat.com/role/CatFinancialFinancingActivitiesWriteOffsDetails,cat-20251231_def.xml
X-CAT-0438,CAT,Caterpillar Inc.,bounded_extension,definition,us-gaap:FinancingReceivablePortfolioSegmentAxis,Financing Receivable Portfolio Segment [Axis],us-gaap:FinancingReceivablePortfolioSegmentDomain,Financing Receivable Portfolio Segment [Domain],http://xbrl.org/int/dim/arcrole/dimension-domain,1,,,http://www.cat.com/role/CatFinancialFinancingActivitiesWriteOffsDetails,cat-20251231_def.xml
X-CAT-0439,CAT,Caterpillar Inc.,bounded_extension,definition,us-gaap:FinancingReceivablePortfolioSegmentDomain,Financing Receivable Portfolio Segment [Domain],cat:CustomerMember,,http://xbrl.org/int/dim/arcrole/domain-member,0,,,http://www.cat.com/role/CatFinancialFinancingActivitiesWriteOffsDetails,cat-20251231_def.xml
X-CAT-0440,CAT,Caterpillar Inc.,bounded_extension,definition,us-gaap:FinancingReceivablePortfolioSegmentDomain,Financing Receivable Portfolio Segment [Domain],cat:DealerMember,,http://xbrl.org/int/dim/arcrole/domain-member,1,,,http://www.cat.com/role/CatFinancialFinancingActivitiesWriteOffsDetails,cat-20251231_def.xml
X-CAT-0441,CAT,Caterpillar Inc.,bounded_extension,definition,cat:WriteOffsByOriginationYearTable,,us-gaap:FinancingReceivableRecordedInvestmentByClassOfFinancingReceivableAxis,Class of Financing Receivable [Axis],http://xbrl.org/int/dim/arcrole/hypercube-dimension,2,,,http://www.cat.com/role/CatFinancialFinancingActivitiesWriteOffsDetails,cat-20251231_def.xml
X-CAT-0442,CAT,Caterpillar Inc.,bounded_extension,definition,us-gaap:FinancingReceivableRecordedInvestmentByClassOfFinancingReceivableAxis,Class of Financing Receivable [Axis],us-gaap:FinancingReceivableRecordedInvestmentClassOfFinancingReceivableDomain,Class of Financing Receivable [Domain],http://xbrl.org/int/dim/arcrole/dimension-default,1,,,http://www.cat.com/role/CatFinancialFinancingActivitiesWriteOffsDetails,cat-20251231_def.xml
X-CAT-0443,CAT,Caterpillar Inc.,bounded_extension,definition,us-gaap:FinancingReceivableRecordedInvestmentByClassOfFinancingReceivableAxis,Class of Financing Receivable [Axis],us-gaap:FinancingReceivableRecordedInvestmentClassOfFinancingReceivableDomain,Class of Financing Receivable [Domain],http://xbrl.org/int/dim/arcrole/dimension-domain,1,,,http://www.cat.com/role/CatFinancialFinancingActivitiesWriteOffsDetails,cat-20251231_def.xml
X-CAT-0444,CAT,Caterpillar Inc.,bounded_extension,definition,us-gaap:FinancingReceivableRecordedInvestmentClassOfFinancingReceivableDomain,Class of Financing Receivable [Domain],srt:NorthAmericaMember,North America [Member],http://xbrl.org/int/dim/arcrole/domain-member,0,,,http://www.cat.com/role/CatFinancialFinancingActivitiesWriteOffsDetails,cat-20251231_def.xml
X-CAT-0445,CAT,Caterpillar Inc.,bounded_extension,definition,us-gaap:FinancingReceivableRecordedInvestmentClassOfFinancingReceivableDomain,Class of Financing Receivable [Domain],us-gaap:EMEAMember,EMEA [Member],http://xbrl.org/int/dim/arcrole/domain-member,1,,,http://www.cat.com/role/CatFinancialFinancingActivitiesWriteOffsDetails,cat-20251231_def.xml
X-CAT-0446,CAT,Caterpillar Inc.,bounded_extension,definition,us-gaap:FinancingReceivableRecordedInvestmentClassOfFinancingReceivableDomain,Class of Financing Receivable [Domain],srt:AsiaPacificMember,Asia Pacific [Member],http://xbrl.org/int/dim/arcrole/domain-member,2,,,http://www.cat.com/role/CatFinancialFinancingActivitiesWriteOffsDetails,cat-20251231_def.xml
X-CAT-0447,CAT,Caterpillar Inc.,bounded_extension,definition,us-gaap:FinancingReceivableRecordedInvestmentClassOfFinancingReceivableDomain,Class of Financing Receivable [Domain],srt:LatinAmericaMember,Latin America [Member],http://xbrl.org/int/dim/arcrole/domain-member,3,,,http://www.cat.com/role/CatFinancialFinancingActivitiesWriteOffsDetails,cat-20251231_def.xml
X-CAT-0448,CAT,Caterpillar Inc.,bounded_extension,definition,us-gaap:FinancingReceivableRecordedInvestmentClassOfFinancingReceivableDomain,Class of Financing Receivable [Domain],cat:MiningMember,,http://xbrl.org/int/dim/arcrole/domain-member,4,,,http://www.cat.com/role/CatFinancialFinancingActivitiesWriteOffsDetails,cat-20251231_def.xml
X-CAT-0449,CAT,Caterpillar Inc.,bounded_extension,definition,us-gaap:FinancingReceivableRecordedInvestmentClassOfFinancingReceivableDomain,Class of Financing Receivable [Domain],cat:PowerMember,,http://xbrl.org/int/dim/arcrole/domain-member,5,,,http://www.cat.com/role/CatFinancialFinancingActivitiesWriteOffsDetails,cat-20251231_def.xml
X-CAT-0450,CAT,Caterpillar Inc.,bounded_extension,definition,cat:WriteOffsByOriginationYearLineItems,,us-gaap:FinancingReceivableYearOneOriginatedCurrentFiscalYearWriteoff,"Financing Receivable, Year One, Originated, Current Fiscal Year, Writeoff",http://xbrl.org/int/dim/arcrole/domain-member,0,,,http://www.cat.com/role/CatFinancialFinancingActivitiesWriteOffsDetails,cat-20251231_def.xml
X-CAT-0451,CAT,Caterpillar Inc.,bounded_extension,definition,cat:WriteOffsByOriginationYearLineItems,,us-gaap:FinancingReceivableYearTwoOriginatedFiscalYearBeforeCurrentFiscalYearWriteoff,"Financing Receivable, Year Two, Originated, Fiscal Year before Current Fiscal Year, Writeoff",http://xbrl.org/int/dim/arcrole/domain-member,1,,,http://www.cat.com/role/CatFinancialFinancingActivitiesWriteOffsDetails,cat-20251231_def.xml
X-CAT-0452,CAT,Caterpillar Inc.,bounded_extension,definition,cat:WriteOffsByOriginationYearLineItems,,us-gaap:FinancingReceivableYearThreeOriginatedTwoYearsBeforeCurrentFiscalYearWriteoff,"Financing Receivable, Year Three, Originated, Two Years before Current Fiscal Year, Writeoff",http://xbrl.org/int/dim/arcrole/domain-member,2,,,http://www.cat.com/role/CatFinancialFinancingActivitiesWriteOffsDetails,cat-20251231_def.xml
X-CAT-0453,CAT,Caterpillar Inc.,bounded_extension,definition,cat:WriteOffsByOriginationYearLineItems,,us-gaap:FinancingReceivableYearFourOriginatedThreeYearsBeforeCurrentFiscalYearWriteoff,"Financing Receivable, Year Four, Originated, Three Years before Current Fiscal Year, Writeoff",http://xbrl.org/int/dim/arcrole/domain-member,3,,,http://www.cat.com/role/CatFinancialFinancingActivitiesWriteOffsDetails,cat-20251231_def.xml
X-CAT-0454,CAT,Caterpillar Inc.,bounded_extension,definition,cat:WriteOffsByOriginationYearLineItems,,us-gaap:FinancingReceivableYearFiveOriginatedFourYearsBeforeCurrentFiscalYearWriteoff,"Financing Receivable, Year Five, Originated, Four Years before Current Fiscal Year, Writeoff",http://xbrl.org/int/dim/arcrole/domain-member,4,,,http://www.cat.com/role/CatFinancialFinancingActivitiesWriteOffsDetails,cat-20251231_def.xml
X-CAT-0455,CAT,Caterpillar Inc.,bounded_extension,definition,cat:WriteOffsByOriginationYearLineItems,,us-gaap:FinancingReceivableOriginatedMoreThanFiveYearsBeforeCurrentFiscalYearWriteoff,"Financing Receivable, Originated, More than Five Years before Current Fiscal Year, Writeoff",http://xbrl.org/int/dim/arcrole/domain-member,5,,,http://www.cat.com/role/CatFinancialFinancingActivitiesWriteOffsDetails,cat-20251231_def.xml
X-CAT-0456,CAT,Caterpillar Inc.,bounded_extension,definition,cat:WriteOffsByOriginationYearLineItems,,us-gaap:FinancingReceivableRevolvingWriteoff,"Financing Receivable, Revolving, Writeoff",http://xbrl.org/int/dim/arcrole/domain-member,6,,,http://www.cat.com/role/CatFinancialFinancingActivitiesWriteOffsDetails,cat-20251231_def.xml
X-CAT-0457,CAT,Caterpillar Inc.,bounded_extension,definition,cat:WriteOffsByOriginationYearLineItems,,us-gaap:FinancingReceivableAllowanceForCreditLossesWriteOffs,"Financing Receivable, Allowance for Credit Loss, Writeoff",http://xbrl.org/int/dim/arcrole/domain-member,7,,,http://www.cat.com/role/CatFinancialFinancingActivitiesWriteOffsDetails,cat-20251231_def.xml
X-CAT-0458,CAT,Caterpillar Inc.,bounded_extension,definition,us-gaap:FinancingReceivableAllowanceForCreditLossesLineItems,"Financing Receivable, Allowance for Credit Loss [Line Items]",us-gaap:ScheduleOfFinancingReceivableAllowanceForCreditLossesTable,"Financing Receivable, Allowance for Credit Loss [Table]",http://xbrl.org/int/dim/arcrole/all,1,,,http://www.cat.com/role/CatFinancialFinancingActivitiesAllowanceforcreditlossesinfinancereceivablesDetails,cat-20251231_def.xml
X-CAT-0459,CAT,Caterpillar Inc.,bounded_extension,definition,us-gaap:ScheduleOfFinancingReceivableAllowanceForCreditLossesTable,"Financing Receivable, Allowance for Credit Loss [Table]",us-gaap:FinancingReceivablePortfolioSegmentAxis,Financing Receivable Portfolio Segment [Axis],http://xbrl.org/int/dim/arcrole/hypercube-dimension,1,,,http://www.cat.com/role/CatFinancialFinancingActivitiesAllowanceforcreditlossesinfinancereceivablesDetails,cat-20251231_def.xml
X-CAT-0460,CAT,Caterpillar Inc.,bounded_extension,definition,us-gaap:FinancingReceivablePortfolioSegmentAxis,Financing Receivable Portfolio Segment [Axis],us-gaap:FinancingReceivablePortfolioSegmentDomain,Financing Receivable Portfolio Segment [Domain],http://xbrl.org/int/dim/arcrole/dimension-default,1,,,http://www.cat.com/role/CatFinancialFinancingActivitiesAllowanceforcreditlossesinfinancereceivablesDetails,cat-20251231_def.xml
X-CAT-0461,CAT,Caterpillar Inc.,bounded_extension,definition,us-gaap:FinancingReceivablePortfolioSegmentAxis,Financing Receivable Portfolio Segment [Axis],us-gaap:FinancingReceivablePortfolioSegmentDomain,Financing Receivable Portfolio Segment [Domain],http://xbrl.org/int/dim/arcrole/dimension-domain,1,,,http://www.cat.com/role/CatFinancialFinancingActivitiesAllowanceforcreditlossesinfinancereceivablesDetails,cat-20251231_def.xml
X-CAT-0462,CAT,Caterpillar Inc.,bounded_extension,definition,us-gaap:FinancingReceivablePortfolioSegmentDomain,Financing Receivable Portfolio Segment [Domain],cat:CustomerMember,,http://xbrl.org/int/dim/arcrole/domain-member,0,,,http://www.cat.com/role/CatFinancialFinancingActivitiesAllowanceforcreditlossesinfinancereceivablesDetails,cat-20251231_def.xml
X-CAT-0463,CAT,Caterpillar Inc.,bounded_extension,definition,us-gaap:FinancingReceivablePortfolioSegmentDomain,Financing Receivable Portfolio Segment [Domain],cat:DealerMember,,http://xbrl.org/int/dim/arcrole/domain-member,1,,,http://www.cat.com/role/CatFinancialFinancingActivitiesAllowanceforcreditlossesinfinancereceivablesDetails,cat-20251231_def.xml
X-CAT-0464,CAT,Caterpillar Inc.,bounded_extension,definition,us-gaap:FinancingReceivableAllowanceForCreditLossesLineItems,"Financing Receivable, Allowance for Credit Loss [Line Items]",us-gaap:FinancingReceivableAllowanceForCreditLossesRollForward,"Financing Receivable, Allowance for Credit Loss [Roll Forward]",http://xbrl.org/int/dim/arcrole/domain-member,0,,,http://www.cat.com/role/CatFinancialFinancingActivitiesAllowanceforcreditlossesinfinancereceivablesDetails,cat-20251231_def.xml
X-CAT-0465,CAT,Caterpillar Inc.,bounded_extension,definition,us-gaap:FinancingReceivableAllowanceForCreditLossesRollForward,"Financing Receivable, Allowance for Credit Loss [Roll Forward]",us-gaap:FinancingReceivableAllowanceForCreditLosses,"Financing Receivable, Allowance for Credit Loss",http://xbrl.org/int/dim/arcrole/domain-member,1,,,http://www.cat.com/role/CatFinancialFinancingActivitiesAllowanceforcreditlossesinfinancereceivablesDetails,cat-20251231_def.xml
X-CAT-0466,CAT,Caterpillar Inc.,bounded_extension,definition,us-gaap:FinancingReceivableAllowanceForCreditLossesRollForward,"Financing Receivable, Allowance for Credit Loss [Roll Forward]",us-gaap:FinancingReceivableAllowanceForCreditLossesWriteOffs,"Financing Receivable, Allowance for Credit Loss, Writeoff",http://xbrl.org/int/dim/arcrole/domain-member,2,,,http://www.cat.com/role/CatFinancialFinancingActivitiesAllowanceforcreditlossesinfinancereceivablesDetails,cat-20251231_def.xml
X-CAT-0467,CAT,Caterpillar Inc.,bounded_extension,definition,us-gaap:FinancingReceivableAllowanceForCreditLossesRollForward,"Financing Receivable, Allowance for Credit Loss [Roll Forward]",us-gaap:FinancingReceivableAllowanceForCreditLossesRecovery,"Financing Receivable, Allowance for Credit Loss, Recovery",http://xbrl.org/int/dim/arcrole/domain-member,3,,,http://www.cat.com/role/CatFinancialFinancingActivitiesAllowanceforcreditlossesinfinancereceivablesDetails,cat-20251231_def.xml
X-CAT-0468,CAT,Caterpillar Inc.,bounded_extension,definition,us-gaap:FinancingReceivableAllowanceForCreditLossesRollForward,"Financing Receivable, Allowance for Credit Loss [Roll Forward]",us-gaap:ProvisionForLoanLossesExpensed,"Financing Receivable, Credit Loss, Expense (Reversal)",http://xbrl.org/int/dim/arcrole/domain-member,4,,,http://www.cat.com/role/CatFinancialFinancingActivitiesAllowanceforcreditlossesinfinancereceivablesDetails,cat-20251231_def.xml
X-CAT-0469,CAT,Caterpillar Inc.,bounded_extension,definition,us-gaap:FinancingReceivableAllowanceForCreditLossesRollForward,"Financing Receivable, Allowance for Credit Loss [Roll Forward]",cat:FinancingReceivableAllowanceForCreditLossesOtherActivity,,http://xbrl.org/int/dim/arcrole/domain-member,5,,,http://www.cat.com/role/CatFinancialFinancingActivitiesAllowanceforcreditlossesinfinancereceivablesDetails,cat-20251231_def.xml
X-CAT-0470,CAT,Caterpillar Inc.,bounded_extension,definition,us-gaap:FinancingReceivableAllowanceForCreditLossesLineItems,"Financing Receivable, Allowance for Credit Loss [Line Items]",us-gaap:NotesReceivableGross,"Financing Receivable, before Allowance for Credit Loss",http://xbrl.org/int/dim/arcrole/domain-member,1,,,http://www.cat.com/role/CatFinancialFinancingActivitiesAllowanceforcreditlossesinfinancereceivablesDetails,cat-20251231_def.xml
X-CAT-0471,CAT,Caterpillar Inc.,bounded_extension,definition,us-gaap:FinancingReceivableRecordedInvestmentLineItems,"Financing Receivable, Credit Quality Indicator [Line Items]",us-gaap:ScheduleOfFinancingReceivableRecordedInvestmentCreditQualityIndicatorTable,"Financing Receivable, Credit Quality Indicator [Table]",http://xbrl.org/int/dim/arcrole/all,1,,,http://www.cat.com/role/CatFinancialFinancingActivitiesAmortizedcostoffinancereceivablesinthecustomerportfoliosegmentbyoriginationyearDetails,cat-20251231_def.xml
X-CAT-0472,CAT,Caterpillar Inc.,bounded_extension,definition,us-gaap:ScheduleOfFinancingReceivableRecordedInvestmentCreditQualityIndicatorTable,"Financing Receivable, Credit Quality Indicator [Table]",us-gaap:AccountsNotesLoansAndFinancingReceivableByReceivableTypeAxis,Receivable Type [Axis],http://xbrl.org/int/dim/arcrole/hypercube-dimension,1,,,http://www.cat.com/role/CatFinancialFinancingActivitiesAmortizedcostoffinancereceivablesinthecustomerportfoliosegmentbyoriginationyearDetails,cat-20251231_def.xml
X-CAT-0473,CAT,Caterpillar Inc.,bounded_extension,definition,us-gaap:AccountsNotesLoansAndFinancingReceivableByReceivableTypeAxis,Receivable Type [Axis],us-gaap:ReceivableTypeDomain,Receivable [Domain],http://xbrl.org/int/dim/arcrole/dimension-default,1,,,http://www.cat.com/role/CatFinancialFinancingActivitiesAmortizedcostoffinancereceivablesinthecustomerportfoliosegmentbyoriginationyearDetails,cat-20251231_def.xml
X-CAT-0474,CAT,Caterpillar Inc.,bounded_extension,definition,us-gaap:AccountsNotesLoansAndFinancingReceivableByReceivableTypeAxis,Receivable Type [Axis],us-gaap:ReceivableTypeDomain,Receivable [Domain],http://xbrl.org/int/dim/arcrole/dimension-domain,1,,,http://www.cat.com/role/CatFinancialFinancingActivitiesAmortizedcostoffinancereceivablesinthecustomerportfoliosegmentbyoriginationyearDetails,cat-20251231_def.xml
X-CAT-0475,CAT,Caterpillar Inc.,bounded_extension,definition,us-gaap:ReceivableTypeDomain,Receivable [Domain],cat:FinanceReceivableMember,,http://xbrl.org/int/dim/arcrole/domain-member,0,,,http://www.cat.com/role/CatFinancialFinancingActivitiesAmortizedcostoffinancereceivablesinthecustomerportfoliosegmentbyoriginationyearDetails,cat-20251231_def.xml
X-CAT-0476,CAT,Caterpillar Inc.,bounded_extension,definition,us-gaap:ScheduleOfFinancingReceivableRecordedInvestmentCreditQualityIndicatorTable,"Financing Receivable, Credit Quality Indicator [Table]",us-gaap:FinancingReceivablePortfolioSegmentAxis,Financing Receivable Portfolio Segment [Axis],http://xbrl.org/int/dim/arcrole/hypercube-dimension,2,,,http://www.cat.com/role/CatFinancialFinancingActivitiesAmortizedcostoffinancereceivablesinthecustomerportfoliosegmentbyoriginationyearDetails,cat-20251231_def.xml
X-CAT-0477,CAT,Caterpillar Inc.,bounded_extension,definition,us-gaap:FinancingReceivablePortfolioSegmentAxis,Financing Receivable Portfolio Segment [Axis],us-gaap:FinancingReceivablePortfolioSegmentDomain,Financing Receivable Portfolio Segment [Domain],http://xbrl.org/int/dim/arcrole/dimension-default,1,,,http://www.cat.com/role/CatFinancialFinancingActivitiesAmortizedcostoffinancereceivablesinthecustomerportfoliosegmentbyoriginationyearDetails,cat-20251231_def.xml
X-CAT-0478,CAT,Caterpillar Inc.,bounded_extension,definition,us-gaap:FinancingReceivablePortfolioSegmentAxis,Financing Receivable Portfolio Segment [Axis],us-gaap:FinancingReceivablePortfolioSegmentDomain,Financing Receivable Portfolio Segment [Domain],http://xbrl.org/int/dim/arcrole/dimension-domain,1,,,http://www.cat.com/role/CatFinancialFinancingActivitiesAmortizedcostoffinancereceivablesinthecustomerportfoliosegmentbyoriginationyearDetails,cat-20251231_def.xml
X-CAT-0479,CAT,Caterpillar Inc.,bounded_extension,definition,us-gaap:FinancingReceivablePortfolioSegmentDomain,Financing Receivable Portfolio Segment [Domain],cat:CustomerMember,,http://xbrl.org/int/dim/arcrole/domain-member,0,,,http://www.cat.com/role/CatFinancialFinancingActivitiesAmortizedcostoffinancereceivablesinthecustomerportfoliosegmentbyoriginationyearDetails,cat-20251231_def.xml
X-CAT-0480,CAT,Caterpillar Inc.,bounded_extension,definition,us-gaap:ScheduleOfFinancingReceivableRecordedInvestmentCreditQualityIndicatorTable,"Financing Receivable, Credit Quality Indicator [Table]",us-gaap:FinancingReceivableRecordedInvestmentByClassOfFinancingReceivableAxis,Class of Financing Receivable [Axis],http://xbrl.org/int/dim/arcrole/hypercube-dimension,3,,,http://www.cat.com/role/CatFinancialFinancingActivitiesAmortizedcostoffinancereceivablesinthecustomerportfoliosegmentbyoriginationyearDetails,cat-20251231_def.xml
X-CAT-0481,CAT,Caterpillar Inc.,bounded_extension,definition,us-gaap:FinancingReceivableRecordedInvestmentByClassOfFinancingReceivableAxis,Class of Financing Receivable [Axis],us-gaap:FinancingReceivableRecordedInvestmentClassOfFinancingReceivableDomain,Class of Financing Receivable [Domain],http://xbrl.org/int/dim/arcrole/dimension-default,1,,,http://www.cat.com/role/CatFinancialFinancingActivitiesAmortizedcostoffinancereceivablesinthecustomerportfoliosegmentbyoriginationyearDetails,cat-20251231_def.xml
X-CAT-0482,CAT,Caterpillar Inc.,bounded_extension,definition,us-gaap:FinancingReceivableRecordedInvestmentByClassOfFinancingReceivableAxis,Class of Financing Receivable [Axis],us-gaap:FinancingReceivableRecordedInvestmentClassOfFinancingReceivableDomain,Class of Financing Receivable [Domain],http://xbrl.org/int/dim/arcrole/dimension-domain,1,,,http://www.cat.com/role/CatFinancialFinancingActivitiesAmortizedcostoffinancereceivablesinthecustomerportfoliosegmentbyoriginationyearDetails,cat-20251231_def.xml
X-CAT-0483,CAT,Caterpillar Inc.,bounded_extension,definition,us-gaap:FinancingReceivableRecordedInvestmentClassOfFinancingReceivableDomain,Class of Financing Receivable [Domain],srt:NorthAmericaMember,North America [Member],http://xbrl.org/int/dim/arcrole/domain-member,0,,,http://www.cat.com/role/CatFinancialFinancingActivitiesAmortizedcostoffinancereceivablesinthecustomerportfoliosegmentbyoriginationyearDetails,cat-20251231_def.xml
X-CAT-0484,CAT,Caterpillar Inc.,bounded_extension,definition,us-gaap:FinancingReceivableRecordedInvestmentClassOfFinancingReceivableDomain,Class of Financing Receivable [Domain],us-gaap:EMEAMember,EMEA [Member],http://xbrl.org/int/dim/arcrole/domain-member,1,,,http://www.cat.com/role/CatFinancialFinancingActivitiesAmortizedcostoffinancereceivablesinthecustomerportfoliosegmentbyoriginationyearDetails,cat-20251231_def.xml
X-CAT-0485,CAT,Caterpillar Inc.,bounded_extension,definition,us-gaap:FinancingReceivableRecordedInvestmentClassOfFinancingReceivableDomain,Class of Financing Receivable [Domain],srt:AsiaPacificMember,Asia Pacific [Member],http://xbrl.org/int/dim/arcrole/domain-member,2,,,http://www.cat.com/role/CatFinancialFinancingActivitiesAmortizedcostoffinancereceivablesinthecustomerportfoliosegmentbyoriginationyearDetails,cat-20251231_def.xml
X-CAT-0486,CAT,Caterpillar Inc.,bounded_extension,definition,us-gaap:FinancingReceivableRecordedInvestmentClassOfFinancingReceivableDomain,Class of Financing Receivable [Domain],srt:LatinAmericaMember,Latin America [Member],http://xbrl.org/int/dim/arcrole/domain-member,3,,,http://www.cat.com/role/CatFinancialFinancingActivitiesAmortizedcostoffinancereceivablesinthecustomerportfoliosegmentbyoriginationyearDetails,cat-20251231_def.xml
X-CAT-0487,CAT,Caterpillar Inc.,bounded_extension,definition,us-gaap:FinancingReceivableRecordedInvestmentClassOfFinancingReceivableDomain,Class of Financing Receivable [Domain],cat:MiningMember,,http://xbrl.org/int/dim/arcrole/domain-member,4,,,http://www.cat.com/role/CatFinancialFinancingActivitiesAmortizedcostoffinancereceivablesinthecustomerportfoliosegmentbyoriginationyearDetails,cat-20251231_def.xml
X-CAT-0488,CAT,Caterpillar Inc.,bounded_extension,definition,us-gaap:FinancingReceivableRecordedInvestmentClassOfFinancingReceivableDomain,Class of Financing Receivable [Domain],cat:PowerMember,,http://xbrl.org/int/dim/arcrole/domain-member,5,,,http://www.cat.com/role/CatFinancialFinancingActivitiesAmortizedcostoffinancereceivablesinthecustomerportfoliosegmentbyoriginationyearDetails,cat-20251231_def.xml
X-CAT-0489,CAT,Caterpillar Inc.,bounded_extension,definition,us-gaap:ScheduleOfFinancingReceivableRecordedInvestmentCreditQualityIndicatorTable,"Financing Receivable, Credit Quality Indicator [Table]",us-gaap:InternalCreditAssessmentAxis,Internal Credit Assessment [Axis],http://xbrl.org/int/dim/arcrole/hypercube-dimension,4,,,http://www.cat.com/role/CatFinancialFinancingActivitiesAmortizedcostoffinancereceivablesinthecustomerportfoliosegmentbyoriginationyearDetails,cat-20251231_def.xml
X-CAT-0490,CAT,Caterpillar Inc.,bounded_extension,definition,us-gaap:InternalCreditAssessmentDomain,Internal Credit Assessment [Domain],cat:FinancingReceivables31To60DaysPastDueMember,,http://xbrl.org/int/dim/arcrole/domain-member,1,,,http://www.cat.com/role/CatFinancialFinancingActivitiesAmortizedcostoffinancereceivablesinthecustomerportfoliosegmentbyoriginationyearDetails,cat-20251231_def.xml
X-CAT-0491,CAT,Caterpillar Inc.,bounded_extension,definition,us-gaap:InternalCreditAssessmentDomain,Internal Credit Assessment [Domain],cat:FinancingReceivables61To90DaysPastDueMember,,http://xbrl.org/int/dim/arcrole/domain-member,2,,,http://www.cat.com/role/CatFinancialFinancingActivitiesAmortizedcostoffinancereceivablesinthecustomerportfoliosegmentbyoriginationyearDetails,cat-20251231_def.xml
X-CAT-0492,CAT,Caterpillar Inc.,bounded_extension,definition,us-gaap:InternalCreditAssessmentDomain,Internal Credit Assessment [Domain],cat:FinancingReceivablesEqualToGreaterThan91DaysPastDueMember,,http://xbrl.org/int/dim/arcrole/domain-member,3,,,http://www.cat.com/role/CatFinancialFinancingActivitiesAmortizedcostoffinancereceivablesinthecustomerportfoliosegmentbyoriginationyearDetails,cat-20251231_def.xml
X-CAT-0493,CAT,Caterpillar Inc.,bounded_extension,definition,us-gaap:FinancingReceivableRecordedInvestmentLineItems,"Financing Receivable, Credit Quality Indicator [Line Items]",us-gaap:FinancingReceivableOriginatedInCurrentFiscalYear,"Financing Receivable, Year One, Originated, Current Fiscal Year",http://xbrl.org/int/dim/arcrole/domain-member,0,,,http://www.cat.com/role/CatFinancialFinancingActivitiesAmortizedcostoffinancereceivablesinthecustomerportfoliosegmentbyoriginationyearDetails,cat-20251231_def.xml
X-CAT-0494,CAT,Caterpillar Inc.,bounded_extension,definition,us-gaap:FinancingReceivableRecordedInvestmentLineItems,"Financing Receivable, Credit Quality Indicator [Line Items]",us-gaap:FinancingReceivableOriginatedInFiscalYearBeforeLatestFiscalYear,"Financing Receivable, Year Two, Originated, Fiscal Year before Current Fiscal Year",http://xbrl.org/int/dim/arcrole/domain-member,1,,,http://www.cat.com/role/CatFinancialFinancingActivitiesAmortizedcostoffinancereceivablesinthecustomerportfoliosegmentbyoriginationyearDetails,cat-20251231_def.xml
X-CAT-0495,CAT,Caterpillar Inc.,bounded_extension,definition,us-gaap:FinancingReceivableRecordedInvestmentLineItems,"Financing Receivable, Credit Quality Indicator [Line Items]",us-gaap:FinancingReceivableOriginatedTwoYearsBeforeLatestFiscalYear,"Financing Receivable, Year Three, Originated, Two Years before Current Fiscal Year",http://xbrl.org/int/dim/arcrole/domain-member,2,,,http://www.cat.com/role/CatFinancialFinancingActivitiesAmortizedcostoffinancereceivablesinthecustomerportfoliosegmentbyoriginationyearDetails,cat-20251231_def.xml
X-CAT-0496,CAT,Caterpillar Inc.,bounded_extension,definition,us-gaap:FinancingReceivableRecordedInvestmentLineItems,"Financing Receivable, Credit Quality Indicator [Line Items]",us-gaap:FinancingReceivableOriginatedThreeYearsBeforeLatestFiscalYear,"Financing Receivable, Year Four, Originated, Three Years before Current Fiscal Year",http://xbrl.org/int/dim/arcrole/domain-member,3,,,http://www.cat.com/role/CatFinancialFinancingActivitiesAmortizedcostoffinancereceivablesinthecustomerportfoliosegmentbyoriginationyearDetails,cat-20251231_def.xml
X-CAT-0497,CAT,Caterpillar Inc.,bounded_extension,definition,us-gaap:FinancingReceivableRecordedInvestmentLineItems,"Financing Receivable, Credit Quality Indicator [Line Items]",us-gaap:FinancingReceivableOriginatedFourYearsBeforeLatestFiscalYear,"Financing Receivable, Year Five, Originated, Four Years before Current Fiscal Year",http://xbrl.org/int/dim/arcrole/domain-member,4,,,http://www.cat.com/role/CatFinancialFinancingActivitiesAmortizedcostoffinancereceivablesinthecustomerportfoliosegmentbyoriginationyearDetails,cat-20251231_def.xml
X-CAT-0498,CAT,Caterpillar Inc.,bounded_extension,definition,us-gaap:FinancingReceivableRecordedInvestmentLineItems,"Financing Receivable, Credit Quality Indicator [Line Items]",us-gaap:FinancingReceivableOriginatedFiveOrMoreYearsBeforeLatestFiscalYear,"Financing Receivable, Originated, More than Five Years before Current Fiscal Year",http://xbrl.org/int/dim/arcrole/domain-member,5,,,http://www.cat.com/role/CatFinancialFinancingActivitiesAmortizedcostoffinancereceivablesinthecustomerportfoliosegmentbyoriginationyearDetails,cat-20251231_def.xml
X-CAT-0499,CAT,Caterpillar Inc.,bounded_extension,definition,us-gaap:FinancingReceivableRecordedInvestmentLineItems,"Financing Receivable, Credit Quality Indicator [Line Items]",us-gaap:FinancingReceivableRevolving,"Financing Receivable, Revolving",http://xbrl.org/int/dim/arcrole/domain-member,6,,,http://www.cat.com/role/CatFinancialFinancingActivitiesAmortizedcostoffinancereceivablesinthecustomerportfoliosegmentbyoriginationyearDetails,cat-20251231_def.xml
X-CAT-0500,CAT,Caterpillar Inc.,bounded_extension,definition,us-gaap:FinancingReceivableRecordedInvestmentLineItems,"Financing Receivable, Credit Quality Indicator [Line Items]",us-gaap:NotesReceivableGross,"Financing Receivable, before Allowance for Credit Loss",http://xbrl.org/int/dim/arcrole/domain-member,7,,,http://www.cat.com/role/CatFinancialFinancingActivitiesAmortizedcostoffinancereceivablesinthecustomerportfoliosegmentbyoriginationyearDetails,cat-20251231_def.xml
X-CAT-0501,CAT,Caterpillar Inc.,bounded_extension,definition,us-gaap:FinancingReceivableNonaccrualStatusLineItems,"Financing Receivable, Nonaccrual [Line Items]",us-gaap:FinancingReceivableNonaccrualTable,"Financing Receivable, Nonaccrual [Table]",http://xbrl.org/int/dim/arcrole/all,1,,,http://www.cat.com/role/CatFinancialFinancingActivitiesFinancingreceivablenonaccrualDetails,cat-20251231_def.xml
X-CAT-0502,CAT,Caterpillar Inc.,bounded_extension,definition,us-gaap:FinancingReceivableNonaccrualTable,"Financing Receivable, Nonaccrual [Table]",us-gaap:AccountsNotesLoansAndFinancingReceivableByReceivableTypeAxis,Receivable Type [Axis],http://xbrl.org/int/dim/arcrole/hypercube-dimension,1,,,http://www.cat.com/role/CatFinancialFinancingActivitiesFinancingreceivablenonaccrualDetails,cat-20251231_def.xml
X-CAT-0503,CAT,Caterpillar Inc.,bounded_extension,definition,us-gaap:AccountsNotesLoansAndFinancingReceivableByReceivableTypeAxis,Receivable Type [Axis],us-gaap:ReceivableTypeDomain,Receivable [Domain],http://xbrl.org/int/dim/arcrole/dimension-default,1,,,http://www.cat.com/role/CatFinancialFinancingActivitiesFinancingreceivablenonaccrualDetails,cat-20251231_def.xml
X-CAT-0504,CAT,Caterpillar Inc.,bounded_extension,definition,us-gaap:AccountsNotesLoansAndFinancingReceivableByReceivableTypeAxis,Receivable Type [Axis],us-gaap:ReceivableTypeDomain,Receivable [Domain],http://xbrl.org/int/dim/arcrole/dimension-domain,1,,,http://www.cat.com/role/CatFinancialFinancingActivitiesFinancingreceivablenonaccrualDetails,cat-20251231_def.xml
X-CAT-0505,CAT,Caterpillar Inc.,bounded_extension,definition,us-gaap:ReceivableTypeDomain,Receivable [Domain],cat:FinanceReceivableMember,,http://xbrl.org/int/dim/arcrole/domain-member,0,,,http://www.cat.com/role/CatFinancialFinancingActivitiesFinancingreceivablenonaccrualDetails,cat-20251231_def.xml
X-CAT-0506,CAT,Caterpillar Inc.,bounded_extension,definition,us-gaap:FinancingReceivableNonaccrualTable,"Financing Receivable, Nonaccrual [Table]",us-gaap:FinancingReceivableRecordedInvestmentByClassOfFinancingReceivableAxis,Class of Financing Receivable [Axis],http://xbrl.org/int/dim/arcrole/hypercube-dimension,2,,,http://www.cat.com/role/CatFinancialFinancingActivitiesFinancingreceivablenonaccrualDetails,cat-20251231_def.xml
X-CAT-0507,CAT,Caterpillar Inc.,bounded_extension,definition,us-gaap:FinancingReceivableRecordedInvestmentByClassOfFinancingReceivableAxis,Class of Financing Receivable [Axis],us-gaap:FinancingReceivableRecordedInvestmentClassOfFinancingReceivableDomain,Class of Financing Receivable [Domain],http://xbrl.org/int/dim/arcrole/dimension-default,1,,,http://www.cat.com/role/CatFinancialFinancingActivitiesFinancingreceivablenonaccrualDetails,cat-20251231_def.xml
X-CAT-0508,CAT,Caterpillar Inc.,bounded_extension,definition,us-gaap:FinancingReceivableRecordedInvestmentByClassOfFinancingReceivableAxis,Class of Financing Receivable [Axis],us-gaap:FinancingReceivableRecordedInvestmentClassOfFinancingReceivableDomain,Class of Financing Receivable [Domain],http://xbrl.org/int/dim/arcrole/dimension-domain,1,,,http://www.cat.com/role/CatFinancialFinancingActivitiesFinancingreceivablenonaccrualDetails,cat-20251231_def.xml
X-CAT-0509,CAT,Caterpillar Inc.,bounded_extension,definition,us-gaap:FinancingReceivableRecordedInvestmentClassOfFinancingReceivableDomain,Class of Financing Receivable [Domain],srt:NorthAmericaMember,North America [Member],http://xbrl.org/int/dim/arcrole/domain-member,0,,,http://www.cat.com/role/CatFinancialFinancingActivitiesFinancingreceivablenonaccrualDetails,cat-20251231_def.xml
X-CAT-0510,CAT,Caterpillar Inc.,bounded_extension,definition,us-gaap:FinancingReceivableRecordedInvestmentClassOfFinancingReceivableDomain,Class of Financing Receivable [Domain],us-gaap:EMEAMember,EMEA [Member],http://xbrl.org/int/dim/arcrole/domain-member,1,,,http://www.cat.com/role/CatFinancialFinancingActivitiesFinancingreceivablenonaccrualDetails,cat-20251231_def.xml
X-CAT-0511,CAT,Caterpillar Inc.,bounded_extension,definition,us-gaap:FinancingReceivableRecordedInvestmentClassOfFinancingReceivableDomain,Class of Financing Receivable [Domain],srt:AsiaPacificMember,Asia Pacific [Member],http://xbrl.org/int/dim/arcrole/domain-member,2,,,http://www.cat.com/role/CatFinancialFinancingActivitiesFinancingreceivablenonaccrualDetails,cat-20251231_def.xml
X-CAT-0512,CAT,Caterpillar Inc.,bounded_extension,definition,us-gaap:FinancingReceivableRecordedInvestmentClassOfFinancingReceivableDomain,Class of Financing Receivable [Domain],srt:LatinAmericaMember,Latin America [Member],http://xbrl.org/int/dim/arcrole/domain-member,3,,,http://www.cat.com/role/CatFinancialFinancingActivitiesFinancingreceivablenonaccrualDetails,cat-20251231_def.xml
X-CAT-0513,CAT,Caterpillar Inc.,bounded_extension,definition,us-gaap:FinancingReceivableRecordedInvestmentClassOfFinancingReceivableDomain,Class of Financing Receivable [Domain],cat:MiningMember,,http://xbrl.org/int/dim/arcrole/domain-member,4,,,http://www.cat.com/role/CatFinancialFinancingActivitiesFinancingreceivablenonaccrualDetails,cat-20251231_def.xml
X-CAT-0514,CAT,Caterpillar Inc.,bounded_extension,definition,us-gaap:FinancingReceivableRecordedInvestmentClassOfFinancingReceivableDomain,Class of Financing Receivable [Domain],cat:PowerMember,,http://xbrl.org/int/dim/arcrole/domain-member,5,,,http://www.cat.com/role/CatFinancialFinancingActivitiesFinancingreceivablenonaccrualDetails,cat-20251231_def.xml
X-CAT-0515,CAT,Caterpillar Inc.,bounded_extension,definition,us-gaap:FinancingReceivableNonaccrualTable,"Financing Receivable, Nonaccrual [Table]",us-gaap:FinancingReceivablePortfolioSegmentAxis,Financing Receivable Portfolio Segment [Axis],http://xbrl.org/int/dim/arcrole/hypercube-dimension,3,,,http://www.cat.com/role/CatFinancialFinancingActivitiesFinancingreceivablenonaccrualDetails,cat-20251231_def.xml
X-CAT-0516,CAT,Caterpillar Inc.,bounded_extension,definition,us-gaap:FinancingReceivablePortfolioSegmentAxis,Financing Receivable Portfolio Segment [Axis],us-gaap:FinancingReceivablePortfolioSegmentDomain,Financing Receivable Portfolio Segment [Domain],http://xbrl.org/int/dim/arcrole/dimension-default,1,,,http://www.cat.com/role/CatFinancialFinancingActivitiesFinancingreceivablenonaccrualDetails,cat-20251231_def.xml
X-CAT-0517,CAT,Caterpillar Inc.,bounded_extension,definition,us-gaap:FinancingReceivablePortfolioSegmentAxis,Financing Receivable Portfolio Segment [Axis],us-gaap:FinancingReceivablePortfolioSegmentDomain,Financing Receivable Portfolio Segment [Domain],http://xbrl.org/int/dim/arcrole/dimension-domain,1,,,http://www.cat.com/role/CatFinancialFinancingActivitiesFinancingreceivablenonaccrualDetails,cat-20251231_def.xml
X-CAT-0518,CAT,Caterpillar Inc.,bounded_extension,definition,us-gaap:FinancingReceivablePortfolioSegmentDomain,Financing Receivable Portfolio Segment [Domain],cat:CustomerMember,,http://xbrl.org/int/dim/arcrole/domain-member,0,,,http://www.cat.com/role/CatFinancialFinancingActivitiesFinancingreceivablenonaccrualDetails,cat-20251231_def.xml
X-CAT-0519,CAT,Caterpillar Inc.,bounded_extension,definition,us-gaap:FinancingReceivableNonaccrualStatusLineItems,"Financing Receivable, Nonaccrual [Line Items]",us-gaap:FinancingReceivableRecordedInvestmentNonaccrualStatus,"Financing Receivable, Nonaccrual",http://xbrl.org/int/dim/arcrole/domain-member,0,,,http://www.cat.com/role/CatFinancialFinancingActivitiesFinancingreceivablenonaccrualDetails,cat-20251231_def.xml
X-CAT-0520,CAT,Caterpillar Inc.,bounded_extension,definition,us-gaap:FinancingReceivableNonaccrualStatusLineItems,"Financing Receivable, Nonaccrual [Line Items]",cat:FinancingReceivable91dayspastdueandstillaccruing,,http://xbrl.org/int/dim/arcrole/domain-member,1,,,http://www.cat.com/role/CatFinancialFinancingActivitiesFinancingreceivablenonaccrualDetails,cat-20251231_def.xml
X-CAT-0521,CAT,Caterpillar Inc.,bounded_extension,definition,us-gaap:AccountsNotesAndLoansReceivableLineItems,"Accounts, Notes, Loans and Financing Receivable [Line Items]",us-gaap:ScheduleOfAccountsNotesLoansAndFinancingReceivableTable,Accounts and Financing Receivables [Table],http://xbrl.org/int/dim/arcrole/all,1,,,http://www.cat.com/role/CatFinancialFinancingActivitiesFinancialreceivablemodifiedDetails,cat-20251231_def.xml
X-CAT-0522,CAT,Caterpillar Inc.,bounded_extension,definition,us-gaap:ScheduleOfAccountsNotesLoansAndFinancingReceivableTable,Accounts and Financing Receivables [Table],us-gaap:LoanRestructuringModificationAxis,Loan Restructuring Modification [Axis],http://xbrl.org/int/dim/arcrole/hypercube-dimension,1,,,http://www.cat.com/role/CatFinancialFinancingActivitiesFinancialreceivablemodifiedDetails,cat-20251231_def.xml
X-CAT-0523,CAT,Caterpillar Inc.,bounded_extension,definition,us-gaap:ScheduleOfAccountsNotesLoansAndFinancingReceivableTable,Accounts and Financing Receivables [Table],us-gaap:FinancingReceivablePortfolioSegmentAxis,Financing Receivable Portfolio Segment [Axis],http://xbrl.org/int/dim/arcrole/hypercube-dimension,2,,,http://www.cat.com/role/CatFinancialFinancingActivitiesFinancialreceivablemodifiedDetails,cat-20251231_def.xml
X-CAT-0524,CAT,Caterpillar Inc.,bounded_extension,definition,us-gaap:FinancingReceivablePortfolioSegmentAxis,Financing Receivable Portfolio Segment [Axis],us-gaap:FinancingReceivablePortfolioSegmentDomain,Financing Receivable Portfolio Segment [Domain],http://xbrl.org/int/dim/arcrole/dimension-default,1,,,http://www.cat.com/role/CatFinancialFinancingActivitiesFinancialreceivablemodifiedDetails,cat-20251231_def.xml
X-CAT-0525,CAT,Caterpillar Inc.,bounded_extension,definition,us-gaap:FinancingReceivablePortfolioSegmentAxis,Financing Receivable Portfolio Segment [Axis],us-gaap:FinancingReceivablePortfolioSegmentDomain,Financing Receivable Portfolio Segment [Domain],http://xbrl.org/int/dim/arcrole/dimension-domain,1,,,http://www.cat.com/role/CatFinancialFinancingActivitiesFinancialreceivablemodifiedDetails,cat-20251231_def.xml
X-CAT-0526,CAT,Caterpillar Inc.,bounded_extension,definition,us-gaap:FinancingReceivablePortfolioSegmentDomain,Financing Receivable Portfolio Segment [Domain],cat:CustomerMember,,http://xbrl.org/int/dim/arcrole/domain-member,0,,,http://www.cat.com/role/CatFinancialFinancingActivitiesFinancialreceivablemodifiedDetails,cat-20251231_def.xml
X-CAT-0527,CAT,Caterpillar Inc.,bounded_extension,definition,us-gaap:AccountsNotesAndLoansReceivableLineItems,"Accounts, Notes, Loans and Financing Receivable [Line Items]",us-gaap:FinancingReceivableModificationToTotalFinancingReceivablesPercent,"Financing Receivable, Modified in Period, to Total Financing Receivables, Percentage",http://xbrl.org/int/dim/arcrole/domain-member,0,,,http://www.cat.com/role/CatFinancialFinancingActivitiesFinancialreceivablemodifiedDetails,cat-20251231_def.xml
X-CAT-0528,CAT,Caterpillar Inc.,bounded_extension,definition,us-gaap:AccountsNotesAndLoansReceivableLineItems,"Accounts, Notes, Loans and Financing Receivable [Line Items]",us-gaap:FinancingReceivableModifiedWeightedAverageTermIncreaseFromModification,"Financing Receivable, Modified, Weighted Average Term Increase from Modification",http://xbrl.org/int/dim/arcrole/domain-member,1,,,http://www.cat.com/role/CatFinancialFinancingActivitiesFinancialreceivablemodifiedDetails,cat-20251231_def.xml
X-CAT-0529,CAT,Caterpillar Inc.,bounded_extension,definition,us-gaap:AccountsNotesAndLoansReceivableLineItems,"Accounts, Notes, Loans and Financing Receivable [Line Items]",us-gaap:FinancingReceivableModificationsPostModificationRecordedInvestment2,"Financing Receivable, Modified in Period, Amount",http://xbrl.org/int/dim/arcrole/domain-member,2,,,http://www.cat.com/role/CatFinancialFinancingActivitiesFinancialreceivablemodifiedDetails,cat-20251231_def.xml
X-CAT-0530,CAT,Caterpillar Inc.,bounded_extension,definition,us-gaap:FiniteLivedIntangibleAssetsMajorClassNameDomain,"Finite-Lived Intangible Assets, Major Class Name [Domain]",us-gaap:CustomerRelationshipsMember,Customer Relationships [Member],http://xbrl.org/int/dim/arcrole/domain-member,0,,,http://www.cat.com/role/IntangibleAssetsandGoodwillSummaryofintangibleassetsDetails,cat-20251231_def.xml
X-CAT-0531,CAT,Caterpillar Inc.,bounded_extension,definition,us-gaap:FinancialInstrumentsFinancialAssetsBalanceSheetGroupingsAbstract,"Financial Instruments, Financial Assets, Balance Sheet Groupings [Abstract]",cat:FinanceReceivablesNet,,http://xbrl.org/int/dim/arcrole/domain-member,1,,,http://www.cat.com/role/FairvaluedisclosuresFairvaluesoffinancialinstrumentsDetails,cat-20251231_def.xml
X-CAT-0532,CAT,Caterpillar Inc.,bounded_extension,definition,us-gaap:FinancialInstrumentsFinancialAssetsBalanceSheetGroupingsAbstract,"Financial Instruments, Financial Assets, Balance Sheet Groupings [Abstract]",cat:WholesaleInventoryReceivables,,http://xbrl.org/int/dim/arcrole/domain-member,2,,,http://www.cat.com/role/FairvaluedisclosuresFairvaluesoffinancialinstrumentsDetails,cat-20251231_def.xml
X-CAT-0533,CAT,Caterpillar Inc.,bounded_extension,definition,srt:RepurchaseAgreementCounterpartyNameDomain,Counterparty Name [Domain],cat:CustomerMember,,http://xbrl.org/int/dim/arcrole/domain-member,0,,,http://www.cat.com/role/GuaranteesandproductwarrantyDetails,cat-20251231_def.xml
X-CAT-0534,CAT,Caterpillar Inc.,bounded_extension,definition,us-gaap:DisaggregationOfRevenueLineItems,Disaggregation of Revenue [Line Items],us-gaap:DisaggregationOfRevenueTable,Disaggregation of Revenue [Table],http://xbrl.org/int/dim/arcrole/all,1,,,http://www.cat.com/role/SegmentinformationDisaggregationofrevenueDetails,cat-20251231_def.xml
X-CAT-0535,CAT,Caterpillar Inc.,bounded_extension,definition,us-gaap:DisaggregationOfRevenueTable,Disaggregation of Revenue [Table],us-gaap:StatementBusinessSegmentsAxis,Segments [Axis],http://xbrl.org/int/dim/arcrole/hypercube-dimension,1,,,http://www.cat.com/role/SegmentinformationDisaggregationofrevenueDetails,cat-20251231_def.xml
X-CAT-0536,CAT,Caterpillar Inc.,bounded_extension,definition,us-gaap:DisaggregationOfRevenueTable,Disaggregation of Revenue [Table],srt:StatementGeographicalAxis,Geographical [Axis],http://xbrl.org/int/dim/arcrole/hypercube-dimension,2,,,http://www.cat.com/role/SegmentinformationDisaggregationofrevenueDetails,cat-20251231_def.xml
X-CAT-0537,CAT,Caterpillar Inc.,bounded_extension,definition,us-gaap:DisaggregationOfRevenueTable,Disaggregation of Revenue [Table],srt:ConsolidationItemsAxis,Consolidation Items [Axis],http://xbrl.org/int/dim/arcrole/hypercube-dimension,3,,,http://www.cat.com/role/SegmentinformationDisaggregationofrevenueDetails,cat-20251231_def.xml
X-CAT-0538,CAT,Caterpillar Inc.,bounded_extension,definition,us-gaap:DisaggregationOfRevenueTable,Disaggregation of Revenue [Table],us-gaap:RelatedPartyTransactionsByRelatedPartyAxis,Related and Nonrelated Parties [Axis],http://xbrl.org/int/dim/arcrole/hypercube-dimension,4,,,http://www.cat.com/role/SegmentinformationDisaggregationofrevenueDetails,cat-20251231_def.xml
X-CAT-0539,CAT,Caterpillar Inc.,bounded_extension,definition,us-gaap:DisaggregationOfRevenueLineItems,Disaggregation of Revenue [Line Items],us-gaap:Revenues,Revenues,http://xbrl.org/int/dim/arcrole/domain-member,0,,,http://www.cat.com/role/SegmentinformationDisaggregationofrevenueDetails,cat-20251231_def.xml
X-CAT-0540,CAT,Caterpillar Inc.,bounded_extension,definition,us-gaap:DisaggregationOfRevenueLineItems,Disaggregation of Revenue [Line Items],us-gaap:DisaggregationOfRevenueTable,Disaggregation of Revenue [Table],http://xbrl.org/int/dim/arcrole/all,1,,,http://www.cat.com/role/SegmentinformationEnergytransportationsalesDetails,cat-20251231_def.xml
X-CAT-0541,CAT,Caterpillar Inc.,bounded_extension,definition,us-gaap:DisaggregationOfRevenueTable,Disaggregation of Revenue [Table],us-gaap:StatementBusinessSegmentsAxis,Segments [Axis],http://xbrl.org/int/dim/arcrole/hypercube-dimension,1,,,http://www.cat.com/role/SegmentinformationEnergytransportationsalesDetails,cat-20251231_def.xml
X-CAT-0542,CAT,Caterpillar Inc.,bounded_extension,definition,us-gaap:DisaggregationOfRevenueTable,Disaggregation of Revenue [Table],srt:MajorCustomersAxis,Customer [Axis],http://xbrl.org/int/dim/arcrole/hypercube-dimension,2,,,http://www.cat.com/role/SegmentinformationEnergytransportationsalesDetails,cat-20251231_def.xml
X-CAT-0543,CAT,Caterpillar Inc.,bounded_extension,definition,srt:MajorCustomersAxis,Customer [Axis],srt:NameOfMajorCustomerDomain,Customer [Domain],http://xbrl.org/int/dim/arcrole/dimension-default,1,,,http://www.cat.com/role/SegmentinformationEnergytransportationsalesDetails,cat-20251231_def.xml
X-CAT-0544,CAT,Caterpillar Inc.,bounded_extension,definition,srt:MajorCustomersAxis,Customer [Axis],srt:NameOfMajorCustomerDomain,Customer [Domain],http://xbrl.org/int/dim/arcrole/dimension-domain,1,,,http://www.cat.com/role/SegmentinformationEnergytransportationsalesDetails,cat-20251231_def.xml
X-CAT-0545,CAT,Caterpillar Inc.,bounded_extension,definition,srt:NameOfMajorCustomerDomain,Customer [Domain],cat:OilAndGasCustomerMember,,http://xbrl.org/int/dim/arcrole/domain-member,0,,,http://www.cat.com/role/SegmentinformationEnergytransportationsalesDetails,cat-20251231_def.xml
X-CAT-0546,CAT,Caterpillar Inc.,bounded_extension,definition,srt:NameOfMajorCustomerDomain,Customer [Domain],cat:PowergenerationMember,,http://xbrl.org/int/dim/arcrole/domain-member,1,,,http://www.cat.com/role/SegmentinformationEnergytransportationsalesDetails,cat-20251231_def.xml
X-CAT-0547,CAT,Caterpillar Inc.,bounded_extension,definition,srt:NameOfMajorCustomerDomain,Customer [Domain],cat:IndustrialMember,,http://xbrl.org/int/dim/arcrole/domain-member,2,,,http://www.cat.com/role/SegmentinformationEnergytransportationsalesDetails,cat-20251231_def.xml
X-CAT-0548,CAT,Caterpillar Inc.,bounded_extension,definition,srt:NameOfMajorCustomerDomain,Customer [Domain],cat:TransportationMember,,http://xbrl.org/int/dim/arcrole/domain-member,3,,,http://www.cat.com/role/SegmentinformationEnergytransportationsalesDetails,cat-20251231_def.xml
X-CAT-0549,CAT,Caterpillar Inc.,bounded_extension,definition,us-gaap:DisaggregationOfRevenueLineItems,Disaggregation of Revenue [Line Items],us-gaap:Revenues,Revenues,http://xbrl.org/int/dim/arcrole/domain-member,0,,,http://www.cat.com/role/SegmentinformationEnergytransportationsalesDetails,cat-20251231_def.xml
X-CAT-0550,CAT,Caterpillar Inc.,bounded_extension,definition,us-gaap:SegmentReportingInformationLineItems,Segment Reporting Information [Line Items],us-gaap:Revenues,Revenues,http://xbrl.org/int/dim/arcrole/domain-member,0,,,http://www.cat.com/role/SegmentinformationReconciliationofprofitfromreportablesegmentsDetails,cat-20251231_def.xml
X-CAT-0551,CAT,Caterpillar Inc.,bounded_extension,definition,us-gaap:FinancialServicesCostsAbstract,Financial Services Costs [Abstract],us-gaap:CostOfRevenue,Cost of Revenue,http://xbrl.org/int/dim/arcrole/domain-member,1,,,http://www.cat.com/role/SegmentinformationReconciliationofprofitfromreportablesegmentsDetails,cat-20251231_def.xml
X-CAT-0552,CAT,Caterpillar Inc.,bounded_extension,definition,us-gaap:DisaggregationOfRevenueLineItems,Disaggregation of Revenue [Line Items],us-gaap:DisaggregationOfRevenueTable,Disaggregation of Revenue [Table],http://xbrl.org/int/dim/arcrole/all,1,,,http://www.cat.com/role/SegmentinformationReconciliationsofconsolidatedprofitbeforetaxesDetails,cat-20251231_def.xml
X-CAT-0553,CAT,Caterpillar Inc.,bounded_extension,definition,us-gaap:DisaggregationOfRevenueTable,Disaggregation of Revenue [Table],us-gaap:StatementBusinessSegmentsAxis,Segments [Axis],http://xbrl.org/int/dim/arcrole/hypercube-dimension,1,,,http://www.cat.com/role/SegmentinformationReconciliationsofconsolidatedprofitbeforetaxesDetails,cat-20251231_def.xml
X-CAT-0554,CAT,Caterpillar Inc.,bounded_extension,definition,us-gaap:DisaggregationOfRevenueLineItems,Disaggregation of Revenue [Line Items],us-gaap:IncomeLossFromContinuingOperationsBeforeIncomeTaxesMinorityInterestAndIncomeLossFromEquityMethodInvestments,"Income (Loss) from Continuing Operations before Equity Method Investments, Income Taxes, Noncontrolling Interest",http://xbrl.org/int/dim/arcrole/domain-member,0,,,http://www.cat.com/role/SegmentinformationReconciliationsofconsolidatedprofitbeforetaxesDetails,cat-20251231_def.xml
X-CAT-0555,CAT,Caterpillar Inc.,bounded_extension,definition,us-gaap:DisaggregationOfRevenueLineItems,Disaggregation of Revenue [Line Items],cat:CostCenters,,http://xbrl.org/int/dim/arcrole/domain-member,1,,,http://www.cat.com/role/SegmentinformationReconciliationsofconsolidatedprofitbeforetaxesDetails,cat-20251231_def.xml
X-CAT-0556,CAT,Caterpillar Inc.,bounded_extension,definition,us-gaap:DisaggregationOfRevenueLineItems,Disaggregation of Revenue [Line Items],cat:CorporateCosts,,http://xbrl.org/int/dim/arcrole/domain-member,2,,,http://www.cat.com/role/SegmentinformationReconciliationsofconsolidatedprofitbeforetaxesDetails,cat-20251231_def.xml
X-CAT-0557,CAT,Caterpillar Inc.,bounded_extension,definition,us-gaap:DisaggregationOfRevenueLineItems,Disaggregation of Revenue [Line Items],cat:GainLossOnTiming,,http://xbrl.org/int/dim/arcrole/domain-member,3,,,http://www.cat.com/role/SegmentinformationReconciliationsofconsolidatedprofitbeforetaxesDetails,cat-20251231_def.xml
X-CAT-0558,CAT,Caterpillar Inc.,bounded_extension,definition,us-gaap:DisaggregationOfRevenueLineItems,Disaggregation of Revenue [Line Items],us-gaap:RestructuringCosts,Restructuring Costs,http://xbrl.org/int/dim/arcrole/domain-member,4,,,http://www.cat.com/role/SegmentinformationReconciliationsofconsolidatedprofitbeforetaxesDetails,cat-20251231_def.xml
X-CAT-0559,CAT,Caterpillar Inc.,bounded_extension,definition,us-gaap:DisaggregationOfRevenueLineItems,Disaggregation of Revenue [Line Items],us-gaap:SegmentReportingInformationRevenueAbstract,"Segment Reporting Information, Revenue for Reportable Segment [Abstract]",http://xbrl.org/int/dim/arcrole/domain-member,5,,,http://www.cat.com/role/SegmentinformationReconciliationsofconsolidatedprofitbeforetaxesDetails,cat-20251231_def.xml
X-CAT-0560,CAT,Caterpillar Inc.,bounded_extension,definition,us-gaap:SegmentReportingInformationRevenueAbstract,"Segment Reporting Information, Revenue for Reportable Segment [Abstract]",us-gaap:CostOfGoodsAndServicesSold,Cost of Product and Service Sold,http://xbrl.org/int/dim/arcrole/domain-member,1,,,http://www.cat.com/role/SegmentinformationReconciliationsofconsolidatedprofitbeforetaxesDetails,cat-20251231_def.xml
X-CAT-0561,CAT,Caterpillar Inc.,bounded_extension,definition,us-gaap:SegmentReportingInformationRevenueAbstract,"Segment Reporting Information, Revenue for Reportable Segment [Abstract]",us-gaap:DefinedBenefitPlanNetPeriodicBenefitCost,"Defined Benefit Plan, Net Periodic Benefit Cost (Credit)",http://xbrl.org/int/dim/arcrole/domain-member,2,,,http://www.cat.com/role/SegmentinformationReconciliationsofconsolidatedprofitbeforetaxesDetails,cat-20251231_def.xml
X-CAT-0562,CAT,Caterpillar Inc.,bounded_extension,definition,us-gaap:SegmentReportingInformationRevenueAbstract,"Segment Reporting Information, Revenue for Reportable Segment [Abstract]",us-gaap:AdjustmentsToAdditionalPaidInCapitalShareBasedCompensationStockOptionsRequisiteServicePeriodRecognition,"APIC, Share-Based Payment Arrangement, Option, Increase for Cost Recognition",http://xbrl.org/int/dim/arcrole/domain-member,3,,,http://www.cat.com/role/SegmentinformationReconciliationsofconsolidatedprofitbeforetaxesDetails,cat-20251231_def.xml
X-CAT-0563,CAT,Caterpillar Inc.,bounded_extension,definition,us-gaap:SegmentReportingInformationRevenueAbstract,"Segment Reporting Information, Revenue for Reportable Segment [Abstract]",cat:FinancingCosts,,http://xbrl.org/int/dim/arcrole/domain-member,4,,,http://www.cat.com/role/SegmentinformationReconciliationsofconsolidatedprofitbeforetaxesDetails,cat-20251231_def.xml
X-CAT-0564,CAT,Caterpillar Inc.,bounded_extension,definition,us-gaap:SegmentReportingInformationRevenueAbstract,"Segment Reporting Information, Revenue for Reportable Segment [Abstract]",cat:CurrencyGainLoss,,http://xbrl.org/int/dim/arcrole/domain-member,5,,,http://www.cat.com/role/SegmentinformationReconciliationsofconsolidatedprofitbeforetaxesDetails,cat-20251231_def.xml
X-CAT-0565,CAT,Caterpillar Inc.,bounded_extension,definition,us-gaap:SegmentReportingInformationRevenueAbstract,"Segment Reporting Information, Revenue for Reportable Segment [Abstract]",us-gaap:GoodwillImpairmentLoss,"Goodwill, Impairment Loss",http://xbrl.org/int/dim/arcrole/domain-member,6,,,http://www.cat.com/role/SegmentinformationReconciliationsofconsolidatedprofitbeforetaxesDetails,cat-20251231_def.xml
X-CAT-0566,CAT,Caterpillar Inc.,bounded_extension,definition,us-gaap:SegmentReportingInformationRevenueAbstract,"Segment Reporting Information, Revenue for Reportable Segment [Abstract]",cat:OtherNonoperatingIncomeExpenseAdjusted,,http://xbrl.org/int/dim/arcrole/domain-member,7,,,http://www.cat.com/role/SegmentinformationReconciliationsofconsolidatedprofitbeforetaxesDetails,cat-20251231_def.xml
X-CAT-0567,CAT,Caterpillar Inc.,bounded_extension,definition,us-gaap:SegmentReportingInformationRevenueAbstract,"Segment Reporting Information, Revenue for Reportable Segment [Abstract]",cat:OtherMethodologyDifferences,,http://xbrl.org/int/dim/arcrole/domain-member,8,,,http://www.cat.com/role/SegmentinformationReconciliationsofconsolidatedprofitbeforetaxesDetails,cat-20251231_def.xml
X-CAT-0568,CAT,Caterpillar Inc.,bounded_extension,definition,us-gaap:SegmentReportingAssetReconcilingItemLineItems,"Segment Reporting, Asset Reconciling Item [Line Items]",cat:InventoryMethodologyDifference,,http://xbrl.org/int/dim/arcrole/domain-member,2,,,http://www.cat.com/role/SegmentinformationReconciliationofassetsDetails,cat-20251231_def.xml
X-CAT-0569,CAT,Caterpillar Inc.,bounded_extension,definition,us-gaap:SegmentReportingInformationLineItems,Segment Reporting Information [Line Items],us-gaap:Revenues,Revenues,http://xbrl.org/int/dim/arcrole/domain-member,0,,,http://www.cat.com/role/SegmentinformationInformationaboutgeographicareasDetails,cat-20251231_def.xml
X-CAT-0570,CAT,Caterpillar Inc.,bounded_extension,definition,us-gaap:RestructuringCostAndReserveLineItems,Restructuring Cost and Reserve [Line Items],us-gaap:ScheduleOfRestructuringAndRelatedCostsTable,Restructuring Cost [Table],http://xbrl.org/int/dim/arcrole/all,1,,,http://www.cat.com/role/RestructuringincomecostsRestructuringandrelatedcostsDetails,cat-20251231_def.xml
X-CAT-0571,CAT,Caterpillar Inc.,bounded_extension,definition,us-gaap:ScheduleOfRestructuringAndRelatedCostsTable,Restructuring Cost [Table],us-gaap:RestructuringCostAndReserveAxis,Restructuring Type [Axis],http://xbrl.org/int/dim/arcrole/hypercube-dimension,1,,,http://www.cat.com/role/RestructuringincomecostsRestructuringandrelatedcostsDetails,cat-20251231_def.xml
X-CAT-0572,CAT,Caterpillar Inc.,bounded_extension,definition,us-gaap:RestructuringCostAndReserveAxis,Restructuring Type [Axis],us-gaap:TypeOfRestructuringDomain,Type of Restructuring [Domain],http://xbrl.org/int/dim/arcrole/dimension-default,1,,,http://www.cat.com/role/RestructuringincomecostsRestructuringandrelatedcostsDetails,cat-20251231_def.xml
X-CAT-0573,CAT,Caterpillar Inc.,bounded_extension,definition,us-gaap:RestructuringCostAndReserveAxis,Restructuring Type [Axis],us-gaap:TypeOfRestructuringDomain,Type of Restructuring [Domain],http://xbrl.org/int/dim/arcrole/dimension-domain,1,,,http://www.cat.com/role/RestructuringincomecostsRestructuringandrelatedcostsDetails,cat-20251231_def.xml
X-CAT-0574,CAT,Caterpillar Inc.,bounded_extension,definition,us-gaap:RestructuringCostAndReserveLineItems,Restructuring Cost and Reserve [Line Items],us-gaap:RestructuringCharges,Restructuring Charges,http://xbrl.org/int/dim/arcrole/domain-member,0,,,http://www.cat.com/role/RestructuringincomecostsRestructuringandrelatedcostsDetails,cat-20251231_def.xml
X-PFE-0001,PFE,Pfizer Inc.,bounded_extension,presentation,us-gaap:StatementLineItems,Statement [Line Items],us-gaap:RevenueFromContractWithCustomerExcludingAssessedTax,"Revenue from Contract with Customer, Excluding Assessed Tax",http://www.xbrl.org/2003/arcrole/parent-child,1,,http://www.xbrl.org/2003/role/terseLabel,http://www.pfizer.com/role/ConsolidatedStatementsofOperations,pfe-20251231_pre.xml
X-PFE-0002,PFE,Pfizer Inc.,bounded_extension,presentation,us-gaap:StatementLineItems,Statement [Line Items],us-gaap:RevenueFromCollaborativeArrangementExcludingRevenueFromContractWithCustomer,"Revenue from Collaborative Arrangement, Excluding Revenue from Contract with Customer",http://www.xbrl.org/2003/arcrole/parent-child,2,,http://www.xbrl.org/2003/role/verboseLabel,http://www.pfizer.com/role/ConsolidatedStatementsofOperations,pfe-20251231_pre.xml
X-PFE-0003,PFE,Pfizer Inc.,bounded_extension,presentation,us-gaap:StatementLineItems,Statement [Line Items],us-gaap:Revenues,Revenues,http://www.xbrl.org/2003/arcrole/parent-child,3,,http://www.xbrl.org/2003/role/totalLabel,http://www.pfizer.com/role/ConsolidatedStatementsofOperations,pfe-20251231_pre.xml
X-PFE-0004,PFE,Pfizer Inc.,bounded_extension,presentation,us-gaap:CostsAndExpensesAbstract,Costs and Expenses [Abstract],us-gaap:CostOfGoodsAndServicesSold,Cost of Product and Service Sold,http://www.xbrl.org/2003/arcrole/parent-child,1,,http://www.xbrl.org/2003/role/terseLabel,http://www.pfizer.com/role/ConsolidatedStatementsofOperations,pfe-20251231_pre.xml
X-PFE-0005,PFE,Pfizer Inc.,bounded_extension,presentation,us-gaap:AssetsAbstract,Assets [Abstract],us-gaap:AccountsReceivableNetCurrent,"Accounts Receivable, after Allowance for Credit Loss, Current",http://www.xbrl.org/2003/arcrole/parent-child,3,,http://www.xbrl.org/2003/role/terseLabel,http://www.pfizer.com/role/ConsolidatedBalanceSheets,pfe-20251231_pre.xml
X-PFE-0006,PFE,Pfizer Inc.,bounded_extension,presentation,us-gaap:AssetsAbstract,Assets [Abstract],us-gaap:InventoryNet,"Inventory, Net",http://www.xbrl.org/2003/arcrole/parent-child,4,,http://www.xbrl.org/2003/role/terseLabel,http://www.pfizer.com/role/ConsolidatedBalanceSheets,pfe-20251231_pre.xml
X-PFE-0007,PFE,Pfizer Inc.,bounded_extension,presentation,us-gaap:LiabilitiesAndStockholdersEquityAbstract,Liabilities and Equity [Abstract],us-gaap:ContractWithCustomerLiabilityCurrent,"Contract with Customer, Liability, Current",http://www.xbrl.org/2003/arcrole/parent-child,6,,http://www.xbrl.org/2003/role/terseLabel,http://www.pfizer.com/role/ConsolidatedBalanceSheets,pfe-20251231_pre.xml
X-PFE-0008,PFE,Pfizer Inc.,bounded_extension,presentation,us-gaap:StatementOfFinancialPositionAbstract,Statement of Financial Position [Abstract],us-gaap:AllowanceForDoubtfulAccountsReceivableCurrent,"Accounts Receivable, Allowance for Credit Loss, Current",http://www.xbrl.org/2003/arcrole/parent-child,1,,http://www.xbrl.org/2003/role/terseLabel,http://www.pfizer.com/role/ConsolidatedBalanceSheetsParenthetical,pfe-20251231_pre.xml
X-PFE-0009,PFE,Pfizer Inc.,bounded_extension,presentation,us-gaap:AdjustmentsToReconcileNetIncomeLossToCashProvidedByUsedInOperatingActivitiesAbstract,Adjustment to Reconcile Net Income to Cash Provided by (Used in) Operating Activity [Abstract],us-gaap:InventoryWriteDown,Inventory Write-down,http://www.xbrl.org/2003/arcrole/parent-child,6,,http://www.xbrl.org/2003/role/verboseLabel,http://www.pfizer.com/role/ConsolidatedStatementsofCashFlows,pfe-20251231_pre.xml
X-PFE-0010,PFE,Pfizer Inc.,bounded_extension,presentation,us-gaap:IncreaseDecreaseInOperatingCapitalAbstract,"Adjustment to Reconcile Net Income to Cash Provided by (Used in) Operating Activity, Increase (Decrease) in Operating Capital [Abstract]",us-gaap:IncreaseDecreaseInAccountsReceivable,Increase (Decrease) in Accounts Receivable,http://www.xbrl.org/2003/arcrole/parent-child,1,,http://www.xbrl.org/2009/role/negatedLabel,http://www.pfizer.com/role/ConsolidatedStatementsofCashFlows,pfe-20251231_pre.xml
X-PFE-0011,PFE,Pfizer Inc.,bounded_extension,presentation,us-gaap:IncreaseDecreaseInOperatingCapitalAbstract,"Adjustment to Reconcile Net Income to Cash Provided by (Used in) Operating Activity, Increase (Decrease) in Operating Capital [Abstract]",us-gaap:IncreaseDecreaseInInventories,Increase (Decrease) in Inventories,http://www.xbrl.org/2003/arcrole/parent-child,2,,http://www.xbrl.org/2009/role/negatedTerseLabel,http://www.pfizer.com/role/ConsolidatedStatementsofCashFlows,pfe-20251231_pre.xml
X-PFE-0012,PFE,Pfizer Inc.,bounded_extension,presentation,us-gaap:OrganizationConsolidationAndPresentationOfFinancialStatementsAbstract,"Organization, Consolidation and Presentation of Financial Statements [Abstract]",us-gaap:RevenueFromContractWithCustomerPolicyTextBlock,Revenue from Contract with Customer [Policy Text Block],http://www.xbrl.org/2003/arcrole/parent-child,10,,http://www.xbrl.org/2003/role/terseLabel,http://www.pfizer.com/role/BasisofPresentationandSignificantAccountingPoliciesPolicies,pfe-20251231_pre.xml
X-PFE-0013,PFE,Pfizer Inc.,bounded_extension,presentation,us-gaap:OrganizationConsolidationAndPresentationOfFinancialStatementsAbstract,"Organization, Consolidation and Presentation of Financial Statements [Abstract]",us-gaap:ReceivablesPolicyTextBlock,Receivable [Policy Text Block],http://www.xbrl.org/2003/arcrole/parent-child,11,,http://www.xbrl.org/2003/role/terseLabel,http://www.pfizer.com/role/BasisofPresentationandSignificantAccountingPoliciesPolicies,pfe-20251231_pre.xml
X-PFE-0014,PFE,Pfizer Inc.,bounded_extension,presentation,us-gaap:OrganizationConsolidationAndPresentationOfFinancialStatementsAbstract,"Organization, Consolidation and Presentation of Financial Statements [Abstract]",us-gaap:InventoryPolicyTextBlock,"Inventory, Policy [Policy Text Block]",http://www.xbrl.org/2003/arcrole/parent-child,12,,http://www.xbrl.org/2003/role/terseLabel,http://www.pfizer.com/role/BasisofPresentationandSignificantAccountingPoliciesPolicies,pfe-20251231_pre.xml
X-PFE-0015,PFE,Pfizer Inc.,bounded_extension,presentation,us-gaap:RestructuringAndRelatedActivitiesAbstract,Restructuring and Related Activities [Abstract],us-gaap:ScheduleOfRestructuringReserveByTypeOfCostTextBlock,Schedule of Restructuring Reserve by Type of Cost [Table Text Block],http://www.xbrl.org/2003/arcrole/parent-child,2,,http://www.xbrl.org/2003/role/terseLabel,http://www.pfizer.com/role/RestructuringChargesandOtherCostsAssociatedwithAcquisitionsandCostReductionProductivityInitiativesTables,pfe-20251231_pre.xml
X-PFE-0016,PFE,Pfizer Inc.,bounded_extension,presentation,pfe:OtherFinancialInformationAbstract,,us-gaap:ScheduleOfInventoryCurrentTableTextBlock,"Schedule of Inventory, Current [Table Text Block]",http://www.xbrl.org/2003/arcrole/parent-child,1,,http://www.xbrl.org/2003/role/terseLabel,http://www.pfizer.com/role/OtherFinancialInformationTables,pfe-20251231_pre.xml
X-PFE-0017,PFE,Pfizer Inc.,bounded_extension,presentation,pfe:OtherFinancialInformationAbstract,,us-gaap:ScheduleOfInventoryNoncurrentTableTextBlock,"Schedule of Inventory, Noncurrent [Table Text Block]",http://www.xbrl.org/2003/arcrole/parent-child,2,,http://www.xbrl.org/2003/role/terseLabel,http://www.pfizer.com/role/OtherFinancialInformationTables,pfe-20251231_pre.xml
X-PFE-0018,PFE,Pfizer Inc.,bounded_extension,presentation,us-gaap:SegmentReportingAbstract,Segment Reporting [Abstract],us-gaap:RevenueFromExternalCustomersByGeographicAreasTableTextBlock,Revenue from External Customers by Geographic Areas [Table Text Block],http://www.xbrl.org/2003/arcrole/parent-child,2,,http://www.xbrl.org/2003/role/terseLabel,http://www.pfizer.com/role/SegmentGeographicandOtherRevenueInformationTables,pfe-20251231_pre.xml
X-PFE-0019,PFE,Pfizer Inc.,bounded_extension,presentation,us-gaap:SegmentReportingAbstract,Segment Reporting [Abstract],us-gaap:ScheduleOfEntityWideInformationRevenueFromExternalCustomersByProductsAndServicesTextBlock,Revenue from External Customers by Products and Services [Table Text Block],http://www.xbrl.org/2003/arcrole/parent-child,4,,http://www.xbrl.org/2003/role/terseLabel,http://www.pfizer.com/role/SegmentGeographicandOtherRevenueInformationTables,pfe-20251231_pre.xml
X-PFE-0020,PFE,Pfizer Inc.,bounded_extension,presentation,us-gaap:ConcentrationRiskBenchmarkDomain,Concentration Risk Benchmark [Domain],us-gaap:SalesRevenueProductLineMember,"Revenue, Product and Service Benchmark [Member]",http://www.xbrl.org/2003/arcrole/parent-child,1,,http://www.xbrl.org/2003/role/terseLabel,http://www.pfizer.com/role/BasisofPresentationandSignificantAccountingPoliciesNarrativeDetails,pfe-20251231_pre.xml
X-PFE-0021,PFE,Pfizer Inc.,bounded_extension,presentation,us-gaap:BalanceSheetLocationDomain,"Statement of Financial Position Location, Balance [Domain]",us-gaap:AccountsReceivableMember,Accounts Receivable [Member],http://www.xbrl.org/2003/arcrole/parent-child,1,,http://www.xbrl.org/2003/role/terseLabel,http://www.pfizer.com/role/BasisofPresentationandSignificantAccountingPoliciesAccruedRebatesandOtherAccrualsDetails,pfe-20251231_pre.xml
X-PFE-0022,PFE,Pfizer Inc.,bounded_extension,presentation,us-gaap:NonrecurringAdjustmentDomain,"Business Combination, Pro Forma Information, Nonrecurring Adjustment [Domain]",us-gaap:FairValueAdjustmentToInventoryMember,"Business Combination, Pro Forma Information, Nonrecurring Adjustment, Inventory, Fair Value Adjustment [Member]",http://www.xbrl.org/2003/arcrole/parent-child,2,,http://www.xbrl.org/2003/role/terseLabel,http://www.pfizer.com/role/AcquisitionsDivestituresEquityMethodInvestmentsCollaborativeArrangementsResearchandDevelopmentArrangementsandInLicensingArrangementsAcquisitionsDetails,pfe-20251231_pre.xml
X-PFE-0023,PFE,Pfizer Inc.,bounded_extension,presentation,us-gaap:BusinessAcquisitionLineItems,Business Combination [Line Items],us-gaap:BusinessCombinationAcquiredReceivablesGrossContractualAmount,"Business Combination, Acquired Receivable, Purchased without Credit Deterioration, Gross Contractual Amount",http://www.xbrl.org/2003/arcrole/parent-child,14,,http://www.xbrl.org/2003/role/terseLabel,http://www.pfizer.com/role/AcquisitionsDivestituresEquityMethodInvestmentsCollaborativeArrangementsResearchandDevelopmentArrangementsandInLicensingArrangementsAcquisitionsDetails,pfe-20251231_pre.xml
X-PFE-0024,PFE,Pfizer Inc.,bounded_extension,presentation,us-gaap:BusinessAcquisitionLineItems,Business Combination [Line Items],pfe:BusinessCombinationRecognizedIdentifiableAssetsAcquiredAndLiabilitiesAssumedWorkingCapitalExcludingInventories,,http://www.xbrl.org/2003/arcrole/parent-child,1,,http://www.xbrl.org/2003/role/terseLabel,http://www.pfizer.com/role/AcquisitionsDivestituresEquityMethodInvestmentsCollaborativeArrangementsResearchandDevelopmentArrangementsandInLicensingArrangementsPurchasePriceAllocationDetails,pfe-20251231_pre.xml
X-PFE-0025,PFE,Pfizer Inc.,bounded_extension,presentation,us-gaap:BusinessAcquisitionLineItems,Business Combination [Line Items],us-gaap:BusinessCombinationRecognizedIdentifiableAssetsAcquiredAndLiabilitiesAssumedInventory,"Business Combination, Recognized Asset Acquired, Inventory, Current",http://www.xbrl.org/2003/arcrole/parent-child,2,,http://www.xbrl.org/2003/role/verboseLabel,http://www.pfizer.com/role/AcquisitionsDivestituresEquityMethodInvestmentsCollaborativeArrangementsResearchandDevelopmentArrangementsandInLicensingArrangementsPurchasePriceAllocationDetails,pfe-20251231_pre.xml
X-PFE-0026,PFE,Pfizer Inc.,bounded_extension,presentation,us-gaap:BusinessAcquisitionLineItems,Business Combination [Line Items],pfe:BusinessCombinationRecognizedIdentifiableAssetsAcquiredAndLiabilitiesAssumedInventoryCurrent,,http://www.xbrl.org/2003/arcrole/parent-child,1,,http://www.xbrl.org/2003/role/terseLabel,http://www.pfizer.com/role/AcquisitionsDivestituresEquityMethodInvestmentsCollaborativeArrangementsResearchandDevelopmentArrangementsandInLicensingArrangementsPurchasePriceAllocationFootnotesDetails,pfe-20251231_pre.xml
X-PFE-0027,PFE,Pfizer Inc.,bounded_extension,presentation,us-gaap:BusinessAcquisitionLineItems,Business Combination [Line Items],pfe:BusinessCombinationRecognizedIdentifiableAssetsAcquiredAndLiabilitiesAssumedInventoryNoncurrent,,http://www.xbrl.org/2003/arcrole/parent-child,2,,http://www.xbrl.org/2003/role/terseLabel,http://www.pfizer.com/role/AcquisitionsDivestituresEquityMethodInvestmentsCollaborativeArrangementsResearchandDevelopmentArrangementsandInLicensingArrangementsPurchasePriceAllocationFootnotesDetails,pfe-20251231_pre.xml
X-PFE-0028,PFE,Pfizer Inc.,bounded_extension,presentation,us-gaap:BusinessAcquisitionLineItems,Business Combination [Line Items],us-gaap:BusinessCombinationProFormaInformationRevenueOfAcquireeSinceAcquisitionDateActual,"Business Combination, Acquiree's Revenue since Acquisition Date, Actual",http://www.xbrl.org/2003/arcrole/parent-child,1,,http://www.xbrl.org/2003/role/terseLabel,http://www.pfizer.com/role/AcquisitionsDivestituresEquityMethodInvestmentsCollaborativeArrangementsResearchandDevelopmentArrangementsandInLicensingArrangementsProFormaInformationDetails,pfe-20251231_pre.xml
X-PFE-0029,PFE,Pfizer Inc.,bounded_extension,presentation,us-gaap:BusinessAcquisitionLineItems,Business Combination [Line Items],us-gaap:BusinessAcquisitionsProFormaRevenue,"Business Combination, Pro Forma Information, Pro Forma Revenue",http://www.xbrl.org/2003/arcrole/parent-child,3,,http://www.xbrl.org/2003/role/terseLabel,http://www.pfizer.com/role/AcquisitionsDivestituresEquityMethodInvestmentsCollaborativeArrangementsResearchandDevelopmentArrangementsandInLicensingArrangementsProFormaInformationDetails,pfe-20251231_pre.xml
X-PFE-0030,PFE,Pfizer Inc.,bounded_extension,presentation,us-gaap:NonrecurringAdjustmentDomain,"Business Combination, Pro Forma Information, Nonrecurring Adjustment [Domain]",us-gaap:FairValueAdjustmentToInventoryMember,"Business Combination, Pro Forma Information, Nonrecurring Adjustment, Inventory, Fair Value Adjustment [Member]",http://www.xbrl.org/2003/arcrole/parent-child,2,,http://www.xbrl.org/2003/role/terseLabel,http://www.pfizer.com/role/AcquisitionsDivestituresEquityMethodInvestmentsCollaborativeArrangementsResearchandDevelopmentArrangementsandInLicensingArrangementsProFormaInformationFootnotesDetails,pfe-20251231_pre.xml
X-PFE-0031,PFE,Pfizer Inc.,bounded_extension,presentation,us-gaap:EquityMethodInvestmentSummarizedFinancialInformationAbstract,"Equity Method Investment, Summarized Financial Information [Abstract]",us-gaap:Revenues,Revenues,http://www.xbrl.org/2003/arcrole/parent-child,1,,http://www.xbrl.org/2003/role/verboseLabel,http://www.pfizer.com/role/AcquisitionsDivestituresEquityMethodInvestmentsCollaborativeArrangementsResearchandDevelopmentArrangementsandInLicensingArrangementsSummarizedFinancialInformationofEquityMethodInvesteeDetails,pfe-20251231_pre.xml
X-PFE-0032,PFE,Pfizer Inc.,bounded_extension,presentation,us-gaap:EquityMethodInvestmentSummarizedFinancialInformationAbstract,"Equity Method Investment, Summarized Financial Information [Abstract]",us-gaap:CostOfRevenue,Cost of Revenue,http://www.xbrl.org/2003/arcrole/parent-child,2,,http://www.xbrl.org/2009/role/negatedTerseLabel,http://www.pfizer.com/role/AcquisitionsDivestituresEquityMethodInvestmentsCollaborativeArrangementsResearchandDevelopmentArrangementsandInLicensingArrangementsSummarizedFinancialInformationofEquityMethodInvesteeDetails,pfe-20251231_pre.xml
X-PFE-0033,PFE,Pfizer Inc.,bounded_extension,presentation,us-gaap:EquityMethodInvestmentSummarizedFinancialInformationAbstract,"Equity Method Investment, Summarized Financial Information [Abstract]",us-gaap:GrossProfit,Gross Profit,http://www.xbrl.org/2003/arcrole/parent-child,3,,http://www.xbrl.org/2003/role/totalLabel,http://www.pfizer.com/role/AcquisitionsDivestituresEquityMethodInvestmentsCollaborativeArrangementsResearchandDevelopmentArrangementsandInLicensingArrangementsSummarizedFinancialInformationofEquityMethodInvesteeDetails,pfe-20251231_pre.xml
X-PFE-0034,PFE,Pfizer Inc.,bounded_extension,presentation,us-gaap:CollaborativeArrangementsAndNoncollaborativeArrangementTransactionsLineItems,Collaborative Arrangement and Arrangement Other than Collaborative [Line Items],us-gaap:RevenueFromContractWithCustomerExcludingAssessedTax,"Revenue from Contract with Customer, Excluding Assessed Tax",http://www.xbrl.org/2003/arcrole/parent-child,1,,http://www.xbrl.org/2003/role/verboseLabel,http://www.pfizer.com/role/AcquisitionsDivestituresEquityMethodInvestmentsCollaborativeArrangementsResearchandDevelopmentArrangementsandInLicensingArrangementsScheduleofCollaborativeArrangementsandNoncollaborativeArrangementTransactionsDetails,pfe-20251231_pre.xml
X-PFE-0035,PFE,Pfizer Inc.,bounded_extension,presentation,us-gaap:CollaborativeArrangementsAndNoncollaborativeArrangementTransactionsLineItems,Collaborative Arrangement and Arrangement Other than Collaborative [Line Items],us-gaap:RevenueFromCollaborativeArrangementExcludingRevenueFromContractWithCustomer,"Revenue from Collaborative Arrangement, Excluding Revenue from Contract with Customer",http://www.xbrl.org/2003/arcrole/parent-child,2,,http://www.xbrl.org/2003/role/terseLabel,http://www.pfizer.com/role/AcquisitionsDivestituresEquityMethodInvestmentsCollaborativeArrangementsResearchandDevelopmentArrangementsandInLicensingArrangementsScheduleofCollaborativeArrangementsandNoncollaborativeArrangementTransactionsDetails,pfe-20251231_pre.xml
X-PFE-0036,PFE,Pfizer Inc.,bounded_extension,presentation,us-gaap:CollaborativeArrangementsAndNoncollaborativeArrangementTransactionsLineItems,Collaborative Arrangement and Arrangement Other than Collaborative [Line Items],us-gaap:Revenues,Revenues,http://www.xbrl.org/2003/arcrole/parent-child,3,,http://www.xbrl.org/2003/role/terseLabel,http://www.pfizer.com/role/AcquisitionsDivestituresEquityMethodInvestmentsCollaborativeArrangementsResearchandDevelopmentArrangementsandInLicensingArrangementsScheduleofCollaborativeArrangementsandNoncollaborativeArrangementTransactionsDetails,pfe-20251231_pre.xml
X-PFE-0037,PFE,Pfizer Inc.,bounded_extension,presentation,us-gaap:CollaborativeArrangementsAndNoncollaborativeArrangementTransactionsLineItems,Collaborative Arrangement and Arrangement Other than Collaborative [Line Items],us-gaap:CostOfGoodsAndServicesSold,Cost of Product and Service Sold,http://www.xbrl.org/2003/arcrole/parent-child,4,,http://www.xbrl.org/2009/role/negatedLabel,http://www.pfizer.com/role/AcquisitionsDivestituresEquityMethodInvestmentsCollaborativeArrangementsResearchandDevelopmentArrangementsandInLicensingArrangementsScheduleofCollaborativeArrangementsandNoncollaborativeArrangementTransactionsDetails,pfe-20251231_pre.xml
X-PFE-0038,PFE,Pfizer Inc.,bounded_extension,presentation,us-gaap:ScheduleOfRestructuringAndRelatedCostsTable,Restructuring Cost [Table],us-gaap:RestructuringCostAndReserveAxis,Restructuring Type [Axis],http://www.xbrl.org/2003/arcrole/parent-child,3,,http://www.xbrl.org/2003/role/terseLabel,http://www.pfizer.com/role/RestructuringChargesandOtherCostsAssociatedwithAcquisitionsandCostReductionProductivityInitiativesNarrativeDetail,pfe-20251231_pre.xml
X-PFE-0039,PFE,Pfizer Inc.,bounded_extension,presentation,us-gaap:RestructuringCostAndReserveAxis,Restructuring Type [Axis],us-gaap:TypeOfRestructuringDomain,Type of Restructuring [Domain],http://www.xbrl.org/2003/arcrole/parent-child,1,,http://www.xbrl.org/2003/role/terseLabel,http://www.pfizer.com/role/RestructuringChargesandOtherCostsAssociatedwithAcquisitionsandCostReductionProductivityInitiativesNarrativeDetail,pfe-20251231_pre.xml
X-PFE-0040,PFE,Pfizer Inc.,bounded_extension,presentation,us-gaap:ScheduleOfRestructuringAndRelatedCostsTable,Restructuring Cost [Table],us-gaap:RestructuringCostAndReserveLineItems,Restructuring Cost and Reserve [Line Items],http://www.xbrl.org/2003/arcrole/parent-child,4,,http://www.xbrl.org/2003/role/terseLabel,http://www.pfizer.com/role/RestructuringChargesandOtherCostsAssociatedwithAcquisitionsandCostReductionProductivityInitiativesNarrativeDetail,pfe-20251231_pre.xml
X-PFE-0041,PFE,Pfizer Inc.,bounded_extension,presentation,us-gaap:RestructuringCostAndReserveLineItems,Restructuring Cost and Reserve [Line Items],us-gaap:RestructuringAndRelatedCostExpectedCost1,"Restructuring and Related Cost, Expected Cost",http://www.xbrl.org/2003/arcrole/parent-child,1,,http://www.xbrl.org/2003/role/terseLabel,http://www.pfizer.com/role/RestructuringChargesandOtherCostsAssociatedwithAcquisitionsandCostReductionProductivityInitiativesNarrativeDetail,pfe-20251231_pre.xml
X-PFE-0042,PFE,Pfizer Inc.,bounded_extension,presentation,us-gaap:RestructuringCostAndReserveLineItems,Restructuring Cost and Reserve [Line Items],us-gaap:RestructuringAndRelatedCostCostIncurredToDate1,"Restructuring and Related Cost, Cost Incurred to Date",http://www.xbrl.org/2003/arcrole/parent-child,2,,http://www.xbrl.org/2003/role/terseLabel,http://www.pfizer.com/role/RestructuringChargesandOtherCostsAssociatedwithAcquisitionsandCostReductionProductivityInitiativesNarrativeDetail,pfe-20251231_pre.xml
X-PFE-0043,PFE,Pfizer Inc.,bounded_extension,presentation,us-gaap:RestructuringCostAndReserveLineItems,Restructuring Cost and Reserve [Line Items],us-gaap:RestructuringCharges,Restructuring Charges,http://www.xbrl.org/2003/arcrole/parent-child,3,,http://www.xbrl.org/2003/role/terseLabel,http://www.pfizer.com/role/RestructuringChargesandOtherCostsAssociatedwithAcquisitionsandCostReductionProductivityInitiativesNarrativeDetail,pfe-20251231_pre.xml
X-PFE-0044,PFE,Pfizer Inc.,bounded_extension,presentation,us-gaap:IncomeStatementLocationDomain,"Statement of Income Location, Balance [Domain]",us-gaap:CostOfSalesMember,Cost of Sales [Member],http://www.xbrl.org/2003/arcrole/parent-child,2,,http://www.xbrl.org/2003/role/terseLabel,http://www.pfizer.com/role/RestructuringChargesandOtherCostsAssociatedwithAcquisitionsandCostReductionProductivityInitiativesCostsDetail,pfe-20251231_pre.xml
X-PFE-0045,PFE,Pfizer Inc.,bounded_extension,presentation,us-gaap:ScheduleOfRestructuringAndRelatedCostsTable,Restructuring Cost [Table],us-gaap:RestructuringCostAndReserveLineItems,Restructuring Cost and Reserve [Line Items],http://www.xbrl.org/2003/arcrole/parent-child,2,,http://www.xbrl.org/2003/role/terseLabel,http://www.pfizer.com/role/RestructuringChargesandOtherCostsAssociatedwithAcquisitionsandCostReductionProductivityInitiativesCostsDetail,pfe-20251231_pre.xml
X-PFE-0046,PFE,Pfizer Inc.,bounded_extension,presentation,us-gaap:RestructuringCostAndReserveLineItems,Restructuring Cost and Reserve [Line Items],us-gaap:RestructuringChargesAbstract,Restructuring Charges [Abstract],http://www.xbrl.org/2003/arcrole/parent-child,1,,http://www.xbrl.org/2003/role/terseLabel,http://www.pfizer.com/role/RestructuringChargesandOtherCostsAssociatedwithAcquisitionsandCostReductionProductivityInitiativesCostsDetail,pfe-20251231_pre.xml
X-PFE-0047,PFE,Pfizer Inc.,bounded_extension,presentation,us-gaap:RestructuringCostAndReserveLineItems,Restructuring Cost and Reserve [Line Items],pfe:BusinessCombinationAcquisitionRelatedCostsTransactionCosts,,http://www.xbrl.org/2003/arcrole/parent-child,2,,http://www.xbrl.org/2003/role/terseLabel,http://www.pfizer.com/role/RestructuringChargesandOtherCostsAssociatedwithAcquisitionsandCostReductionProductivityInitiativesCostsDetail,pfe-20251231_pre.xml
X-PFE-0048,PFE,Pfizer Inc.,bounded_extension,presentation,us-gaap:RestructuringCostAndReserveLineItems,Restructuring Cost and Reserve [Line Items],us-gaap:BusinessCombinationIntegrationRelatedCosts,"Business Combination, Integration-Related Cost, Expense",http://www.xbrl.org/2003/arcrole/parent-child,3,,http://www.xbrl.org/2003/role/terseLabel,http://www.pfizer.com/role/RestructuringChargesandOtherCostsAssociatedwithAcquisitionsandCostReductionProductivityInitiativesCostsDetail,pfe-20251231_pre.xml
X-PFE-0049,PFE,Pfizer Inc.,bounded_extension,presentation,us-gaap:RestructuringCostAndReserveLineItems,Restructuring Cost and Reserve [Line Items],pfe:RestructuringChargesAndAcquisitionRelatedCosts,,http://www.xbrl.org/2003/arcrole/parent-child,4,,http://www.xbrl.org/2003/role/totalLabel,http://www.pfizer.com/role/RestructuringChargesandOtherCostsAssociatedwithAcquisitionsandCostReductionProductivityInitiativesCostsDetail,pfe-20251231_pre.xml
X-PFE-0050,PFE,Pfizer Inc.,bounded_extension,presentation,us-gaap:RestructuringCostAndReserveLineItems,Restructuring Cost and Reserve [Line Items],us-gaap:DefinedBenefitPlanNetPeriodicBenefitCost,"Defined Benefit Plan, Net Periodic Benefit Cost (Credit)",http://www.xbrl.org/2003/arcrole/parent-child,5,,http://www.xbrl.org/2003/role/terseLabel,http://www.pfizer.com/role/RestructuringChargesandOtherCostsAssociatedwithAcquisitionsandCostReductionProductivityInitiativesCostsDetail,pfe-20251231_pre.xml
X-PFE-0051,PFE,Pfizer Inc.,bounded_extension,presentation,us-gaap:RestructuringCostAndReserveLineItems,Restructuring Cost and Reserve [Line Items],us-gaap:InventoryWriteDown,Inventory Write-down,http://www.xbrl.org/2003/arcrole/parent-child,6,,http://www.xbrl.org/2003/role/terseLabel,http://www.pfizer.com/role/RestructuringChargesandOtherCostsAssociatedwithAcquisitionsandCostReductionProductivityInitiativesCostsDetail,pfe-20251231_pre.xml
X-PFE-0052,PFE,Pfizer Inc.,bounded_extension,presentation,us-gaap:RestructuringCostAndReserveLineItems,Restructuring Cost and Reserve [Line Items],us-gaap:RestructuringReserveAcceleratedDepreciation,"Restructuring and Related Cost, Accelerated Depreciation",http://www.xbrl.org/2003/arcrole/parent-child,7,,http://www.xbrl.org/2003/role/terseLabel,http://www.pfizer.com/role/RestructuringChargesandOtherCostsAssociatedwithAcquisitionsandCostReductionProductivityInitiativesCostsDetail,pfe-20251231_pre.xml
X-PFE-0053,PFE,Pfizer Inc.,bounded_extension,presentation,us-gaap:RestructuringCostAndReserveLineItems,Restructuring Cost and Reserve [Line Items],pfe:ImplementationCostAbstract,,http://www.xbrl.org/2003/arcrole/parent-child,8,,http://www.xbrl.org/2003/role/terseLabel,http://www.pfizer.com/role/RestructuringChargesandOtherCostsAssociatedwithAcquisitionsandCostReductionProductivityInitiativesCostsDetail,pfe-20251231_pre.xml
X-PFE-0054,PFE,Pfizer Inc.,bounded_extension,presentation,us-gaap:RestructuringCostAndReserveLineItems,Restructuring Cost and Reserve [Line Items],pfe:RestructuringChargesAcquisitionRelatedCostsandImplementationCosts,,http://www.xbrl.org/2003/arcrole/parent-child,9,,http://www.xbrl.org/2003/role/totalLabel,http://www.pfizer.com/role/RestructuringChargesandOtherCostsAssociatedwithAcquisitionsandCostReductionProductivityInitiativesCostsDetail,pfe-20251231_pre.xml
X-PFE-0055,PFE,Pfizer Inc.,bounded_extension,presentation,us-gaap:ScheduleOfRestructuringAndRelatedCostsTable,Restructuring Cost [Table],us-gaap:RestructuringCostAndReserveLineItems,Restructuring Cost and Reserve [Line Items],http://www.xbrl.org/2003/arcrole/parent-child,5,,http://www.xbrl.org/2003/role/terseLabel,http://www.pfizer.com/role/RestructuringChargesandOtherCostsAssociatedwithAcquisitionsandCostReductionProductivityInitiativesCostsFootnotesDetail,pfe-20251231_pre.xml
X-PFE-0056,PFE,Pfizer Inc.,bounded_extension,presentation,us-gaap:RestructuringCostAndReserveLineItems,Restructuring Cost and Reserve [Line Items],us-gaap:RestructuringCharges,Restructuring Charges,http://www.xbrl.org/2003/arcrole/parent-child,1,,http://www.xbrl.org/2003/role/terseLabel,http://www.pfizer.com/role/RestructuringChargesandOtherCostsAssociatedwithAcquisitionsandCostReductionProductivityInitiativesCostsFootnotesDetail,pfe-20251231_pre.xml
X-PFE-0057,PFE,Pfizer Inc.,bounded_extension,presentation,us-gaap:RestructuringCostAndReserveLineItems,Restructuring Cost and Reserve [Line Items],us-gaap:BusinessCombinationSeparatelyRecognizedTransactionsExpensesAndLossesRecognized,"Business Combination, Separately Recognized Transactions, Expenses and Losses Recognized",http://www.xbrl.org/2003/arcrole/parent-child,2,,http://www.xbrl.org/2003/role/terseLabel,http://www.pfizer.com/role/RestructuringChargesandOtherCostsAssociatedwithAcquisitionsandCostReductionProductivityInitiativesCostsFootnotesDetail,pfe-20251231_pre.xml
X-PFE-0058,PFE,Pfizer Inc.,bounded_extension,presentation,us-gaap:ScheduleOfRestructuringAndRelatedCostsTable,Restructuring Cost [Table],us-gaap:RestructuringCostAndReserveAxis,Restructuring Type [Axis],http://www.xbrl.org/2003/arcrole/parent-child,1,,http://www.xbrl.org/2003/role/terseLabel,http://www.pfizer.com/role/RestructuringChargesandOtherCostsAssociatedwithAcquisitionsandCostReductionProductivityInitiativesRestructuringAccrualsDetail,pfe-20251231_pre.xml
X-PFE-0059,PFE,Pfizer Inc.,bounded_extension,presentation,us-gaap:RestructuringCostAndReserveAxis,Restructuring Type [Axis],us-gaap:TypeOfRestructuringDomain,Type of Restructuring [Domain],http://www.xbrl.org/2003/arcrole/parent-child,1,,http://www.xbrl.org/2003/role/terseLabel,http://www.pfizer.com/role/RestructuringChargesandOtherCostsAssociatedwithAcquisitionsandCostReductionProductivityInitiativesRestructuringAccrualsDetail,pfe-20251231_pre.xml
X-PFE-0060,PFE,Pfizer Inc.,bounded_extension,presentation,us-gaap:ScheduleOfRestructuringAndRelatedCostsTable,Restructuring Cost [Table],us-gaap:RestructuringCostAndReserveLineItems,Restructuring Cost and Reserve [Line Items],http://www.xbrl.org/2003/arcrole/parent-child,2,,http://www.xbrl.org/2003/role/terseLabel,http://www.pfizer.com/role/RestructuringChargesandOtherCostsAssociatedwithAcquisitionsandCostReductionProductivityInitiativesRestructuringAccrualsDetail,pfe-20251231_pre.xml
X-PFE-0061,PFE,Pfizer Inc.,bounded_extension,presentation,us-gaap:RestructuringCostAndReserveLineItems,Restructuring Cost and Reserve [Line Items],us-gaap:RestructuringReserveRollForward,Restructuring Reserve [Roll Forward],http://www.xbrl.org/2003/arcrole/parent-child,1,,http://www.xbrl.org/2003/role/terseLabel,http://www.pfizer.com/role/RestructuringChargesandOtherCostsAssociatedwithAcquisitionsandCostReductionProductivityInitiativesRestructuringAccrualsDetail,pfe-20251231_pre.xml
X-PFE-0062,PFE,Pfizer Inc.,bounded_extension,presentation,us-gaap:RestructuringReserveRollForward,Restructuring Reserve [Roll Forward],us-gaap:RestructuringReserve,Restructuring Reserve,http://www.xbrl.org/2003/arcrole/parent-child,1,,http://www.xbrl.org/2003/role/periodStartLabel,http://www.pfizer.com/role/RestructuringChargesandOtherCostsAssociatedwithAcquisitionsandCostReductionProductivityInitiativesRestructuringAccrualsDetail,pfe-20251231_pre.xml
X-PFE-0063,PFE,Pfizer Inc.,bounded_extension,presentation,us-gaap:RestructuringReserveRollForward,Restructuring Reserve [Roll Forward],us-gaap:RestructuringCharges,Restructuring Charges,http://www.xbrl.org/2003/arcrole/parent-child,2,,http://www.xbrl.org/2003/role/verboseLabel,http://www.pfizer.com/role/RestructuringChargesandOtherCostsAssociatedwithAcquisitionsandCostReductionProductivityInitiativesRestructuringAccrualsDetail,pfe-20251231_pre.xml
X-PFE-0064,PFE,Pfizer Inc.,bounded_extension,presentation,us-gaap:RestructuringReserveRollForward,Restructuring Reserve [Roll Forward],pfe:PaymentsforRestructuringOtherRestructuringAndRestructuringTranslationAdjustment,,http://www.xbrl.org/2003/arcrole/parent-child,3,,http://www.xbrl.org/2009/role/negatedLabel,http://www.pfizer.com/role/RestructuringChargesandOtherCostsAssociatedwithAcquisitionsandCostReductionProductivityInitiativesRestructuringAccrualsDetail,pfe-20251231_pre.xml
X-PFE-0065,PFE,Pfizer Inc.,bounded_extension,presentation,us-gaap:RestructuringReserveRollForward,Restructuring Reserve [Roll Forward],us-gaap:RestructuringReserve,Restructuring Reserve,http://www.xbrl.org/2003/arcrole/parent-child,4,,http://www.xbrl.org/2003/role/periodEndLabel,http://www.pfizer.com/role/RestructuringChargesandOtherCostsAssociatedwithAcquisitionsandCostReductionProductivityInitiativesRestructuringAccrualsDetail,pfe-20251231_pre.xml
X-PFE-0066,PFE,Pfizer Inc.,bounded_extension,presentation,us-gaap:ScheduleOfRestructuringAndRelatedCostsTable,Restructuring Cost [Table],us-gaap:RestructuringCostAndReserveLineItems,Restructuring Cost and Reserve [Line Items],http://www.xbrl.org/2003/arcrole/parent-child,2,,http://www.xbrl.org/2003/role/terseLabel,http://www.pfizer.com/role/RestructuringChargesandOtherCostsAssociatedwithAcquisitionsandCostReductionProductivityInitiativesRestructuringAccrualsFootnotesDetail,pfe-20251231_pre.xml
X-PFE-0067,PFE,Pfizer Inc.,bounded_extension,presentation,us-gaap:RestructuringCostAndReserveLineItems,Restructuring Cost and Reserve [Line Items],us-gaap:RestructuringReserve,Restructuring Reserve,http://www.xbrl.org/2003/arcrole/parent-child,1,,http://www.xbrl.org/2003/role/terseLabel,http://www.pfizer.com/role/RestructuringChargesandOtherCostsAssociatedwithAcquisitionsandCostReductionProductivityInitiativesRestructuringAccrualsFootnotesDetail,pfe-20251231_pre.xml
X-PFE-0068,PFE,Pfizer Inc.,bounded_extension,presentation,us-gaap:OtherIncomeAndExpensesAbstract,Other Income and Expenses [Abstract],us-gaap:InterestRevenueExpenseNet,"Interest Income (Expense), Operating and Nonoperating",http://www.xbrl.org/2003/arcrole/parent-child,3,,http://www.xbrl.org/2009/role/negatedTotalLabel,http://www.pfizer.com/role/OtherIncomeDeductionsNetScheduleofOtherNonoperatingIncomeExpenseDetails,pfe-20251231_pre.xml
X-PFE-0069,PFE,Pfizer Inc.,bounded_extension,presentation,us-gaap:ComponentsOfDeferredTaxAssetsAbstract,Components of Deferred Tax Assets [Abstract],pfe:DeferredTaxAssetsTaxDeferredExpenseReservesAndAccrualsAccruedRoyalties,,http://www.xbrl.org/2003/arcrole/parent-child,2,,http://www.xbrl.org/2003/role/terseLabel,http://www.pfizer.com/role/TaxMattersDeferredTaxesDetails,pfe-20251231_pre.xml
X-PFE-0070,PFE,Pfizer Inc.,bounded_extension,presentation,us-gaap:ComponentsOfDeferredTaxAssetsAbstract,Components of Deferred Tax Assets [Abstract],us-gaap:DeferredTaxAssetsInventory,"Deferred Tax Assets, Inventory",http://www.xbrl.org/2003/arcrole/parent-child,3,,http://www.xbrl.org/2003/role/terseLabel,http://www.pfizer.com/role/TaxMattersDeferredTaxesDetails,pfe-20251231_pre.xml
X-PFE-0071,PFE,Pfizer Inc.,bounded_extension,presentation,us-gaap:ComponentsOfDeferredTaxAssetsAbstract,Components of Deferred Tax Assets [Abstract],us-gaap:DeferredTaxAssetsTaxDeferredExpenseReservesAndAccrualsRestructuringCharges,"Deferred Tax Assets, Tax Deferred Expense, Reserves and Accruals, Restructuring Charges",http://www.xbrl.org/2003/arcrole/parent-child,7,,http://www.xbrl.org/2003/role/terseLabel,http://www.pfizer.com/role/TaxMattersDeferredTaxesDetails,pfe-20251231_pre.xml
X-PFE-0072,PFE,Pfizer Inc.,bounded_extension,presentation,us-gaap:ComponentsOfDeferredTaxAssetsAbstract,Components of Deferred Tax Assets [Abstract],pfe:DeferredTaxAssetsTaxDeferredExpenseReservesandAccrualsLegalandProductLiabilityReserves,,http://www.xbrl.org/2003/arcrole/parent-child,8,,http://www.xbrl.org/2003/role/terseLabel,http://www.pfizer.com/role/TaxMattersDeferredTaxesDetails,pfe-20251231_pre.xml
X-PFE-0073,PFE,Pfizer Inc.,bounded_extension,presentation,us-gaap:ComponentsOfDeferredTaxLiabilitiesAbstract,Components of Deferred Tax Liabilities [Abstract],us-gaap:DeferredTaxLiabilitiesDeferredExpenseCapitalizedInventoryCosts,"Deferred Tax Liabilities, Inventory",http://www.xbrl.org/2003/arcrole/parent-child,2,,http://www.xbrl.org/2009/role/negatedLabel,http://www.pfizer.com/role/TaxMattersDeferredTaxesDetails,pfe-20251231_pre.xml
X-PFE-0074,PFE,Pfizer Inc.,bounded_extension,presentation,us-gaap:IncomeStatementLocationDomain,"Statement of Income Location, Balance [Domain]",us-gaap:CostOfSalesMember,Cost of Sales [Member],http://www.xbrl.org/2003/arcrole/parent-child,1,,http://www.xbrl.org/2003/role/terseLabel,http://www.pfizer.com/role/FinancialInstrumentsDerivativeFinancialInstrumentsandHedgingActivitiesFootnotesDetails,pfe-20251231_pre.xml
X-PFE-0075,PFE,Pfizer Inc.,bounded_extension,presentation,us-gaap:FairValueDisclosuresAbstract,Fair Value Disclosures [Abstract],pfe:DerivativeNetReceivablePositionAggregateFairValue,,http://www.xbrl.org/2003/arcrole/parent-child,3,,http://www.xbrl.org/2003/role/terseLabel,http://www.pfizer.com/role/FinancialInstrumentsCreditRiskDetails,pfe-20251231_pre.xml
X-PFE-0076,PFE,Pfizer Inc.,bounded_extension,presentation,pfe:OtherFinancialInformationAbstract,,us-gaap:InventoryFinishedGoodsNetOfReserves,"Inventory, Finished Goods, Net of Reserves",http://www.xbrl.org/2003/arcrole/parent-child,1,,http://www.xbrl.org/2003/role/terseLabel,http://www.pfizer.com/role/OtherFinancialInformationInventoriesDetails,pfe-20251231_pre.xml
X-PFE-0077,PFE,Pfizer Inc.,bounded_extension,presentation,pfe:OtherFinancialInformationAbstract,,us-gaap:InventoryWorkInProcessNetOfReserves,"Inventory, Work in Process, Net of Reserves",http://www.xbrl.org/2003/arcrole/parent-child,2,,http://www.xbrl.org/2003/role/terseLabel,http://www.pfizer.com/role/OtherFinancialInformationInventoriesDetails,pfe-20251231_pre.xml
X-PFE-0078,PFE,Pfizer Inc.,bounded_extension,presentation,pfe:OtherFinancialInformationAbstract,,us-gaap:InventoryRawMaterialsAndSuppliesNetOfReserves,"Inventory, Raw Materials and Supplies, Net of Reserves",http://www.xbrl.org/2003/arcrole/parent-child,3,,http://www.xbrl.org/2003/role/terseLabel,http://www.pfizer.com/role/OtherFinancialInformationInventoriesDetails,pfe-20251231_pre.xml
X-PFE-0079,PFE,Pfizer Inc.,bounded_extension,presentation,pfe:OtherFinancialInformationAbstract,,us-gaap:InventoryNet,"Inventory, Net",http://www.xbrl.org/2003/arcrole/parent-child,4,,http://www.xbrl.org/2003/role/totalLabel,http://www.pfizer.com/role/OtherFinancialInformationInventoriesDetails,pfe-20251231_pre.xml
X-PFE-0080,PFE,Pfizer Inc.,bounded_extension,presentation,pfe:OtherFinancialInformationAbstract,,us-gaap:InventoryNoncurrent,"Inventory, Noncurrent",http://www.xbrl.org/2003/arcrole/parent-child,5,,http://www.xbrl.org/2003/role/terseLabel,http://www.pfizer.com/role/OtherFinancialInformationInventoriesDetails,pfe-20251231_pre.xml
X-PFE-0081,PFE,Pfizer Inc.,bounded_extension,presentation,us-gaap:ConcentrationRiskTypeDomain,Concentration Risk Type [Domain],us-gaap:CustomerConcentrationRiskMember,Customer Concentration Risk [Member],http://www.xbrl.org/2003/arcrole/parent-child,2,,http://www.xbrl.org/2003/role/terseLabel,http://www.pfizer.com/role/SegmentGeographicandOtherRevenueInformationNarrativeDetail,pfe-20251231_pre.xml
X-PFE-0082,PFE,Pfizer Inc.,bounded_extension,presentation,us-gaap:ConcentrationRiskBenchmarkDomain,Concentration Risk Benchmark [Domain],us-gaap:RevenueFromContractWithCustomerMember,Revenue from Contract with Customer Benchmark [Member],http://www.xbrl.org/2003/arcrole/parent-child,1,,http://www.xbrl.org/2003/role/terseLabel,http://www.pfizer.com/role/SegmentGeographicandOtherRevenueInformationNarrativeDetail,pfe-20251231_pre.xml
X-PFE-0083,PFE,Pfizer Inc.,bounded_extension,presentation,us-gaap:ConcentrationRiskBenchmarkDomain,Concentration Risk Benchmark [Domain],us-gaap:AccountsReceivableMember,Accounts Receivable [Member],http://www.xbrl.org/2003/arcrole/parent-child,2,,http://www.xbrl.org/2003/role/verboseLabel,http://www.pfizer.com/role/SegmentGeographicandOtherRevenueInformationNarrativeDetail,pfe-20251231_pre.xml
X-PFE-0084,PFE,Pfizer Inc.,bounded_extension,presentation,us-gaap:ScheduleOfSegmentReportingInformationBySegmentTable,"Schedule of Segment Reporting Information, by Segment [Table]",srt:MajorCustomersAxis,Customer [Axis],http://www.xbrl.org/2003/arcrole/parent-child,4,,http://www.xbrl.org/2003/role/terseLabel,http://www.pfizer.com/role/SegmentGeographicandOtherRevenueInformationNarrativeDetail,pfe-20251231_pre.xml
X-PFE-0085,PFE,Pfizer Inc.,bounded_extension,presentation,srt:MajorCustomersAxis,Customer [Axis],srt:NameOfMajorCustomerDomain,Customer [Domain],http://www.xbrl.org/2003/arcrole/parent-child,1,,http://www.xbrl.org/2003/role/terseLabel,http://www.pfizer.com/role/SegmentGeographicandOtherRevenueInformationNarrativeDetail,pfe-20251231_pre.xml
X-PFE-0086,PFE,Pfizer Inc.,bounded_extension,presentation,srt:NameOfMajorCustomerDomain,Customer [Domain],pfe:ThreeLargestUSWholesaleCustomersMember,,http://www.xbrl.org/2003/arcrole/parent-child,1,,http://www.xbrl.org/2003/role/terseLabel,http://www.pfizer.com/role/SegmentGeographicandOtherRevenueInformationNarrativeDetail,pfe-20251231_pre.xml
X-PFE-0087,PFE,Pfizer Inc.,bounded_extension,presentation,srt:NameOfMajorCustomerDomain,Customer [Domain],pfe:GovernmentAndGovernmentSponsoredMember,,http://www.xbrl.org/2003/arcrole/parent-child,2,,http://www.xbrl.org/2003/role/terseLabel,http://www.pfizer.com/role/SegmentGeographicandOtherRevenueInformationNarrativeDetail,pfe-20251231_pre.xml
X-PFE-0088,PFE,Pfizer Inc.,bounded_extension,presentation,us-gaap:SegmentReportingInformationLineItems,Segment Reporting Information [Line Items],pfe:ConcentrationRiskRevenues500000000orMoreNumberofCountries,,http://www.xbrl.org/2003/arcrole/parent-child,4,,http://www.xbrl.org/2003/role/terseLabel,http://www.pfizer.com/role/SegmentGeographicandOtherRevenueInformationNarrativeDetail,pfe-20251231_pre.xml
X-PFE-0089,PFE,Pfizer Inc.,bounded_extension,presentation,us-gaap:SegmentReportingInformationLineItems,Segment Reporting Information [Line Items],pfe:ContractWithCustomerRefundRecordedDuringPeriod,,http://www.xbrl.org/2003/arcrole/parent-child,6,,http://www.xbrl.org/2003/role/terseLabel,http://www.pfizer.com/role/SegmentGeographicandOtherRevenueInformationNarrativeDetail,pfe-20251231_pre.xml
X-PFE-0090,PFE,Pfizer Inc.,bounded_extension,presentation,us-gaap:SegmentReportingInformationLineItems,Segment Reporting Information [Line Items],pfe:GovernmentEmergencyUseAuthorizationInventoryToBeReturnedToCompanyNumberOfTreatmentCourses,,http://www.xbrl.org/2003/arcrole/parent-child,7,,http://www.xbrl.org/2003/role/terseLabel,http://www.pfizer.com/role/SegmentGeographicandOtherRevenueInformationNarrativeDetail,pfe-20251231_pre.xml
X-PFE-0091,PFE,Pfizer Inc.,bounded_extension,presentation,us-gaap:SegmentReportingInformationLineItems,Segment Reporting Information [Line Items],pfe:ContractWithCustomerFavorableAdjustmentForGovernmentEmergencyUseAuthorizationInventoryReturnedToTheCompanyDuringThePeriod,,http://www.xbrl.org/2003/arcrole/parent-child,8,,http://www.xbrl.org/2003/role/terseLabel,http://www.pfizer.com/role/SegmentGeographicandOtherRevenueInformationNarrativeDetail,pfe-20251231_pre.xml
X-PFE-0092,PFE,Pfizer Inc.,bounded_extension,presentation,us-gaap:SegmentReportingInformationLineItems,Segment Reporting Information [Line Items],pfe:GovernmentEmergencyUseAuthorizationInventoryReturnedToTheCompanyDuringThePeriodNumberOfTreatmentCourses,,http://www.xbrl.org/2003/arcrole/parent-child,9,,http://www.xbrl.org/2003/role/terseLabel,http://www.pfizer.com/role/SegmentGeographicandOtherRevenueInformationNarrativeDetail,pfe-20251231_pre.xml
X-PFE-0093,PFE,Pfizer Inc.,bounded_extension,presentation,us-gaap:SegmentReportingInformationLineItems,Segment Reporting Information [Line Items],us-gaap:RevenueFromContractWithCustomerExcludingAssessedTax,"Revenue from Contract with Customer, Excluding Assessed Tax",http://www.xbrl.org/2003/arcrole/parent-child,11,,http://www.xbrl.org/2003/role/terseLabel,http://www.pfizer.com/role/SegmentGeographicandOtherRevenueInformationNarrativeDetail,pfe-20251231_pre.xml
X-PFE-0094,PFE,Pfizer Inc.,bounded_extension,presentation,us-gaap:SegmentReportingInformationLineItems,Segment Reporting Information [Line Items],us-gaap:RevenueRemainingPerformanceObligation,"Revenue, Remaining Performance Obligation, Amount",http://www.xbrl.org/2003/arcrole/parent-child,12,,http://www.xbrl.org/2003/role/terseLabel,http://www.pfizer.com/role/SegmentGeographicandOtherRevenueInformationNarrativeDetail,pfe-20251231_pre.xml
X-PFE-0095,PFE,Pfizer Inc.,bounded_extension,presentation,us-gaap:SegmentReportingInformationLineItems,Segment Reporting Information [Line Items],us-gaap:ContractWithCustomerLiability,"Contract with Customer, Liability",http://www.xbrl.org/2003/arcrole/parent-child,13,,http://www.xbrl.org/2003/role/terseLabel,http://www.pfizer.com/role/SegmentGeographicandOtherRevenueInformationNarrativeDetail,pfe-20251231_pre.xml
X-PFE-0096,PFE,Pfizer Inc.,bounded_extension,presentation,us-gaap:SegmentReportingInformationLineItems,Segment Reporting Information [Line Items],us-gaap:ContractWithCustomerLiabilityCurrent,"Contract with Customer, Liability, Current",http://www.xbrl.org/2003/arcrole/parent-child,14,,http://www.xbrl.org/2003/role/verboseLabel,http://www.pfizer.com/role/SegmentGeographicandOtherRevenueInformationNarrativeDetail,pfe-20251231_pre.xml
X-PFE-0097,PFE,Pfizer Inc.,bounded_extension,presentation,us-gaap:SegmentReportingInformationLineItems,Segment Reporting Information [Line Items],us-gaap:ContractWithCustomerLiabilityNoncurrent,"Contract with Customer, Liability, Noncurrent",http://www.xbrl.org/2003/arcrole/parent-child,15,,http://www.xbrl.org/2003/role/terseLabel,http://www.pfizer.com/role/SegmentGeographicandOtherRevenueInformationNarrativeDetail,pfe-20251231_pre.xml
X-PFE-0098,PFE,Pfizer Inc.,bounded_extension,presentation,us-gaap:SegmentReportingInformationLineItems,Segment Reporting Information [Line Items],us-gaap:ContractWithCustomerLiabilityRevenueRecognized,"Contract with Customer, Liability, Revenue Recognized",http://www.xbrl.org/2003/arcrole/parent-child,16,,http://www.xbrl.org/2003/role/terseLabel,http://www.pfizer.com/role/SegmentGeographicandOtherRevenueInformationNarrativeDetail,pfe-20251231_pre.xml
X-PFE-0099,PFE,Pfizer Inc.,bounded_extension,presentation,us-gaap:SegmentReportingInformationLineItems,Segment Reporting Information [Line Items],us-gaap:Revenues,Revenues,http://www.xbrl.org/2003/arcrole/parent-child,1,,http://www.xbrl.org/2003/role/verboseLabel,http://www.pfizer.com/role/SegmentGeographicandOtherRevenueInformationScheduleofSegmentReportingInformationbySegmentDetails,pfe-20251231_pre.xml
X-PFE-0100,PFE,Pfizer Inc.,bounded_extension,presentation,us-gaap:SegmentReportingInformationLineItems,Segment Reporting Information [Line Items],pfe:ContractWithCustomerRefundRecordedDuringPeriod,,http://www.xbrl.org/2003/arcrole/parent-child,4,,http://www.xbrl.org/2003/role/terseLabel,http://www.pfizer.com/role/SegmentGeographicandOtherRevenueInformationScheduleofSegmentReportingInformationbySegmentDetails,pfe-20251231_pre.xml
X-PFE-0101,PFE,Pfizer Inc.,bounded_extension,presentation,us-gaap:SegmentReportingInformationLineItems,Segment Reporting Information [Line Items],pfe:ContractWithCustomerFavorableAdjustmentForGovernmentEmergencyUseAuthorizationInventoryReturnedToTheCompanyDuringThePeriod,,http://www.xbrl.org/2003/arcrole/parent-child,5,,http://www.xbrl.org/2003/role/terseLabel,http://www.pfizer.com/role/SegmentGeographicandOtherRevenueInformationScheduleofSegmentReportingInformationbySegmentDetails,pfe-20251231_pre.xml
X-PFE-0102,PFE,Pfizer Inc.,bounded_extension,presentation,us-gaap:SegmentReportingInformationLineItems,Segment Reporting Information [Line Items],us-gaap:InventoryWriteDown,Inventory Write-down,http://www.xbrl.org/2003/arcrole/parent-child,6,,http://www.xbrl.org/2003/role/terseLabel,http://www.pfizer.com/role/SegmentGeographicandOtherRevenueInformationScheduleofSegmentReportingInformationbySegmentDetails,pfe-20251231_pre.xml
X-PFE-0103,PFE,Pfizer Inc.,bounded_extension,presentation,us-gaap:SegmentReportingInformationLineItems,Segment Reporting Information [Line Items],us-gaap:Revenues,Revenues,http://www.xbrl.org/2003/arcrole/parent-child,1,,http://www.xbrl.org/2003/role/terseLabel,http://www.pfizer.com/role/SegmentGeographicandOtherRevenueInformationScheduleofSignificantBiopharmaSegmentExpensesDetails,pfe-20251231_pre.xml
X-PFE-0104,PFE,Pfizer Inc.,bounded_extension,presentation,us-gaap:SegmentReportingInformationLineItems,Segment Reporting Information [Line Items],us-gaap:CostOfGoodsAndServicesSold,Cost of Product and Service Sold,http://www.xbrl.org/2003/arcrole/parent-child,2,,http://www.xbrl.org/2003/role/terseLabel,http://www.pfizer.com/role/SegmentGeographicandOtherRevenueInformationScheduleofSignificantBiopharmaSegmentExpensesDetails,pfe-20251231_pre.xml
X-PFE-0105,PFE,Pfizer Inc.,bounded_extension,presentation,us-gaap:SegmentReportingAbstract,Segment Reporting [Abstract],us-gaap:ScheduleOfRevenuesFromExternalCustomersAndLongLivedAssetsTable,Schedule of Revenues from External Customers and Long-Lived Assets [Table],http://www.xbrl.org/2003/arcrole/parent-child,1,,http://www.xbrl.org/2003/role/terseLabel,http://www.pfizer.com/role/SegmentGeographicandOtherRevenueInformationRevenuesbyGeographicAreaDetail,pfe-20251231_pre.xml
X-PFE-0106,PFE,Pfizer Inc.,bounded_extension,presentation,us-gaap:ScheduleOfRevenuesFromExternalCustomersAndLongLivedAssetsTable,Schedule of Revenues from External Customers and Long-Lived Assets [Table],srt:StatementGeographicalAxis,Geographical [Axis],http://www.xbrl.org/2003/arcrole/parent-child,1,,http://www.xbrl.org/2003/role/terseLabel,http://www.pfizer.com/role/SegmentGeographicandOtherRevenueInformationRevenuesbyGeographicAreaDetail,pfe-20251231_pre.xml
X-PFE-0107,PFE,Pfizer Inc.,bounded_extension,presentation,us-gaap:ScheduleOfRevenuesFromExternalCustomersAndLongLivedAssetsTable,Schedule of Revenues from External Customers and Long-Lived Assets [Table],us-gaap:RevenuesFromExternalCustomersAndLongLivedAssetsLineItems,Revenues from External Customers and Long-Lived Assets [Line Items],http://www.xbrl.org/2003/arcrole/parent-child,2,,http://www.xbrl.org/2003/role/terseLabel,http://www.pfizer.com/role/SegmentGeographicandOtherRevenueInformationRevenuesbyGeographicAreaDetail,pfe-20251231_pre.xml
X-PFE-0108,PFE,Pfizer Inc.,bounded_extension,presentation,us-gaap:RevenuesFromExternalCustomersAndLongLivedAssetsLineItems,Revenues from External Customers and Long-Lived Assets [Line Items],us-gaap:Revenues,Revenues,http://www.xbrl.org/2003/arcrole/parent-child,1,,http://www.xbrl.org/2003/role/verboseLabel,http://www.pfizer.com/role/SegmentGeographicandOtherRevenueInformationRevenuesbyGeographicAreaDetail,pfe-20251231_pre.xml
X-PFE-0109,PFE,Pfizer Inc.,bounded_extension,presentation,us-gaap:ConcentrationRiskTable,Concentration Risk [Table],srt:MajorCustomersAxis,Customer [Axis],http://www.xbrl.org/2003/arcrole/parent-child,1,,http://www.xbrl.org/2003/role/terseLabel,http://www.pfizer.com/role/SegmentGeographicandOtherRevenueInformationSchedulesofConcentrationofRiskDetails,pfe-20251231_pre.xml
X-PFE-0110,PFE,Pfizer Inc.,bounded_extension,presentation,srt:MajorCustomersAxis,Customer [Axis],srt:NameOfMajorCustomerDomain,Customer [Domain],http://www.xbrl.org/2003/arcrole/parent-child,1,,http://www.xbrl.org/2003/role/terseLabel,http://www.pfizer.com/role/SegmentGeographicandOtherRevenueInformationSchedulesofConcentrationofRiskDetails,pfe-20251231_pre.xml
X-PFE-0111,PFE,Pfizer Inc.,bounded_extension,presentation,srt:NameOfMajorCustomerDomain,Customer [Domain],pfe:McKessonInc.Member,,http://www.xbrl.org/2003/arcrole/parent-child,1,,http://www.xbrl.org/2003/role/terseLabel,http://www.pfizer.com/role/SegmentGeographicandOtherRevenueInformationSchedulesofConcentrationofRiskDetails,pfe-20251231_pre.xml
X-PFE-0112,PFE,Pfizer Inc.,bounded_extension,presentation,srt:NameOfMajorCustomerDomain,Customer [Domain],pfe:CencoraInc.Member,,http://www.xbrl.org/2003/arcrole/parent-child,2,,http://www.xbrl.org/2003/role/terseLabel,http://www.pfizer.com/role/SegmentGeographicandOtherRevenueInformationSchedulesofConcentrationofRiskDetails,pfe-20251231_pre.xml
X-PFE-0113,PFE,Pfizer Inc.,bounded_extension,presentation,srt:NameOfMajorCustomerDomain,Customer [Domain],pfe:CardinalHealthInc.Member,,http://www.xbrl.org/2003/arcrole/parent-child,3,,http://www.xbrl.org/2003/role/terseLabel,http://www.pfizer.com/role/SegmentGeographicandOtherRevenueInformationSchedulesofConcentrationofRiskDetails,pfe-20251231_pre.xml
X-PFE-0114,PFE,Pfizer Inc.,bounded_extension,presentation,us-gaap:ConcentrationRiskBenchmarkDomain,Concentration Risk Benchmark [Domain],us-gaap:RevenueFromContractWithCustomerMember,Revenue from Contract with Customer Benchmark [Member],http://www.xbrl.org/2003/arcrole/parent-child,1,,http://www.xbrl.org/2003/role/terseLabel,http://www.pfizer.com/role/SegmentGeographicandOtherRevenueInformationSchedulesofConcentrationofRiskDetails,pfe-20251231_pre.xml
X-PFE-0115,PFE,Pfizer Inc.,bounded_extension,presentation,us-gaap:ConcentrationRiskTypeDomain,Concentration Risk Type [Domain],us-gaap:CustomerConcentrationRiskMember,Customer Concentration Risk [Member],http://www.xbrl.org/2003/arcrole/parent-child,1,,http://www.xbrl.org/2003/role/terseLabel,http://www.pfizer.com/role/SegmentGeographicandOtherRevenueInformationSchedulesofConcentrationofRiskDetails,pfe-20251231_pre.xml
X-PFE-0116,PFE,Pfizer Inc.,bounded_extension,presentation,us-gaap:SegmentReportingAbstract,Segment Reporting [Abstract],us-gaap:ScheduleOfEntityWideInformationRevenueFromExternalCustomersByProductsAndServicesTable,"Segment Reporting, Revenue from External Customer, Product and Service [Table]",http://www.xbrl.org/2003/arcrole/parent-child,1,,http://www.xbrl.org/2003/role/terseLabel,http://www.pfizer.com/role/SegmentGeographicandOtherRevenueInformationRevenuesbyProductDetail,pfe-20251231_pre.xml
X-PFE-0117,PFE,Pfizer Inc.,bounded_extension,presentation,us-gaap:ScheduleOfEntityWideInformationRevenueFromExternalCustomersByProductsAndServicesTable,"Segment Reporting, Revenue from External Customer, Product and Service [Table]",us-gaap:ReportingUnitAxis,Reporting Unit [Axis],http://www.xbrl.org/2003/arcrole/parent-child,1,,http://www.xbrl.org/2003/role/terseLabel,http://www.pfizer.com/role/SegmentGeographicandOtherRevenueInformationRevenuesbyProductDetail,pfe-20251231_pre.xml
X-PFE-0118,PFE,Pfizer Inc.,bounded_extension,presentation,us-gaap:ScheduleOfEntityWideInformationRevenueFromExternalCustomersByProductsAndServicesTable,"Segment Reporting, Revenue from External Customer, Product and Service [Table]",srt:ProductOrServiceAxis,Product and Service [Axis],http://www.xbrl.org/2003/arcrole/parent-child,2,,http://www.xbrl.org/2003/role/terseLabel,http://www.pfizer.com/role/SegmentGeographicandOtherRevenueInformationRevenuesbyProductDetail,pfe-20251231_pre.xml
X-PFE-0119,PFE,Pfizer Inc.,bounded_extension,presentation,us-gaap:ScheduleOfEntityWideInformationRevenueFromExternalCustomersByProductsAndServicesTable,"Segment Reporting, Revenue from External Customer, Product and Service [Table]",us-gaap:StatementBusinessSegmentsAxis,Segments [Axis],http://www.xbrl.org/2003/arcrole/parent-child,3,,http://www.xbrl.org/2003/role/terseLabel,http://www.pfizer.com/role/SegmentGeographicandOtherRevenueInformationRevenuesbyProductDetail,pfe-20251231_pre.xml
X-PFE-0120,PFE,Pfizer Inc.,bounded_extension,presentation,us-gaap:ScheduleOfEntityWideInformationRevenueFromExternalCustomersByProductsAndServicesTable,"Segment Reporting, Revenue from External Customer, Product and Service [Table]",us-gaap:SubsegmentsAxis,Subsegments [Axis],http://www.xbrl.org/2003/arcrole/parent-child,4,,http://www.xbrl.org/2003/role/terseLabel,http://www.pfizer.com/role/SegmentGeographicandOtherRevenueInformationRevenuesbyProductDetail,pfe-20251231_pre.xml
X-PFE-0121,PFE,Pfizer Inc.,bounded_extension,presentation,us-gaap:ScheduleOfEntityWideInformationRevenueFromExternalCustomersByProductsAndServicesTable,"Segment Reporting, Revenue from External Customer, Product and Service [Table]",us-gaap:EntityWideInformationRevenueFromExternalCustomerLineItems,Revenue from External Customer [Line Items],http://www.xbrl.org/2003/arcrole/parent-child,5,,http://www.xbrl.org/2003/role/terseLabel,http://www.pfizer.com/role/SegmentGeographicandOtherRevenueInformationRevenuesbyProductDetail,pfe-20251231_pre.xml
X-PFE-0122,PFE,Pfizer Inc.,bounded_extension,presentation,us-gaap:EntityWideInformationRevenueFromExternalCustomerLineItems,Revenue from External Customer [Line Items],us-gaap:Revenues,Revenues,http://www.xbrl.org/2003/arcrole/parent-child,1,,http://www.xbrl.org/2003/role/verboseLabel,http://www.pfizer.com/role/SegmentGeographicandOtherRevenueInformationRevenuesbyProductDetail,pfe-20251231_pre.xml
X-PFE-0123,PFE,Pfizer Inc.,bounded_extension,presentation,us-gaap:EntityWideInformationRevenueFromExternalCustomerLineItems,Revenue from External Customer [Line Items],us-gaap:RevenueFromCollaborativeArrangementExcludingRevenueFromContractWithCustomer,"Revenue from Collaborative Arrangement, Excluding Revenue from Contract with Customer",http://www.xbrl.org/2003/arcrole/parent-child,2,,http://www.xbrl.org/2003/role/verboseLabel,http://www.pfizer.com/role/SegmentGeographicandOtherRevenueInformationRevenuesbyProductDetail,pfe-20251231_pre.xml
X-PFE-0124,PFE,Pfizer Inc.,bounded_extension,presentation,us-gaap:EntityWideInformationRevenueFromExternalCustomerLineItems,Revenue from External Customer [Line Items],us-gaap:RevenueFromContractWithCustomerExcludingAssessedTax,"Revenue from Contract with Customer, Excluding Assessed Tax",http://www.xbrl.org/2003/arcrole/parent-child,3,,http://www.xbrl.org/2003/role/terseLabel,http://www.pfizer.com/role/SegmentGeographicandOtherRevenueInformationRevenuesbyProductDetail,pfe-20251231_pre.xml
X-PFE-0125,PFE,Pfizer Inc.,bounded_extension,presentation,us-gaap:SegmentReportingAbstract,Segment Reporting [Abstract],us-gaap:ScheduleOfEntityWideInformationRevenueFromExternalCustomersByProductsAndServicesTable,"Segment Reporting, Revenue from External Customer, Product and Service [Table]",http://www.xbrl.org/2003/arcrole/parent-child,1,,http://www.xbrl.org/2003/role/terseLabel,http://www.pfizer.com/role/SegmentGeographicandOtherRevenueInformationRevenuesbyProductFootnotesDetails,pfe-20251231_pre.xml
X-PFE-0126,PFE,Pfizer Inc.,bounded_extension,presentation,us-gaap:ScheduleOfEntityWideInformationRevenueFromExternalCustomersByProductsAndServicesTable,"Segment Reporting, Revenue from External Customer, Product and Service [Table]",us-gaap:StatementBusinessSegmentsAxis,Segments [Axis],http://www.xbrl.org/2003/arcrole/parent-child,1,,http://www.xbrl.org/2003/role/terseLabel,http://www.pfizer.com/role/SegmentGeographicandOtherRevenueInformationRevenuesbyProductFootnotesDetails,pfe-20251231_pre.xml
X-PFE-0127,PFE,Pfizer Inc.,bounded_extension,presentation,us-gaap:ScheduleOfEntityWideInformationRevenueFromExternalCustomersByProductsAndServicesTable,"Segment Reporting, Revenue from External Customer, Product and Service [Table]",srt:ProductOrServiceAxis,Product and Service [Axis],http://www.xbrl.org/2003/arcrole/parent-child,2,,http://www.xbrl.org/2003/role/terseLabel,http://www.pfizer.com/role/SegmentGeographicandOtherRevenueInformationRevenuesbyProductFootnotesDetails,pfe-20251231_pre.xml
X-PFE-0128,PFE,Pfizer Inc.,bounded_extension,presentation,us-gaap:ScheduleOfEntityWideInformationRevenueFromExternalCustomersByProductsAndServicesTable,"Segment Reporting, Revenue from External Customer, Product and Service [Table]",us-gaap:ReportingUnitAxis,Reporting Unit [Axis],http://www.xbrl.org/2003/arcrole/parent-child,3,,http://www.xbrl.org/2003/role/terseLabel,http://www.pfizer.com/role/SegmentGeographicandOtherRevenueInformationRevenuesbyProductFootnotesDetails,pfe-20251231_pre.xml
X-PFE-0129,PFE,Pfizer Inc.,bounded_extension,presentation,us-gaap:ScheduleOfEntityWideInformationRevenueFromExternalCustomersByProductsAndServicesTable,"Segment Reporting, Revenue from External Customer, Product and Service [Table]",us-gaap:EntityWideInformationRevenueFromExternalCustomerLineItems,Revenue from External Customer [Line Items],http://www.xbrl.org/2003/arcrole/parent-child,4,,http://www.xbrl.org/2003/role/terseLabel,http://www.pfizer.com/role/SegmentGeographicandOtherRevenueInformationRevenuesbyProductFootnotesDetails,pfe-20251231_pre.xml
X-PFE-0130,PFE,Pfizer Inc.,bounded_extension,presentation,us-gaap:EntityWideInformationRevenueFromExternalCustomerLineItems,Revenue from External Customer [Line Items],pfe:ContractWithCustomerRefundRecordedDuringPeriod,,http://www.xbrl.org/2003/arcrole/parent-child,1,,http://www.xbrl.org/2003/role/terseLabel,http://www.pfizer.com/role/SegmentGeographicandOtherRevenueInformationRevenuesbyProductFootnotesDetails,pfe-20251231_pre.xml
X-PFE-0131,PFE,Pfizer Inc.,bounded_extension,presentation,us-gaap:EntityWideInformationRevenueFromExternalCustomerLineItems,Revenue from External Customer [Line Items],pfe:GovernmentEmergencyUseAuthorizationInventoryToBeReturnedToCompanyNumberOfTreatmentCourses,,http://www.xbrl.org/2003/arcrole/parent-child,2,,http://www.xbrl.org/2003/role/terseLabel,http://www.pfizer.com/role/SegmentGeographicandOtherRevenueInformationRevenuesbyProductFootnotesDetails,pfe-20251231_pre.xml
X-PFE-0132,PFE,Pfizer Inc.,bounded_extension,presentation,us-gaap:EntityWideInformationRevenueFromExternalCustomerLineItems,Revenue from External Customer [Line Items],us-gaap:RevenueFromContractWithCustomerExcludingAssessedTax,"Revenue from Contract with Customer, Excluding Assessed Tax",http://www.xbrl.org/2003/arcrole/parent-child,3,,http://www.xbrl.org/2003/role/terseLabel,http://www.pfizer.com/role/SegmentGeographicandOtherRevenueInformationRevenuesbyProductFootnotesDetails,pfe-20251231_pre.xml
X-PFE-0133,PFE,Pfizer Inc.,bounded_extension,presentation,us-gaap:EntityWideInformationRevenueFromExternalCustomerLineItems,Revenue from External Customer [Line Items],us-gaap:Revenues,Revenues,http://www.xbrl.org/2003/arcrole/parent-child,4,,http://www.xbrl.org/2003/role/terseLabel,http://www.pfizer.com/role/SegmentGeographicandOtherRevenueInformationRevenuesbyProductFootnotesDetails,pfe-20251231_pre.xml
X-PFE-0134,PFE,Pfizer Inc.,bounded_extension,presentation,us-gaap:EntityWideInformationRevenueFromExternalCustomerLineItems,Revenue from External Customer [Line Items],pfe:ContractWithCustomerFavorableAdjustmentForGovernmentEmergencyUseAuthorizationInventoryReturnedToTheCompanyDuringThePeriod,,http://www.xbrl.org/2003/arcrole/parent-child,5,,http://www.xbrl.org/2003/role/terseLabel,http://www.pfizer.com/role/SegmentGeographicandOtherRevenueInformationRevenuesbyProductFootnotesDetails,pfe-20251231_pre.xml
X-PFE-0135,PFE,Pfizer Inc.,bounded_extension,presentation,us-gaap:EntityWideInformationRevenueFromExternalCustomerLineItems,Revenue from External Customer [Line Items],pfe:GovernmentEmergencyUseAuthorizationInventoryReturnedToTheCompanyDuringThePeriodNumberOfTreatmentCourses,,http://www.xbrl.org/2003/arcrole/parent-child,6,,http://www.xbrl.org/2003/role/terseLabel,http://www.pfizer.com/role/SegmentGeographicandOtherRevenueInformationRevenuesbyProductFootnotesDetails,pfe-20251231_pre.xml
X-PFE-0136,PFE,Pfizer Inc.,bounded_extension,calculation,us-gaap:IncomeLossFromContinuingOperationsBeforeIncomeTaxesExtraordinaryItemsNoncontrollingInterest,"Income (Loss) from Continuing Operations before Income Taxes, Noncontrolling Interest",us-gaap:CostOfGoodsAndServicesSold,Cost of Product and Service Sold,http://www.xbrl.org/2003/arcrole/summation-item,1,-1.0,,http://www.pfizer.com/role/ConsolidatedStatementsofOperations,pfe-20251231_cal.xml
X-PFE-0137,PFE,Pfizer Inc.,bounded_extension,calculation,us-gaap:IncomeLossFromContinuingOperationsBeforeIncomeTaxesExtraordinaryItemsNoncontrollingInterest,"Income (Loss) from Continuing Operations before Income Taxes, Noncontrolling Interest",us-gaap:Revenues,Revenues,http://www.xbrl.org/2003/arcrole/summation-item,8,1.0,,http://www.pfizer.com/role/ConsolidatedStatementsofOperations,pfe-20251231_cal.xml
X-PFE-0138,PFE,Pfizer Inc.,bounded_extension,calculation,us-gaap:Revenues,Revenues,us-gaap:RevenueFromCollaborativeArrangementExcludingRevenueFromContractWithCustomer,"Revenue from Collaborative Arrangement, Excluding Revenue from Contract with Customer",http://www.xbrl.org/2003/arcrole/summation-item,1,1.0,,http://www.pfizer.com/role/ConsolidatedStatementsofOperations,pfe-20251231_cal.xml
X-PFE-0139,PFE,Pfizer Inc.,bounded_extension,calculation,us-gaap:Revenues,Revenues,us-gaap:RevenueFromContractWithCustomerExcludingAssessedTax,"Revenue from Contract with Customer, Excluding Assessed Tax",http://www.xbrl.org/2003/arcrole/summation-item,2,1.0,,http://www.pfizer.com/role/ConsolidatedStatementsofOperations,pfe-20251231_cal.xml
X-PFE-0140,PFE,Pfizer Inc.,bounded_extension,calculation,us-gaap:LiabilitiesCurrent,"Liabilities, Current",us-gaap:ContractWithCustomerLiabilityCurrent,"Contract with Customer, Liability, Current",http://www.xbrl.org/2003/arcrole/summation-item,7,1.0,,http://www.pfizer.com/role/ConsolidatedBalanceSheets,pfe-20251231_cal.xml
X-PFE-0141,PFE,Pfizer Inc.,bounded_extension,calculation,us-gaap:AssetsCurrent,"Assets, Current",us-gaap:InventoryNet,"Inventory, Net",http://www.xbrl.org/2003/arcrole/summation-item,1,1.0,,http://www.pfizer.com/role/ConsolidatedBalanceSheets,pfe-20251231_cal.xml
X-PFE-0142,PFE,Pfizer Inc.,bounded_extension,calculation,us-gaap:AssetsCurrent,"Assets, Current",us-gaap:AccountsReceivableNetCurrent,"Accounts Receivable, after Allowance for Credit Loss, Current",http://www.xbrl.org/2003/arcrole/summation-item,6,1.0,,http://www.pfizer.com/role/ConsolidatedBalanceSheets,pfe-20251231_cal.xml
X-PFE-0143,PFE,Pfizer Inc.,bounded_extension,calculation,us-gaap:NetCashProvidedByUsedInOperatingActivities,"Cash Provided by (Used in) Operating Activity, Including Discontinued Operation",us-gaap:IncreaseDecreaseInInventories,Increase (Decrease) in Inventories,http://www.xbrl.org/2003/arcrole/summation-item,4,-1.0,,http://www.pfizer.com/role/ConsolidatedStatementsofCashFlows,pfe-20251231_cal.xml
X-PFE-0144,PFE,Pfizer Inc.,bounded_extension,calculation,us-gaap:NetCashProvidedByUsedInOperatingActivities,"Cash Provided by (Used in) Operating Activity, Including Discontinued Operation",us-gaap:IncreaseDecreaseInAccountsReceivable,Increase (Decrease) in Accounts Receivable,http://www.xbrl.org/2003/arcrole/summation-item,7,-1.0,,http://www.pfizer.com/role/ConsolidatedStatementsofCashFlows,pfe-20251231_cal.xml
X-PFE-0145,PFE,Pfizer Inc.,bounded_extension,calculation,us-gaap:NetCashProvidedByUsedInOperatingActivities,"Cash Provided by (Used in) Operating Activity, Including Discontinued Operation",us-gaap:InventoryWriteDown,Inventory Write-down,http://www.xbrl.org/2003/arcrole/summation-item,8,1.0,,http://www.pfizer.com/role/ConsolidatedStatementsofCashFlows,pfe-20251231_cal.xml
X-PFE-0146,PFE,Pfizer Inc.,bounded_extension,calculation,us-gaap:BusinessCombinationRecognizedIdentifiableAssetsAcquiredAndLiabilitiesAssumedNet,"Business Combination, Recognized Asset Acquired to Liability Assumed, Excess (Less)",pfe:BusinessCombinationRecognizedIdentifiableAssetsAcquiredAndLiabilitiesAssumedWorkingCapitalExcludingInventories,,http://www.xbrl.org/2003/arcrole/summation-item,1,1.0,,http://www.pfizer.com/role/AcquisitionsDivestituresEquityMethodInvestmentsCollaborativeArrangementsResearchandDevelopmentArrangementsandInLicensingArrangementsPurchasePriceAllocationDetails,pfe-20251231_cal.xml
X-PFE-0147,PFE,Pfizer Inc.,bounded_extension,calculation,us-gaap:BusinessCombinationRecognizedIdentifiableAssetsAcquiredAndLiabilitiesAssumedNet,"Business Combination, Recognized Asset Acquired to Liability Assumed, Excess (Less)",us-gaap:BusinessCombinationRecognizedIdentifiableAssetsAcquiredAndLiabilitiesAssumedInventory,"Business Combination, Recognized Asset Acquired, Inventory, Current",http://www.xbrl.org/2003/arcrole/summation-item,5,1.0,,http://www.pfizer.com/role/AcquisitionsDivestituresEquityMethodInvestmentsCollaborativeArrangementsResearchandDevelopmentArrangementsandInLicensingArrangementsPurchasePriceAllocationDetails,pfe-20251231_cal.xml
X-PFE-0148,PFE,Pfizer Inc.,bounded_extension,calculation,us-gaap:GrossProfit,Gross Profit,us-gaap:Revenues,Revenues,http://www.xbrl.org/2003/arcrole/summation-item,1,1.0,,http://www.pfizer.com/role/AcquisitionsDivestituresEquityMethodInvestmentsCollaborativeArrangementsResearchandDevelopmentArrangementsandInLicensingArrangementsSummarizedFinancialInformationofEquityMethodInvesteeDetails,pfe-20251231_cal.xml
X-PFE-0149,PFE,Pfizer Inc.,bounded_extension,calculation,us-gaap:GrossProfit,Gross Profit,us-gaap:CostOfRevenue,Cost of Revenue,http://www.xbrl.org/2003/arcrole/summation-item,2,-1.0,,http://www.pfizer.com/role/AcquisitionsDivestituresEquityMethodInvestmentsCollaborativeArrangementsResearchandDevelopmentArrangementsandInLicensingArrangementsSummarizedFinancialInformationofEquityMethodInvesteeDetails,pfe-20251231_cal.xml
X-PFE-0150,PFE,Pfizer Inc.,bounded_extension,calculation,pfe:RestructuringChargesAcquisitionRelatedCostsandImplementationCosts,,us-gaap:RestructuringReserveAcceleratedDepreciation,"Restructuring and Related Cost, Accelerated Depreciation",http://www.xbrl.org/2003/arcrole/summation-item,3,1.0,,http://www.pfizer.com/role/RestructuringChargesandOtherCostsAssociatedwithAcquisitionsandCostReductionProductivityInitiativesCostsDetail,pfe-20251231_cal.xml
X-PFE-0151,PFE,Pfizer Inc.,bounded_extension,calculation,pfe:RestructuringChargesAcquisitionRelatedCostsandImplementationCosts,,us-gaap:InventoryWriteDown,Inventory Write-down,http://www.xbrl.org/2003/arcrole/summation-item,5,1.0,,http://www.pfizer.com/role/RestructuringChargesandOtherCostsAssociatedwithAcquisitionsandCostReductionProductivityInitiativesCostsDetail,pfe-20251231_cal.xml
X-PFE-0152,PFE,Pfizer Inc.,bounded_extension,calculation,us-gaap:InterestRevenueExpenseNet,"Interest Income (Expense), Operating and Nonoperating",us-gaap:InvestmentIncomeInterest,"Investment Income, Interest",http://www.xbrl.org/2003/arcrole/summation-item,1,1.0,,http://www.pfizer.com/role/OtherIncomeDeductionsNetScheduleofOtherNonoperatingIncomeExpenseDetails,pfe-20251231_cal.xml
X-PFE-0153,PFE,Pfizer Inc.,bounded_extension,calculation,us-gaap:InterestRevenueExpenseNet,"Interest Income (Expense), Operating and Nonoperating",us-gaap:InterestExpense,"Interest Expense, Operating and Nonoperating",http://www.xbrl.org/2003/arcrole/summation-item,2,-1.0,,http://www.pfizer.com/role/OtherIncomeDeductionsNetScheduleofOtherNonoperatingIncomeExpenseDetails,pfe-20251231_cal.xml
X-PFE-0154,PFE,Pfizer Inc.,bounded_extension,calculation,us-gaap:OtherNonoperatingIncomeExpense,Other Nonoperating Income (Expense),us-gaap:InterestRevenueExpenseNet,"Interest Income (Expense), Operating and Nonoperating",http://www.xbrl.org/2003/arcrole/summation-item,4,1.0,,http://www.pfizer.com/role/OtherIncomeDeductionsNetScheduleofOtherNonoperatingIncomeExpenseDetails,pfe-20251231_cal.xml
X-PFE-0155,PFE,Pfizer Inc.,bounded_extension,calculation,us-gaap:DeferredTaxAssetsGross,"Deferred Tax Assets, Gross",us-gaap:DeferredTaxAssetsInventory,"Deferred Tax Assets, Inventory",http://www.xbrl.org/2003/arcrole/summation-item,1,1.0,,http://www.pfizer.com/role/TaxMattersDeferredTaxesDetails,pfe-20251231_cal.xml
X-PFE-0156,PFE,Pfizer Inc.,bounded_extension,calculation,us-gaap:DeferredTaxAssetsGross,"Deferred Tax Assets, Gross",us-gaap:DeferredTaxAssetsTaxDeferredExpenseReservesAndAccrualsRestructuringCharges,"Deferred Tax Assets, Tax Deferred Expense, Reserves and Accruals, Restructuring Charges",http://www.xbrl.org/2003/arcrole/summation-item,5,1.0,,http://www.pfizer.com/role/TaxMattersDeferredTaxesDetails,pfe-20251231_cal.xml
X-PFE-0157,PFE,Pfizer Inc.,bounded_extension,calculation,us-gaap:DeferredTaxAssetsGross,"Deferred Tax Assets, Gross",pfe:DeferredTaxAssetsTaxDeferredExpenseReservesandAccrualsLegalandProductLiabilityReserves,,http://www.xbrl.org/2003/arcrole/summation-item,6,1.0,,http://www.pfizer.com/role/TaxMattersDeferredTaxesDetails,pfe-20251231_cal.xml
X-PFE-0158,PFE,Pfizer Inc.,bounded_extension,calculation,us-gaap:DeferredTaxAssetsGross,"Deferred Tax Assets, Gross",pfe:DeferredTaxAssetsTaxDeferredExpenseReservesAndAccrualsAccruedRoyalties,,http://www.xbrl.org/2003/arcrole/summation-item,13,1.0,,http://www.pfizer.com/role/TaxMattersDeferredTaxesDetails,pfe-20251231_cal.xml
X-PFE-0159,PFE,Pfizer Inc.,bounded_extension,calculation,us-gaap:DeferredIncomeTaxLiabilities,"Deferred Tax Liabilities, Gross",us-gaap:DeferredTaxLiabilitiesDeferredExpenseCapitalizedInventoryCosts,"Deferred Tax Liabilities, Inventory",http://www.xbrl.org/2003/arcrole/summation-item,2,1.0,,http://www.pfizer.com/role/TaxMattersDeferredTaxesDetails,pfe-20251231_cal.xml
X-PFE-0160,PFE,Pfizer Inc.,bounded_extension,calculation,us-gaap:InventoryNet,"Inventory, Net",us-gaap:InventoryFinishedGoodsNetOfReserves,"Inventory, Finished Goods, Net of Reserves",http://www.xbrl.org/2003/arcrole/summation-item,1,1.0,,http://www.pfizer.com/role/OtherFinancialInformationInventoriesDetails,pfe-20251231_cal.xml
X-PFE-0161,PFE,Pfizer Inc.,bounded_extension,calculation,us-gaap:InventoryNet,"Inventory, Net",us-gaap:InventoryWorkInProcessNetOfReserves,"Inventory, Work in Process, Net of Reserves",http://www.xbrl.org/2003/arcrole/summation-item,2,1.0,,http://www.pfizer.com/role/OtherFinancialInformationInventoriesDetails,pfe-20251231_cal.xml
X-PFE-0162,PFE,Pfizer Inc.,bounded_extension,calculation,us-gaap:InventoryNet,"Inventory, Net",us-gaap:InventoryRawMaterialsAndSuppliesNetOfReserves,"Inventory, Raw Materials and Supplies, Net of Reserves",http://www.xbrl.org/2003/arcrole/summation-item,3,1.0,,http://www.pfizer.com/role/OtherFinancialInformationInventoriesDetails,pfe-20251231_cal.xml
X-PFE-0163,PFE,Pfizer Inc.,bounded_extension,calculation,us-gaap:IncomeLossFromContinuingOperationsBeforeIncomeTaxesExtraordinaryItemsNoncontrollingInterest,"Income (Loss) from Continuing Operations before Income Taxes, Noncontrolling Interest",us-gaap:CostOfGoodsAndServicesSold,Cost of Product and Service Sold,http://www.xbrl.org/2003/arcrole/summation-item,4,-1.0,,http://www.pfizer.com/role/SegmentGeographicandOtherRevenueInformationScheduleofSignificantBiopharmaSegmentExpensesDetails,pfe-20251231_cal.xml
X-PFE-0164,PFE,Pfizer Inc.,bounded_extension,calculation,us-gaap:IncomeLossFromContinuingOperationsBeforeIncomeTaxesExtraordinaryItemsNoncontrollingInterest,"Income (Loss) from Continuing Operations before Income Taxes, Noncontrolling Interest",us-gaap:Revenues,Revenues,http://www.xbrl.org/2003/arcrole/summation-item,6,1.0,,http://www.pfizer.com/role/SegmentGeographicandOtherRevenueInformationScheduleofSignificantBiopharmaSegmentExpensesDetails,pfe-20251231_cal.xml
X-PFE-0165,PFE,Pfizer Inc.,bounded_extension,definition,us-gaap:StatementLineItems,Statement [Line Items],us-gaap:RevenueFromContractWithCustomerExcludingAssessedTax,"Revenue from Contract with Customer, Excluding Assessed Tax",http://xbrl.org/int/dim/arcrole/domain-member,0,,,http://www.pfizer.com/role/ConsolidatedStatementsofOperations,pfe-20251231_def.xml
X-PFE-0166,PFE,Pfizer Inc.,bounded_extension,definition,us-gaap:StatementLineItems,Statement [Line Items],us-gaap:RevenueFromCollaborativeArrangementExcludingRevenueFromContractWithCustomer,"Revenue from Collaborative Arrangement, Excluding Revenue from Contract with Customer",http://xbrl.org/int/dim/arcrole/domain-member,1,,,http://www.pfizer.com/role/ConsolidatedStatementsofOperations,pfe-20251231_def.xml
X-PFE-0167,PFE,Pfizer Inc.,bounded_extension,definition,us-gaap:StatementLineItems,Statement [Line Items],us-gaap:Revenues,Revenues,http://xbrl.org/int/dim/arcrole/domain-member,2,,,http://www.pfizer.com/role/ConsolidatedStatementsofOperations,pfe-20251231_def.xml
X-PFE-0168,PFE,Pfizer Inc.,bounded_extension,definition,us-gaap:CostsAndExpensesAbstract,Costs and Expenses [Abstract],us-gaap:CostOfGoodsAndServicesSold,Cost of Product and Service Sold,http://xbrl.org/int/dim/arcrole/domain-member,1,,,http://www.pfizer.com/role/ConsolidatedStatementsofOperations,pfe-20251231_def.xml
X-PFE-0169,PFE,Pfizer Inc.,bounded_extension,definition,us-gaap:ConcentrationRiskBenchmarkDomain,Concentration Risk Benchmark [Domain],us-gaap:SalesRevenueProductLineMember,"Revenue, Product and Service Benchmark [Member]",http://xbrl.org/int/dim/arcrole/domain-member,0,,,http://www.pfizer.com/role/BasisofPresentationandSignificantAccountingPoliciesNarrativeDetails,pfe-20251231_def.xml
X-PFE-0170,PFE,Pfizer Inc.,bounded_extension,definition,us-gaap:BalanceSheetLocationDomain,"Statement of Financial Position Location, Balance [Domain]",us-gaap:AccountsReceivableMember,Accounts Receivable [Member],http://xbrl.org/int/dim/arcrole/domain-member,0,,,http://www.pfizer.com/role/BasisofPresentationandSignificantAccountingPoliciesAccruedRebatesandOtherAccrualsDetails,pfe-20251231_def.xml
X-PFE-0171,PFE,Pfizer Inc.,bounded_extension,definition,us-gaap:NonrecurringAdjustmentDomain,"Business Combination, Pro Forma Information, Nonrecurring Adjustment [Domain]",us-gaap:FairValueAdjustmentToInventoryMember,"Business Combination, Pro Forma Information, Nonrecurring Adjustment, Inventory, Fair Value Adjustment [Member]",http://xbrl.org/int/dim/arcrole/domain-member,1,,,http://www.pfizer.com/role/AcquisitionsDivestituresEquityMethodInvestmentsCollaborativeArrangementsResearchandDevelopmentArrangementsandInLicensingArrangementsAcquisitionsDetails,pfe-20251231_def.xml
X-PFE-0172,PFE,Pfizer Inc.,bounded_extension,definition,us-gaap:BusinessAcquisitionLineItems,Business Combination [Line Items],us-gaap:BusinessCombinationAcquiredReceivablesGrossContractualAmount,"Business Combination, Acquired Receivable, Purchased without Credit Deterioration, Gross Contractual Amount",http://xbrl.org/int/dim/arcrole/domain-member,13,,,http://www.pfizer.com/role/AcquisitionsDivestituresEquityMethodInvestmentsCollaborativeArrangementsResearchandDevelopmentArrangementsandInLicensingArrangementsAcquisitionsDetails,pfe-20251231_def.xml
X-PFE-0173,PFE,Pfizer Inc.,bounded_extension,definition,us-gaap:BusinessAcquisitionLineItems,Business Combination [Line Items],pfe:BusinessCombinationRecognizedIdentifiableAssetsAcquiredAndLiabilitiesAssumedWorkingCapitalExcludingInventories,,http://xbrl.org/int/dim/arcrole/domain-member,0,,,http://www.pfizer.com/role/AcquisitionsDivestituresEquityMethodInvestmentsCollaborativeArrangementsResearchandDevelopmentArrangementsandInLicensingArrangementsPurchasePriceAllocationDetails,pfe-20251231_def.xml
X-PFE-0174,PFE,Pfizer Inc.,bounded_extension,definition,us-gaap:BusinessAcquisitionLineItems,Business Combination [Line Items],us-gaap:BusinessCombinationRecognizedIdentifiableAssetsAcquiredAndLiabilitiesAssumedInventory,"Business Combination, Recognized Asset Acquired, Inventory, Current",http://xbrl.org/int/dim/arcrole/domain-member,1,,,http://www.pfizer.com/role/AcquisitionsDivestituresEquityMethodInvestmentsCollaborativeArrangementsResearchandDevelopmentArrangementsandInLicensingArrangementsPurchasePriceAllocationDetails,pfe-20251231_def.xml
X-PFE-0175,PFE,Pfizer Inc.,bounded_extension,definition,us-gaap:BusinessAcquisitionLineItems,Business Combination [Line Items],pfe:BusinessCombinationRecognizedIdentifiableAssetsAcquiredAndLiabilitiesAssumedInventoryCurrent,,http://xbrl.org/int/dim/arcrole/domain-member,0,,,http://www.pfizer.com/role/AcquisitionsDivestituresEquityMethodInvestmentsCollaborativeArrangementsResearchandDevelopmentArrangementsandInLicensingArrangementsPurchasePriceAllocationFootnotesDetails,pfe-20251231_def.xml
X-PFE-0176,PFE,Pfizer Inc.,bounded_extension,definition,us-gaap:BusinessAcquisitionLineItems,Business Combination [Line Items],pfe:BusinessCombinationRecognizedIdentifiableAssetsAcquiredAndLiabilitiesAssumedInventoryNoncurrent,,http://xbrl.org/int/dim/arcrole/domain-member,1,,,http://www.pfizer.com/role/AcquisitionsDivestituresEquityMethodInvestmentsCollaborativeArrangementsResearchandDevelopmentArrangementsandInLicensingArrangementsPurchasePriceAllocationFootnotesDetails,pfe-20251231_def.xml
X-PFE-0177,PFE,Pfizer Inc.,bounded_extension,definition,us-gaap:BusinessAcquisitionLineItems,Business Combination [Line Items],us-gaap:BusinessCombinationProFormaInformationRevenueOfAcquireeSinceAcquisitionDateActual,"Business Combination, Acquiree's Revenue since Acquisition Date, Actual",http://xbrl.org/int/dim/arcrole/domain-member,0,,,http://www.pfizer.com/role/AcquisitionsDivestituresEquityMethodInvestmentsCollaborativeArrangementsResearchandDevelopmentArrangementsandInLicensingArrangementsProFormaInformationDetails,pfe-20251231_def.xml
X-PFE-0178,PFE,Pfizer Inc.,bounded_extension,definition,us-gaap:BusinessAcquisitionLineItems,Business Combination [Line Items],us-gaap:BusinessAcquisitionsProFormaRevenue,"Business Combination, Pro Forma Information, Pro Forma Revenue",http://xbrl.org/int/dim/arcrole/domain-member,2,,,http://www.pfizer.com/role/AcquisitionsDivestituresEquityMethodInvestmentsCollaborativeArrangementsResearchandDevelopmentArrangementsandInLicensingArrangementsProFormaInformationDetails,pfe-20251231_def.xml
X-PFE-0179,PFE,Pfizer Inc.,bounded_extension,definition,us-gaap:NonrecurringAdjustmentDomain,"Business Combination, Pro Forma Information, Nonrecurring Adjustment [Domain]",us-gaap:FairValueAdjustmentToInventoryMember,"Business Combination, Pro Forma Information, Nonrecurring Adjustment, Inventory, Fair Value Adjustment [Member]",http://xbrl.org/int/dim/arcrole/domain-member,1,,,http://www.pfizer.com/role/AcquisitionsDivestituresEquityMethodInvestmentsCollaborativeArrangementsResearchandDevelopmentArrangementsandInLicensingArrangementsProFormaInformationFootnotesDetails,pfe-20251231_def.xml
X-PFE-0180,PFE,Pfizer Inc.,bounded_extension,definition,us-gaap:EquityMethodInvestmentSummarizedFinancialInformationAbstract,"Equity Method Investment, Summarized Financial Information [Abstract]",us-gaap:Revenues,Revenues,http://xbrl.org/int/dim/arcrole/domain-member,1,,,http://www.pfizer.com/role/AcquisitionsDivestituresEquityMethodInvestmentsCollaborativeArrangementsResearchandDevelopmentArrangementsandInLicensingArrangementsSummarizedFinancialInformationofEquityMethodInvesteeDetails,pfe-20251231_def.xml
X-PFE-0181,PFE,Pfizer Inc.,bounded_extension,definition,us-gaap:EquityMethodInvestmentSummarizedFinancialInformationAbstract,"Equity Method Investment, Summarized Financial Information [Abstract]",us-gaap:CostOfRevenue,Cost of Revenue,http://xbrl.org/int/dim/arcrole/domain-member,2,,,http://www.pfizer.com/role/AcquisitionsDivestituresEquityMethodInvestmentsCollaborativeArrangementsResearchandDevelopmentArrangementsandInLicensingArrangementsSummarizedFinancialInformationofEquityMethodInvesteeDetails,pfe-20251231_def.xml
X-PFE-0182,PFE,Pfizer Inc.,bounded_extension,definition,us-gaap:EquityMethodInvestmentSummarizedFinancialInformationAbstract,"Equity Method Investment, Summarized Financial Information [Abstract]",us-gaap:GrossProfit,Gross Profit,http://xbrl.org/int/dim/arcrole/domain-member,3,,,http://www.pfizer.com/role/AcquisitionsDivestituresEquityMethodInvestmentsCollaborativeArrangementsResearchandDevelopmentArrangementsandInLicensingArrangementsSummarizedFinancialInformationofEquityMethodInvesteeDetails,pfe-20251231_def.xml
X-PFE-0183,PFE,Pfizer Inc.,bounded_extension,definition,us-gaap:CollaborativeArrangementsAndNoncollaborativeArrangementTransactionsLineItems,Collaborative Arrangement and Arrangement Other than Collaborative [Line Items],us-gaap:RevenueFromContractWithCustomerExcludingAssessedTax,"Revenue from Contract with Customer, Excluding Assessed Tax",http://xbrl.org/int/dim/arcrole/domain-member,0,,,http://www.pfizer.com/role/AcquisitionsDivestituresEquityMethodInvestmentsCollaborativeArrangementsResearchandDevelopmentArrangementsandInLicensingArrangementsScheduleofCollaborativeArrangementsandNoncollaborativeArrangementTransactionsDetails,pfe-20251231_def.xml
X-PFE-0184,PFE,Pfizer Inc.,bounded_extension,definition,us-gaap:CollaborativeArrangementsAndNoncollaborativeArrangementTransactionsLineItems,Collaborative Arrangement and Arrangement Other than Collaborative [Line Items],us-gaap:RevenueFromCollaborativeArrangementExcludingRevenueFromContractWithCustomer,"Revenue from Collaborative Arrangement, Excluding Revenue from Contract with Customer",http://xbrl.org/int/dim/arcrole/domain-member,1,,,http://www.pfizer.com/role/AcquisitionsDivestituresEquityMethodInvestmentsCollaborativeArrangementsResearchandDevelopmentArrangementsandInLicensingArrangementsScheduleofCollaborativeArrangementsandNoncollaborativeArrangementTransactionsDetails,pfe-20251231_def.xml
X-PFE-0185,PFE,Pfizer Inc.,bounded_extension,definition,us-gaap:CollaborativeArrangementsAndNoncollaborativeArrangementTransactionsLineItems,Collaborative Arrangement and Arrangement Other than Collaborative [Line Items],us-gaap:Revenues,Revenues,http://xbrl.org/int/dim/arcrole/domain-member,2,,,http://www.pfizer.com/role/AcquisitionsDivestituresEquityMethodInvestmentsCollaborativeArrangementsResearchandDevelopmentArrangementsandInLicensingArrangementsScheduleofCollaborativeArrangementsandNoncollaborativeArrangementTransactionsDetails,pfe-20251231_def.xml
X-PFE-0186,PFE,Pfizer Inc.,bounded_extension,definition,us-gaap:CollaborativeArrangementsAndNoncollaborativeArrangementTransactionsLineItems,Collaborative Arrangement and Arrangement Other than Collaborative [Line Items],us-gaap:CostOfGoodsAndServicesSold,Cost of Product and Service Sold,http://xbrl.org/int/dim/arcrole/domain-member,3,,,http://www.pfizer.com/role/AcquisitionsDivestituresEquityMethodInvestmentsCollaborativeArrangementsResearchandDevelopmentArrangementsandInLicensingArrangementsScheduleofCollaborativeArrangementsandNoncollaborativeArrangementTransactionsDetails,pfe-20251231_def.xml
X-PFE-0187,PFE,Pfizer Inc.,bounded_extension,definition,us-gaap:RestructuringCostAndReserveLineItems,Restructuring Cost and Reserve [Line Items],us-gaap:ScheduleOfRestructuringAndRelatedCostsTable,Restructuring Cost [Table],http://xbrl.org/int/dim/arcrole/all,1,,,http://www.pfizer.com/role/RestructuringChargesandOtherCostsAssociatedwithAcquisitionsandCostReductionProductivityInitiativesNarrativeDetail,pfe-20251231_def.xml
X-PFE-0188,PFE,Pfizer Inc.,bounded_extension,definition,us-gaap:ScheduleOfRestructuringAndRelatedCostsTable,Restructuring Cost [Table],us-gaap:RestructuringCostAndReserveAxis,Restructuring Type [Axis],http://xbrl.org/int/dim/arcrole/hypercube-dimension,3,,,http://www.pfizer.com/role/RestructuringChargesandOtherCostsAssociatedwithAcquisitionsandCostReductionProductivityInitiativesNarrativeDetail,pfe-20251231_def.xml
X-PFE-0189,PFE,Pfizer Inc.,bounded_extension,definition,us-gaap:RestructuringCostAndReserveAxis,Restructuring Type [Axis],us-gaap:TypeOfRestructuringDomain,Type of Restructuring [Domain],http://xbrl.org/int/dim/arcrole/dimension-default,1,,,http://www.pfizer.com/role/RestructuringChargesandOtherCostsAssociatedwithAcquisitionsandCostReductionProductivityInitiativesNarrativeDetail,pfe-20251231_def.xml
X-PFE-0190,PFE,Pfizer Inc.,bounded_extension,definition,us-gaap:RestructuringCostAndReserveAxis,Restructuring Type [Axis],us-gaap:TypeOfRestructuringDomain,Type of Restructuring [Domain],http://xbrl.org/int/dim/arcrole/dimension-domain,1,,,http://www.pfizer.com/role/RestructuringChargesandOtherCostsAssociatedwithAcquisitionsandCostReductionProductivityInitiativesNarrativeDetail,pfe-20251231_def.xml
X-PFE-0191,PFE,Pfizer Inc.,bounded_extension,definition,us-gaap:RestructuringCostAndReserveLineItems,Restructuring Cost and Reserve [Line Items],us-gaap:RestructuringAndRelatedCostExpectedCost1,"Restructuring and Related Cost, Expected Cost",http://xbrl.org/int/dim/arcrole/domain-member,0,,,http://www.pfizer.com/role/RestructuringChargesandOtherCostsAssociatedwithAcquisitionsandCostReductionProductivityInitiativesNarrativeDetail,pfe-20251231_def.xml
X-PFE-0192,PFE,Pfizer Inc.,bounded_extension,definition,us-gaap:RestructuringCostAndReserveLineItems,Restructuring Cost and Reserve [Line Items],us-gaap:RestructuringAndRelatedCostCostIncurredToDate1,"Restructuring and Related Cost, Cost Incurred to Date",http://xbrl.org/int/dim/arcrole/domain-member,1,,,http://www.pfizer.com/role/RestructuringChargesandOtherCostsAssociatedwithAcquisitionsandCostReductionProductivityInitiativesNarrativeDetail,pfe-20251231_def.xml
X-PFE-0193,PFE,Pfizer Inc.,bounded_extension,definition,us-gaap:RestructuringCostAndReserveLineItems,Restructuring Cost and Reserve [Line Items],us-gaap:RestructuringCharges,Restructuring Charges,http://xbrl.org/int/dim/arcrole/domain-member,2,,,http://www.pfizer.com/role/RestructuringChargesandOtherCostsAssociatedwithAcquisitionsandCostReductionProductivityInitiativesNarrativeDetail,pfe-20251231_def.xml
X-PFE-0194,PFE,Pfizer Inc.,bounded_extension,definition,us-gaap:RestructuringCostAndReserveLineItems,Restructuring Cost and Reserve [Line Items],us-gaap:ScheduleOfRestructuringAndRelatedCostsTable,Restructuring Cost [Table],http://xbrl.org/int/dim/arcrole/all,1,,,http://www.pfizer.com/role/RestructuringChargesandOtherCostsAssociatedwithAcquisitionsandCostReductionProductivityInitiativesCostsDetail,pfe-20251231_def.xml
X-PFE-0195,PFE,Pfizer Inc.,bounded_extension,definition,us-gaap:IncomeStatementLocationDomain,"Statement of Income Location, Balance [Domain]",us-gaap:CostOfSalesMember,Cost of Sales [Member],http://xbrl.org/int/dim/arcrole/domain-member,1,,,http://www.pfizer.com/role/RestructuringChargesandOtherCostsAssociatedwithAcquisitionsandCostReductionProductivityInitiativesCostsDetail,pfe-20251231_def.xml
X-PFE-0196,PFE,Pfizer Inc.,bounded_extension,definition,us-gaap:RestructuringCostAndReserveLineItems,Restructuring Cost and Reserve [Line Items],us-gaap:RestructuringChargesAbstract,Restructuring Charges [Abstract],http://xbrl.org/int/dim/arcrole/domain-member,0,,,http://www.pfizer.com/role/RestructuringChargesandOtherCostsAssociatedwithAcquisitionsandCostReductionProductivityInitiativesCostsDetail,pfe-20251231_def.xml
X-PFE-0197,PFE,Pfizer Inc.,bounded_extension,definition,us-gaap:RestructuringCostAndReserveLineItems,Restructuring Cost and Reserve [Line Items],pfe:BusinessCombinationAcquisitionRelatedCostsTransactionCosts,,http://xbrl.org/int/dim/arcrole/domain-member,1,,,http://www.pfizer.com/role/RestructuringChargesandOtherCostsAssociatedwithAcquisitionsandCostReductionProductivityInitiativesCostsDetail,pfe-20251231_def.xml
X-PFE-0198,PFE,Pfizer Inc.,bounded_extension,definition,us-gaap:RestructuringCostAndReserveLineItems,Restructuring Cost and Reserve [Line Items],us-gaap:BusinessCombinationIntegrationRelatedCosts,"Business Combination, Integration-Related Cost, Expense",http://xbrl.org/int/dim/arcrole/domain-member,2,,,http://www.pfizer.com/role/RestructuringChargesandOtherCostsAssociatedwithAcquisitionsandCostReductionProductivityInitiativesCostsDetail,pfe-20251231_def.xml
X-PFE-0199,PFE,Pfizer Inc.,bounded_extension,definition,us-gaap:RestructuringCostAndReserveLineItems,Restructuring Cost and Reserve [Line Items],pfe:RestructuringChargesAndAcquisitionRelatedCosts,,http://xbrl.org/int/dim/arcrole/domain-member,3,,,http://www.pfizer.com/role/RestructuringChargesandOtherCostsAssociatedwithAcquisitionsandCostReductionProductivityInitiativesCostsDetail,pfe-20251231_def.xml
X-PFE-0200,PFE,Pfizer Inc.,bounded_extension,definition,us-gaap:RestructuringCostAndReserveLineItems,Restructuring Cost and Reserve [Line Items],us-gaap:DefinedBenefitPlanNetPeriodicBenefitCost,"Defined Benefit Plan, Net Periodic Benefit Cost (Credit)",http://xbrl.org/int/dim/arcrole/domain-member,4,,,http://www.pfizer.com/role/RestructuringChargesandOtherCostsAssociatedwithAcquisitionsandCostReductionProductivityInitiativesCostsDetail,pfe-20251231_def.xml
X-PFE-0201,PFE,Pfizer Inc.,bounded_extension,definition,us-gaap:RestructuringCostAndReserveLineItems,Restructuring Cost and Reserve [Line Items],us-gaap:InventoryWriteDown,Inventory Write-down,http://xbrl.org/int/dim/arcrole/domain-member,5,,,http://www.pfizer.com/role/RestructuringChargesandOtherCostsAssociatedwithAcquisitionsandCostReductionProductivityInitiativesCostsDetail,pfe-20251231_def.xml
X-PFE-0202,PFE,Pfizer Inc.,bounded_extension,definition,us-gaap:RestructuringCostAndReserveLineItems,Restructuring Cost and Reserve [Line Items],us-gaap:RestructuringReserveAcceleratedDepreciation,"Restructuring and Related Cost, Accelerated Depreciation",http://xbrl.org/int/dim/arcrole/domain-member,6,,,http://www.pfizer.com/role/RestructuringChargesandOtherCostsAssociatedwithAcquisitionsandCostReductionProductivityInitiativesCostsDetail,pfe-20251231_def.xml
X-PFE-0203,PFE,Pfizer Inc.,bounded_extension,definition,us-gaap:RestructuringCostAndReserveLineItems,Restructuring Cost and Reserve [Line Items],pfe:ImplementationCostAbstract,,http://xbrl.org/int/dim/arcrole/domain-member,7,,,http://www.pfizer.com/role/RestructuringChargesandOtherCostsAssociatedwithAcquisitionsandCostReductionProductivityInitiativesCostsDetail,pfe-20251231_def.xml
X-PFE-0204,PFE,Pfizer Inc.,bounded_extension,definition,us-gaap:RestructuringCostAndReserveLineItems,Restructuring Cost and Reserve [Line Items],pfe:RestructuringChargesAcquisitionRelatedCostsandImplementationCosts,,http://xbrl.org/int/dim/arcrole/domain-member,8,,,http://www.pfizer.com/role/RestructuringChargesandOtherCostsAssociatedwithAcquisitionsandCostReductionProductivityInitiativesCostsDetail,pfe-20251231_def.xml
X-PFE-0205,PFE,Pfizer Inc.,bounded_extension,definition,us-gaap:RestructuringCostAndReserveLineItems,Restructuring Cost and Reserve [Line Items],us-gaap:ScheduleOfRestructuringAndRelatedCostsTable,Restructuring Cost [Table],http://xbrl.org/int/dim/arcrole/all,1,,,http://www.pfizer.com/role/RestructuringChargesandOtherCostsAssociatedwithAcquisitionsandCostReductionProductivityInitiativesCostsFootnotesDetail,pfe-20251231_def.xml
X-PFE-0206,PFE,Pfizer Inc.,bounded_extension,definition,us-gaap:RestructuringCostAndReserveLineItems,Restructuring Cost and Reserve [Line Items],us-gaap:RestructuringCharges,Restructuring Charges,http://xbrl.org/int/dim/arcrole/domain-member,0,,,http://www.pfizer.com/role/RestructuringChargesandOtherCostsAssociatedwithAcquisitionsandCostReductionProductivityInitiativesCostsFootnotesDetail,pfe-20251231_def.xml
X-PFE-0207,PFE,Pfizer Inc.,bounded_extension,definition,us-gaap:RestructuringCostAndReserveLineItems,Restructuring Cost and Reserve [Line Items],us-gaap:BusinessCombinationSeparatelyRecognizedTransactionsExpensesAndLossesRecognized,"Business Combination, Separately Recognized Transactions, Expenses and Losses Recognized",http://xbrl.org/int/dim/arcrole/domain-member,1,,,http://www.pfizer.com/role/RestructuringChargesandOtherCostsAssociatedwithAcquisitionsandCostReductionProductivityInitiativesCostsFootnotesDetail,pfe-20251231_def.xml
X-PFE-0208,PFE,Pfizer Inc.,bounded_extension,definition,us-gaap:RestructuringCostAndReserveLineItems,Restructuring Cost and Reserve [Line Items],us-gaap:ScheduleOfRestructuringAndRelatedCostsTable,Restructuring Cost [Table],http://xbrl.org/int/dim/arcrole/all,1,,,http://www.pfizer.com/role/RestructuringChargesandOtherCostsAssociatedwithAcquisitionsandCostReductionProductivityInitiativesRestructuringAccrualsDetail,pfe-20251231_def.xml
X-PFE-0209,PFE,Pfizer Inc.,bounded_extension,definition,us-gaap:ScheduleOfRestructuringAndRelatedCostsTable,Restructuring Cost [Table],us-gaap:RestructuringCostAndReserveAxis,Restructuring Type [Axis],http://xbrl.org/int/dim/arcrole/hypercube-dimension,1,,,http://www.pfizer.com/role/RestructuringChargesandOtherCostsAssociatedwithAcquisitionsandCostReductionProductivityInitiativesRestructuringAccrualsDetail,pfe-20251231_def.xml
X-PFE-0210,PFE,Pfizer Inc.,bounded_extension,definition,us-gaap:RestructuringCostAndReserveAxis,Restructuring Type [Axis],us-gaap:TypeOfRestructuringDomain,Type of Restructuring [Domain],http://xbrl.org/int/dim/arcrole/dimension-default,1,,,http://www.pfizer.com/role/RestructuringChargesandOtherCostsAssociatedwithAcquisitionsandCostReductionProductivityInitiativesRestructuringAccrualsDetail,pfe-20251231_def.xml
X-PFE-0211,PFE,Pfizer Inc.,bounded_extension,definition,us-gaap:RestructuringCostAndReserveAxis,Restructuring Type [Axis],us-gaap:TypeOfRestructuringDomain,Type of Restructuring [Domain],http://xbrl.org/int/dim/arcrole/dimension-domain,1,,,http://www.pfizer.com/role/RestructuringChargesandOtherCostsAssociatedwithAcquisitionsandCostReductionProductivityInitiativesRestructuringAccrualsDetail,pfe-20251231_def.xml
X-PFE-0212,PFE,Pfizer Inc.,bounded_extension,definition,us-gaap:RestructuringCostAndReserveLineItems,Restructuring Cost and Reserve [Line Items],us-gaap:RestructuringReserveRollForward,Restructuring Reserve [Roll Forward],http://xbrl.org/int/dim/arcrole/domain-member,0,,,http://www.pfizer.com/role/RestructuringChargesandOtherCostsAssociatedwithAcquisitionsandCostReductionProductivityInitiativesRestructuringAccrualsDetail,pfe-20251231_def.xml
X-PFE-0213,PFE,Pfizer Inc.,bounded_extension,definition,us-gaap:RestructuringReserveRollForward,Restructuring Reserve [Roll Forward],us-gaap:RestructuringReserve,Restructuring Reserve,http://xbrl.org/int/dim/arcrole/domain-member,1,,,http://www.pfizer.com/role/RestructuringChargesandOtherCostsAssociatedwithAcquisitionsandCostReductionProductivityInitiativesRestructuringAccrualsDetail,pfe-20251231_def.xml
X-PFE-0214,PFE,Pfizer Inc.,bounded_extension,definition,us-gaap:RestructuringReserveRollForward,Restructuring Reserve [Roll Forward],us-gaap:RestructuringCharges,Restructuring Charges,http://xbrl.org/int/dim/arcrole/domain-member,2,,,http://www.pfizer.com/role/RestructuringChargesandOtherCostsAssociatedwithAcquisitionsandCostReductionProductivityInitiativesRestructuringAccrualsDetail,pfe-20251231_def.xml
X-PFE-0215,PFE,Pfizer Inc.,bounded_extension,definition,us-gaap:RestructuringReserveRollForward,Restructuring Reserve [Roll Forward],pfe:PaymentsforRestructuringOtherRestructuringAndRestructuringTranslationAdjustment,,http://xbrl.org/int/dim/arcrole/domain-member,3,,,http://www.pfizer.com/role/RestructuringChargesandOtherCostsAssociatedwithAcquisitionsandCostReductionProductivityInitiativesRestructuringAccrualsDetail,pfe-20251231_def.xml
X-PFE-0216,PFE,Pfizer Inc.,bounded_extension,definition,us-gaap:RestructuringCostAndReserveLineItems,Restructuring Cost and Reserve [Line Items],us-gaap:ScheduleOfRestructuringAndRelatedCostsTable,Restructuring Cost [Table],http://xbrl.org/int/dim/arcrole/all,1,,,http://www.pfizer.com/role/RestructuringChargesandOtherCostsAssociatedwithAcquisitionsandCostReductionProductivityInitiativesRestructuringAccrualsFootnotesDetail,pfe-20251231_def.xml
X-PFE-0217,PFE,Pfizer Inc.,bounded_extension,definition,us-gaap:RestructuringCostAndReserveLineItems,Restructuring Cost and Reserve [Line Items],us-gaap:RestructuringReserve,Restructuring Reserve,http://xbrl.org/int/dim/arcrole/domain-member,0,,,http://www.pfizer.com/role/RestructuringChargesandOtherCostsAssociatedwithAcquisitionsandCostReductionProductivityInitiativesRestructuringAccrualsFootnotesDetail,pfe-20251231_def.xml
X-PFE-0218,PFE,Pfizer Inc.,bounded_extension,definition,us-gaap:IncomeStatementLocationDomain,"Statement of Income Location, Balance [Domain]",us-gaap:CostOfSalesMember,Cost of Sales [Member],http://xbrl.org/int/dim/arcrole/domain-member,0,,,http://www.pfizer.com/role/FinancialInstrumentsDerivativeFinancialInstrumentsandHedgingActivitiesFootnotesDetails,pfe-20251231_def.xml
X-PFE-0219,PFE,Pfizer Inc.,bounded_extension,definition,us-gaap:ConcentrationRiskTypeDomain,Concentration Risk Type [Domain],us-gaap:CustomerConcentrationRiskMember,Customer Concentration Risk [Member],http://xbrl.org/int/dim/arcrole/domain-member,1,,,http://www.pfizer.com/role/SegmentGeographicandOtherRevenueInformationNarrativeDetail,pfe-20251231_def.xml
X-PFE-0220,PFE,Pfizer Inc.,bounded_extension,definition,us-gaap:ConcentrationRiskBenchmarkDomain,Concentration Risk Benchmark [Domain],us-gaap:RevenueFromContractWithCustomerMember,Revenue from Contract with Customer Benchmark [Member],http://xbrl.org/int/dim/arcrole/domain-member,0,,,http://www.pfizer.com/role/SegmentGeographicandOtherRevenueInformationNarrativeDetail,pfe-20251231_def.xml
X-PFE-0221,PFE,Pfizer Inc.,bounded_extension,definition,us-gaap:ConcentrationRiskBenchmarkDomain,Concentration Risk Benchmark [Domain],us-gaap:AccountsReceivableMember,Accounts Receivable [Member],http://xbrl.org/int/dim/arcrole/domain-member,1,,,http://www.pfizer.com/role/SegmentGeographicandOtherRevenueInformationNarrativeDetail,pfe-20251231_def.xml
X-PFE-0222,PFE,Pfizer Inc.,bounded_extension,definition,us-gaap:ScheduleOfSegmentReportingInformationBySegmentTable,"Schedule of Segment Reporting Information, by Segment [Table]",srt:MajorCustomersAxis,Customer [Axis],http://xbrl.org/int/dim/arcrole/hypercube-dimension,4,,,http://www.pfizer.com/role/SegmentGeographicandOtherRevenueInformationNarrativeDetail,pfe-20251231_def.xml
X-PFE-0223,PFE,Pfizer Inc.,bounded_extension,definition,srt:MajorCustomersAxis,Customer [Axis],srt:NameOfMajorCustomerDomain,Customer [Domain],http://xbrl.org/int/dim/arcrole/dimension-default,1,,,http://www.pfizer.com/role/SegmentGeographicandOtherRevenueInformationNarrativeDetail,pfe-20251231_def.xml
X-PFE-0224,PFE,Pfizer Inc.,bounded_extension,definition,srt:MajorCustomersAxis,Customer [Axis],srt:NameOfMajorCustomerDomain,Customer [Domain],http://xbrl.org/int/dim/arcrole/dimension-domain,1,,,http://www.pfizer.com/role/SegmentGeographicandOtherRevenueInformationNarrativeDetail,pfe-20251231_def.xml
X-PFE-0225,PFE,Pfizer Inc.,bounded_extension,definition,srt:NameOfMajorCustomerDomain,Customer [Domain],pfe:ThreeLargestUSWholesaleCustomersMember,,http://xbrl.org/int/dim/arcrole/domain-member,0,,,http://www.pfizer.com/role/SegmentGeographicandOtherRevenueInformationNarrativeDetail,pfe-20251231_def.xml
X-PFE-0226,PFE,Pfizer Inc.,bounded_extension,definition,srt:NameOfMajorCustomerDomain,Customer [Domain],pfe:GovernmentAndGovernmentSponsoredMember,,http://xbrl.org/int/dim/arcrole/domain-member,1,,,http://www.pfizer.com/role/SegmentGeographicandOtherRevenueInformationNarrativeDetail,pfe-20251231_def.xml
X-PFE-0227,PFE,Pfizer Inc.,bounded_extension,definition,us-gaap:SegmentReportingInformationLineItems,Segment Reporting Information [Line Items],pfe:ConcentrationRiskRevenues500000000orMoreNumberofCountries,,http://xbrl.org/int/dim/arcrole/domain-member,3,,,http://www.pfizer.com/role/SegmentGeographicandOtherRevenueInformationNarrativeDetail,pfe-20251231_def.xml
X-PFE-0228,PFE,Pfizer Inc.,bounded_extension,definition,us-gaap:SegmentReportingInformationLineItems,Segment Reporting Information [Line Items],pfe:ContractWithCustomerRefundRecordedDuringPeriod,,http://xbrl.org/int/dim/arcrole/domain-member,5,,,http://www.pfizer.com/role/SegmentGeographicandOtherRevenueInformationNarrativeDetail,pfe-20251231_def.xml
X-PFE-0229,PFE,Pfizer Inc.,bounded_extension,definition,us-gaap:SegmentReportingInformationLineItems,Segment Reporting Information [Line Items],pfe:GovernmentEmergencyUseAuthorizationInventoryToBeReturnedToCompanyNumberOfTreatmentCourses,,http://xbrl.org/int/dim/arcrole/domain-member,6,,,http://www.pfizer.com/role/SegmentGeographicandOtherRevenueInformationNarrativeDetail,pfe-20251231_def.xml
X-PFE-0230,PFE,Pfizer Inc.,bounded_extension,definition,us-gaap:SegmentReportingInformationLineItems,Segment Reporting Information [Line Items],pfe:ContractWithCustomerFavorableAdjustmentForGovernmentEmergencyUseAuthorizationInventoryReturnedToTheCompanyDuringThePeriod,,http://xbrl.org/int/dim/arcrole/domain-member,7,,,http://www.pfizer.com/role/SegmentGeographicandOtherRevenueInformationNarrativeDetail,pfe-20251231_def.xml
X-PFE-0231,PFE,Pfizer Inc.,bounded_extension,definition,us-gaap:SegmentReportingInformationLineItems,Segment Reporting Information [Line Items],pfe:GovernmentEmergencyUseAuthorizationInventoryReturnedToTheCompanyDuringThePeriodNumberOfTreatmentCourses,,http://xbrl.org/int/dim/arcrole/domain-member,8,,,http://www.pfizer.com/role/SegmentGeographicandOtherRevenueInformationNarrativeDetail,pfe-20251231_def.xml
X-PFE-0232,PFE,Pfizer Inc.,bounded_extension,definition,us-gaap:SegmentReportingInformationLineItems,Segment Reporting Information [Line Items],us-gaap:RevenueFromContractWithCustomerExcludingAssessedTax,"Revenue from Contract with Customer, Excluding Assessed Tax",http://xbrl.org/int/dim/arcrole/domain-member,10,,,http://www.pfizer.com/role/SegmentGeographicandOtherRevenueInformationNarrativeDetail,pfe-20251231_def.xml
X-PFE-0233,PFE,Pfizer Inc.,bounded_extension,definition,us-gaap:SegmentReportingInformationLineItems,Segment Reporting Information [Line Items],us-gaap:RevenueRemainingPerformanceObligation,"Revenue, Remaining Performance Obligation, Amount",http://xbrl.org/int/dim/arcrole/domain-member,11,,,http://www.pfizer.com/role/SegmentGeographicandOtherRevenueInformationNarrativeDetail,pfe-20251231_def.xml
X-PFE-0234,PFE,Pfizer Inc.,bounded_extension,definition,us-gaap:SegmentReportingInformationLineItems,Segment Reporting Information [Line Items],us-gaap:ContractWithCustomerLiability,"Contract with Customer, Liability",http://xbrl.org/int/dim/arcrole/domain-member,12,,,http://www.pfizer.com/role/SegmentGeographicandOtherRevenueInformationNarrativeDetail,pfe-20251231_def.xml
X-PFE-0235,PFE,Pfizer Inc.,bounded_extension,definition,us-gaap:SegmentReportingInformationLineItems,Segment Reporting Information [Line Items],us-gaap:ContractWithCustomerLiabilityCurrent,"Contract with Customer, Liability, Current",http://xbrl.org/int/dim/arcrole/domain-member,13,,,http://www.pfizer.com/role/SegmentGeographicandOtherRevenueInformationNarrativeDetail,pfe-20251231_def.xml
X-PFE-0236,PFE,Pfizer Inc.,bounded_extension,definition,us-gaap:SegmentReportingInformationLineItems,Segment Reporting Information [Line Items],us-gaap:ContractWithCustomerLiabilityNoncurrent,"Contract with Customer, Liability, Noncurrent",http://xbrl.org/int/dim/arcrole/domain-member,14,,,http://www.pfizer.com/role/SegmentGeographicandOtherRevenueInformationNarrativeDetail,pfe-20251231_def.xml
X-PFE-0237,PFE,Pfizer Inc.,bounded_extension,definition,us-gaap:SegmentReportingInformationLineItems,Segment Reporting Information [Line Items],us-gaap:ContractWithCustomerLiabilityRevenueRecognized,"Contract with Customer, Liability, Revenue Recognized",http://xbrl.org/int/dim/arcrole/domain-member,15,,,http://www.pfizer.com/role/SegmentGeographicandOtherRevenueInformationNarrativeDetail,pfe-20251231_def.xml
X-PFE-0238,PFE,Pfizer Inc.,bounded_extension,definition,us-gaap:SegmentReportingInformationLineItems,Segment Reporting Information [Line Items],us-gaap:Revenues,Revenues,http://xbrl.org/int/dim/arcrole/domain-member,0,,,http://www.pfizer.com/role/SegmentGeographicandOtherRevenueInformationScheduleofSegmentReportingInformationbySegmentDetails,pfe-20251231_def.xml
X-PFE-0239,PFE,Pfizer Inc.,bounded_extension,definition,us-gaap:SegmentReportingInformationLineItems,Segment Reporting Information [Line Items],pfe:ContractWithCustomerRefundRecordedDuringPeriod,,http://xbrl.org/int/dim/arcrole/domain-member,3,,,http://www.pfizer.com/role/SegmentGeographicandOtherRevenueInformationScheduleofSegmentReportingInformationbySegmentDetails,pfe-20251231_def.xml
X-PFE-0240,PFE,Pfizer Inc.,bounded_extension,definition,us-gaap:SegmentReportingInformationLineItems,Segment Reporting Information [Line Items],pfe:ContractWithCustomerFavorableAdjustmentForGovernmentEmergencyUseAuthorizationInventoryReturnedToTheCompanyDuringThePeriod,,http://xbrl.org/int/dim/arcrole/domain-member,4,,,http://www.pfizer.com/role/SegmentGeographicandOtherRevenueInformationScheduleofSegmentReportingInformationbySegmentDetails,pfe-20251231_def.xml
X-PFE-0241,PFE,Pfizer Inc.,bounded_extension,definition,us-gaap:SegmentReportingInformationLineItems,Segment Reporting Information [Line Items],us-gaap:InventoryWriteDown,Inventory Write-down,http://xbrl.org/int/dim/arcrole/domain-member,5,,,http://www.pfizer.com/role/SegmentGeographicandOtherRevenueInformationScheduleofSegmentReportingInformationbySegmentDetails,pfe-20251231_def.xml
X-PFE-0242,PFE,Pfizer Inc.,bounded_extension,definition,us-gaap:SegmentReportingInformationLineItems,Segment Reporting Information [Line Items],us-gaap:Revenues,Revenues,http://xbrl.org/int/dim/arcrole/domain-member,0,,,http://www.pfizer.com/role/SegmentGeographicandOtherRevenueInformationScheduleofSignificantBiopharmaSegmentExpensesDetails,pfe-20251231_def.xml
X-PFE-0243,PFE,Pfizer Inc.,bounded_extension,definition,us-gaap:SegmentReportingInformationLineItems,Segment Reporting Information [Line Items],us-gaap:CostOfGoodsAndServicesSold,Cost of Product and Service Sold,http://xbrl.org/int/dim/arcrole/domain-member,1,,,http://www.pfizer.com/role/SegmentGeographicandOtherRevenueInformationScheduleofSignificantBiopharmaSegmentExpensesDetails,pfe-20251231_def.xml
X-PFE-0244,PFE,Pfizer Inc.,bounded_extension,definition,us-gaap:RevenuesFromExternalCustomersAndLongLivedAssetsLineItems,Revenues from External Customers and Long-Lived Assets [Line Items],us-gaap:ScheduleOfRevenuesFromExternalCustomersAndLongLivedAssetsTable,Schedule of Revenues from External Customers and Long-Lived Assets [Table],http://xbrl.org/int/dim/arcrole/all,1,,,http://www.pfizer.com/role/SegmentGeographicandOtherRevenueInformationRevenuesbyGeographicAreaDetail,pfe-20251231_def.xml
X-PFE-0245,PFE,Pfizer Inc.,bounded_extension,definition,us-gaap:ScheduleOfRevenuesFromExternalCustomersAndLongLivedAssetsTable,Schedule of Revenues from External Customers and Long-Lived Assets [Table],srt:StatementGeographicalAxis,Geographical [Axis],http://xbrl.org/int/dim/arcrole/hypercube-dimension,1,,,http://www.pfizer.com/role/SegmentGeographicandOtherRevenueInformationRevenuesbyGeographicAreaDetail,pfe-20251231_def.xml
X-PFE-0246,PFE,Pfizer Inc.,bounded_extension,definition,us-gaap:RevenuesFromExternalCustomersAndLongLivedAssetsLineItems,Revenues from External Customers and Long-Lived Assets [Line Items],us-gaap:Revenues,Revenues,http://xbrl.org/int/dim/arcrole/domain-member,0,,,http://www.pfizer.com/role/SegmentGeographicandOtherRevenueInformationRevenuesbyGeographicAreaDetail,pfe-20251231_def.xml
X-PFE-0247,PFE,Pfizer Inc.,bounded_extension,definition,us-gaap:ConcentrationRiskTable,Concentration Risk [Table],srt:MajorCustomersAxis,Customer [Axis],http://xbrl.org/int/dim/arcrole/hypercube-dimension,1,,,http://www.pfizer.com/role/SegmentGeographicandOtherRevenueInformationSchedulesofConcentrationofRiskDetails,pfe-20251231_def.xml
X-PFE-0248,PFE,Pfizer Inc.,bounded_extension,definition,srt:MajorCustomersAxis,Customer [Axis],srt:NameOfMajorCustomerDomain,Customer [Domain],http://xbrl.org/int/dim/arcrole/dimension-default,1,,,http://www.pfizer.com/role/SegmentGeographicandOtherRevenueInformationSchedulesofConcentrationofRiskDetails,pfe-20251231_def.xml
X-PFE-0249,PFE,Pfizer Inc.,bounded_extension,definition,srt:MajorCustomersAxis,Customer [Axis],srt:NameOfMajorCustomerDomain,Customer [Domain],http://xbrl.org/int/dim/arcrole/dimension-domain,1,,,http://www.pfizer.com/role/SegmentGeographicandOtherRevenueInformationSchedulesofConcentrationofRiskDetails,pfe-20251231_def.xml
X-PFE-0250,PFE,Pfizer Inc.,bounded_extension,definition,srt:NameOfMajorCustomerDomain,Customer [Domain],pfe:McKessonInc.Member,,http://xbrl.org/int/dim/arcrole/domain-member,0,,,http://www.pfizer.com/role/SegmentGeographicandOtherRevenueInformationSchedulesofConcentrationofRiskDetails,pfe-20251231_def.xml
X-PFE-0251,PFE,Pfizer Inc.,bounded_extension,definition,srt:NameOfMajorCustomerDomain,Customer [Domain],pfe:CencoraInc.Member,,http://xbrl.org/int/dim/arcrole/domain-member,1,,,http://www.pfizer.com/role/SegmentGeographicandOtherRevenueInformationSchedulesofConcentrationofRiskDetails,pfe-20251231_def.xml
X-PFE-0252,PFE,Pfizer Inc.,bounded_extension,definition,srt:NameOfMajorCustomerDomain,Customer [Domain],pfe:CardinalHealthInc.Member,,http://xbrl.org/int/dim/arcrole/domain-member,2,,,http://www.pfizer.com/role/SegmentGeographicandOtherRevenueInformationSchedulesofConcentrationofRiskDetails,pfe-20251231_def.xml
X-PFE-0253,PFE,Pfizer Inc.,bounded_extension,definition,us-gaap:ConcentrationRiskBenchmarkDomain,Concentration Risk Benchmark [Domain],us-gaap:RevenueFromContractWithCustomerMember,Revenue from Contract with Customer Benchmark [Member],http://xbrl.org/int/dim/arcrole/domain-member,0,,,http://www.pfizer.com/role/SegmentGeographicandOtherRevenueInformationSchedulesofConcentrationofRiskDetails,pfe-20251231_def.xml
X-PFE-0254,PFE,Pfizer Inc.,bounded_extension,definition,us-gaap:ConcentrationRiskTypeDomain,Concentration Risk Type [Domain],us-gaap:CustomerConcentrationRiskMember,Customer Concentration Risk [Member],http://xbrl.org/int/dim/arcrole/domain-member,0,,,http://www.pfizer.com/role/SegmentGeographicandOtherRevenueInformationSchedulesofConcentrationofRiskDetails,pfe-20251231_def.xml
X-PFE-0255,PFE,Pfizer Inc.,bounded_extension,definition,us-gaap:EntityWideInformationRevenueFromExternalCustomerLineItems,Revenue from External Customer [Line Items],us-gaap:ScheduleOfEntityWideInformationRevenueFromExternalCustomersByProductsAndServicesTable,"Segment Reporting, Revenue from External Customer, Product and Service [Table]",http://xbrl.org/int/dim/arcrole/all,1,,,http://www.pfizer.com/role/SegmentGeographicandOtherRevenueInformationRevenuesbyProductDetail,pfe-20251231_def.xml
X-PFE-0256,PFE,Pfizer Inc.,bounded_extension,definition,us-gaap:ScheduleOfEntityWideInformationRevenueFromExternalCustomersByProductsAndServicesTable,"Segment Reporting, Revenue from External Customer, Product and Service [Table]",us-gaap:ReportingUnitAxis,Reporting Unit [Axis],http://xbrl.org/int/dim/arcrole/hypercube-dimension,1,,,http://www.pfizer.com/role/SegmentGeographicandOtherRevenueInformationRevenuesbyProductDetail,pfe-20251231_def.xml
X-PFE-0257,PFE,Pfizer Inc.,bounded_extension,definition,us-gaap:ScheduleOfEntityWideInformationRevenueFromExternalCustomersByProductsAndServicesTable,"Segment Reporting, Revenue from External Customer, Product and Service [Table]",srt:ProductOrServiceAxis,Product and Service [Axis],http://xbrl.org/int/dim/arcrole/hypercube-dimension,2,,,http://www.pfizer.com/role/SegmentGeographicandOtherRevenueInformationRevenuesbyProductDetail,pfe-20251231_def.xml
X-PFE-0258,PFE,Pfizer Inc.,bounded_extension,definition,us-gaap:ScheduleOfEntityWideInformationRevenueFromExternalCustomersByProductsAndServicesTable,"Segment Reporting, Revenue from External Customer, Product and Service [Table]",us-gaap:StatementBusinessSegmentsAxis,Segments [Axis],http://xbrl.org/int/dim/arcrole/hypercube-dimension,3,,,http://www.pfizer.com/role/SegmentGeographicandOtherRevenueInformationRevenuesbyProductDetail,pfe-20251231_def.xml
X-PFE-0259,PFE,Pfizer Inc.,bounded_extension,definition,us-gaap:ScheduleOfEntityWideInformationRevenueFromExternalCustomersByProductsAndServicesTable,"Segment Reporting, Revenue from External Customer, Product and Service [Table]",us-gaap:SubsegmentsAxis,Subsegments [Axis],http://xbrl.org/int/dim/arcrole/hypercube-dimension,4,,,http://www.pfizer.com/role/SegmentGeographicandOtherRevenueInformationRevenuesbyProductDetail,pfe-20251231_def.xml
X-PFE-0260,PFE,Pfizer Inc.,bounded_extension,definition,us-gaap:EntityWideInformationRevenueFromExternalCustomerLineItems,Revenue from External Customer [Line Items],us-gaap:Revenues,Revenues,http://xbrl.org/int/dim/arcrole/domain-member,0,,,http://www.pfizer.com/role/SegmentGeographicandOtherRevenueInformationRevenuesbyProductDetail,pfe-20251231_def.xml
X-PFE-0261,PFE,Pfizer Inc.,bounded_extension,definition,us-gaap:EntityWideInformationRevenueFromExternalCustomerLineItems,Revenue from External Customer [Line Items],us-gaap:RevenueFromCollaborativeArrangementExcludingRevenueFromContractWithCustomer,"Revenue from Collaborative Arrangement, Excluding Revenue from Contract with Customer",http://xbrl.org/int/dim/arcrole/domain-member,1,,,http://www.pfizer.com/role/SegmentGeographicandOtherRevenueInformationRevenuesbyProductDetail,pfe-20251231_def.xml
X-PFE-0262,PFE,Pfizer Inc.,bounded_extension,definition,us-gaap:EntityWideInformationRevenueFromExternalCustomerLineItems,Revenue from External Customer [Line Items],us-gaap:RevenueFromContractWithCustomerExcludingAssessedTax,"Revenue from Contract with Customer, Excluding Assessed Tax",http://xbrl.org/int/dim/arcrole/domain-member,2,,,http://www.pfizer.com/role/SegmentGeographicandOtherRevenueInformationRevenuesbyProductDetail,pfe-20251231_def.xml
X-PFE-0263,PFE,Pfizer Inc.,bounded_extension,definition,us-gaap:EntityWideInformationRevenueFromExternalCustomerLineItems,Revenue from External Customer [Line Items],us-gaap:ScheduleOfEntityWideInformationRevenueFromExternalCustomersByProductsAndServicesTable,"Segment Reporting, Revenue from External Customer, Product and Service [Table]",http://xbrl.org/int/dim/arcrole/all,1,,,http://www.pfizer.com/role/SegmentGeographicandOtherRevenueInformationRevenuesbyProductFootnotesDetails,pfe-20251231_def.xml
X-PFE-0264,PFE,Pfizer Inc.,bounded_extension,definition,us-gaap:ScheduleOfEntityWideInformationRevenueFromExternalCustomersByProductsAndServicesTable,"Segment Reporting, Revenue from External Customer, Product and Service [Table]",us-gaap:StatementBusinessSegmentsAxis,Segments [Axis],http://xbrl.org/int/dim/arcrole/hypercube-dimension,1,,,http://www.pfizer.com/role/SegmentGeographicandOtherRevenueInformationRevenuesbyProductFootnotesDetails,pfe-20251231_def.xml
X-PFE-0265,PFE,Pfizer Inc.,bounded_extension,definition,us-gaap:ScheduleOfEntityWideInformationRevenueFromExternalCustomersByProductsAndServicesTable,"Segment Reporting, Revenue from External Customer, Product and Service [Table]",srt:ProductOrServiceAxis,Product and Service [Axis],http://xbrl.org/int/dim/arcrole/hypercube-dimension,2,,,http://www.pfizer.com/role/SegmentGeographicandOtherRevenueInformationRevenuesbyProductFootnotesDetails,pfe-20251231_def.xml
X-PFE-0266,PFE,Pfizer Inc.,bounded_extension,definition,us-gaap:ScheduleOfEntityWideInformationRevenueFromExternalCustomersByProductsAndServicesTable,"Segment Reporting, Revenue from External Customer, Product and Service [Table]",us-gaap:ReportingUnitAxis,Reporting Unit [Axis],http://xbrl.org/int/dim/arcrole/hypercube-dimension,3,,,http://www.pfizer.com/role/SegmentGeographicandOtherRevenueInformationRevenuesbyProductFootnotesDetails,pfe-20251231_def.xml
X-PFE-0267,PFE,Pfizer Inc.,bounded_extension,definition,us-gaap:EntityWideInformationRevenueFromExternalCustomerLineItems,Revenue from External Customer [Line Items],pfe:ContractWithCustomerRefundRecordedDuringPeriod,,http://xbrl.org/int/dim/arcrole/domain-member,0,,,http://www.pfizer.com/role/SegmentGeographicandOtherRevenueInformationRevenuesbyProductFootnotesDetails,pfe-20251231_def.xml
X-PFE-0268,PFE,Pfizer Inc.,bounded_extension,definition,us-gaap:EntityWideInformationRevenueFromExternalCustomerLineItems,Revenue from External Customer [Line Items],pfe:GovernmentEmergencyUseAuthorizationInventoryToBeReturnedToCompanyNumberOfTreatmentCourses,,http://xbrl.org/int/dim/arcrole/domain-member,1,,,http://www.pfizer.com/role/SegmentGeographicandOtherRevenueInformationRevenuesbyProductFootnotesDetails,pfe-20251231_def.xml
X-PFE-0269,PFE,Pfizer Inc.,bounded_extension,definition,us-gaap:EntityWideInformationRevenueFromExternalCustomerLineItems,Revenue from External Customer [Line Items],us-gaap:RevenueFromContractWithCustomerExcludingAssessedTax,"Revenue from Contract with Customer, Excluding Assessed Tax",http://xbrl.org/int/dim/arcrole/domain-member,2,,,http://www.pfizer.com/role/SegmentGeographicandOtherRevenueInformationRevenuesbyProductFootnotesDetails,pfe-20251231_def.xml
X-PFE-0270,PFE,Pfizer Inc.,bounded_extension,definition,us-gaap:EntityWideInformationRevenueFromExternalCustomerLineItems,Revenue from External Customer [Line Items],us-gaap:Revenues,Revenues,http://xbrl.org/int/dim/arcrole/domain-member,3,,,http://www.pfizer.com/role/SegmentGeographicandOtherRevenueInformationRevenuesbyProductFootnotesDetails,pfe-20251231_def.xml
X-PFE-0271,PFE,Pfizer Inc.,bounded_extension,definition,us-gaap:EntityWideInformationRevenueFromExternalCustomerLineItems,Revenue from External Customer [Line Items],pfe:ContractWithCustomerFavorableAdjustmentForGovernmentEmergencyUseAuthorizationInventoryReturnedToTheCompanyDuringThePeriod,,http://xbrl.org/int/dim/arcrole/domain-member,4,,,http://www.pfizer.com/role/SegmentGeographicandOtherRevenueInformationRevenuesbyProductFootnotesDetails,pfe-20251231_def.xml
X-PFE-0272,PFE,Pfizer Inc.,bounded_extension,definition,us-gaap:EntityWideInformationRevenueFromExternalCustomerLineItems,Revenue from External Customer [Line Items],pfe:GovernmentEmergencyUseAuthorizationInventoryReturnedToTheCompanyDuringThePeriodNumberOfTreatmentCourses,,http://xbrl.org/int/dim/arcrole/domain-member,5,,,http://www.pfizer.com/role/SegmentGeographicandOtherRevenueInformationRevenuesbyProductFootnotesDetails,pfe-20251231_def.xml
X-CROX-0001,CROX,"Crocs, Inc.",bounded_extension,presentation,us-gaap:IncomeStatementAbstract,Income Statement [Abstract],us-gaap:RevenueFromContractWithCustomerExcludingAssessedTax,"Revenue from Contract with Customer, Excluding Assessed Tax",http://www.xbrl.org/2003/arcrole/parent-child,1,,http://www.xbrl.org/2003/role/terseLabel,http://www.crocs.com/role/CONSOLIDATEDSTATEMENTSOFOPERATIONS,crox-20251231_pre.xml
X-CROX-0002,CROX,"Crocs, Inc.",bounded_extension,presentation,us-gaap:IncomeStatementAbstract,Income Statement [Abstract],us-gaap:CostOfGoodsAndServicesSold,Cost of Product and Service Sold,http://www.xbrl.org/2003/arcrole/parent-child,2,,http://www.xbrl.org/2003/role/terseLabel,http://www.crocs.com/role/CONSOLIDATEDSTATEMENTSOFOPERATIONS,crox-20251231_pre.xml
X-CROX-0003,CROX,"Crocs, Inc.",bounded_extension,presentation,us-gaap:IncomeStatementAbstract,Income Statement [Abstract],us-gaap:GrossProfit,Gross Profit,http://www.xbrl.org/2003/arcrole/parent-child,3,,http://www.xbrl.org/2003/role/totalLabel,http://www.crocs.com/role/CONSOLIDATEDSTATEMENTSOFOPERATIONS,crox-20251231_pre.xml
X-CROX-0004,CROX,"Crocs, Inc.",bounded_extension,presentation,us-gaap:AssetsCurrentAbstract,"Assets, Current [Abstract]",us-gaap:AccountsReceivableNetCurrent,"Accounts Receivable, after Allowance for Credit Loss, Current",http://www.xbrl.org/2003/arcrole/parent-child,2,,http://www.xbrl.org/2003/role/terseLabel,http://www.crocs.com/role/CONSOLIDATEDBALANCESHEETS,crox-20251231_pre.xml
X-CROX-0005,CROX,"Crocs, Inc.",bounded_extension,presentation,us-gaap:AssetsCurrentAbstract,"Assets, Current [Abstract]",us-gaap:InventoryNet,"Inventory, Net",http://www.xbrl.org/2003/arcrole/parent-child,3,,http://www.xbrl.org/2003/role/verboseLabel,http://www.crocs.com/role/CONSOLIDATEDBALANCESHEETS,crox-20251231_pre.xml
X-CROX-0006,CROX,"Crocs, Inc.",bounded_extension,presentation,us-gaap:AssetsCurrentAbstract,"Assets, Current [Abstract]",us-gaap:IncomeTaxesReceivable,"Income Taxes Receivable, Current",http://www.xbrl.org/2003/arcrole/parent-child,4,,http://www.xbrl.org/2003/role/terseLabel,http://www.crocs.com/role/CONSOLIDATEDBALANCESHEETS,crox-20251231_pre.xml
X-CROX-0007,CROX,"Crocs, Inc.",bounded_extension,presentation,us-gaap:AssetsCurrentAbstract,"Assets, Current [Abstract]",us-gaap:AccountsAndOtherReceivablesNetCurrent,"Accounts and Other Receivables, Net, Current",http://www.xbrl.org/2003/arcrole/parent-child,5,,http://www.xbrl.org/2003/role/terseLabel,http://www.crocs.com/role/CONSOLIDATEDBALANCESHEETS,crox-20251231_pre.xml
X-CROX-0008,CROX,"Crocs, Inc.",bounded_extension,presentation,us-gaap:StatementOfFinancialPositionAbstract,Statement of Financial Position [Abstract],us-gaap:AllowanceForDoubtfulAccountsReceivableCurrent,"Accounts Receivable, Allowance for Credit Loss, Current",http://www.xbrl.org/2003/arcrole/parent-child,1,,http://www.xbrl.org/2003/role/terseLabel,http://www.crocs.com/role/CONSOLIDATEDBALANCESHEETSParenthetical,crox-20251231_pre.xml
X-CROX-0009,CROX,"Crocs, Inc.",bounded_extension,presentation,us-gaap:AdjustmentsToReconcileNetIncomeLossToCashProvidedByUsedInOperatingActivitiesAbstract,Adjustment to Reconcile Net Income to Cash Provided by (Used in) Operating Activity [Abstract],us-gaap:InventoryWriteDown,Inventory Write-down,http://www.xbrl.org/2003/arcrole/parent-child,3,,http://www.xbrl.org/2003/role/terseLabel,http://www.crocs.com/role/CONSOLIDATEDSTATEMENTSOFCASHFLOWS,crox-20251231_pre.xml
X-CROX-0010,CROX,"Crocs, Inc.",bounded_extension,presentation,us-gaap:IncreaseDecreaseInOperatingCapitalAbstract,"Adjustment to Reconcile Net Income to Cash Provided by (Used in) Operating Activity, Increase (Decrease) in Operating Capital [Abstract]",us-gaap:IncreaseDecreaseInAccountsReceivable,Increase (Decrease) in Accounts Receivable,http://www.xbrl.org/2003/arcrole/parent-child,1,,http://www.xbrl.org/2009/role/negatedLabel,http://www.crocs.com/role/CONSOLIDATEDSTATEMENTSOFCASHFLOWS,crox-20251231_pre.xml
X-CROX-0011,CROX,"Crocs, Inc.",bounded_extension,presentation,us-gaap:IncreaseDecreaseInOperatingCapitalAbstract,"Adjustment to Reconcile Net Income to Cash Provided by (Used in) Operating Activity, Increase (Decrease) in Operating Capital [Abstract]",us-gaap:IncreaseDecreaseInInventories,Increase (Decrease) in Inventories,http://www.xbrl.org/2003/arcrole/parent-child,2,,http://www.xbrl.org/2009/role/negatedLabel,http://www.crocs.com/role/CONSOLIDATEDSTATEMENTSOFCASHFLOWS,crox-20251231_pre.xml
X-CROX-0012,CROX,"Crocs, Inc.",bounded_extension,presentation,us-gaap:IncreaseDecreaseInOperatingCapitalAbstract,"Adjustment to Reconcile Net Income to Cash Provided by (Used in) Operating Activity, Increase (Decrease) in Operating Capital [Abstract]",us-gaap:IncreaseDecreaseInIncomeTaxesReceivable,Increase (Decrease) in Income Taxes Receivable,http://www.xbrl.org/2003/arcrole/parent-child,7,,http://www.xbrl.org/2009/role/negatedTerseLabel,http://www.crocs.com/role/CONSOLIDATEDSTATEMENTSOFCASHFLOWS,crox-20251231_pre.xml
X-CROX-0013,CROX,"Crocs, Inc.",bounded_extension,presentation,us-gaap:RevenueFromContractWithCustomerAbstract,Revenue from Contract with Customer [Abstract],us-gaap:RevenueFromContractWithCustomerTextBlock,Revenue from Contract with Customer [Text Block],http://www.xbrl.org/2003/arcrole/parent-child,1,,http://www.xbrl.org/2003/role/terseLabel,http://www.crocs.com/role/REVENUES,crox-20251231_pre.xml
X-CROX-0014,CROX,"Crocs, Inc.",bounded_extension,presentation,us-gaap:OrganizationConsolidationAndPresentationOfFinancialStatementsAbstract,"Organization, Consolidation and Presentation of Financial Statements [Abstract]",us-gaap:TradeAndOtherAccountsReceivablePolicy,Accounts Receivable [Policy Text Block],http://www.xbrl.org/2003/arcrole/parent-child,6,,http://www.xbrl.org/2003/role/terseLabel,http://www.crocs.com/role/BASISOFPRESENTATIONANDSUMMARYOFSIGNIFICANTACCOUNTINGPOLICIESPolicies,crox-20251231_pre.xml
X-CROX-0015,CROX,"Crocs, Inc.",bounded_extension,presentation,us-gaap:OrganizationConsolidationAndPresentationOfFinancialStatementsAbstract,"Organization, Consolidation and Presentation of Financial Statements [Abstract]",us-gaap:InventoryPolicyTextBlock,"Inventory, Policy [Policy Text Block]",http://www.xbrl.org/2003/arcrole/parent-child,7,,http://www.xbrl.org/2003/role/terseLabel,http://www.crocs.com/role/BASISOFPRESENTATIONANDSUMMARYOFSIGNIFICANTACCOUNTINGPOLICIESPolicies,crox-20251231_pre.xml
X-CROX-0016,CROX,"Crocs, Inc.",bounded_extension,presentation,us-gaap:OrganizationConsolidationAndPresentationOfFinancialStatementsAbstract,"Organization, Consolidation and Presentation of Financial Statements [Abstract]",us-gaap:RevenueFromContractWithCustomerPolicyTextBlock,Revenue from Contract with Customer [Policy Text Block],http://www.xbrl.org/2003/arcrole/parent-child,14,,http://www.xbrl.org/2003/role/terseLabel,http://www.crocs.com/role/BASISOFPRESENTATIONANDSUMMARYOFSIGNIFICANTACCOUNTINGPOLICIESPolicies,crox-20251231_pre.xml
X-CROX-0017,CROX,"Crocs, Inc.",bounded_extension,presentation,us-gaap:OrganizationConsolidationAndPresentationOfFinancialStatementsAbstract,"Organization, Consolidation and Presentation of Financial Statements [Abstract]",us-gaap:RevenueTransactionPriceMeasurementTaxExclusionPolicyTextBlock,"Revenue, Transaction Price Measurement, Tax Exclusion [Policy Text Block]",http://www.xbrl.org/2003/arcrole/parent-child,15,,http://www.xbrl.org/2003/role/terseLabel,http://www.crocs.com/role/BASISOFPRESENTATIONANDSUMMARYOFSIGNIFICANTACCOUNTINGPOLICIESPolicies,crox-20251231_pre.xml
X-CROX-0018,CROX,"Crocs, Inc.",bounded_extension,presentation,us-gaap:OrganizationConsolidationAndPresentationOfFinancialStatementsAbstract,"Organization, Consolidation and Presentation of Financial Statements [Abstract]",us-gaap:AccountsReceivableAllowanceForCreditLossTableTextBlock,"Accounts Receivable, Allowance for Credit Loss [Table Text Block]",http://www.xbrl.org/2003/arcrole/parent-child,1,,http://www.xbrl.org/2003/role/terseLabel,http://www.crocs.com/role/BASISOFPRESENTATIONANDSUMMARYOFSIGNIFICANTACCOUNTINGPOLICIESTables,crox-20251231_pre.xml
X-CROX-0019,CROX,"Crocs, Inc.",bounded_extension,presentation,us-gaap:RevenueFromContractWithCustomerAbstract,Revenue from Contract with Customer [Abstract],us-gaap:DisaggregationOfRevenueTableTextBlock,Disaggregation of Revenue [Table Text Block],http://www.xbrl.org/2003/arcrole/parent-child,1,,http://www.xbrl.org/2003/role/terseLabel,http://www.crocs.com/role/REVENUESTables,crox-20251231_pre.xml
X-CROX-0020,CROX,"Crocs, Inc.",bounded_extension,presentation,us-gaap:FiniteLivedIntangibleAssetsMajorClassNameDomain,"Finite-Lived Intangible Assets, Major Class Name [Domain]",us-gaap:CustomerRelationshipsMember,Customer Relationships [Member],http://www.xbrl.org/2003/arcrole/parent-child,1,,http://www.xbrl.org/2003/role/terseLabel,http://www.crocs.com/role/BASISOFPRESENTATIONANDSUMMARYOFSIGNIFICANTACCOUNTINGPOLICIESNarrativeDetails,crox-20251231_pre.xml
X-CROX-0021,CROX,"Crocs, Inc.",bounded_extension,presentation,us-gaap:ScheduleOfRelatedPartyTransactionsByRelatedPartyTable,Related Party Transaction [Table],us-gaap:ContractWithCustomerSalesChannelAxis,"Contract with Customer, Sales Channel [Axis]",http://www.xbrl.org/2003/arcrole/parent-child,5,,http://www.xbrl.org/2003/role/terseLabel,http://www.crocs.com/role/BASISOFPRESENTATIONANDSUMMARYOFSIGNIFICANTACCOUNTINGPOLICIESNarrativeDetails,crox-20251231_pre.xml
X-CROX-0022,CROX,"Crocs, Inc.",bounded_extension,presentation,us-gaap:ContractWithCustomerSalesChannelAxis,"Contract with Customer, Sales Channel [Axis]",us-gaap:ContractWithCustomerSalesChannelDomain,"Contract with Customer, Sales Channel [Domain]",http://www.xbrl.org/2003/arcrole/parent-child,1,,http://www.xbrl.org/2003/role/terseLabel,http://www.crocs.com/role/BASISOFPRESENTATIONANDSUMMARYOFSIGNIFICANTACCOUNTINGPOLICIESNarrativeDetails,crox-20251231_pre.xml
X-CROX-0023,CROX,"Crocs, Inc.",bounded_extension,presentation,us-gaap:ContractWithCustomerSalesChannelDomain,"Contract with Customer, Sales Channel [Domain]",crox:SalesChannelThroughIntermediaryWholesaleMember,,http://www.xbrl.org/2003/arcrole/parent-child,1,,http://www.xbrl.org/2003/role/terseLabel,http://www.crocs.com/role/BASISOFPRESENTATIONANDSUMMARYOFSIGNIFICANTACCOUNTINGPOLICIESNarrativeDetails,crox-20251231_pre.xml
X-CROX-0024,CROX,"Crocs, Inc.",bounded_extension,presentation,us-gaap:RelatedPartyTransactionLineItems,Related Party Transaction [Line Items],us-gaap:ContractWithCustomerLiabilityCumulativeCatchUpAdjustmentToRevenueChangeInEstimateOfTransactionPrice,"Contract with Customer, Liability, Cumulative Catch-up Adjustment to Revenue, Change in Estimate of Transaction Price",http://www.xbrl.org/2003/arcrole/parent-child,6,,http://www.xbrl.org/2003/role/terseLabel,http://www.crocs.com/role/BASISOFPRESENTATIONANDSUMMARYOFSIGNIFICANTACCOUNTINGPOLICIESNarrativeDetails,crox-20251231_pre.xml
X-CROX-0025,CROX,"Crocs, Inc.",bounded_extension,presentation,us-gaap:RelatedPartyTransactionLineItems,Related Party Transaction [Line Items],crox:RevenueFromContractWithCustomerNumberOfDistributionChannels,,http://www.xbrl.org/2003/arcrole/parent-child,7,,http://www.xbrl.org/2003/role/terseLabel,http://www.crocs.com/role/BASISOFPRESENTATIONANDSUMMARYOFSIGNIFICANTACCOUNTINGPOLICIESNarrativeDetails,crox-20251231_pre.xml
X-CROX-0026,CROX,"Crocs, Inc.",bounded_extension,presentation,srt:ValuationAndQualifyingAccountsDisclosureTable,"SEC Schedule, 12-09, Valuation and Qualifying Accounts Disclosure [Table]",us-gaap:ValuationAllowancesAndReservesTypeAxis,"SEC Schedule, 12-09, Valuation Allowances and Reserves Type [Axis]",http://www.xbrl.org/2003/arcrole/parent-child,1,,http://www.xbrl.org/2003/role/terseLabel,http://www.crocs.com/role/BASISOFPRESENTATIONANDSUMMARYOFSIGNIFICANTACCOUNTINGPOLICIESAllowanceforDoubtfulAccountsDetails,crox-20251231_pre.xml
X-CROX-0027,CROX,"Crocs, Inc.",bounded_extension,presentation,us-gaap:ValuationAllowancesAndReservesTypeAxis,"SEC Schedule, 12-09, Valuation Allowances and Reserves Type [Axis]",us-gaap:ValuationAllowancesAndReservesDomain,"SEC Schedule, 12-09, Valuation Allowances and Reserves [Domain]",http://www.xbrl.org/2003/arcrole/parent-child,1,,http://www.xbrl.org/2003/role/terseLabel,http://www.crocs.com/role/BASISOFPRESENTATIONANDSUMMARYOFSIGNIFICANTACCOUNTINGPOLICIESAllowanceforDoubtfulAccountsDetails,crox-20251231_pre.xml
X-CROX-0028,CROX,"Crocs, Inc.",bounded_extension,presentation,us-gaap:ValuationAllowancesAndReservesDomain,"SEC Schedule, 12-09, Valuation Allowances and Reserves [Domain]",us-gaap:AllowanceForCreditLossMember,"SEC Schedule, 12-09, Allowance, Credit Loss [Member]",http://www.xbrl.org/2003/arcrole/parent-child,1,,http://www.xbrl.org/2003/role/terseLabel,http://www.crocs.com/role/BASISOFPRESENTATIONANDSUMMARYOFSIGNIFICANTACCOUNTINGPOLICIESAllowanceforDoubtfulAccountsDetails,crox-20251231_pre.xml
X-CROX-0029,CROX,"Crocs, Inc.",bounded_extension,presentation,srt:ValuationAndQualifyingAccountsDisclosureLineItems,"SEC Schedule, 12-09, Valuation and Qualifying Accounts Disclosure [Line Items]",us-gaap:MovementInValuationAllowancesAndReservesRollForward,"SEC Schedule, 12-09, Movement in Valuation Allowances and Reserves [Roll Forward]",http://www.xbrl.org/2003/arcrole/parent-child,1,,http://www.xbrl.org/2003/role/terseLabel,http://www.crocs.com/role/BASISOFPRESENTATIONANDSUMMARYOFSIGNIFICANTACCOUNTINGPOLICIESAllowanceforDoubtfulAccountsDetails,crox-20251231_pre.xml
X-CROX-0030,CROX,"Crocs, Inc.",bounded_extension,presentation,us-gaap:MovementInValuationAllowancesAndReservesRollForward,"SEC Schedule, 12-09, Movement in Valuation Allowances and Reserves [Roll Forward]",us-gaap:ValuationAllowancesAndReservesBalance,"SEC Schedule, 12-09, Valuation Allowances and Reserves, Amount",http://www.xbrl.org/2003/arcrole/parent-child,1,,http://www.xbrl.org/2003/role/periodStartLabel,http://www.crocs.com/role/BASISOFPRESENTATIONANDSUMMARYOFSIGNIFICANTACCOUNTINGPOLICIESAllowanceforDoubtfulAccountsDetails,crox-20251231_pre.xml
X-CROX-0031,CROX,"Crocs, Inc.",bounded_extension,presentation,us-gaap:MovementInValuationAllowancesAndReservesRollForward,"SEC Schedule, 12-09, Movement in Valuation Allowances and Reserves [Roll Forward]",us-gaap:ValuationAllowancesAndReservesChargedToCostAndExpense,"SEC Schedule, 12-09, Valuation Allowances and Reserves, Additions, Charge to Cost and Expense",http://www.xbrl.org/2003/arcrole/parent-child,2,,http://www.xbrl.org/2003/role/terseLabel,http://www.crocs.com/role/BASISOFPRESENTATIONANDSUMMARYOFSIGNIFICANTACCOUNTINGPOLICIESAllowanceforDoubtfulAccountsDetails,crox-20251231_pre.xml
X-CROX-0032,CROX,"Crocs, Inc.",bounded_extension,presentation,us-gaap:MovementInValuationAllowancesAndReservesRollForward,"SEC Schedule, 12-09, Movement in Valuation Allowances and Reserves [Roll Forward]",us-gaap:ValuationAllowancesAndReservesDeductions,"SEC Schedule, 12-09, Valuation Allowances and Reserves, Deduction",http://www.xbrl.org/2003/arcrole/parent-child,3,,http://www.xbrl.org/2009/role/negatedTerseLabel,http://www.crocs.com/role/BASISOFPRESENTATIONANDSUMMARYOFSIGNIFICANTACCOUNTINGPOLICIESAllowanceforDoubtfulAccountsDetails,crox-20251231_pre.xml
X-CROX-0033,CROX,"Crocs, Inc.",bounded_extension,presentation,us-gaap:MovementInValuationAllowancesAndReservesRollForward,"SEC Schedule, 12-09, Movement in Valuation Allowances and Reserves [Roll Forward]",us-gaap:ValuationAllowancesAndReservesBalance,"SEC Schedule, 12-09, Valuation Allowances and Reserves, Amount",http://www.xbrl.org/2003/arcrole/parent-child,4,,http://www.xbrl.org/2003/role/periodEndLabel,http://www.crocs.com/role/BASISOFPRESENTATIONANDSUMMARYOFSIGNIFICANTACCOUNTINGPOLICIESAllowanceforDoubtfulAccountsDetails,crox-20251231_pre.xml
X-CROX-0034,CROX,"Crocs, Inc.",bounded_extension,presentation,us-gaap:IncomeStatementLocationDomain,"Statement of Income Location, Balance [Domain]",us-gaap:CostOfSalesMember,Cost of Sales [Member],http://www.xbrl.org/2003/arcrole/parent-child,1,,http://www.xbrl.org/2003/role/terseLabel,http://www.crocs.com/role/PROPERTYANDEQUIPMENTNETScheduleofDepreciationandAmortizationExpenseDetails,crox-20251231_pre.xml
X-CROX-0035,CROX,"Crocs, Inc.",bounded_extension,presentation,us-gaap:MeasurementInputTypeDomain,Measurement Input Type [Domain],us-gaap:MeasurementInputRevenueMultipleMember,"Measurement Input, Revenue Multiple [Member]",http://www.xbrl.org/2003/arcrole/parent-child,1,,http://www.xbrl.org/2003/role/terseLabel,http://www.crocs.com/role/GOODWILLANDINTANGIBLEASSETSNETGoodwillNarrativeDetails,crox-20251231_pre.xml
X-CROX-0036,CROX,"Crocs, Inc.",bounded_extension,presentation,us-gaap:FiniteLivedIntangibleAssetsMajorClassNameDomain,"Finite-Lived Intangible Assets, Major Class Name [Domain]",us-gaap:CustomerRelationshipsMember,Customer Relationships [Member],http://www.xbrl.org/2003/arcrole/parent-child,2,,http://www.xbrl.org/2003/role/terseLabel,http://www.crocs.com/role/GOODWILLANDINTANGIBLEASSETSNETSummaryofIntangibleAssetsDetails,crox-20251231_pre.xml
X-CROX-0037,CROX,"Crocs, Inc.",bounded_extension,presentation,us-gaap:IncomeStatementLocationDomain,"Statement of Income Location, Balance [Domain]",us-gaap:CostOfSalesMember,Cost of Sales [Member],http://www.xbrl.org/2003/arcrole/parent-child,1,,http://www.xbrl.org/2003/role/terseLabel,http://www.crocs.com/role/GOODWILLANDINTANGIBLEASSETSNETScheduleofIntangibleAssetAmortizationExpenseDetails,crox-20251231_pre.xml
X-CROX-0038,CROX,"Crocs, Inc.",bounded_extension,presentation,us-gaap:PayablesAndAccrualsAbstract,Payables and Accruals [Abstract],us-gaap:ContractWithCustomerRefundLiability,"Contract with Customer, Refund Liability",http://www.xbrl.org/2003/arcrole/parent-child,4,,http://www.xbrl.org/2003/role/terseLabel,http://www.crocs.com/role/ACCRUEDEXPENSESANDOTHERLIABILITIESDetails,crox-20251231_pre.xml
X-CROX-0039,CROX,"Crocs, Inc.",bounded_extension,presentation,us-gaap:RevenueFromContractWithCustomerAbstract,Revenue from Contract with Customer [Abstract],us-gaap:DisaggregationOfRevenueTable,Disaggregation of Revenue [Table],http://www.xbrl.org/2003/arcrole/parent-child,1,,http://www.xbrl.org/2003/role/terseLabel,http://www.crocs.com/role/REVENUESRevenuesbyReportableOperatingSegmentandbyChannelDetails,crox-20251231_pre.xml
X-CROX-0040,CROX,"Crocs, Inc.",bounded_extension,presentation,us-gaap:DisaggregationOfRevenueTable,Disaggregation of Revenue [Table],us-gaap:StatementBusinessSegmentsAxis,Segments [Axis],http://www.xbrl.org/2003/arcrole/parent-child,1,,http://www.xbrl.org/2003/role/terseLabel,http://www.crocs.com/role/REVENUESRevenuesbyReportableOperatingSegmentandbyChannelDetails,crox-20251231_pre.xml
X-CROX-0041,CROX,"Crocs, Inc.",bounded_extension,presentation,us-gaap:DisaggregationOfRevenueTable,Disaggregation of Revenue [Table],srt:StatementGeographicalAxis,Geographical [Axis],http://www.xbrl.org/2003/arcrole/parent-child,2,,http://www.xbrl.org/2003/role/terseLabel,http://www.crocs.com/role/REVENUESRevenuesbyReportableOperatingSegmentandbyChannelDetails,crox-20251231_pre.xml
X-CROX-0042,CROX,"Crocs, Inc.",bounded_extension,presentation,us-gaap:DisaggregationOfRevenueTable,Disaggregation of Revenue [Table],us-gaap:ContractWithCustomerSalesChannelAxis,"Contract with Customer, Sales Channel [Axis]",http://www.xbrl.org/2003/arcrole/parent-child,3,,http://www.xbrl.org/2003/role/terseLabel,http://www.crocs.com/role/REVENUESRevenuesbyReportableOperatingSegmentandbyChannelDetails,crox-20251231_pre.xml
X-CROX-0043,CROX,"Crocs, Inc.",bounded_extension,presentation,us-gaap:ContractWithCustomerSalesChannelAxis,"Contract with Customer, Sales Channel [Axis]",us-gaap:ContractWithCustomerSalesChannelDomain,"Contract with Customer, Sales Channel [Domain]",http://www.xbrl.org/2003/arcrole/parent-child,1,,http://www.xbrl.org/2003/role/terseLabel,http://www.crocs.com/role/REVENUESRevenuesbyReportableOperatingSegmentandbyChannelDetails,crox-20251231_pre.xml
X-CROX-0044,CROX,"Crocs, Inc.",bounded_extension,presentation,us-gaap:ContractWithCustomerSalesChannelDomain,"Contract with Customer, Sales Channel [Domain]",crox:SalesChannelThroughIntermediaryWholesaleMember,,http://www.xbrl.org/2003/arcrole/parent-child,1,,http://www.xbrl.org/2003/role/terseLabel,http://www.crocs.com/role/REVENUESRevenuesbyReportableOperatingSegmentandbyChannelDetails,crox-20251231_pre.xml
X-CROX-0045,CROX,"Crocs, Inc.",bounded_extension,presentation,us-gaap:ContractWithCustomerSalesChannelDomain,"Contract with Customer, Sales Channel [Domain]",us-gaap:SalesChannelDirectlyToConsumerMember,"Sales Channel, Directly to Consumer [Member]",http://www.xbrl.org/2003/arcrole/parent-child,2,,http://www.xbrl.org/2003/role/terseLabel,http://www.crocs.com/role/REVENUESRevenuesbyReportableOperatingSegmentandbyChannelDetails,crox-20251231_pre.xml
X-CROX-0046,CROX,"Crocs, Inc.",bounded_extension,presentation,us-gaap:DisaggregationOfRevenueTable,Disaggregation of Revenue [Table],us-gaap:DisaggregationOfRevenueLineItems,Disaggregation of Revenue [Line Items],http://www.xbrl.org/2003/arcrole/parent-child,4,,http://www.xbrl.org/2003/role/terseLabel,http://www.crocs.com/role/REVENUESRevenuesbyReportableOperatingSegmentandbyChannelDetails,crox-20251231_pre.xml
X-CROX-0047,CROX,"Crocs, Inc.",bounded_extension,presentation,us-gaap:DisaggregationOfRevenueLineItems,Disaggregation of Revenue [Line Items],us-gaap:RevenueFromContractWithCustomerExcludingAssessedTax,"Revenue from Contract with Customer, Excluding Assessed Tax",http://www.xbrl.org/2003/arcrole/parent-child,1,,http://www.xbrl.org/2003/role/terseLabel,http://www.crocs.com/role/REVENUESRevenuesbyReportableOperatingSegmentandbyChannelDetails,crox-20251231_pre.xml
X-CROX-0048,CROX,"Crocs, Inc.",bounded_extension,presentation,us-gaap:RevenueFromContractWithCustomerAbstract,Revenue from Contract with Customer [Abstract],us-gaap:ScheduleOfEntityWideInformationRevenueFromExternalCustomersByProductsAndServicesTable,"Segment Reporting, Revenue from External Customer, Product and Service [Table]",http://www.xbrl.org/2003/arcrole/parent-child,1,,http://www.xbrl.org/2003/role/terseLabel,http://www.crocs.com/role/REVENUESNarrativeDetails,crox-20251231_pre.xml
X-CROX-0049,CROX,"Crocs, Inc.",bounded_extension,presentation,us-gaap:ScheduleOfEntityWideInformationRevenueFromExternalCustomersByProductsAndServicesTable,"Segment Reporting, Revenue from External Customer, Product and Service [Table]",us-gaap:FairValueByLiabilityClassAxis,Liability Class [Axis],http://www.xbrl.org/2003/arcrole/parent-child,1,,http://www.xbrl.org/2003/role/terseLabel,http://www.crocs.com/role/REVENUESNarrativeDetails,crox-20251231_pre.xml
X-CROX-0050,CROX,"Crocs, Inc.",bounded_extension,presentation,us-gaap:FairValueLiabilitiesMeasuredOnRecurringBasisUnobservableInputReconciliationByLiabilityClassDomain,Fair Value by Liability Class [Domain],crox:RefundLiabilityMember,,http://www.xbrl.org/2003/arcrole/parent-child,1,,http://www.xbrl.org/2003/role/terseLabel,http://www.crocs.com/role/REVENUESNarrativeDetails,crox-20251231_pre.xml
X-CROX-0051,CROX,"Crocs, Inc.",bounded_extension,presentation,us-gaap:ScheduleOfEntityWideInformationRevenueFromExternalCustomersByProductsAndServicesTable,"Segment Reporting, Revenue from External Customer, Product and Service [Table]",us-gaap:EntityWideInformationRevenueFromExternalCustomerLineItems,Revenue from External Customer [Line Items],http://www.xbrl.org/2003/arcrole/parent-child,2,,http://www.xbrl.org/2003/role/terseLabel,http://www.crocs.com/role/REVENUESNarrativeDetails,crox-20251231_pre.xml
X-CROX-0052,CROX,"Crocs, Inc.",bounded_extension,presentation,us-gaap:EntityWideInformationRevenueFromExternalCustomerLineItems,Revenue from External Customer [Line Items],us-gaap:ContractWithCustomerLiabilityCurrent,"Contract with Customer, Liability, Current",http://www.xbrl.org/2003/arcrole/parent-child,1,,http://www.xbrl.org/2003/role/terseLabel,http://www.crocs.com/role/REVENUESNarrativeDetails,crox-20251231_pre.xml
X-CROX-0053,CROX,"Crocs, Inc.",bounded_extension,presentation,us-gaap:DeferredTaxAssetsNetAbstract,"Deferred Tax Assets, Net [Abstract]",us-gaap:DeferredTaxAssetsTaxDeferredExpenseReservesAndAccruals,"Deferred Tax Assets, Tax Deferred Expense, Reserves and Accruals",http://www.xbrl.org/2003/arcrole/parent-child,2,,http://www.xbrl.org/2003/role/terseLabel,http://www.crocs.com/role/INCOMETAXESDeferredIncomeTaxAssetsandLiabilitiesDetails,crox-20251231_pre.xml
X-CROX-0054,CROX,"Crocs, Inc.",bounded_extension,presentation,us-gaap:SegmentReportingInformationLineItems,Segment Reporting Information [Line Items],us-gaap:RevenueFromContractWithCustomerExcludingAssessedTax,"Revenue from Contract with Customer, Excluding Assessed Tax",http://www.xbrl.org/2003/arcrole/parent-child,1,,http://www.xbrl.org/2003/role/terseLabel,http://www.crocs.com/role/OPERATINGSEGMENTSANDGEOGRAPHICINFORMATIONInformationRelatedToReportableOperatingBusinessSegmentsDetails,crox-20251231_pre.xml
X-CROX-0055,CROX,"Crocs, Inc.",bounded_extension,presentation,us-gaap:SegmentReportingInformationLineItems,Segment Reporting Information [Line Items],us-gaap:CostOfGoodsAndServicesSold,Cost of Product and Service Sold,http://www.xbrl.org/2003/arcrole/parent-child,2,,http://www.xbrl.org/2003/role/verboseLabel,http://www.crocs.com/role/OPERATINGSEGMENTSANDGEOGRAPHICINFORMATIONInformationRelatedToReportableOperatingBusinessSegmentsDetails,crox-20251231_pre.xml
X-CROX-0056,CROX,"Crocs, Inc.",bounded_extension,calculation,us-gaap:GrossProfit,Gross Profit,us-gaap:RevenueFromContractWithCustomerExcludingAssessedTax,"Revenue from Contract with Customer, Excluding Assessed Tax",http://www.xbrl.org/2003/arcrole/summation-item,1,1.0,,http://www.crocs.com/role/CONSOLIDATEDSTATEMENTSOFOPERATIONS,crox-20251231_cal.xml
X-CROX-0057,CROX,"Crocs, Inc.",bounded_extension,calculation,us-gaap:GrossProfit,Gross Profit,us-gaap:CostOfGoodsAndServicesSold,Cost of Product and Service Sold,http://www.xbrl.org/2003/arcrole/summation-item,2,-1.0,,http://www.crocs.com/role/CONSOLIDATEDSTATEMENTSOFOPERATIONS,crox-20251231_cal.xml
X-CROX-0058,CROX,"Crocs, Inc.",bounded_extension,calculation,us-gaap:OperatingIncomeLoss,Operating Income (Loss),us-gaap:GrossProfit,Gross Profit,http://www.xbrl.org/2003/arcrole/summation-item,1,1.0,,http://www.crocs.com/role/CONSOLIDATEDSTATEMENTSOFOPERATIONS,crox-20251231_cal.xml
X-CROX-0059,CROX,"Crocs, Inc.",bounded_extension,calculation,us-gaap:AssetsCurrent,"Assets, Current",us-gaap:AccountsReceivableNetCurrent,"Accounts Receivable, after Allowance for Credit Loss, Current",http://www.xbrl.org/2003/arcrole/summation-item,2,1.0,,http://www.crocs.com/role/CONSOLIDATEDBALANCESHEETS,crox-20251231_cal.xml
X-CROX-0060,CROX,"Crocs, Inc.",bounded_extension,calculation,us-gaap:AssetsCurrent,"Assets, Current",us-gaap:InventoryNet,"Inventory, Net",http://www.xbrl.org/2003/arcrole/summation-item,3,1.0,,http://www.crocs.com/role/CONSOLIDATEDBALANCESHEETS,crox-20251231_cal.xml
X-CROX-0061,CROX,"Crocs, Inc.",bounded_extension,calculation,us-gaap:AssetsCurrent,"Assets, Current",us-gaap:IncomeTaxesReceivable,"Income Taxes Receivable, Current",http://www.xbrl.org/2003/arcrole/summation-item,4,1.0,,http://www.crocs.com/role/CONSOLIDATEDBALANCESHEETS,crox-20251231_cal.xml
X-CROX-0062,CROX,"Crocs, Inc.",bounded_extension,calculation,us-gaap:AssetsCurrent,"Assets, Current",us-gaap:AccountsAndOtherReceivablesNetCurrent,"Accounts and Other Receivables, Net, Current",http://www.xbrl.org/2003/arcrole/summation-item,5,1.0,,http://www.crocs.com/role/CONSOLIDATEDBALANCESHEETS,crox-20251231_cal.xml
X-CROX-0063,CROX,"Crocs, Inc.",bounded_extension,calculation,us-gaap:NetCashProvidedByUsedInOperatingActivities,"Cash Provided by (Used in) Operating Activity, Including Discontinued Operation",us-gaap:InventoryWriteDown,Inventory Write-down,http://www.xbrl.org/2003/arcrole/summation-item,4,1.0,,http://www.crocs.com/role/CONSOLIDATEDSTATEMENTSOFCASHFLOWS,crox-20251231_cal.xml
X-CROX-0064,CROX,"Crocs, Inc.",bounded_extension,calculation,us-gaap:NetCashProvidedByUsedInOperatingActivities,"Cash Provided by (Used in) Operating Activity, Including Discontinued Operation",us-gaap:IncreaseDecreaseInAccountsReceivable,Increase (Decrease) in Accounts Receivable,http://www.xbrl.org/2003/arcrole/summation-item,10,-1.0,,http://www.crocs.com/role/CONSOLIDATEDSTATEMENTSOFCASHFLOWS,crox-20251231_cal.xml
X-CROX-0065,CROX,"Crocs, Inc.",bounded_extension,calculation,us-gaap:NetCashProvidedByUsedInOperatingActivities,"Cash Provided by (Used in) Operating Activity, Including Discontinued Operation",us-gaap:IncreaseDecreaseInInventories,Increase (Decrease) in Inventories,http://www.xbrl.org/2003/arcrole/summation-item,11,-1.0,,http://www.crocs.com/role/CONSOLIDATEDSTATEMENTSOFCASHFLOWS,crox-20251231_cal.xml
X-CROX-0066,CROX,"Crocs, Inc.",bounded_extension,calculation,us-gaap:NetCashProvidedByUsedInOperatingActivities,"Cash Provided by (Used in) Operating Activity, Including Discontinued Operation",us-gaap:IncreaseDecreaseInIncomeTaxesReceivable,Increase (Decrease) in Income Taxes Receivable,http://www.xbrl.org/2003/arcrole/summation-item,16,-1.0,,http://www.crocs.com/role/CONSOLIDATEDSTATEMENTSOFCASHFLOWS,crox-20251231_cal.xml
X-CROX-0067,CROX,"Crocs, Inc.",bounded_extension,calculation,us-gaap:AccruedLiabilitiesCurrent,"Accrued Liabilities, Current",us-gaap:ContractWithCustomerRefundLiability,"Contract with Customer, Refund Liability",http://www.xbrl.org/2003/arcrole/summation-item,6,1.0,,http://www.crocs.com/role/ACCRUEDEXPENSESANDOTHERLIABILITIESDetails,crox-20251231_cal.xml
X-CROX-0068,CROX,"Crocs, Inc.",bounded_extension,calculation,crox:NoncurrentGrossDeferredTaxAssets,,us-gaap:DeferredTaxAssetsTaxDeferredExpenseReservesAndAccruals,"Deferred Tax Assets, Tax Deferred Expense, Reserves and Accruals",http://www.xbrl.org/2003/arcrole/summation-item,2,1.0,,http://www.crocs.com/role/INCOMETAXESDeferredIncomeTaxAssetsandLiabilitiesDetails,crox-20251231_cal.xml
X-CROX-0069,CROX,"Crocs, Inc.",bounded_extension,definition,us-gaap:FiniteLivedIntangibleAssetsMajorClassNameDomain,"Finite-Lived Intangible Assets, Major Class Name [Domain]",us-gaap:CustomerRelationshipsMember,Customer Relationships [Member],http://xbrl.org/int/dim/arcrole/domain-member,0,,,http://www.crocs.com/role/BASISOFPRESENTATIONANDSUMMARYOFSIGNIFICANTACCOUNTINGPOLICIESNarrativeDetails,crox-20251231_def.xml
X-CROX-0070,CROX,"Crocs, Inc.",bounded_extension,definition,us-gaap:ScheduleOfRelatedPartyTransactionsByRelatedPartyTable,Related Party Transaction [Table],us-gaap:ContractWithCustomerSalesChannelAxis,"Contract with Customer, Sales Channel [Axis]",http://xbrl.org/int/dim/arcrole/hypercube-dimension,5,,,http://www.crocs.com/role/BASISOFPRESENTATIONANDSUMMARYOFSIGNIFICANTACCOUNTINGPOLICIESNarrativeDetails,crox-20251231_def.xml
X-CROX-0071,CROX,"Crocs, Inc.",bounded_extension,definition,us-gaap:ContractWithCustomerSalesChannelAxis,"Contract with Customer, Sales Channel [Axis]",us-gaap:ContractWithCustomerSalesChannelDomain,"Contract with Customer, Sales Channel [Domain]",http://xbrl.org/int/dim/arcrole/dimension-default,1,,,http://www.crocs.com/role/BASISOFPRESENTATIONANDSUMMARYOFSIGNIFICANTACCOUNTINGPOLICIESNarrativeDetails,crox-20251231_def.xml
X-CROX-0072,CROX,"Crocs, Inc.",bounded_extension,definition,us-gaap:ContractWithCustomerSalesChannelAxis,"Contract with Customer, Sales Channel [Axis]",us-gaap:ContractWithCustomerSalesChannelDomain,"Contract with Customer, Sales Channel [Domain]",http://xbrl.org/int/dim/arcrole/dimension-domain,1,,,http://www.crocs.com/role/BASISOFPRESENTATIONANDSUMMARYOFSIGNIFICANTACCOUNTINGPOLICIESNarrativeDetails,crox-20251231_def.xml
X-CROX-0073,CROX,"Crocs, Inc.",bounded_extension,definition,us-gaap:ContractWithCustomerSalesChannelDomain,"Contract with Customer, Sales Channel [Domain]",crox:SalesChannelThroughIntermediaryWholesaleMember,,http://xbrl.org/int/dim/arcrole/domain-member,0,,,http://www.crocs.com/role/BASISOFPRESENTATIONANDSUMMARYOFSIGNIFICANTACCOUNTINGPOLICIESNarrativeDetails,crox-20251231_def.xml
X-CROX-0074,CROX,"Crocs, Inc.",bounded_extension,definition,us-gaap:RelatedPartyTransactionLineItems,Related Party Transaction [Line Items],us-gaap:ContractWithCustomerLiabilityCumulativeCatchUpAdjustmentToRevenueChangeInEstimateOfTransactionPrice,"Contract with Customer, Liability, Cumulative Catch-up Adjustment to Revenue, Change in Estimate of Transaction Price",http://xbrl.org/int/dim/arcrole/domain-member,5,,,http://www.crocs.com/role/BASISOFPRESENTATIONANDSUMMARYOFSIGNIFICANTACCOUNTINGPOLICIESNarrativeDetails,crox-20251231_def.xml
X-CROX-0075,CROX,"Crocs, Inc.",bounded_extension,definition,us-gaap:RelatedPartyTransactionLineItems,Related Party Transaction [Line Items],crox:RevenueFromContractWithCustomerNumberOfDistributionChannels,,http://xbrl.org/int/dim/arcrole/domain-member,6,,,http://www.crocs.com/role/BASISOFPRESENTATIONANDSUMMARYOFSIGNIFICANTACCOUNTINGPOLICIESNarrativeDetails,crox-20251231_def.xml
X-CROX-0076,CROX,"Crocs, Inc.",bounded_extension,definition,srt:ValuationAndQualifyingAccountsDisclosureTable,"SEC Schedule, 12-09, Valuation and Qualifying Accounts Disclosure [Table]",us-gaap:ValuationAllowancesAndReservesTypeAxis,"SEC Schedule, 12-09, Valuation Allowances and Reserves Type [Axis]",http://xbrl.org/int/dim/arcrole/hypercube-dimension,1,,,http://www.crocs.com/role/BASISOFPRESENTATIONANDSUMMARYOFSIGNIFICANTACCOUNTINGPOLICIESAllowanceforDoubtfulAccountsDetails,crox-20251231_def.xml
X-CROX-0077,CROX,"Crocs, Inc.",bounded_extension,definition,us-gaap:ValuationAllowancesAndReservesTypeAxis,"SEC Schedule, 12-09, Valuation Allowances and Reserves Type [Axis]",us-gaap:ValuationAllowancesAndReservesDomain,"SEC Schedule, 12-09, Valuation Allowances and Reserves [Domain]",http://xbrl.org/int/dim/arcrole/dimension-default,1,,,http://www.crocs.com/role/BASISOFPRESENTATIONANDSUMMARYOFSIGNIFICANTACCOUNTINGPOLICIESAllowanceforDoubtfulAccountsDetails,crox-20251231_def.xml
X-CROX-0078,CROX,"Crocs, Inc.",bounded_extension,definition,us-gaap:ValuationAllowancesAndReservesTypeAxis,"SEC Schedule, 12-09, Valuation Allowances and Reserves Type [Axis]",us-gaap:ValuationAllowancesAndReservesDomain,"SEC Schedule, 12-09, Valuation Allowances and Reserves [Domain]",http://xbrl.org/int/dim/arcrole/dimension-domain,1,,,http://www.crocs.com/role/BASISOFPRESENTATIONANDSUMMARYOFSIGNIFICANTACCOUNTINGPOLICIESAllowanceforDoubtfulAccountsDetails,crox-20251231_def.xml
X-CROX-0079,CROX,"Crocs, Inc.",bounded_extension,definition,us-gaap:ValuationAllowancesAndReservesDomain,"SEC Schedule, 12-09, Valuation Allowances and Reserves [Domain]",us-gaap:AllowanceForCreditLossMember,"SEC Schedule, 12-09, Allowance, Credit Loss [Member]",http://xbrl.org/int/dim/arcrole/domain-member,0,,,http://www.crocs.com/role/BASISOFPRESENTATIONANDSUMMARYOFSIGNIFICANTACCOUNTINGPOLICIESAllowanceforDoubtfulAccountsDetails,crox-20251231_def.xml
X-CROX-0080,CROX,"Crocs, Inc.",bounded_extension,definition,srt:ValuationAndQualifyingAccountsDisclosureLineItems,"SEC Schedule, 12-09, Valuation and Qualifying Accounts Disclosure [Line Items]",us-gaap:MovementInValuationAllowancesAndReservesRollForward,"SEC Schedule, 12-09, Movement in Valuation Allowances and Reserves [Roll Forward]",http://xbrl.org/int/dim/arcrole/domain-member,0,,,http://www.crocs.com/role/BASISOFPRESENTATIONANDSUMMARYOFSIGNIFICANTACCOUNTINGPOLICIESAllowanceforDoubtfulAccountsDetails,crox-20251231_def.xml
X-CROX-0081,CROX,"Crocs, Inc.",bounded_extension,definition,us-gaap:MovementInValuationAllowancesAndReservesRollForward,"SEC Schedule, 12-09, Movement in Valuation Allowances and Reserves [Roll Forward]",us-gaap:ValuationAllowancesAndReservesBalance,"SEC Schedule, 12-09, Valuation Allowances and Reserves, Amount",http://xbrl.org/int/dim/arcrole/domain-member,1,,,http://www.crocs.com/role/BASISOFPRESENTATIONANDSUMMARYOFSIGNIFICANTACCOUNTINGPOLICIESAllowanceforDoubtfulAccountsDetails,crox-20251231_def.xml
X-CROX-0082,CROX,"Crocs, Inc.",bounded_extension,definition,us-gaap:MovementInValuationAllowancesAndReservesRollForward,"SEC Schedule, 12-09, Movement in Valuation Allowances and Reserves [Roll Forward]",us-gaap:ValuationAllowancesAndReservesChargedToCostAndExpense,"SEC Schedule, 12-09, Valuation Allowances and Reserves, Additions, Charge to Cost and Expense",http://xbrl.org/int/dim/arcrole/domain-member,2,,,http://www.crocs.com/role/BASISOFPRESENTATIONANDSUMMARYOFSIGNIFICANTACCOUNTINGPOLICIESAllowanceforDoubtfulAccountsDetails,crox-20251231_def.xml
X-CROX-0083,CROX,"Crocs, Inc.",bounded_extension,definition,us-gaap:MovementInValuationAllowancesAndReservesRollForward,"SEC Schedule, 12-09, Movement in Valuation Allowances and Reserves [Roll Forward]",us-gaap:ValuationAllowancesAndReservesDeductions,"SEC Schedule, 12-09, Valuation Allowances and Reserves, Deduction",http://xbrl.org/int/dim/arcrole/domain-member,3,,,http://www.crocs.com/role/BASISOFPRESENTATIONANDSUMMARYOFSIGNIFICANTACCOUNTINGPOLICIESAllowanceforDoubtfulAccountsDetails,crox-20251231_def.xml
X-CROX-0084,CROX,"Crocs, Inc.",bounded_extension,definition,us-gaap:IncomeStatementLocationDomain,"Statement of Income Location, Balance [Domain]",us-gaap:CostOfSalesMember,Cost of Sales [Member],http://xbrl.org/int/dim/arcrole/domain-member,0,,,http://www.crocs.com/role/PROPERTYANDEQUIPMENTNETScheduleofDepreciationandAmortizationExpenseDetails,crox-20251231_def.xml
X-CROX-0085,CROX,"Crocs, Inc.",bounded_extension,definition,us-gaap:MeasurementInputTypeDomain,Measurement Input Type [Domain],us-gaap:MeasurementInputRevenueMultipleMember,"Measurement Input, Revenue Multiple [Member]",http://xbrl.org/int/dim/arcrole/domain-member,0,,,http://www.crocs.com/role/GOODWILLANDINTANGIBLEASSETSNETGoodwillNarrativeDetails,crox-20251231_def.xml
X-CROX-0086,CROX,"Crocs, Inc.",bounded_extension,definition,us-gaap:FiniteLivedIntangibleAssetsMajorClassNameDomain,"Finite-Lived Intangible Assets, Major Class Name [Domain]",us-gaap:CustomerRelationshipsMember,Customer Relationships [Member],http://xbrl.org/int/dim/arcrole/domain-member,1,,,http://www.crocs.com/role/GOODWILLANDINTANGIBLEASSETSNETSummaryofIntangibleAssetsDetails,crox-20251231_def.xml
X-CROX-0087,CROX,"Crocs, Inc.",bounded_extension,definition,us-gaap:IncomeStatementLocationDomain,"Statement of Income Location, Balance [Domain]",us-gaap:CostOfSalesMember,Cost of Sales [Member],http://xbrl.org/int/dim/arcrole/domain-member,0,,,http://www.crocs.com/role/GOODWILLANDINTANGIBLEASSETSNETScheduleofIntangibleAssetAmortizationExpenseDetails,crox-20251231_def.xml
X-CROX-0088,CROX,"Crocs, Inc.",bounded_extension,definition,us-gaap:DisaggregationOfRevenueLineItems,Disaggregation of Revenue [Line Items],us-gaap:DisaggregationOfRevenueTable,Disaggregation of Revenue [Table],http://xbrl.org/int/dim/arcrole/all,1,,,http://www.crocs.com/role/REVENUESRevenuesbyReportableOperatingSegmentandbyChannelDetails,crox-20251231_def.xml
X-CROX-0089,CROX,"Crocs, Inc.",bounded_extension,definition,us-gaap:DisaggregationOfRevenueTable,Disaggregation of Revenue [Table],us-gaap:StatementBusinessSegmentsAxis,Segments [Axis],http://xbrl.org/int/dim/arcrole/hypercube-dimension,1,,,http://www.crocs.com/role/REVENUESRevenuesbyReportableOperatingSegmentandbyChannelDetails,crox-20251231_def.xml
X-CROX-0090,CROX,"Crocs, Inc.",bounded_extension,definition,us-gaap:DisaggregationOfRevenueTable,Disaggregation of Revenue [Table],srt:StatementGeographicalAxis,Geographical [Axis],http://xbrl.org/int/dim/arcrole/hypercube-dimension,2,,,http://www.crocs.com/role/REVENUESRevenuesbyReportableOperatingSegmentandbyChannelDetails,crox-20251231_def.xml
X-CROX-0091,CROX,"Crocs, Inc.",bounded_extension,definition,us-gaap:DisaggregationOfRevenueTable,Disaggregation of Revenue [Table],us-gaap:ContractWithCustomerSalesChannelAxis,"Contract with Customer, Sales Channel [Axis]",http://xbrl.org/int/dim/arcrole/hypercube-dimension,3,,,http://www.crocs.com/role/REVENUESRevenuesbyReportableOperatingSegmentandbyChannelDetails,crox-20251231_def.xml
X-CROX-0092,CROX,"Crocs, Inc.",bounded_extension,definition,us-gaap:ContractWithCustomerSalesChannelAxis,"Contract with Customer, Sales Channel [Axis]",us-gaap:ContractWithCustomerSalesChannelDomain,"Contract with Customer, Sales Channel [Domain]",http://xbrl.org/int/dim/arcrole/dimension-default,1,,,http://www.crocs.com/role/REVENUESRevenuesbyReportableOperatingSegmentandbyChannelDetails,crox-20251231_def.xml
X-CROX-0093,CROX,"Crocs, Inc.",bounded_extension,definition,us-gaap:ContractWithCustomerSalesChannelAxis,"Contract with Customer, Sales Channel [Axis]",us-gaap:ContractWithCustomerSalesChannelDomain,"Contract with Customer, Sales Channel [Domain]",http://xbrl.org/int/dim/arcrole/dimension-domain,1,,,http://www.crocs.com/role/REVENUESRevenuesbyReportableOperatingSegmentandbyChannelDetails,crox-20251231_def.xml
X-CROX-0094,CROX,"Crocs, Inc.",bounded_extension,definition,us-gaap:ContractWithCustomerSalesChannelDomain,"Contract with Customer, Sales Channel [Domain]",crox:SalesChannelThroughIntermediaryWholesaleMember,,http://xbrl.org/int/dim/arcrole/domain-member,0,,,http://www.crocs.com/role/REVENUESRevenuesbyReportableOperatingSegmentandbyChannelDetails,crox-20251231_def.xml
X-CROX-0095,CROX,"Crocs, Inc.",bounded_extension,definition,us-gaap:ContractWithCustomerSalesChannelDomain,"Contract with Customer, Sales Channel [Domain]",us-gaap:SalesChannelDirectlyToConsumerMember,"Sales Channel, Directly to Consumer [Member]",http://xbrl.org/int/dim/arcrole/domain-member,1,,,http://www.crocs.com/role/REVENUESRevenuesbyReportableOperatingSegmentandbyChannelDetails,crox-20251231_def.xml
X-CROX-0096,CROX,"Crocs, Inc.",bounded_extension,definition,us-gaap:DisaggregationOfRevenueLineItems,Disaggregation of Revenue [Line Items],us-gaap:RevenueFromContractWithCustomerExcludingAssessedTax,"Revenue from Contract with Customer, Excluding Assessed Tax",http://xbrl.org/int/dim/arcrole/domain-member,0,,,http://www.crocs.com/role/REVENUESRevenuesbyReportableOperatingSegmentandbyChannelDetails,crox-20251231_def.xml
X-CROX-0097,CROX,"Crocs, Inc.",bounded_extension,definition,us-gaap:EntityWideInformationRevenueFromExternalCustomerLineItems,Revenue from External Customer [Line Items],us-gaap:ScheduleOfEntityWideInformationRevenueFromExternalCustomersByProductsAndServicesTable,"Segment Reporting, Revenue from External Customer, Product and Service [Table]",http://xbrl.org/int/dim/arcrole/all,1,,,http://www.crocs.com/role/REVENUESNarrativeDetails,crox-20251231_def.xml
X-CROX-0098,CROX,"Crocs, Inc.",bounded_extension,definition,us-gaap:ScheduleOfEntityWideInformationRevenueFromExternalCustomersByProductsAndServicesTable,"Segment Reporting, Revenue from External Customer, Product and Service [Table]",us-gaap:FairValueByLiabilityClassAxis,Liability Class [Axis],http://xbrl.org/int/dim/arcrole/hypercube-dimension,1,,,http://www.crocs.com/role/REVENUESNarrativeDetails,crox-20251231_def.xml
X-CROX-0099,CROX,"Crocs, Inc.",bounded_extension,definition,us-gaap:FairValueLiabilitiesMeasuredOnRecurringBasisUnobservableInputReconciliationByLiabilityClassDomain,Fair Value by Liability Class [Domain],crox:RefundLiabilityMember,,http://xbrl.org/int/dim/arcrole/domain-member,0,,,http://www.crocs.com/role/REVENUESNarrativeDetails,crox-20251231_def.xml
X-CROX-0100,CROX,"Crocs, Inc.",bounded_extension,definition,us-gaap:EntityWideInformationRevenueFromExternalCustomerLineItems,Revenue from External Customer [Line Items],us-gaap:ContractWithCustomerLiabilityCurrent,"Contract with Customer, Liability, Current",http://xbrl.org/int/dim/arcrole/domain-member,0,,,http://www.crocs.com/role/REVENUESNarrativeDetails,crox-20251231_def.xml
X-CROX-0101,CROX,"Crocs, Inc.",bounded_extension,definition,us-gaap:SegmentReportingInformationLineItems,Segment Reporting Information [Line Items],us-gaap:RevenueFromContractWithCustomerExcludingAssessedTax,"Revenue from Contract with Customer, Excluding Assessed Tax",http://xbrl.org/int/dim/arcrole/domain-member,0,,,http://www.crocs.com/role/OPERATINGSEGMENTSANDGEOGRAPHICINFORMATIONInformationRelatedToReportableOperatingBusinessSegmentsDetails,crox-20251231_def.xml
X-CROX-0102,CROX,"Crocs, Inc.",bounded_extension,definition,us-gaap:SegmentReportingInformationLineItems,Segment Reporting Information [Line Items],us-gaap:CostOfGoodsAndServicesSold,Cost of Product and Service Sold,http://xbrl.org/int/dim/arcrole/domain-member,1,,,http://www.crocs.com/role/OPERATINGSEGMENTSANDGEOGRAPHICINFORMATIONInformationRelatedToReportableOperatingBusinessSegmentsDetails,crox-20251231_def.xml
