global_claim_id,ticker,company,sample_role,construct,condition,claim_text,text_source_ids,xbrl_source_ids,retrieval_context_text,llm_output_text
MAIN-C011,NKE,"Nike, Inc.",main_deep_case,revenue,hybrid,"The current refund liability as of 2025-05-31 was $1,277,000,000.",,F-NKE-0252,"TEXT RETRIEVAL CONTEXT

[Text Chunk 1]
chunk_id: T-NKE-REVENUE-071
source_file: nke-20250531.htm
construct_tag: revenue
ranking_score: 12
text: • Asia Pacific & Latin America (""APLA"") revenues decreased 3% on a currency-neutral basis primarily due to lower revenues in Southeast Asia & India and Korea, partially offset by higher revenues in Mexico. Revenues decreased primarily due to lower revenues in the Jordan Brand and Men's. Wholesale revenues decreased 3%. NIKE Direct revenues decreased 3% due to a decline in digital sales of 9%, partially offset by an increase in store sales of 4%. Comparable store sales increased 1%.

[Text Chunk 2]
chunk_id: T-NKE-REVENUE-021
source_file: nke-20250531.htm
construct_tag: revenue
ranking_score: 10
text: Many of our consumers shop with us through our digital platforms. Consumers frequently use mobile-based devices and applications to shop online with us and with our competitors and to do comparison shopping as well as to engage with us and our competitors through digital services and experiences that are offered on mobile platforms. We use social media and proprietary mobile applications to interact with our consumers and as a means to enhance their shopping experience. Any failure on our part to provide attractive effective reliable secure and user-friendly digital commerce platforms that offer a wide assortment of merchandise with rapid delivery options and that continually meet the changing expectations of online shoppers or any failure to provide attractive digital experiences to our customers could place us at a competitive disadvantage result in the loss of digital commerce and other sales harm our reputation with consumers have a material adverse impact on the growth of our digital commerce business globally and ...

[Text Chunk 3]
chunk_id: T-NKE-REVENUE-062
source_file: nke-20250531.htm
construct_tag: revenue
ranking_score: 9
text: • North America revenues decreased 8% on a currency-neutral basis primarily due to lower revenues in the Jordan Brand, Men's and Women's. Wholesale revenues decreased 5%. NIKE Direct revenues decreased 12% due to declines in digital sales of 19% and store sales of 1%. Comparable store sales decreased 1%.

XBRL RELATIONAL RETRIEVAL CONTEXT

Facts:
1. fact_id=F-NKE-0003 concept=RevenueFromContractWithCustomerExcludingAssessedTax value=51217000000 unit=iso4217:USD period=duration:2022-06-01/2023-05-31 dimensions=none
2. fact_id=F-NKE-0181 concept=RevenueFromContractWithCustomerExcludingAssessedTax value=14897000000 unit=iso4217:USD period=duration:2022-06-01/2023-05-31 dimensions=srt:ConsolidationItemsAxis=us-gaap:OperatingSegmentsMember; srt:ProductOrServiceAxis=nke:FootwearMember; us-gaap:StatementBusinessSegmentsAxis=nke:NIKEBrandMember; us-gaap:SubsegmentsAxis=nke:NorthAmericaSegmentMember
3. fact_id=F-NKE-0182 concept=RevenueFromContractWithCustomerExcludingAssessedTax value=8260000000 unit=iso4217:USD period=duration:2022-06-01/2023-05-31 dimensions=srt:ConsolidationItemsAxis=us-gaap:OperatingSegmentsMember; srt:ProductOrServiceAxis=nke:FootwearMember; us-gaap:StatementBusinessSegmentsAxis=nke:NIKEBrandMember; us-gaap:SubsegmentsAxis=nke:EuropeMiddleEastAndAfricaSegmentMember
4. fact_id=F-NKE-0253 concept=ContractWithCustomerRefundLiabilityCurrent value=799000000 unit=iso4217:USD period=instant:2024-05-31 dimensions=none
5. fact_id=F-NKE-0252 concept=ContractWithCustomerRefundLiabilityCurrent value=1277000000 unit=iso4217:USD period=instant:2025-05-31 dimensions=none
6. fact_id=F-NKE-0011 concept=AccountsReceivableNetCurrent value=4427000000 unit=iso4217:USD period=instant:2024-05-31 dimensions=none
7. fact_id=F-NKE-0010 concept=AccountsReceivableNetCurrent value=4717000000 unit=iso4217:USD period=instant:2025-05-31 dimensions=none
8. fact_id=F-NKE-0024 concept=AllowanceForDoubtfulAccountsReceivable value=35000000 unit=iso4217:USD period=instant:2024-05-31 dimensions=none

Relation paths:
1. path_id=X-NKE-0008 relation_type=presentation source=us-gaap:RevenueFromContractWithCustomerAbstract (Revenue from Contract with Customer [Abstract]) -> target=us-gaap:RevenueFromContractWithCustomerTextBlock (Revenue from Contract with Customer [Text Block]) arcrole=http://www.xbrl.org/2003/arcrole/parent-child role=http://www.nike.com/role/REVENUES
2. path_id=X-NKE-0034 relation_type=presentation source=us-gaap:RevenueFromContractWithCustomerAbstract (Revenue from Contract with Customer [Abstract]) -> target=us-gaap:ContractWithCustomerRefundLiabilityCurrent (Contract with Customer, Refund Liability, Current) arcrole=http://www.xbrl.org/2003/arcrole/parent-child role=http://www.nike.com/role/REVENUESAdditionalInformationDetails
3. path_id=X-NKE-0089 relation_type=definition source=us-gaap:RevenuesFromExternalCustomersAndLongLivedAssetsLineItems (Revenues from External Customers and Long-Lived Assets [Line Items]) -> target=us-gaap:ScheduleOfRevenuesFromExternalCustomersAndLongLivedAssetsTable (Schedule of Revenues from External Customers and Long-Lived Assets [Table]) arcrole=http://xbrl.org/int/dim/arcrole/all role=http://www.nike.com/role/SEGMENTINFORMATIONLonglivedAssetsbyGeographicAreasDetails
4. path_id=X-NKE-0043 relation_type=presentation source=us-gaap:ScheduleOfRevenuesFromExternalCustomersAndLongLivedAssetsTable (Schedule of Revenues from External Customers and Long-Lived Assets [Table]) -> target=us-gaap:RevenuesFromExternalCustomersAndLongLivedAssetsLineItems (Revenues from External Customers and Long-Lived Assets [Line Items]) arcrole=http://www.xbrl.org/2003/arcrole/parent-child role=http://www.nike.com/role/SEGMENTINFORMATIONLonglivedAssetsbyGeographicAreasDetails
5. path_id=X-NKE-0083 relation_type=definition source=us-gaap:DisaggregationOfRevenueLineItems (Disaggregation of Revenue [Line Items]) -> target=us-gaap:RevenueFromContractWithCustomerExcludingAssessedTax (Revenue from Contract with Customer, Excluding Assessed Tax) arcrole=http://xbrl.org/int/dim/arcrole/domain-member role=http://www.nike.com/role/REVENUESScheduleofDisaggregationofRevenueDetails
6. path_id=X-NKE-0032 relation_type=presentation source=us-gaap:DisaggregationOfRevenueLineItems (Disaggregation of Revenue [Line Items]) -> target=us-gaap:RevenueFromContractWithCustomerExcludingAssessedTax (Revenue from Contract with Customer, Excluding Assessed Tax) arcrole=http://www.xbrl.org/2003/arcrole/parent-child role=http://www.nike.com/role/REVENUESScheduleofDisaggregationofRevenueDetails","- Claim: The current refund liability as of 2025-05-31 was $1,277,000,000.
  - Claim type: Factual
  - Support used: F-NKE-0252
  - Limitation: This is a point-in-time measurement as of the fiscal year-end 2025-05-31.

- Claim: Accounts Receivable Net as of 2025-05-31 was $4,717,000,000.
  - Claim type: Factual
  - Support used: F-NKE-0010
  - Limitation: This is a point-in-time measurement as of the fiscal year-end 2025-05-31.

- Claim: The increase in the current refund liability from $799 million (as of 2024-05-31) to $1.277 billion (as of 2025-05-31) presents a risk cue for the valuation assertion of revenue.
  - Claim type: Risk-cue or assertion-mapping
  - Support used: F-NKE-0253, F-NKE-0252
  - Inferential bridge: A significant increase in the liability for refunds suggests a potential change in customer return behavior or estimation logic, which directly impacts the net revenue recognized and the valuation of the refund reserve.
  - Limitation: Missing the specific accounting policy used to estimate refund liabilities and historical return rate data to evaluate the reasonableness of the increase.

- Claim: The stated risk that failures in providing reliable, secure, and user-friendly digital commerce platforms could result in the loss of digital commerce sales indicates a risk cue for the completeness and occurrence assertions of revenue.
  - Claim type: Risk-cue or assertion-mapping
  - Support used: T-NKE-REVENUE-021
  - Inferential bridge: If the digital infrastructure is unreliable or insecure, there is a risk that valid sales transactions may not be captured (completeness) or that system errors could lead to incorrect transaction recording (occurrence).
  - Limitation: Missing information regarding the IT general controls (ITGCs) and the specific reconciliation processes between the digital storefront and the general ledger.

- Claim: The significant decline in digital sales in North America (19%) and APLA (9%) indicates a risk cue for the valuation and accuracy of revenue within these specific channels.
  - Claim type: Risk-cue or assertion-mapping
  - Support used: T-NKE-REVENUE-062, T-NKE-REVENUE-071
  - Inferential bridge: Sharp declines in specific revenue streams can create pressure to overstate performance or may be associated with an increase in returns and allowances that must be accurately captured to avoid overstating net revenue.
  - Limitation: Missing the underlying transaction-level data or a detailed breakdown of the causes of the decline to determine if the trend is consistent across all digital product lines."
MAIN-C012,NKE,"Nike, Inc.",main_deep_case,revenue,hybrid,"Accounts Receivable Net as of 2025-05-31 was $4,717,000,000.",,F-NKE-0010,"TEXT RETRIEVAL CONTEXT

[Text Chunk 1]
chunk_id: T-NKE-REVENUE-071
source_file: nke-20250531.htm
construct_tag: revenue
ranking_score: 12
text: • Asia Pacific & Latin America (""APLA"") revenues decreased 3% on a currency-neutral basis primarily due to lower revenues in Southeast Asia & India and Korea, partially offset by higher revenues in Mexico. Revenues decreased primarily due to lower revenues in the Jordan Brand and Men's. Wholesale revenues decreased 3%. NIKE Direct revenues decreased 3% due to a decline in digital sales of 9%, partially offset by an increase in store sales of 4%. Comparable store sales increased 1%.

[Text Chunk 2]
chunk_id: T-NKE-REVENUE-021
source_file: nke-20250531.htm
construct_tag: revenue
ranking_score: 10
text: Many of our consumers shop with us through our digital platforms. Consumers frequently use mobile-based devices and applications to shop online with us and with our competitors and to do comparison shopping as well as to engage with us and our competitors through digital services and experiences that are offered on mobile platforms. We use social media and proprietary mobile applications to interact with our consumers and as a means to enhance their shopping experience. Any failure on our part to provide attractive effective reliable secure and user-friendly digital commerce platforms that offer a wide assortment of merchandise with rapid delivery options and that continually meet the changing expectations of online shoppers or any failure to provide attractive digital experiences to our customers could place us at a competitive disadvantage result in the loss of digital commerce and other sales harm our reputation with consumers have a material adverse impact on the growth of our digital commerce business globally and ...

[Text Chunk 3]
chunk_id: T-NKE-REVENUE-062
source_file: nke-20250531.htm
construct_tag: revenue
ranking_score: 9
text: • North America revenues decreased 8% on a currency-neutral basis primarily due to lower revenues in the Jordan Brand, Men's and Women's. Wholesale revenues decreased 5%. NIKE Direct revenues decreased 12% due to declines in digital sales of 19% and store sales of 1%. Comparable store sales decreased 1%.

XBRL RELATIONAL RETRIEVAL CONTEXT

Facts:
1. fact_id=F-NKE-0003 concept=RevenueFromContractWithCustomerExcludingAssessedTax value=51217000000 unit=iso4217:USD period=duration:2022-06-01/2023-05-31 dimensions=none
2. fact_id=F-NKE-0181 concept=RevenueFromContractWithCustomerExcludingAssessedTax value=14897000000 unit=iso4217:USD period=duration:2022-06-01/2023-05-31 dimensions=srt:ConsolidationItemsAxis=us-gaap:OperatingSegmentsMember; srt:ProductOrServiceAxis=nke:FootwearMember; us-gaap:StatementBusinessSegmentsAxis=nke:NIKEBrandMember; us-gaap:SubsegmentsAxis=nke:NorthAmericaSegmentMember
3. fact_id=F-NKE-0182 concept=RevenueFromContractWithCustomerExcludingAssessedTax value=8260000000 unit=iso4217:USD period=duration:2022-06-01/2023-05-31 dimensions=srt:ConsolidationItemsAxis=us-gaap:OperatingSegmentsMember; srt:ProductOrServiceAxis=nke:FootwearMember; us-gaap:StatementBusinessSegmentsAxis=nke:NIKEBrandMember; us-gaap:SubsegmentsAxis=nke:EuropeMiddleEastAndAfricaSegmentMember
4. fact_id=F-NKE-0253 concept=ContractWithCustomerRefundLiabilityCurrent value=799000000 unit=iso4217:USD period=instant:2024-05-31 dimensions=none
5. fact_id=F-NKE-0252 concept=ContractWithCustomerRefundLiabilityCurrent value=1277000000 unit=iso4217:USD period=instant:2025-05-31 dimensions=none
6. fact_id=F-NKE-0011 concept=AccountsReceivableNetCurrent value=4427000000 unit=iso4217:USD period=instant:2024-05-31 dimensions=none
7. fact_id=F-NKE-0010 concept=AccountsReceivableNetCurrent value=4717000000 unit=iso4217:USD period=instant:2025-05-31 dimensions=none
8. fact_id=F-NKE-0024 concept=AllowanceForDoubtfulAccountsReceivable value=35000000 unit=iso4217:USD period=instant:2024-05-31 dimensions=none

Relation paths:
1. path_id=X-NKE-0008 relation_type=presentation source=us-gaap:RevenueFromContractWithCustomerAbstract (Revenue from Contract with Customer [Abstract]) -> target=us-gaap:RevenueFromContractWithCustomerTextBlock (Revenue from Contract with Customer [Text Block]) arcrole=http://www.xbrl.org/2003/arcrole/parent-child role=http://www.nike.com/role/REVENUES
2. path_id=X-NKE-0034 relation_type=presentation source=us-gaap:RevenueFromContractWithCustomerAbstract (Revenue from Contract with Customer [Abstract]) -> target=us-gaap:ContractWithCustomerRefundLiabilityCurrent (Contract with Customer, Refund Liability, Current) arcrole=http://www.xbrl.org/2003/arcrole/parent-child role=http://www.nike.com/role/REVENUESAdditionalInformationDetails
3. path_id=X-NKE-0089 relation_type=definition source=us-gaap:RevenuesFromExternalCustomersAndLongLivedAssetsLineItems (Revenues from External Customers and Long-Lived Assets [Line Items]) -> target=us-gaap:ScheduleOfRevenuesFromExternalCustomersAndLongLivedAssetsTable (Schedule of Revenues from External Customers and Long-Lived Assets [Table]) arcrole=http://xbrl.org/int/dim/arcrole/all role=http://www.nike.com/role/SEGMENTINFORMATIONLonglivedAssetsbyGeographicAreasDetails
4. path_id=X-NKE-0043 relation_type=presentation source=us-gaap:ScheduleOfRevenuesFromExternalCustomersAndLongLivedAssetsTable (Schedule of Revenues from External Customers and Long-Lived Assets [Table]) -> target=us-gaap:RevenuesFromExternalCustomersAndLongLivedAssetsLineItems (Revenues from External Customers and Long-Lived Assets [Line Items]) arcrole=http://www.xbrl.org/2003/arcrole/parent-child role=http://www.nike.com/role/SEGMENTINFORMATIONLonglivedAssetsbyGeographicAreasDetails
5. path_id=X-NKE-0083 relation_type=definition source=us-gaap:DisaggregationOfRevenueLineItems (Disaggregation of Revenue [Line Items]) -> target=us-gaap:RevenueFromContractWithCustomerExcludingAssessedTax (Revenue from Contract with Customer, Excluding Assessed Tax) arcrole=http://xbrl.org/int/dim/arcrole/domain-member role=http://www.nike.com/role/REVENUESScheduleofDisaggregationofRevenueDetails
6. path_id=X-NKE-0032 relation_type=presentation source=us-gaap:DisaggregationOfRevenueLineItems (Disaggregation of Revenue [Line Items]) -> target=us-gaap:RevenueFromContractWithCustomerExcludingAssessedTax (Revenue from Contract with Customer, Excluding Assessed Tax) arcrole=http://www.xbrl.org/2003/arcrole/parent-child role=http://www.nike.com/role/REVENUESScheduleofDisaggregationofRevenueDetails","- Claim: The current refund liability as of 2025-05-31 was $1,277,000,000.
  - Claim type: Factual
  - Support used: F-NKE-0252
  - Limitation: This is a point-in-time measurement as of the fiscal year-end 2025-05-31.

- Claim: Accounts Receivable Net as of 2025-05-31 was $4,717,000,000.
  - Claim type: Factual
  - Support used: F-NKE-0010
  - Limitation: This is a point-in-time measurement as of the fiscal year-end 2025-05-31.

- Claim: The increase in the current refund liability from $799 million (as of 2024-05-31) to $1.277 billion (as of 2025-05-31) presents a risk cue for the valuation assertion of revenue.
  - Claim type: Risk-cue or assertion-mapping
  - Support used: F-NKE-0253, F-NKE-0252
  - Inferential bridge: A significant increase in the liability for refunds suggests a potential change in customer return behavior or estimation logic, which directly impacts the net revenue recognized and the valuation of the refund reserve.
  - Limitation: Missing the specific accounting policy used to estimate refund liabilities and historical return rate data to evaluate the reasonableness of the increase.

- Claim: The stated risk that failures in providing reliable, secure, and user-friendly digital commerce platforms could result in the loss of digital commerce sales indicates a risk cue for the completeness and occurrence assertions of revenue.
  - Claim type: Risk-cue or assertion-mapping
  - Support used: T-NKE-REVENUE-021
  - Inferential bridge: If the digital infrastructure is unreliable or insecure, there is a risk that valid sales transactions may not be captured (completeness) or that system errors could lead to incorrect transaction recording (occurrence).
  - Limitation: Missing information regarding the IT general controls (ITGCs) and the specific reconciliation processes between the digital storefront and the general ledger.

- Claim: The significant decline in digital sales in North America (19%) and APLA (9%) indicates a risk cue for the valuation and accuracy of revenue within these specific channels.
  - Claim type: Risk-cue or assertion-mapping
  - Support used: T-NKE-REVENUE-062, T-NKE-REVENUE-071
  - Inferential bridge: Sharp declines in specific revenue streams can create pressure to overstate performance or may be associated with an increase in returns and allowances that must be accurately captured to avoid overstating net revenue.
  - Limitation: Missing the underlying transaction-level data or a detailed breakdown of the causes of the decline to determine if the trend is consistent across all digital product lines."
MAIN-C013,NKE,"Nike, Inc.",main_deep_case,revenue,hybrid,The increase in the current refund liability from $799 million (as of 2024-05-31) to $1.277 billion (as of 2025-05-31) presents a risk cue for the valuation assertion of revenue.,,F-NKE-0252; F-NKE-0253,"TEXT RETRIEVAL CONTEXT

[Text Chunk 1]
chunk_id: T-NKE-REVENUE-071
source_file: nke-20250531.htm
construct_tag: revenue
ranking_score: 12
text: • Asia Pacific & Latin America (""APLA"") revenues decreased 3% on a currency-neutral basis primarily due to lower revenues in Southeast Asia & India and Korea, partially offset by higher revenues in Mexico. Revenues decreased primarily due to lower revenues in the Jordan Brand and Men's. Wholesale revenues decreased 3%. NIKE Direct revenues decreased 3% due to a decline in digital sales of 9%, partially offset by an increase in store sales of 4%. Comparable store sales increased 1%.

[Text Chunk 2]
chunk_id: T-NKE-REVENUE-021
source_file: nke-20250531.htm
construct_tag: revenue
ranking_score: 10
text: Many of our consumers shop with us through our digital platforms. Consumers frequently use mobile-based devices and applications to shop online with us and with our competitors and to do comparison shopping as well as to engage with us and our competitors through digital services and experiences that are offered on mobile platforms. We use social media and proprietary mobile applications to interact with our consumers and as a means to enhance their shopping experience. Any failure on our part to provide attractive effective reliable secure and user-friendly digital commerce platforms that offer a wide assortment of merchandise with rapid delivery options and that continually meet the changing expectations of online shoppers or any failure to provide attractive digital experiences to our customers could place us at a competitive disadvantage result in the loss of digital commerce and other sales harm our reputation with consumers have a material adverse impact on the growth of our digital commerce business globally and ...

[Text Chunk 3]
chunk_id: T-NKE-REVENUE-062
source_file: nke-20250531.htm
construct_tag: revenue
ranking_score: 9
text: • North America revenues decreased 8% on a currency-neutral basis primarily due to lower revenues in the Jordan Brand, Men's and Women's. Wholesale revenues decreased 5%. NIKE Direct revenues decreased 12% due to declines in digital sales of 19% and store sales of 1%. Comparable store sales decreased 1%.

XBRL RELATIONAL RETRIEVAL CONTEXT

Facts:
1. fact_id=F-NKE-0003 concept=RevenueFromContractWithCustomerExcludingAssessedTax value=51217000000 unit=iso4217:USD period=duration:2022-06-01/2023-05-31 dimensions=none
2. fact_id=F-NKE-0181 concept=RevenueFromContractWithCustomerExcludingAssessedTax value=14897000000 unit=iso4217:USD period=duration:2022-06-01/2023-05-31 dimensions=srt:ConsolidationItemsAxis=us-gaap:OperatingSegmentsMember; srt:ProductOrServiceAxis=nke:FootwearMember; us-gaap:StatementBusinessSegmentsAxis=nke:NIKEBrandMember; us-gaap:SubsegmentsAxis=nke:NorthAmericaSegmentMember
3. fact_id=F-NKE-0182 concept=RevenueFromContractWithCustomerExcludingAssessedTax value=8260000000 unit=iso4217:USD period=duration:2022-06-01/2023-05-31 dimensions=srt:ConsolidationItemsAxis=us-gaap:OperatingSegmentsMember; srt:ProductOrServiceAxis=nke:FootwearMember; us-gaap:StatementBusinessSegmentsAxis=nke:NIKEBrandMember; us-gaap:SubsegmentsAxis=nke:EuropeMiddleEastAndAfricaSegmentMember
4. fact_id=F-NKE-0253 concept=ContractWithCustomerRefundLiabilityCurrent value=799000000 unit=iso4217:USD period=instant:2024-05-31 dimensions=none
5. fact_id=F-NKE-0252 concept=ContractWithCustomerRefundLiabilityCurrent value=1277000000 unit=iso4217:USD period=instant:2025-05-31 dimensions=none
6. fact_id=F-NKE-0011 concept=AccountsReceivableNetCurrent value=4427000000 unit=iso4217:USD period=instant:2024-05-31 dimensions=none
7. fact_id=F-NKE-0010 concept=AccountsReceivableNetCurrent value=4717000000 unit=iso4217:USD period=instant:2025-05-31 dimensions=none
8. fact_id=F-NKE-0024 concept=AllowanceForDoubtfulAccountsReceivable value=35000000 unit=iso4217:USD period=instant:2024-05-31 dimensions=none

Relation paths:
1. path_id=X-NKE-0008 relation_type=presentation source=us-gaap:RevenueFromContractWithCustomerAbstract (Revenue from Contract with Customer [Abstract]) -> target=us-gaap:RevenueFromContractWithCustomerTextBlock (Revenue from Contract with Customer [Text Block]) arcrole=http://www.xbrl.org/2003/arcrole/parent-child role=http://www.nike.com/role/REVENUES
2. path_id=X-NKE-0034 relation_type=presentation source=us-gaap:RevenueFromContractWithCustomerAbstract (Revenue from Contract with Customer [Abstract]) -> target=us-gaap:ContractWithCustomerRefundLiabilityCurrent (Contract with Customer, Refund Liability, Current) arcrole=http://www.xbrl.org/2003/arcrole/parent-child role=http://www.nike.com/role/REVENUESAdditionalInformationDetails
3. path_id=X-NKE-0089 relation_type=definition source=us-gaap:RevenuesFromExternalCustomersAndLongLivedAssetsLineItems (Revenues from External Customers and Long-Lived Assets [Line Items]) -> target=us-gaap:ScheduleOfRevenuesFromExternalCustomersAndLongLivedAssetsTable (Schedule of Revenues from External Customers and Long-Lived Assets [Table]) arcrole=http://xbrl.org/int/dim/arcrole/all role=http://www.nike.com/role/SEGMENTINFORMATIONLonglivedAssetsbyGeographicAreasDetails
4. path_id=X-NKE-0043 relation_type=presentation source=us-gaap:ScheduleOfRevenuesFromExternalCustomersAndLongLivedAssetsTable (Schedule of Revenues from External Customers and Long-Lived Assets [Table]) -> target=us-gaap:RevenuesFromExternalCustomersAndLongLivedAssetsLineItems (Revenues from External Customers and Long-Lived Assets [Line Items]) arcrole=http://www.xbrl.org/2003/arcrole/parent-child role=http://www.nike.com/role/SEGMENTINFORMATIONLonglivedAssetsbyGeographicAreasDetails
5. path_id=X-NKE-0083 relation_type=definition source=us-gaap:DisaggregationOfRevenueLineItems (Disaggregation of Revenue [Line Items]) -> target=us-gaap:RevenueFromContractWithCustomerExcludingAssessedTax (Revenue from Contract with Customer, Excluding Assessed Tax) arcrole=http://xbrl.org/int/dim/arcrole/domain-member role=http://www.nike.com/role/REVENUESScheduleofDisaggregationofRevenueDetails
6. path_id=X-NKE-0032 relation_type=presentation source=us-gaap:DisaggregationOfRevenueLineItems (Disaggregation of Revenue [Line Items]) -> target=us-gaap:RevenueFromContractWithCustomerExcludingAssessedTax (Revenue from Contract with Customer, Excluding Assessed Tax) arcrole=http://www.xbrl.org/2003/arcrole/parent-child role=http://www.nike.com/role/REVENUESScheduleofDisaggregationofRevenueDetails","- Claim: The current refund liability as of 2025-05-31 was $1,277,000,000.
  - Claim type: Factual
  - Support used: F-NKE-0252
  - Limitation: This is a point-in-time measurement as of the fiscal year-end 2025-05-31.

- Claim: Accounts Receivable Net as of 2025-05-31 was $4,717,000,000.
  - Claim type: Factual
  - Support used: F-NKE-0010
  - Limitation: This is a point-in-time measurement as of the fiscal year-end 2025-05-31.

- Claim: The increase in the current refund liability from $799 million (as of 2024-05-31) to $1.277 billion (as of 2025-05-31) presents a risk cue for the valuation assertion of revenue.
  - Claim type: Risk-cue or assertion-mapping
  - Support used: F-NKE-0253, F-NKE-0252
  - Inferential bridge: A significant increase in the liability for refunds suggests a potential change in customer return behavior or estimation logic, which directly impacts the net revenue recognized and the valuation of the refund reserve.
  - Limitation: Missing the specific accounting policy used to estimate refund liabilities and historical return rate data to evaluate the reasonableness of the increase.

- Claim: The stated risk that failures in providing reliable, secure, and user-friendly digital commerce platforms could result in the loss of digital commerce sales indicates a risk cue for the completeness and occurrence assertions of revenue.
  - Claim type: Risk-cue or assertion-mapping
  - Support used: T-NKE-REVENUE-021
  - Inferential bridge: If the digital infrastructure is unreliable or insecure, there is a risk that valid sales transactions may not be captured (completeness) or that system errors could lead to incorrect transaction recording (occurrence).
  - Limitation: Missing information regarding the IT general controls (ITGCs) and the specific reconciliation processes between the digital storefront and the general ledger.

- Claim: The significant decline in digital sales in North America (19%) and APLA (9%) indicates a risk cue for the valuation and accuracy of revenue within these specific channels.
  - Claim type: Risk-cue or assertion-mapping
  - Support used: T-NKE-REVENUE-062, T-NKE-REVENUE-071
  - Inferential bridge: Sharp declines in specific revenue streams can create pressure to overstate performance or may be associated with an increase in returns and allowances that must be accurately captured to avoid overstating net revenue.
  - Limitation: Missing the underlying transaction-level data or a detailed breakdown of the causes of the decline to determine if the trend is consistent across all digital product lines."
MAIN-C014,NKE,"Nike, Inc.",main_deep_case,revenue,hybrid,"The stated risk that failures in providing reliable, secure, and user-friendly digital commerce platforms could result in the loss of digital commerce sales indicates a risk cue for the completeness and occurrence assertions of revenue.",T-NKE-REVENUE-021,,"TEXT RETRIEVAL CONTEXT

[Text Chunk 1]
chunk_id: T-NKE-REVENUE-071
source_file: nke-20250531.htm
construct_tag: revenue
ranking_score: 12
text: • Asia Pacific & Latin America (""APLA"") revenues decreased 3% on a currency-neutral basis primarily due to lower revenues in Southeast Asia & India and Korea, partially offset by higher revenues in Mexico. Revenues decreased primarily due to lower revenues in the Jordan Brand and Men's. Wholesale revenues decreased 3%. NIKE Direct revenues decreased 3% due to a decline in digital sales of 9%, partially offset by an increase in store sales of 4%. Comparable store sales increased 1%.

[Text Chunk 2]
chunk_id: T-NKE-REVENUE-021
source_file: nke-20250531.htm
construct_tag: revenue
ranking_score: 10
text: Many of our consumers shop with us through our digital platforms. Consumers frequently use mobile-based devices and applications to shop online with us and with our competitors and to do comparison shopping as well as to engage with us and our competitors through digital services and experiences that are offered on mobile platforms. We use social media and proprietary mobile applications to interact with our consumers and as a means to enhance their shopping experience. Any failure on our part to provide attractive effective reliable secure and user-friendly digital commerce platforms that offer a wide assortment of merchandise with rapid delivery options and that continually meet the changing expectations of online shoppers or any failure to provide attractive digital experiences to our customers could place us at a competitive disadvantage result in the loss of digital commerce and other sales harm our reputation with consumers have a material adverse impact on the growth of our digital commerce business globally and ...

[Text Chunk 3]
chunk_id: T-NKE-REVENUE-062
source_file: nke-20250531.htm
construct_tag: revenue
ranking_score: 9
text: • North America revenues decreased 8% on a currency-neutral basis primarily due to lower revenues in the Jordan Brand, Men's and Women's. Wholesale revenues decreased 5%. NIKE Direct revenues decreased 12% due to declines in digital sales of 19% and store sales of 1%. Comparable store sales decreased 1%.

XBRL RELATIONAL RETRIEVAL CONTEXT

Facts:
1. fact_id=F-NKE-0003 concept=RevenueFromContractWithCustomerExcludingAssessedTax value=51217000000 unit=iso4217:USD period=duration:2022-06-01/2023-05-31 dimensions=none
2. fact_id=F-NKE-0181 concept=RevenueFromContractWithCustomerExcludingAssessedTax value=14897000000 unit=iso4217:USD period=duration:2022-06-01/2023-05-31 dimensions=srt:ConsolidationItemsAxis=us-gaap:OperatingSegmentsMember; srt:ProductOrServiceAxis=nke:FootwearMember; us-gaap:StatementBusinessSegmentsAxis=nke:NIKEBrandMember; us-gaap:SubsegmentsAxis=nke:NorthAmericaSegmentMember
3. fact_id=F-NKE-0182 concept=RevenueFromContractWithCustomerExcludingAssessedTax value=8260000000 unit=iso4217:USD period=duration:2022-06-01/2023-05-31 dimensions=srt:ConsolidationItemsAxis=us-gaap:OperatingSegmentsMember; srt:ProductOrServiceAxis=nke:FootwearMember; us-gaap:StatementBusinessSegmentsAxis=nke:NIKEBrandMember; us-gaap:SubsegmentsAxis=nke:EuropeMiddleEastAndAfricaSegmentMember
4. fact_id=F-NKE-0253 concept=ContractWithCustomerRefundLiabilityCurrent value=799000000 unit=iso4217:USD period=instant:2024-05-31 dimensions=none
5. fact_id=F-NKE-0252 concept=ContractWithCustomerRefundLiabilityCurrent value=1277000000 unit=iso4217:USD period=instant:2025-05-31 dimensions=none
6. fact_id=F-NKE-0011 concept=AccountsReceivableNetCurrent value=4427000000 unit=iso4217:USD period=instant:2024-05-31 dimensions=none
7. fact_id=F-NKE-0010 concept=AccountsReceivableNetCurrent value=4717000000 unit=iso4217:USD period=instant:2025-05-31 dimensions=none
8. fact_id=F-NKE-0024 concept=AllowanceForDoubtfulAccountsReceivable value=35000000 unit=iso4217:USD period=instant:2024-05-31 dimensions=none

Relation paths:
1. path_id=X-NKE-0008 relation_type=presentation source=us-gaap:RevenueFromContractWithCustomerAbstract (Revenue from Contract with Customer [Abstract]) -> target=us-gaap:RevenueFromContractWithCustomerTextBlock (Revenue from Contract with Customer [Text Block]) arcrole=http://www.xbrl.org/2003/arcrole/parent-child role=http://www.nike.com/role/REVENUES
2. path_id=X-NKE-0034 relation_type=presentation source=us-gaap:RevenueFromContractWithCustomerAbstract (Revenue from Contract with Customer [Abstract]) -> target=us-gaap:ContractWithCustomerRefundLiabilityCurrent (Contract with Customer, Refund Liability, Current) arcrole=http://www.xbrl.org/2003/arcrole/parent-child role=http://www.nike.com/role/REVENUESAdditionalInformationDetails
3. path_id=X-NKE-0089 relation_type=definition source=us-gaap:RevenuesFromExternalCustomersAndLongLivedAssetsLineItems (Revenues from External Customers and Long-Lived Assets [Line Items]) -> target=us-gaap:ScheduleOfRevenuesFromExternalCustomersAndLongLivedAssetsTable (Schedule of Revenues from External Customers and Long-Lived Assets [Table]) arcrole=http://xbrl.org/int/dim/arcrole/all role=http://www.nike.com/role/SEGMENTINFORMATIONLonglivedAssetsbyGeographicAreasDetails
4. path_id=X-NKE-0043 relation_type=presentation source=us-gaap:ScheduleOfRevenuesFromExternalCustomersAndLongLivedAssetsTable (Schedule of Revenues from External Customers and Long-Lived Assets [Table]) -> target=us-gaap:RevenuesFromExternalCustomersAndLongLivedAssetsLineItems (Revenues from External Customers and Long-Lived Assets [Line Items]) arcrole=http://www.xbrl.org/2003/arcrole/parent-child role=http://www.nike.com/role/SEGMENTINFORMATIONLonglivedAssetsbyGeographicAreasDetails
5. path_id=X-NKE-0083 relation_type=definition source=us-gaap:DisaggregationOfRevenueLineItems (Disaggregation of Revenue [Line Items]) -> target=us-gaap:RevenueFromContractWithCustomerExcludingAssessedTax (Revenue from Contract with Customer, Excluding Assessed Tax) arcrole=http://xbrl.org/int/dim/arcrole/domain-member role=http://www.nike.com/role/REVENUESScheduleofDisaggregationofRevenueDetails
6. path_id=X-NKE-0032 relation_type=presentation source=us-gaap:DisaggregationOfRevenueLineItems (Disaggregation of Revenue [Line Items]) -> target=us-gaap:RevenueFromContractWithCustomerExcludingAssessedTax (Revenue from Contract with Customer, Excluding Assessed Tax) arcrole=http://www.xbrl.org/2003/arcrole/parent-child role=http://www.nike.com/role/REVENUESScheduleofDisaggregationofRevenueDetails","- Claim: The current refund liability as of 2025-05-31 was $1,277,000,000.
  - Claim type: Factual
  - Support used: F-NKE-0252
  - Limitation: This is a point-in-time measurement as of the fiscal year-end 2025-05-31.

- Claim: Accounts Receivable Net as of 2025-05-31 was $4,717,000,000.
  - Claim type: Factual
  - Support used: F-NKE-0010
  - Limitation: This is a point-in-time measurement as of the fiscal year-end 2025-05-31.

- Claim: The increase in the current refund liability from $799 million (as of 2024-05-31) to $1.277 billion (as of 2025-05-31) presents a risk cue for the valuation assertion of revenue.
  - Claim type: Risk-cue or assertion-mapping
  - Support used: F-NKE-0253, F-NKE-0252
  - Inferential bridge: A significant increase in the liability for refunds suggests a potential change in customer return behavior or estimation logic, which directly impacts the net revenue recognized and the valuation of the refund reserve.
  - Limitation: Missing the specific accounting policy used to estimate refund liabilities and historical return rate data to evaluate the reasonableness of the increase.

- Claim: The stated risk that failures in providing reliable, secure, and user-friendly digital commerce platforms could result in the loss of digital commerce sales indicates a risk cue for the completeness and occurrence assertions of revenue.
  - Claim type: Risk-cue or assertion-mapping
  - Support used: T-NKE-REVENUE-021
  - Inferential bridge: If the digital infrastructure is unreliable or insecure, there is a risk that valid sales transactions may not be captured (completeness) or that system errors could lead to incorrect transaction recording (occurrence).
  - Limitation: Missing information regarding the IT general controls (ITGCs) and the specific reconciliation processes between the digital storefront and the general ledger.

- Claim: The significant decline in digital sales in North America (19%) and APLA (9%) indicates a risk cue for the valuation and accuracy of revenue within these specific channels.
  - Claim type: Risk-cue or assertion-mapping
  - Support used: T-NKE-REVENUE-062, T-NKE-REVENUE-071
  - Inferential bridge: Sharp declines in specific revenue streams can create pressure to overstate performance or may be associated with an increase in returns and allowances that must be accurately captured to avoid overstating net revenue.
  - Limitation: Missing the underlying transaction-level data or a detailed breakdown of the causes of the decline to determine if the trend is consistent across all digital product lines."
MAIN-C015,NKE,"Nike, Inc.",main_deep_case,revenue,hybrid,The significant decline in digital sales in North America (19%) and APLA (9%) indicates a risk cue for the valuation and accuracy of revenue within these specific channels.,T-NKE-REVENUE-062; T-NKE-REVENUE-071,,"TEXT RETRIEVAL CONTEXT

[Text Chunk 1]
chunk_id: T-NKE-REVENUE-071
source_file: nke-20250531.htm
construct_tag: revenue
ranking_score: 12
text: • Asia Pacific & Latin America (""APLA"") revenues decreased 3% on a currency-neutral basis primarily due to lower revenues in Southeast Asia & India and Korea, partially offset by higher revenues in Mexico. Revenues decreased primarily due to lower revenues in the Jordan Brand and Men's. Wholesale revenues decreased 3%. NIKE Direct revenues decreased 3% due to a decline in digital sales of 9%, partially offset by an increase in store sales of 4%. Comparable store sales increased 1%.

[Text Chunk 2]
chunk_id: T-NKE-REVENUE-021
source_file: nke-20250531.htm
construct_tag: revenue
ranking_score: 10
text: Many of our consumers shop with us through our digital platforms. Consumers frequently use mobile-based devices and applications to shop online with us and with our competitors and to do comparison shopping as well as to engage with us and our competitors through digital services and experiences that are offered on mobile platforms. We use social media and proprietary mobile applications to interact with our consumers and as a means to enhance their shopping experience. Any failure on our part to provide attractive effective reliable secure and user-friendly digital commerce platforms that offer a wide assortment of merchandise with rapid delivery options and that continually meet the changing expectations of online shoppers or any failure to provide attractive digital experiences to our customers could place us at a competitive disadvantage result in the loss of digital commerce and other sales harm our reputation with consumers have a material adverse impact on the growth of our digital commerce business globally and ...

[Text Chunk 3]
chunk_id: T-NKE-REVENUE-062
source_file: nke-20250531.htm
construct_tag: revenue
ranking_score: 9
text: • North America revenues decreased 8% on a currency-neutral basis primarily due to lower revenues in the Jordan Brand, Men's and Women's. Wholesale revenues decreased 5%. NIKE Direct revenues decreased 12% due to declines in digital sales of 19% and store sales of 1%. Comparable store sales decreased 1%.

XBRL RELATIONAL RETRIEVAL CONTEXT

Facts:
1. fact_id=F-NKE-0003 concept=RevenueFromContractWithCustomerExcludingAssessedTax value=51217000000 unit=iso4217:USD period=duration:2022-06-01/2023-05-31 dimensions=none
2. fact_id=F-NKE-0181 concept=RevenueFromContractWithCustomerExcludingAssessedTax value=14897000000 unit=iso4217:USD period=duration:2022-06-01/2023-05-31 dimensions=srt:ConsolidationItemsAxis=us-gaap:OperatingSegmentsMember; srt:ProductOrServiceAxis=nke:FootwearMember; us-gaap:StatementBusinessSegmentsAxis=nke:NIKEBrandMember; us-gaap:SubsegmentsAxis=nke:NorthAmericaSegmentMember
3. fact_id=F-NKE-0182 concept=RevenueFromContractWithCustomerExcludingAssessedTax value=8260000000 unit=iso4217:USD period=duration:2022-06-01/2023-05-31 dimensions=srt:ConsolidationItemsAxis=us-gaap:OperatingSegmentsMember; srt:ProductOrServiceAxis=nke:FootwearMember; us-gaap:StatementBusinessSegmentsAxis=nke:NIKEBrandMember; us-gaap:SubsegmentsAxis=nke:EuropeMiddleEastAndAfricaSegmentMember
4. fact_id=F-NKE-0253 concept=ContractWithCustomerRefundLiabilityCurrent value=799000000 unit=iso4217:USD period=instant:2024-05-31 dimensions=none
5. fact_id=F-NKE-0252 concept=ContractWithCustomerRefundLiabilityCurrent value=1277000000 unit=iso4217:USD period=instant:2025-05-31 dimensions=none
6. fact_id=F-NKE-0011 concept=AccountsReceivableNetCurrent value=4427000000 unit=iso4217:USD period=instant:2024-05-31 dimensions=none
7. fact_id=F-NKE-0010 concept=AccountsReceivableNetCurrent value=4717000000 unit=iso4217:USD period=instant:2025-05-31 dimensions=none
8. fact_id=F-NKE-0024 concept=AllowanceForDoubtfulAccountsReceivable value=35000000 unit=iso4217:USD period=instant:2024-05-31 dimensions=none

Relation paths:
1. path_id=X-NKE-0008 relation_type=presentation source=us-gaap:RevenueFromContractWithCustomerAbstract (Revenue from Contract with Customer [Abstract]) -> target=us-gaap:RevenueFromContractWithCustomerTextBlock (Revenue from Contract with Customer [Text Block]) arcrole=http://www.xbrl.org/2003/arcrole/parent-child role=http://www.nike.com/role/REVENUES
2. path_id=X-NKE-0034 relation_type=presentation source=us-gaap:RevenueFromContractWithCustomerAbstract (Revenue from Contract with Customer [Abstract]) -> target=us-gaap:ContractWithCustomerRefundLiabilityCurrent (Contract with Customer, Refund Liability, Current) arcrole=http://www.xbrl.org/2003/arcrole/parent-child role=http://www.nike.com/role/REVENUESAdditionalInformationDetails
3. path_id=X-NKE-0089 relation_type=definition source=us-gaap:RevenuesFromExternalCustomersAndLongLivedAssetsLineItems (Revenues from External Customers and Long-Lived Assets [Line Items]) -> target=us-gaap:ScheduleOfRevenuesFromExternalCustomersAndLongLivedAssetsTable (Schedule of Revenues from External Customers and Long-Lived Assets [Table]) arcrole=http://xbrl.org/int/dim/arcrole/all role=http://www.nike.com/role/SEGMENTINFORMATIONLonglivedAssetsbyGeographicAreasDetails
4. path_id=X-NKE-0043 relation_type=presentation source=us-gaap:ScheduleOfRevenuesFromExternalCustomersAndLongLivedAssetsTable (Schedule of Revenues from External Customers and Long-Lived Assets [Table]) -> target=us-gaap:RevenuesFromExternalCustomersAndLongLivedAssetsLineItems (Revenues from External Customers and Long-Lived Assets [Line Items]) arcrole=http://www.xbrl.org/2003/arcrole/parent-child role=http://www.nike.com/role/SEGMENTINFORMATIONLonglivedAssetsbyGeographicAreasDetails
5. path_id=X-NKE-0083 relation_type=definition source=us-gaap:DisaggregationOfRevenueLineItems (Disaggregation of Revenue [Line Items]) -> target=us-gaap:RevenueFromContractWithCustomerExcludingAssessedTax (Revenue from Contract with Customer, Excluding Assessed Tax) arcrole=http://xbrl.org/int/dim/arcrole/domain-member role=http://www.nike.com/role/REVENUESScheduleofDisaggregationofRevenueDetails
6. path_id=X-NKE-0032 relation_type=presentation source=us-gaap:DisaggregationOfRevenueLineItems (Disaggregation of Revenue [Line Items]) -> target=us-gaap:RevenueFromContractWithCustomerExcludingAssessedTax (Revenue from Contract with Customer, Excluding Assessed Tax) arcrole=http://www.xbrl.org/2003/arcrole/parent-child role=http://www.nike.com/role/REVENUESScheduleofDisaggregationofRevenueDetails","- Claim: The current refund liability as of 2025-05-31 was $1,277,000,000.
  - Claim type: Factual
  - Support used: F-NKE-0252
  - Limitation: This is a point-in-time measurement as of the fiscal year-end 2025-05-31.

- Claim: Accounts Receivable Net as of 2025-05-31 was $4,717,000,000.
  - Claim type: Factual
  - Support used: F-NKE-0010
  - Limitation: This is a point-in-time measurement as of the fiscal year-end 2025-05-31.

- Claim: The increase in the current refund liability from $799 million (as of 2024-05-31) to $1.277 billion (as of 2025-05-31) presents a risk cue for the valuation assertion of revenue.
  - Claim type: Risk-cue or assertion-mapping
  - Support used: F-NKE-0253, F-NKE-0252
  - Inferential bridge: A significant increase in the liability for refunds suggests a potential change in customer return behavior or estimation logic, which directly impacts the net revenue recognized and the valuation of the refund reserve.
  - Limitation: Missing the specific accounting policy used to estimate refund liabilities and historical return rate data to evaluate the reasonableness of the increase.

- Claim: The stated risk that failures in providing reliable, secure, and user-friendly digital commerce platforms could result in the loss of digital commerce sales indicates a risk cue for the completeness and occurrence assertions of revenue.
  - Claim type: Risk-cue or assertion-mapping
  - Support used: T-NKE-REVENUE-021
  - Inferential bridge: If the digital infrastructure is unreliable or insecure, there is a risk that valid sales transactions may not be captured (completeness) or that system errors could lead to incorrect transaction recording (occurrence).
  - Limitation: Missing information regarding the IT general controls (ITGCs) and the specific reconciliation processes between the digital storefront and the general ledger.

- Claim: The significant decline in digital sales in North America (19%) and APLA (9%) indicates a risk cue for the valuation and accuracy of revenue within these specific channels.
  - Claim type: Risk-cue or assertion-mapping
  - Support used: T-NKE-REVENUE-062, T-NKE-REVENUE-071
  - Inferential bridge: Sharp declines in specific revenue streams can create pressure to overstate performance or may be associated with an increase in returns and allowances that must be accurately captured to avoid overstating net revenue.
  - Limitation: Missing the underlying transaction-level data or a detailed breakdown of the causes of the decline to determine if the trend is consistent across all digital product lines."
MAIN-C026,NKE,"Nike, Inc.",main_deep_case,inventory,hybrid,"Nike values inventories at the lower of cost and net realizable value, utilizing either an average or a specific identification cost basis.",Text Chunk 3,,"TEXT RETRIEVAL CONTEXT

[Text Chunk 1]
chunk_id: T-NKE-REVENUE_INVENTORY-016
source_file: nke-20250531.htm
construct_tag: revenue_inventory
ranking_score: 20
text: We make ongoing estimates relating to the net realizable value of inventories based upon our assumptions about future demand, market conditions, existing inventory levels, sales trends and historical experience with similar products. If we estimate the net realizable value of our inventory is less than the cost of the inventory, we record a reserve equal to the difference between the cost of the inventory and the estimated net realizable value. If changes in market conditions result in reductions to the estimated net realizable value of our inventory below our previous estimate, we would increase our reserve in the period in which such a determination is made.

[Text Chunk 2]
chunk_id: T-NKE-REVENUE_INVENTORY-023
source_file: nke-20250531.htm
construct_tag: revenue_inventory
ranking_score: 16
text: If the net realizable value of inventory is estimated to be less than the cost of the inventory, a reserve is recorded equal to the difference between the cost of the inventory and the estimated net realizable value. This reserve is recorded as a charge to Cost of sales. As of May 31, 2025, the Company's inventory reserve was $ 233 million compared to $ 155 million as of May 31, 2024.

[Text Chunk 3]
chunk_id: T-NKE-REVENUE_INVENTORY-022
source_file: nke-20250531.htm
construct_tag: revenue_inventory
ranking_score: 12
text: Inventory costs primarily consist of product cost from the Company's suppliers, as well as inbound freight, import duties, taxes, insurance, logistics and other handling fees. Inventories, substantially all of which are finished goods, are stated at lower of cost and net realizable value and valued on either an average or a specific identification cost basis. In some instances, the Company ships products directly from its suppliers to the customer, with the related inventory and cost of sales recognized on a specific identification basis.

XBRL RELATIONAL RETRIEVAL CONTEXT

Facts:
1. fact_id=F-NKE-0353 concept=InventoryFinishedGoodsNetOfReserves value=3806000000 unit=iso4217:USD period=instant:2023-05-31 dimensions=srt:ConsolidationItemsAxis=us-gaap:OperatingSegmentsMember; us-gaap:StatementBusinessSegmentsAxis=nke:NIKEBrandMember; us-gaap:SubsegmentsAxis=nke:NorthAmericaSegmentMember
2. fact_id=F-NKE-0354 concept=InventoryFinishedGoodsNetOfReserves value=2167000000 unit=iso4217:USD period=instant:2023-05-31 dimensions=srt:ConsolidationItemsAxis=us-gaap:OperatingSegmentsMember; us-gaap:StatementBusinessSegmentsAxis=nke:NIKEBrandMember; us-gaap:SubsegmentsAxis=nke:EuropeMiddleEastAndAfricaSegmentMember
3. fact_id=F-NKE-0355 concept=InventoryFinishedGoodsNetOfReserves value=973000000 unit=iso4217:USD period=instant:2023-05-31 dimensions=srt:ConsolidationItemsAxis=us-gaap:OperatingSegmentsMember; us-gaap:StatementBusinessSegmentsAxis=nke:NIKEBrandMember; us-gaap:SubsegmentsAxis=nke:GreaterChinaSegmentMember
4. fact_id=F-NKE-0027 concept=InventoryValuationReserves value=155000000 unit=iso4217:USD period=instant:2024-05-31 dimensions=none
5. fact_id=F-NKE-0026 concept=InventoryValuationReserves value=233000000 unit=iso4217:USD period=instant:2025-05-31 dimensions=none
6. fact_id=F-NKE-0009 concept=GrossProfit value=22292000000 unit=iso4217:USD period=duration:2022-06-01/2023-05-31 dimensions=none
7. fact_id=F-NKE-0344 concept=GrossProfit value=9111000000 unit=iso4217:USD period=duration:2022-06-01/2023-05-31 dimensions=srt:ConsolidationItemsAxis=us-gaap:OperatingSegmentsMember; us-gaap:StatementBusinessSegmentsAxis=nke:NIKEBrandMember; us-gaap:SubsegmentsAxis=nke:NorthAmericaSegmentMember
8. fact_id=F-NKE-0345 concept=GrossProfit value=6078000000 unit=iso4217:USD period=duration:2022-06-01/2023-05-31 dimensions=srt:ConsolidationItemsAxis=us-gaap:OperatingSegmentsMember; us-gaap:StatementBusinessSegmentsAxis=nke:NIKEBrandMember; us-gaap:SubsegmentsAxis=nke:EuropeMiddleEastAndAfricaSegmentMember

Relation paths:
1. path_id=X-NKE-0053 relation_type=calculation source=us-gaap:GrossProfit (Gross Profit) -> target=us-gaap:CostOfGoodsAndServicesSold (Cost of Goods and Services Sold) arcrole=http://www.xbrl.org/2003/arcrole/summation-item role=http://www.nike.com/role/CONSOLIDATEDSTATEMENTSOFINCOME
2. path_id=X-NKE-0056 relation_type=calculation source=us-gaap:AssetsCurrent (Assets, Current) -> target=us-gaap:InventoryFinishedGoodsNetOfReserves (Inventory, Finished Goods, Net of Reserves) arcrole=http://www.xbrl.org/2003/arcrole/summation-item role=http://www.nike.com/role/CONSOLIDATEDBALANCESHEETS
3. path_id=X-NKE-0060 relation_type=calculation source=us-gaap:DeferredTaxAssetsGross (Deferred Tax Assets, Gross) -> target=us-gaap:DeferredTaxAssetsInventory (Deferred Tax Assets, Inventory) arcrole=http://www.xbrl.org/2003/arcrole/summation-item role=http://www.nike.com/role/INCOMETAXESDeferredIncomeTaxAssetsandLiabilitiesDetails
4. path_id=X-NKE-0058 relation_type=calculation source=us-gaap:NetCashProvidedByUsedInOperatingActivities (Net Cash Provided by (Used in) Operating Activities) -> target=us-gaap:IncreaseDecreaseInInventories (Increase (Decrease) in Inventories) arcrole=http://www.xbrl.org/2003/arcrole/summation-item role=http://www.nike.com/role/CONSOLIDATEDSTATEMENTSOFCASHFLOWS
5. path_id=X-NKE-0067 relation_type=definition source=nke:SignificantAccountingPoliciesLineItems (label unavailable) -> target=us-gaap:InventoryValuationReserves (Inventory Valuation Reserves) arcrole=http://xbrl.org/int/dim/arcrole/domain-member role=http://www.nike.com/role/SUMMARYOFSIGNIFICANTACCOUNTINGPOLICIESDetails
6. path_id=X-NKE-0065 relation_type=definition source=us-gaap:AssetsCurrentAbstract (Assets, Current [Abstract]) -> target=us-gaap:InventoryFinishedGoodsNetOfReserves (Inventory, Finished Goods, Net of Reserves) arcrole=http://xbrl.org/int/dim/arcrole/domain-member role=http://www.nike.com/role/CONSOLIDATEDBALANCESHEETS","- Claim: Nike values inventories at the lower of cost and net realizable value, utilizing either an average or a specific identification cost basis.
  - Claim type: Factual
  - Support used: Text Chunk 3
  - Limitation: This claim is limited to the accounting policies disclosed in the provided text for the period ended 2025-05-31.

- Claim: As of May 31, 2025, the Company's inventory reserve was $233 million, an increase from $155 million as of May 31, 2024.
  - Claim type: Factual
  - Support used: Text Chunk 2, F-NKE-0026, F-NKE-0027
  - Limitation: This claim is limited to the reported figures provided in the text and XBRL facts for the specific dates mentioned.

- Claim: The use of ongoing estimates for net realizable value (NRV) based on assumptions regarding future demand, market conditions, sales trends, and historical experience creates a risk to the inventory valuation assertion.
  - Claim type: Risk-cue or assertion-mapping
  - Support used: Text Chunk 1
  - Inferential bridge: Because the NRV is derived from management's subjective assumptions about future market behavior rather than purely objective historical costs, there is a risk that the estimates may be inaccurate or biased, leading to a potential misvaluation of inventory.
  - Limitation: The provided context does not detail the specific controls used to review these assumptions or the data sources used for ""historical experience.""

- Claim: The increase in the inventory reserve from $155 million (2024) to $233 million (2025) serves as a risk cue for the adequacy of the valuation reserve.
  - Claim type: Risk-cue or assertion-mapping
  - Support used: Text Chunk 2, F-NKE-0026, F-NKE-0027
  - Inferential bridge: A significant increase in the reserve suggests a higher proportion of inventory is estimated to be impaired; this requires audit verification to ensure the reserve is sufficient to cover the decline in NRV and is not understated.
  - Limitation: The context does not provide the specific drivers or reasons for the increase in the reserve.

- Claim: The practice of shipping products directly from suppliers to customers, where inventory and cost of sales are recognized on a specific identification basis, introduces a risk to the accuracy of inventory valuation and cost allocation.
  - Claim type: Risk-cue or assertion-mapping
  - Support used: Text Chunk 3
  - Inferential bridge: Direct shipping bypasses standard warehouse receipt processes, meaning the valuation relies on a different costing method (specific identification) than the general average cost basis, increasing the complexity of the audit trail and the risk of recording errors.
  - Limitation: The context does not provide information on the internal controls or systems used to track and verify these direct-shipment transactions."
MAIN-C027,NKE,"Nike, Inc.",main_deep_case,inventory,hybrid,"As of May 31, 2025, the Company's inventory reserve was $233 million, an increase from $155 million as of May 31, 2024.",Text Chunk 2,F-NKE-0026; F-NKE-0027,"TEXT RETRIEVAL CONTEXT

[Text Chunk 1]
chunk_id: T-NKE-REVENUE_INVENTORY-016
source_file: nke-20250531.htm
construct_tag: revenue_inventory
ranking_score: 20
text: We make ongoing estimates relating to the net realizable value of inventories based upon our assumptions about future demand, market conditions, existing inventory levels, sales trends and historical experience with similar products. If we estimate the net realizable value of our inventory is less than the cost of the inventory, we record a reserve equal to the difference between the cost of the inventory and the estimated net realizable value. If changes in market conditions result in reductions to the estimated net realizable value of our inventory below our previous estimate, we would increase our reserve in the period in which such a determination is made.

[Text Chunk 2]
chunk_id: T-NKE-REVENUE_INVENTORY-023
source_file: nke-20250531.htm
construct_tag: revenue_inventory
ranking_score: 16
text: If the net realizable value of inventory is estimated to be less than the cost of the inventory, a reserve is recorded equal to the difference between the cost of the inventory and the estimated net realizable value. This reserve is recorded as a charge to Cost of sales. As of May 31, 2025, the Company's inventory reserve was $ 233 million compared to $ 155 million as of May 31, 2024.

[Text Chunk 3]
chunk_id: T-NKE-REVENUE_INVENTORY-022
source_file: nke-20250531.htm
construct_tag: revenue_inventory
ranking_score: 12
text: Inventory costs primarily consist of product cost from the Company's suppliers, as well as inbound freight, import duties, taxes, insurance, logistics and other handling fees. Inventories, substantially all of which are finished goods, are stated at lower of cost and net realizable value and valued on either an average or a specific identification cost basis. In some instances, the Company ships products directly from its suppliers to the customer, with the related inventory and cost of sales recognized on a specific identification basis.

XBRL RELATIONAL RETRIEVAL CONTEXT

Facts:
1. fact_id=F-NKE-0353 concept=InventoryFinishedGoodsNetOfReserves value=3806000000 unit=iso4217:USD period=instant:2023-05-31 dimensions=srt:ConsolidationItemsAxis=us-gaap:OperatingSegmentsMember; us-gaap:StatementBusinessSegmentsAxis=nke:NIKEBrandMember; us-gaap:SubsegmentsAxis=nke:NorthAmericaSegmentMember
2. fact_id=F-NKE-0354 concept=InventoryFinishedGoodsNetOfReserves value=2167000000 unit=iso4217:USD period=instant:2023-05-31 dimensions=srt:ConsolidationItemsAxis=us-gaap:OperatingSegmentsMember; us-gaap:StatementBusinessSegmentsAxis=nke:NIKEBrandMember; us-gaap:SubsegmentsAxis=nke:EuropeMiddleEastAndAfricaSegmentMember
3. fact_id=F-NKE-0355 concept=InventoryFinishedGoodsNetOfReserves value=973000000 unit=iso4217:USD period=instant:2023-05-31 dimensions=srt:ConsolidationItemsAxis=us-gaap:OperatingSegmentsMember; us-gaap:StatementBusinessSegmentsAxis=nke:NIKEBrandMember; us-gaap:SubsegmentsAxis=nke:GreaterChinaSegmentMember
4. fact_id=F-NKE-0027 concept=InventoryValuationReserves value=155000000 unit=iso4217:USD period=instant:2024-05-31 dimensions=none
5. fact_id=F-NKE-0026 concept=InventoryValuationReserves value=233000000 unit=iso4217:USD period=instant:2025-05-31 dimensions=none
6. fact_id=F-NKE-0009 concept=GrossProfit value=22292000000 unit=iso4217:USD period=duration:2022-06-01/2023-05-31 dimensions=none
7. fact_id=F-NKE-0344 concept=GrossProfit value=9111000000 unit=iso4217:USD period=duration:2022-06-01/2023-05-31 dimensions=srt:ConsolidationItemsAxis=us-gaap:OperatingSegmentsMember; us-gaap:StatementBusinessSegmentsAxis=nke:NIKEBrandMember; us-gaap:SubsegmentsAxis=nke:NorthAmericaSegmentMember
8. fact_id=F-NKE-0345 concept=GrossProfit value=6078000000 unit=iso4217:USD period=duration:2022-06-01/2023-05-31 dimensions=srt:ConsolidationItemsAxis=us-gaap:OperatingSegmentsMember; us-gaap:StatementBusinessSegmentsAxis=nke:NIKEBrandMember; us-gaap:SubsegmentsAxis=nke:EuropeMiddleEastAndAfricaSegmentMember

Relation paths:
1. path_id=X-NKE-0053 relation_type=calculation source=us-gaap:GrossProfit (Gross Profit) -> target=us-gaap:CostOfGoodsAndServicesSold (Cost of Goods and Services Sold) arcrole=http://www.xbrl.org/2003/arcrole/summation-item role=http://www.nike.com/role/CONSOLIDATEDSTATEMENTSOFINCOME
2. path_id=X-NKE-0056 relation_type=calculation source=us-gaap:AssetsCurrent (Assets, Current) -> target=us-gaap:InventoryFinishedGoodsNetOfReserves (Inventory, Finished Goods, Net of Reserves) arcrole=http://www.xbrl.org/2003/arcrole/summation-item role=http://www.nike.com/role/CONSOLIDATEDBALANCESHEETS
3. path_id=X-NKE-0060 relation_type=calculation source=us-gaap:DeferredTaxAssetsGross (Deferred Tax Assets, Gross) -> target=us-gaap:DeferredTaxAssetsInventory (Deferred Tax Assets, Inventory) arcrole=http://www.xbrl.org/2003/arcrole/summation-item role=http://www.nike.com/role/INCOMETAXESDeferredIncomeTaxAssetsandLiabilitiesDetails
4. path_id=X-NKE-0058 relation_type=calculation source=us-gaap:NetCashProvidedByUsedInOperatingActivities (Net Cash Provided by (Used in) Operating Activities) -> target=us-gaap:IncreaseDecreaseInInventories (Increase (Decrease) in Inventories) arcrole=http://www.xbrl.org/2003/arcrole/summation-item role=http://www.nike.com/role/CONSOLIDATEDSTATEMENTSOFCASHFLOWS
5. path_id=X-NKE-0067 relation_type=definition source=nke:SignificantAccountingPoliciesLineItems (label unavailable) -> target=us-gaap:InventoryValuationReserves (Inventory Valuation Reserves) arcrole=http://xbrl.org/int/dim/arcrole/domain-member role=http://www.nike.com/role/SUMMARYOFSIGNIFICANTACCOUNTINGPOLICIESDetails
6. path_id=X-NKE-0065 relation_type=definition source=us-gaap:AssetsCurrentAbstract (Assets, Current [Abstract]) -> target=us-gaap:InventoryFinishedGoodsNetOfReserves (Inventory, Finished Goods, Net of Reserves) arcrole=http://xbrl.org/int/dim/arcrole/domain-member role=http://www.nike.com/role/CONSOLIDATEDBALANCESHEETS","- Claim: Nike values inventories at the lower of cost and net realizable value, utilizing either an average or a specific identification cost basis.
  - Claim type: Factual
  - Support used: Text Chunk 3
  - Limitation: This claim is limited to the accounting policies disclosed in the provided text for the period ended 2025-05-31.

- Claim: As of May 31, 2025, the Company's inventory reserve was $233 million, an increase from $155 million as of May 31, 2024.
  - Claim type: Factual
  - Support used: Text Chunk 2, F-NKE-0026, F-NKE-0027
  - Limitation: This claim is limited to the reported figures provided in the text and XBRL facts for the specific dates mentioned.

- Claim: The use of ongoing estimates for net realizable value (NRV) based on assumptions regarding future demand, market conditions, sales trends, and historical experience creates a risk to the inventory valuation assertion.
  - Claim type: Risk-cue or assertion-mapping
  - Support used: Text Chunk 1
  - Inferential bridge: Because the NRV is derived from management's subjective assumptions about future market behavior rather than purely objective historical costs, there is a risk that the estimates may be inaccurate or biased, leading to a potential misvaluation of inventory.
  - Limitation: The provided context does not detail the specific controls used to review these assumptions or the data sources used for ""historical experience.""

- Claim: The increase in the inventory reserve from $155 million (2024) to $233 million (2025) serves as a risk cue for the adequacy of the valuation reserve.
  - Claim type: Risk-cue or assertion-mapping
  - Support used: Text Chunk 2, F-NKE-0026, F-NKE-0027
  - Inferential bridge: A significant increase in the reserve suggests a higher proportion of inventory is estimated to be impaired; this requires audit verification to ensure the reserve is sufficient to cover the decline in NRV and is not understated.
  - Limitation: The context does not provide the specific drivers or reasons for the increase in the reserve.

- Claim: The practice of shipping products directly from suppliers to customers, where inventory and cost of sales are recognized on a specific identification basis, introduces a risk to the accuracy of inventory valuation and cost allocation.
  - Claim type: Risk-cue or assertion-mapping
  - Support used: Text Chunk 3
  - Inferential bridge: Direct shipping bypasses standard warehouse receipt processes, meaning the valuation relies on a different costing method (specific identification) than the general average cost basis, increasing the complexity of the audit trail and the risk of recording errors.
  - Limitation: The context does not provide information on the internal controls or systems used to track and verify these direct-shipment transactions."
MAIN-C028,NKE,"Nike, Inc.",main_deep_case,inventory,hybrid,"The use of ongoing estimates for net realizable value (NRV) based on assumptions regarding future demand, market conditions, sales trends, and historical experience creates a risk to the inventory valuation assertion.",Text Chunk 1,,"TEXT RETRIEVAL CONTEXT

[Text Chunk 1]
chunk_id: T-NKE-REVENUE_INVENTORY-016
source_file: nke-20250531.htm
construct_tag: revenue_inventory
ranking_score: 20
text: We make ongoing estimates relating to the net realizable value of inventories based upon our assumptions about future demand, market conditions, existing inventory levels, sales trends and historical experience with similar products. If we estimate the net realizable value of our inventory is less than the cost of the inventory, we record a reserve equal to the difference between the cost of the inventory and the estimated net realizable value. If changes in market conditions result in reductions to the estimated net realizable value of our inventory below our previous estimate, we would increase our reserve in the period in which such a determination is made.

[Text Chunk 2]
chunk_id: T-NKE-REVENUE_INVENTORY-023
source_file: nke-20250531.htm
construct_tag: revenue_inventory
ranking_score: 16
text: If the net realizable value of inventory is estimated to be less than the cost of the inventory, a reserve is recorded equal to the difference between the cost of the inventory and the estimated net realizable value. This reserve is recorded as a charge to Cost of sales. As of May 31, 2025, the Company's inventory reserve was $ 233 million compared to $ 155 million as of May 31, 2024.

[Text Chunk 3]
chunk_id: T-NKE-REVENUE_INVENTORY-022
source_file: nke-20250531.htm
construct_tag: revenue_inventory
ranking_score: 12
text: Inventory costs primarily consist of product cost from the Company's suppliers, as well as inbound freight, import duties, taxes, insurance, logistics and other handling fees. Inventories, substantially all of which are finished goods, are stated at lower of cost and net realizable value and valued on either an average or a specific identification cost basis. In some instances, the Company ships products directly from its suppliers to the customer, with the related inventory and cost of sales recognized on a specific identification basis.

XBRL RELATIONAL RETRIEVAL CONTEXT

Facts:
1. fact_id=F-NKE-0353 concept=InventoryFinishedGoodsNetOfReserves value=3806000000 unit=iso4217:USD period=instant:2023-05-31 dimensions=srt:ConsolidationItemsAxis=us-gaap:OperatingSegmentsMember; us-gaap:StatementBusinessSegmentsAxis=nke:NIKEBrandMember; us-gaap:SubsegmentsAxis=nke:NorthAmericaSegmentMember
2. fact_id=F-NKE-0354 concept=InventoryFinishedGoodsNetOfReserves value=2167000000 unit=iso4217:USD period=instant:2023-05-31 dimensions=srt:ConsolidationItemsAxis=us-gaap:OperatingSegmentsMember; us-gaap:StatementBusinessSegmentsAxis=nke:NIKEBrandMember; us-gaap:SubsegmentsAxis=nke:EuropeMiddleEastAndAfricaSegmentMember
3. fact_id=F-NKE-0355 concept=InventoryFinishedGoodsNetOfReserves value=973000000 unit=iso4217:USD period=instant:2023-05-31 dimensions=srt:ConsolidationItemsAxis=us-gaap:OperatingSegmentsMember; us-gaap:StatementBusinessSegmentsAxis=nke:NIKEBrandMember; us-gaap:SubsegmentsAxis=nke:GreaterChinaSegmentMember
4. fact_id=F-NKE-0027 concept=InventoryValuationReserves value=155000000 unit=iso4217:USD period=instant:2024-05-31 dimensions=none
5. fact_id=F-NKE-0026 concept=InventoryValuationReserves value=233000000 unit=iso4217:USD period=instant:2025-05-31 dimensions=none
6. fact_id=F-NKE-0009 concept=GrossProfit value=22292000000 unit=iso4217:USD period=duration:2022-06-01/2023-05-31 dimensions=none
7. fact_id=F-NKE-0344 concept=GrossProfit value=9111000000 unit=iso4217:USD period=duration:2022-06-01/2023-05-31 dimensions=srt:ConsolidationItemsAxis=us-gaap:OperatingSegmentsMember; us-gaap:StatementBusinessSegmentsAxis=nke:NIKEBrandMember; us-gaap:SubsegmentsAxis=nke:NorthAmericaSegmentMember
8. fact_id=F-NKE-0345 concept=GrossProfit value=6078000000 unit=iso4217:USD period=duration:2022-06-01/2023-05-31 dimensions=srt:ConsolidationItemsAxis=us-gaap:OperatingSegmentsMember; us-gaap:StatementBusinessSegmentsAxis=nke:NIKEBrandMember; us-gaap:SubsegmentsAxis=nke:EuropeMiddleEastAndAfricaSegmentMember

Relation paths:
1. path_id=X-NKE-0053 relation_type=calculation source=us-gaap:GrossProfit (Gross Profit) -> target=us-gaap:CostOfGoodsAndServicesSold (Cost of Goods and Services Sold) arcrole=http://www.xbrl.org/2003/arcrole/summation-item role=http://www.nike.com/role/CONSOLIDATEDSTATEMENTSOFINCOME
2. path_id=X-NKE-0056 relation_type=calculation source=us-gaap:AssetsCurrent (Assets, Current) -> target=us-gaap:InventoryFinishedGoodsNetOfReserves (Inventory, Finished Goods, Net of Reserves) arcrole=http://www.xbrl.org/2003/arcrole/summation-item role=http://www.nike.com/role/CONSOLIDATEDBALANCESHEETS
3. path_id=X-NKE-0060 relation_type=calculation source=us-gaap:DeferredTaxAssetsGross (Deferred Tax Assets, Gross) -> target=us-gaap:DeferredTaxAssetsInventory (Deferred Tax Assets, Inventory) arcrole=http://www.xbrl.org/2003/arcrole/summation-item role=http://www.nike.com/role/INCOMETAXESDeferredIncomeTaxAssetsandLiabilitiesDetails
4. path_id=X-NKE-0058 relation_type=calculation source=us-gaap:NetCashProvidedByUsedInOperatingActivities (Net Cash Provided by (Used in) Operating Activities) -> target=us-gaap:IncreaseDecreaseInInventories (Increase (Decrease) in Inventories) arcrole=http://www.xbrl.org/2003/arcrole/summation-item role=http://www.nike.com/role/CONSOLIDATEDSTATEMENTSOFCASHFLOWS
5. path_id=X-NKE-0067 relation_type=definition source=nke:SignificantAccountingPoliciesLineItems (label unavailable) -> target=us-gaap:InventoryValuationReserves (Inventory Valuation Reserves) arcrole=http://xbrl.org/int/dim/arcrole/domain-member role=http://www.nike.com/role/SUMMARYOFSIGNIFICANTACCOUNTINGPOLICIESDetails
6. path_id=X-NKE-0065 relation_type=definition source=us-gaap:AssetsCurrentAbstract (Assets, Current [Abstract]) -> target=us-gaap:InventoryFinishedGoodsNetOfReserves (Inventory, Finished Goods, Net of Reserves) arcrole=http://xbrl.org/int/dim/arcrole/domain-member role=http://www.nike.com/role/CONSOLIDATEDBALANCESHEETS","- Claim: Nike values inventories at the lower of cost and net realizable value, utilizing either an average or a specific identification cost basis.
  - Claim type: Factual
  - Support used: Text Chunk 3
  - Limitation: This claim is limited to the accounting policies disclosed in the provided text for the period ended 2025-05-31.

- Claim: As of May 31, 2025, the Company's inventory reserve was $233 million, an increase from $155 million as of May 31, 2024.
  - Claim type: Factual
  - Support used: Text Chunk 2, F-NKE-0026, F-NKE-0027
  - Limitation: This claim is limited to the reported figures provided in the text and XBRL facts for the specific dates mentioned.

- Claim: The use of ongoing estimates for net realizable value (NRV) based on assumptions regarding future demand, market conditions, sales trends, and historical experience creates a risk to the inventory valuation assertion.
  - Claim type: Risk-cue or assertion-mapping
  - Support used: Text Chunk 1
  - Inferential bridge: Because the NRV is derived from management's subjective assumptions about future market behavior rather than purely objective historical costs, there is a risk that the estimates may be inaccurate or biased, leading to a potential misvaluation of inventory.
  - Limitation: The provided context does not detail the specific controls used to review these assumptions or the data sources used for ""historical experience.""

- Claim: The increase in the inventory reserve from $155 million (2024) to $233 million (2025) serves as a risk cue for the adequacy of the valuation reserve.
  - Claim type: Risk-cue or assertion-mapping
  - Support used: Text Chunk 2, F-NKE-0026, F-NKE-0027
  - Inferential bridge: A significant increase in the reserve suggests a higher proportion of inventory is estimated to be impaired; this requires audit verification to ensure the reserve is sufficient to cover the decline in NRV and is not understated.
  - Limitation: The context does not provide the specific drivers or reasons for the increase in the reserve.

- Claim: The practice of shipping products directly from suppliers to customers, where inventory and cost of sales are recognized on a specific identification basis, introduces a risk to the accuracy of inventory valuation and cost allocation.
  - Claim type: Risk-cue or assertion-mapping
  - Support used: Text Chunk 3
  - Inferential bridge: Direct shipping bypasses standard warehouse receipt processes, meaning the valuation relies on a different costing method (specific identification) than the general average cost basis, increasing the complexity of the audit trail and the risk of recording errors.
  - Limitation: The context does not provide information on the internal controls or systems used to track and verify these direct-shipment transactions."
MAIN-C029,NKE,"Nike, Inc.",main_deep_case,inventory,hybrid,The increase in the inventory reserve from $155 million (2024) to $233 million (2025) serves as a risk cue for the adequacy of the valuation reserve.,Text Chunk 2,F-NKE-0026; F-NKE-0027,"TEXT RETRIEVAL CONTEXT

[Text Chunk 1]
chunk_id: T-NKE-REVENUE_INVENTORY-016
source_file: nke-20250531.htm
construct_tag: revenue_inventory
ranking_score: 20
text: We make ongoing estimates relating to the net realizable value of inventories based upon our assumptions about future demand, market conditions, existing inventory levels, sales trends and historical experience with similar products. If we estimate the net realizable value of our inventory is less than the cost of the inventory, we record a reserve equal to the difference between the cost of the inventory and the estimated net realizable value. If changes in market conditions result in reductions to the estimated net realizable value of our inventory below our previous estimate, we would increase our reserve in the period in which such a determination is made.

[Text Chunk 2]
chunk_id: T-NKE-REVENUE_INVENTORY-023
source_file: nke-20250531.htm
construct_tag: revenue_inventory
ranking_score: 16
text: If the net realizable value of inventory is estimated to be less than the cost of the inventory, a reserve is recorded equal to the difference between the cost of the inventory and the estimated net realizable value. This reserve is recorded as a charge to Cost of sales. As of May 31, 2025, the Company's inventory reserve was $ 233 million compared to $ 155 million as of May 31, 2024.

[Text Chunk 3]
chunk_id: T-NKE-REVENUE_INVENTORY-022
source_file: nke-20250531.htm
construct_tag: revenue_inventory
ranking_score: 12
text: Inventory costs primarily consist of product cost from the Company's suppliers, as well as inbound freight, import duties, taxes, insurance, logistics and other handling fees. Inventories, substantially all of which are finished goods, are stated at lower of cost and net realizable value and valued on either an average or a specific identification cost basis. In some instances, the Company ships products directly from its suppliers to the customer, with the related inventory and cost of sales recognized on a specific identification basis.

XBRL RELATIONAL RETRIEVAL CONTEXT

Facts:
1. fact_id=F-NKE-0353 concept=InventoryFinishedGoodsNetOfReserves value=3806000000 unit=iso4217:USD period=instant:2023-05-31 dimensions=srt:ConsolidationItemsAxis=us-gaap:OperatingSegmentsMember; us-gaap:StatementBusinessSegmentsAxis=nke:NIKEBrandMember; us-gaap:SubsegmentsAxis=nke:NorthAmericaSegmentMember
2. fact_id=F-NKE-0354 concept=InventoryFinishedGoodsNetOfReserves value=2167000000 unit=iso4217:USD period=instant:2023-05-31 dimensions=srt:ConsolidationItemsAxis=us-gaap:OperatingSegmentsMember; us-gaap:StatementBusinessSegmentsAxis=nke:NIKEBrandMember; us-gaap:SubsegmentsAxis=nke:EuropeMiddleEastAndAfricaSegmentMember
3. fact_id=F-NKE-0355 concept=InventoryFinishedGoodsNetOfReserves value=973000000 unit=iso4217:USD period=instant:2023-05-31 dimensions=srt:ConsolidationItemsAxis=us-gaap:OperatingSegmentsMember; us-gaap:StatementBusinessSegmentsAxis=nke:NIKEBrandMember; us-gaap:SubsegmentsAxis=nke:GreaterChinaSegmentMember
4. fact_id=F-NKE-0027 concept=InventoryValuationReserves value=155000000 unit=iso4217:USD period=instant:2024-05-31 dimensions=none
5. fact_id=F-NKE-0026 concept=InventoryValuationReserves value=233000000 unit=iso4217:USD period=instant:2025-05-31 dimensions=none
6. fact_id=F-NKE-0009 concept=GrossProfit value=22292000000 unit=iso4217:USD period=duration:2022-06-01/2023-05-31 dimensions=none
7. fact_id=F-NKE-0344 concept=GrossProfit value=9111000000 unit=iso4217:USD period=duration:2022-06-01/2023-05-31 dimensions=srt:ConsolidationItemsAxis=us-gaap:OperatingSegmentsMember; us-gaap:StatementBusinessSegmentsAxis=nke:NIKEBrandMember; us-gaap:SubsegmentsAxis=nke:NorthAmericaSegmentMember
8. fact_id=F-NKE-0345 concept=GrossProfit value=6078000000 unit=iso4217:USD period=duration:2022-06-01/2023-05-31 dimensions=srt:ConsolidationItemsAxis=us-gaap:OperatingSegmentsMember; us-gaap:StatementBusinessSegmentsAxis=nke:NIKEBrandMember; us-gaap:SubsegmentsAxis=nke:EuropeMiddleEastAndAfricaSegmentMember

Relation paths:
1. path_id=X-NKE-0053 relation_type=calculation source=us-gaap:GrossProfit (Gross Profit) -> target=us-gaap:CostOfGoodsAndServicesSold (Cost of Goods and Services Sold) arcrole=http://www.xbrl.org/2003/arcrole/summation-item role=http://www.nike.com/role/CONSOLIDATEDSTATEMENTSOFINCOME
2. path_id=X-NKE-0056 relation_type=calculation source=us-gaap:AssetsCurrent (Assets, Current) -> target=us-gaap:InventoryFinishedGoodsNetOfReserves (Inventory, Finished Goods, Net of Reserves) arcrole=http://www.xbrl.org/2003/arcrole/summation-item role=http://www.nike.com/role/CONSOLIDATEDBALANCESHEETS
3. path_id=X-NKE-0060 relation_type=calculation source=us-gaap:DeferredTaxAssetsGross (Deferred Tax Assets, Gross) -> target=us-gaap:DeferredTaxAssetsInventory (Deferred Tax Assets, Inventory) arcrole=http://www.xbrl.org/2003/arcrole/summation-item role=http://www.nike.com/role/INCOMETAXESDeferredIncomeTaxAssetsandLiabilitiesDetails
4. path_id=X-NKE-0058 relation_type=calculation source=us-gaap:NetCashProvidedByUsedInOperatingActivities (Net Cash Provided by (Used in) Operating Activities) -> target=us-gaap:IncreaseDecreaseInInventories (Increase (Decrease) in Inventories) arcrole=http://www.xbrl.org/2003/arcrole/summation-item role=http://www.nike.com/role/CONSOLIDATEDSTATEMENTSOFCASHFLOWS
5. path_id=X-NKE-0067 relation_type=definition source=nke:SignificantAccountingPoliciesLineItems (label unavailable) -> target=us-gaap:InventoryValuationReserves (Inventory Valuation Reserves) arcrole=http://xbrl.org/int/dim/arcrole/domain-member role=http://www.nike.com/role/SUMMARYOFSIGNIFICANTACCOUNTINGPOLICIESDetails
6. path_id=X-NKE-0065 relation_type=definition source=us-gaap:AssetsCurrentAbstract (Assets, Current [Abstract]) -> target=us-gaap:InventoryFinishedGoodsNetOfReserves (Inventory, Finished Goods, Net of Reserves) arcrole=http://xbrl.org/int/dim/arcrole/domain-member role=http://www.nike.com/role/CONSOLIDATEDBALANCESHEETS","- Claim: Nike values inventories at the lower of cost and net realizable value, utilizing either an average or a specific identification cost basis.
  - Claim type: Factual
  - Support used: Text Chunk 3
  - Limitation: This claim is limited to the accounting policies disclosed in the provided text for the period ended 2025-05-31.

- Claim: As of May 31, 2025, the Company's inventory reserve was $233 million, an increase from $155 million as of May 31, 2024.
  - Claim type: Factual
  - Support used: Text Chunk 2, F-NKE-0026, F-NKE-0027
  - Limitation: This claim is limited to the reported figures provided in the text and XBRL facts for the specific dates mentioned.

- Claim: The use of ongoing estimates for net realizable value (NRV) based on assumptions regarding future demand, market conditions, sales trends, and historical experience creates a risk to the inventory valuation assertion.
  - Claim type: Risk-cue or assertion-mapping
  - Support used: Text Chunk 1
  - Inferential bridge: Because the NRV is derived from management's subjective assumptions about future market behavior rather than purely objective historical costs, there is a risk that the estimates may be inaccurate or biased, leading to a potential misvaluation of inventory.
  - Limitation: The provided context does not detail the specific controls used to review these assumptions or the data sources used for ""historical experience.""

- Claim: The increase in the inventory reserve from $155 million (2024) to $233 million (2025) serves as a risk cue for the adequacy of the valuation reserve.
  - Claim type: Risk-cue or assertion-mapping
  - Support used: Text Chunk 2, F-NKE-0026, F-NKE-0027
  - Inferential bridge: A significant increase in the reserve suggests a higher proportion of inventory is estimated to be impaired; this requires audit verification to ensure the reserve is sufficient to cover the decline in NRV and is not understated.
  - Limitation: The context does not provide the specific drivers or reasons for the increase in the reserve.

- Claim: The practice of shipping products directly from suppliers to customers, where inventory and cost of sales are recognized on a specific identification basis, introduces a risk to the accuracy of inventory valuation and cost allocation.
  - Claim type: Risk-cue or assertion-mapping
  - Support used: Text Chunk 3
  - Inferential bridge: Direct shipping bypasses standard warehouse receipt processes, meaning the valuation relies on a different costing method (specific identification) than the general average cost basis, increasing the complexity of the audit trail and the risk of recording errors.
  - Limitation: The context does not provide information on the internal controls or systems used to track and verify these direct-shipment transactions."
MAIN-C030,NKE,"Nike, Inc.",main_deep_case,inventory,hybrid,"The practice of shipping products directly from suppliers to customers, where inventory and cost of sales are recognized on a specific identification basis, introduces a risk to the accuracy of inventory valuation and cost allocation.",Text Chunk 3,,"TEXT RETRIEVAL CONTEXT

[Text Chunk 1]
chunk_id: T-NKE-REVENUE_INVENTORY-016
source_file: nke-20250531.htm
construct_tag: revenue_inventory
ranking_score: 20
text: We make ongoing estimates relating to the net realizable value of inventories based upon our assumptions about future demand, market conditions, existing inventory levels, sales trends and historical experience with similar products. If we estimate the net realizable value of our inventory is less than the cost of the inventory, we record a reserve equal to the difference between the cost of the inventory and the estimated net realizable value. If changes in market conditions result in reductions to the estimated net realizable value of our inventory below our previous estimate, we would increase our reserve in the period in which such a determination is made.

[Text Chunk 2]
chunk_id: T-NKE-REVENUE_INVENTORY-023
source_file: nke-20250531.htm
construct_tag: revenue_inventory
ranking_score: 16
text: If the net realizable value of inventory is estimated to be less than the cost of the inventory, a reserve is recorded equal to the difference between the cost of the inventory and the estimated net realizable value. This reserve is recorded as a charge to Cost of sales. As of May 31, 2025, the Company's inventory reserve was $ 233 million compared to $ 155 million as of May 31, 2024.

[Text Chunk 3]
chunk_id: T-NKE-REVENUE_INVENTORY-022
source_file: nke-20250531.htm
construct_tag: revenue_inventory
ranking_score: 12
text: Inventory costs primarily consist of product cost from the Company's suppliers, as well as inbound freight, import duties, taxes, insurance, logistics and other handling fees. Inventories, substantially all of which are finished goods, are stated at lower of cost and net realizable value and valued on either an average or a specific identification cost basis. In some instances, the Company ships products directly from its suppliers to the customer, with the related inventory and cost of sales recognized on a specific identification basis.

XBRL RELATIONAL RETRIEVAL CONTEXT

Facts:
1. fact_id=F-NKE-0353 concept=InventoryFinishedGoodsNetOfReserves value=3806000000 unit=iso4217:USD period=instant:2023-05-31 dimensions=srt:ConsolidationItemsAxis=us-gaap:OperatingSegmentsMember; us-gaap:StatementBusinessSegmentsAxis=nke:NIKEBrandMember; us-gaap:SubsegmentsAxis=nke:NorthAmericaSegmentMember
2. fact_id=F-NKE-0354 concept=InventoryFinishedGoodsNetOfReserves value=2167000000 unit=iso4217:USD period=instant:2023-05-31 dimensions=srt:ConsolidationItemsAxis=us-gaap:OperatingSegmentsMember; us-gaap:StatementBusinessSegmentsAxis=nke:NIKEBrandMember; us-gaap:SubsegmentsAxis=nke:EuropeMiddleEastAndAfricaSegmentMember
3. fact_id=F-NKE-0355 concept=InventoryFinishedGoodsNetOfReserves value=973000000 unit=iso4217:USD period=instant:2023-05-31 dimensions=srt:ConsolidationItemsAxis=us-gaap:OperatingSegmentsMember; us-gaap:StatementBusinessSegmentsAxis=nke:NIKEBrandMember; us-gaap:SubsegmentsAxis=nke:GreaterChinaSegmentMember
4. fact_id=F-NKE-0027 concept=InventoryValuationReserves value=155000000 unit=iso4217:USD period=instant:2024-05-31 dimensions=none
5. fact_id=F-NKE-0026 concept=InventoryValuationReserves value=233000000 unit=iso4217:USD period=instant:2025-05-31 dimensions=none
6. fact_id=F-NKE-0009 concept=GrossProfit value=22292000000 unit=iso4217:USD period=duration:2022-06-01/2023-05-31 dimensions=none
7. fact_id=F-NKE-0344 concept=GrossProfit value=9111000000 unit=iso4217:USD period=duration:2022-06-01/2023-05-31 dimensions=srt:ConsolidationItemsAxis=us-gaap:OperatingSegmentsMember; us-gaap:StatementBusinessSegmentsAxis=nke:NIKEBrandMember; us-gaap:SubsegmentsAxis=nke:NorthAmericaSegmentMember
8. fact_id=F-NKE-0345 concept=GrossProfit value=6078000000 unit=iso4217:USD period=duration:2022-06-01/2023-05-31 dimensions=srt:ConsolidationItemsAxis=us-gaap:OperatingSegmentsMember; us-gaap:StatementBusinessSegmentsAxis=nke:NIKEBrandMember; us-gaap:SubsegmentsAxis=nke:EuropeMiddleEastAndAfricaSegmentMember

Relation paths:
1. path_id=X-NKE-0053 relation_type=calculation source=us-gaap:GrossProfit (Gross Profit) -> target=us-gaap:CostOfGoodsAndServicesSold (Cost of Goods and Services Sold) arcrole=http://www.xbrl.org/2003/arcrole/summation-item role=http://www.nike.com/role/CONSOLIDATEDSTATEMENTSOFINCOME
2. path_id=X-NKE-0056 relation_type=calculation source=us-gaap:AssetsCurrent (Assets, Current) -> target=us-gaap:InventoryFinishedGoodsNetOfReserves (Inventory, Finished Goods, Net of Reserves) arcrole=http://www.xbrl.org/2003/arcrole/summation-item role=http://www.nike.com/role/CONSOLIDATEDBALANCESHEETS
3. path_id=X-NKE-0060 relation_type=calculation source=us-gaap:DeferredTaxAssetsGross (Deferred Tax Assets, Gross) -> target=us-gaap:DeferredTaxAssetsInventory (Deferred Tax Assets, Inventory) arcrole=http://www.xbrl.org/2003/arcrole/summation-item role=http://www.nike.com/role/INCOMETAXESDeferredIncomeTaxAssetsandLiabilitiesDetails
4. path_id=X-NKE-0058 relation_type=calculation source=us-gaap:NetCashProvidedByUsedInOperatingActivities (Net Cash Provided by (Used in) Operating Activities) -> target=us-gaap:IncreaseDecreaseInInventories (Increase (Decrease) in Inventories) arcrole=http://www.xbrl.org/2003/arcrole/summation-item role=http://www.nike.com/role/CONSOLIDATEDSTATEMENTSOFCASHFLOWS
5. path_id=X-NKE-0067 relation_type=definition source=nke:SignificantAccountingPoliciesLineItems (label unavailable) -> target=us-gaap:InventoryValuationReserves (Inventory Valuation Reserves) arcrole=http://xbrl.org/int/dim/arcrole/domain-member role=http://www.nike.com/role/SUMMARYOFSIGNIFICANTACCOUNTINGPOLICIESDetails
6. path_id=X-NKE-0065 relation_type=definition source=us-gaap:AssetsCurrentAbstract (Assets, Current [Abstract]) -> target=us-gaap:InventoryFinishedGoodsNetOfReserves (Inventory, Finished Goods, Net of Reserves) arcrole=http://xbrl.org/int/dim/arcrole/domain-member role=http://www.nike.com/role/CONSOLIDATEDBALANCESHEETS","- Claim: Nike values inventories at the lower of cost and net realizable value, utilizing either an average or a specific identification cost basis.
  - Claim type: Factual
  - Support used: Text Chunk 3
  - Limitation: This claim is limited to the accounting policies disclosed in the provided text for the period ended 2025-05-31.

- Claim: As of May 31, 2025, the Company's inventory reserve was $233 million, an increase from $155 million as of May 31, 2024.
  - Claim type: Factual
  - Support used: Text Chunk 2, F-NKE-0026, F-NKE-0027
  - Limitation: This claim is limited to the reported figures provided in the text and XBRL facts for the specific dates mentioned.

- Claim: The use of ongoing estimates for net realizable value (NRV) based on assumptions regarding future demand, market conditions, sales trends, and historical experience creates a risk to the inventory valuation assertion.
  - Claim type: Risk-cue or assertion-mapping
  - Support used: Text Chunk 1
  - Inferential bridge: Because the NRV is derived from management's subjective assumptions about future market behavior rather than purely objective historical costs, there is a risk that the estimates may be inaccurate or biased, leading to a potential misvaluation of inventory.
  - Limitation: The provided context does not detail the specific controls used to review these assumptions or the data sources used for ""historical experience.""

- Claim: The increase in the inventory reserve from $155 million (2024) to $233 million (2025) serves as a risk cue for the adequacy of the valuation reserve.
  - Claim type: Risk-cue or assertion-mapping
  - Support used: Text Chunk 2, F-NKE-0026, F-NKE-0027
  - Inferential bridge: A significant increase in the reserve suggests a higher proportion of inventory is estimated to be impaired; this requires audit verification to ensure the reserve is sufficient to cover the decline in NRV and is not understated.
  - Limitation: The context does not provide the specific drivers or reasons for the increase in the reserve.

- Claim: The practice of shipping products directly from suppliers to customers, where inventory and cost of sales are recognized on a specific identification basis, introduces a risk to the accuracy of inventory valuation and cost allocation.
  - Claim type: Risk-cue or assertion-mapping
  - Support used: Text Chunk 3
  - Inferential bridge: Direct shipping bypasses standard warehouse receipt processes, meaning the valuation relies on a different costing method (specific identification) than the general average cost basis, increasing the complexity of the audit trail and the risk of recording errors.
  - Limitation: The context does not provide information on the internal controls or systems used to track and verify these direct-shipment transactions."
MAIN-C042,SBUX,Starbucks Corporation,main_deep_case,revenue,hybrid,The recognition of revenue from stored value card breakage is subject to estimation risk.,Text Chunk 3,,"TEXT RETRIEVAL CONTEXT

[Text Chunk 1]
chunk_id: T-SBUX-REVENUE-067
source_file: sbux-20250928.htm
construct_tag: revenue
ranking_score: 15
text: Stored value cards can be activated through various channels, including at our company-operated and most licensed store locations, online at Starbucks.com, or via mobile devices held by our customers and at certain other third-party websites and locations, such as grocery stores, although they cannot be reloaded at these third-party websites or locations. Amounts loaded onto stored value cards are initially recorded as deferred revenue and recognized as revenue upon redemption. Historically, the majority of stored value cards are redeemed within one year.

[Text Chunk 2]
chunk_id: T-SBUX-REVENUE-075
source_file: sbux-20250928.htm
construct_tag: revenue
ranking_score: 12
text: Our deferred revenue primarily consists of the up-front prepaid royalty from Nestlé, for which we have continuing performance obligations to support the Global Coffee Alliance, and our unredeemed stored value card liability and unredeemed Stars associated with our loyalty program. See Note 11 , Deferred Revenue, for further information.

[Text Chunk 3]
chunk_id: T-SBUX-REVENUE-068
source_file: sbux-20250928.htm
construct_tag: revenue
ranking_score: 10
text: In many of our company-operated markets, including the U.S., our stored value cards do not have an expiration date, nor do we charge service fees that cause a decrement to customer balances. Based on historical redemption rates, a portion of stored value cards is not expected to be redeemed and will be recognized as breakage over time in proportion to stored value card redemptions. The redemption rates are based on historical redemption patterns for each market, including the timing and business channel in which the card was activated or reloaded, and remittance to government agencies under unclaimed property laws, if applicable.

XBRL RELATIONAL RETRIEVAL CONTEXT

Facts:
1. fact_id=F-SBUX-0085 concept=DescriptionOfTypesOfProductsAndServicesFromWhichEachReportableSegmentDerivesItsRevenues value=North America and International operations sell coffee and other beverages, complementary food, packaged coffees, single-serve coffee products, and a focused selection of merchandise through company-operated stores and licensed stores. unit= period=duration:2024-09-30/2025-09-28 dimensions=srt:ConsolidationItemsAxis=us-gaap:OperatingSegmentsMember; us-gaap:StatementBusinessSegmentsAxis=sbux:NorthAmericaAndInternationalSegmentMemberDomain
2. fact_id=F-SBUX-0086 concept=DescriptionOfTypesOfProductsAndServicesFromWhichEachReportableSegmentDerivesItsRevenues value=Channel Development revenues include packaged coffee, tea, foodservice products, and ready-to-drink beverage sales to customers outside of our company-operated and licensed stores. Most of our Channel Development revenues are from product sales to, and royalty revenues from, Nestlé through the Global Coffee Alliance. unit= period=duration:2024-09-30/2025-09-28 dimensions=srt:ConsolidationItemsAxis=us-gaap:OperatingSegmentsMember; us-gaap:StatementBusinessSegmentsAxis=sbux:ChannelDevelopmentMember
3. fact_id=F-SBUX-0003 concept=Revenues value=29462300000 unit=iso4217:USD period=duration:2022-10-03/2023-10-01 dimensions=srt:ProductOrServiceAxis=sbux:CompanyOperatedStoresMember
4. fact_id=F-SBUX-0006 concept=Revenues value=4512700000 unit=iso4217:USD period=duration:2022-10-03/2023-10-01 dimensions=srt:ProductOrServiceAxis=sbux:LicensedStoresMember
5. fact_id=F-SBUX-0009 concept=Revenues value=2000600000 unit=iso4217:USD period=duration:2022-10-03/2023-10-01 dimensions=srt:ProductOrServiceAxis=us-gaap:ProductAndServiceOtherMember
6. fact_id=F-SBUX-0040 concept=ContractWithCustomerLiabilityRevenueRecognized value=196100000 unit=iso4217:USD period=duration:2022-10-03/2023-10-01 dimensions=srt:ProductOrServiceAxis=sbux:StoredValueCardsAndLoyaltyProgramBreakageInPriorYearDomain; us-gaap:FranchisorDisclosureAxis=us-gaap:EntityOperatedUnitsMember
7. fact_id=F-SBUX-0043 concept=ContractWithCustomerLiabilityRevenueRecognized value=18900000 unit=iso4217:USD period=duration:2022-10-03/2023-10-01 dimensions=srt:ProductOrServiceAxis=sbux:StoredValueCardsAndLoyaltyProgramBreakageInPriorYearDomain; us-gaap:FranchisorDisclosureAxis=us-gaap:FranchisedUnitsMember
8. fact_id=F-SBUX-0039 concept=ContractWithCustomerLiabilityRevenueRecognized value=187600000 unit=iso4217:USD period=duration:2023-10-02/2024-09-29 dimensions=srt:ProductOrServiceAxis=sbux:StoredValueCardsAndLoyaltyProgramBreakageInPriorYearDomain; us-gaap:FranchisorDisclosureAxis=us-gaap:EntityOperatedUnitsMember

Relation paths:
1. path_id=X-SBUX-0078 relation_type=presentation source=us-gaap:RevenueFromContractWithCustomerAbstract (Revenue from Contract with Customer [Abstract]) -> target=us-gaap:DeferredRevenueRevenueRecognized1 (Deferred Revenue, Revenue Recognized) arcrole=http://www.xbrl.org/2003/arcrole/parent-child role=http://www.starbucks.com/role/DeferredRevenueNarrativeDetails
2. path_id=X-SBUX-0018 relation_type=presentation source=us-gaap:RevenueFromContractWithCustomerAbstract (Revenue from Contract with Customer [Abstract]) -> target=sbux:ChangesInDeferredRevenueBalanceRelatedToStoredValueCardsAndLoyaltyProgramTableTextBlock (label unavailable) arcrole=http://www.xbrl.org/2003/arcrole/parent-child role=http://www.starbucks.com/role/DeferredRevenueTables
3. path_id=X-SBUX-0180 relation_type=definition source=us-gaap:EntityWideInformationRevenueFromExternalCustomerLineItems (Revenue from External Customer [Line Items]) -> target=us-gaap:ScheduleOfEntityWideInformationRevenueFromExternalCustomersByProductsAndServicesTable (Segment Reporting, Revenue from External Customer, Product and Service [Table]) arcrole=http://xbrl.org/int/dim/arcrole/all role=http://www.starbucks.com/role/SegmentReportingConsolidatedRevenueMixByProductTypeDetails
4. path_id=X-SBUX-0187 relation_type=definition source=us-gaap:RevenuesFromExternalCustomersAndLongLivedAssetsLineItems (Revenues from External Customers and Long-Lived Assets [Line Items]) -> target=us-gaap:ScheduleOfRevenuesFromExternalCustomersAndLongLivedAssetsTable (Schedule of Revenues from External Customers and Long-Lived Assets [Table]) arcrole=http://xbrl.org/int/dim/arcrole/all role=http://www.starbucks.com/role/SegmentReportingInformationbyGeographicAreaDetails
5. path_id=X-SBUX-0035 relation_type=presentation source=us-gaap:RevenueFromContractWithCustomerAbstract (Revenue from Contract with Customer [Abstract]) -> target=us-gaap:DeferredRevenueArrangementByTypeTable (Deferred Revenue Arrangement, by Type [Table]) arcrole=http://www.xbrl.org/2003/arcrole/parent-child role=http://www.starbucks.com/role/SummaryofSignificantAccountingPoliciesNarrativeDetails
6. path_id=X-SBUX-0063 relation_type=presentation source=us-gaap:RevenueFromContractWithCustomerAbstract (Revenue from Contract with Customer [Abstract]) -> target=us-gaap:DeferredRevenueArrangementByTypeTable (Deferred Revenue Arrangement, by Type [Table]) arcrole=http://www.xbrl.org/2003/arcrole/parent-child role=http://www.starbucks.com/role/DeferredRevenueNarrativeDetails","- Claim: The recognition of revenue from stored value card breakage is subject to estimation risk.
  - Claim type: Risk-cue or assertion-mapping
  - Support used: Text Chunk 3
  - Inferential bridge: The company recognizes breakage ""over time in proportion to stored value card redemptions"" based on ""historical redemption patterns"" and ""unclaimed property laws,"" which indicates that revenue recognition for breakage relies on management's estimates and historical analysis rather than a fixed trigger.
  - Limitation: Missing the specific quantitative methodology or the historical percentage rates used to calculate the breakage amount.

- Claim: Revenue recognition for the Nestlé prepaid royalty depends on the assessment of performance obligations.
  - Claim type: Risk-cue or assertion-mapping
  - Support used: Text Chunk 2
  - Inferential bridge: The context states that deferred revenue includes an up-front prepaid royalty from Nestlé for which there are ""continuing performance obligations,"" implying that the timing of revenue recognition is contingent upon the satisfaction of these obligations.
  - Limitation: Missing the specific contractual terms or the defined duration of the ""continuing performance obligations"" associated with the Global Coffee Alliance.

- Claim: The multi-channel nature of stored value card activation and redemption creates a risk regarding the accuracy of the transition from deferred revenue to recognized revenue.
  - Claim type: Risk-cue or assertion-mapping
  - Support used: Text Chunk 1
  - Inferential bridge: Because cards are activated and redeemed across diverse channels (company-operated stores, licensed stores, online, mobile, and third-party websites), the company must accurately track redemptions across all these platforms to recognize revenue from the initial deferred liability.
  - Limitation: Missing details on the IT controls or reconciliation processes used to aggregate redemption data from third-party websites and licensed stores.

- Claim: Starbucks Corporation derives revenue from North America and International operations (selling coffee, beverages, food, packaged coffees, single-serve coffee, and merchandise) and Channel Development (selling packaged coffee, tea, foodservice products, ready-to-drink beverages, and receiving royalties from Nestlé).
  - Claim type: Factual
  - Support used: F-SBUX-0085, F-SBUX-0086
  - Limitation: This claim is limited to the period from 2024-09-30 to 2025-09-28.

- Claim: Stored value cards can be activated at company-operated stores, most licensed stores, Starbucks.com, via mobile devices, and at certain third-party websites and locations, although they cannot be reloaded at third-party sites.
  - Claim type: Factual
  - Support used: Text Chunk 1
  - Limitation: This claim is limited to the narrative descriptions provided in the provided text retrieval context."
MAIN-C043,SBUX,Starbucks Corporation,main_deep_case,revenue,hybrid,Revenue recognition for the Nestlé prepaid royalty depends on the assessment of performance obligations.,Text Chunk 2,,"TEXT RETRIEVAL CONTEXT

[Text Chunk 1]
chunk_id: T-SBUX-REVENUE-067
source_file: sbux-20250928.htm
construct_tag: revenue
ranking_score: 15
text: Stored value cards can be activated through various channels, including at our company-operated and most licensed store locations, online at Starbucks.com, or via mobile devices held by our customers and at certain other third-party websites and locations, such as grocery stores, although they cannot be reloaded at these third-party websites or locations. Amounts loaded onto stored value cards are initially recorded as deferred revenue and recognized as revenue upon redemption. Historically, the majority of stored value cards are redeemed within one year.

[Text Chunk 2]
chunk_id: T-SBUX-REVENUE-075
source_file: sbux-20250928.htm
construct_tag: revenue
ranking_score: 12
text: Our deferred revenue primarily consists of the up-front prepaid royalty from Nestlé, for which we have continuing performance obligations to support the Global Coffee Alliance, and our unredeemed stored value card liability and unredeemed Stars associated with our loyalty program. See Note 11 , Deferred Revenue, for further information.

[Text Chunk 3]
chunk_id: T-SBUX-REVENUE-068
source_file: sbux-20250928.htm
construct_tag: revenue
ranking_score: 10
text: In many of our company-operated markets, including the U.S., our stored value cards do not have an expiration date, nor do we charge service fees that cause a decrement to customer balances. Based on historical redemption rates, a portion of stored value cards is not expected to be redeemed and will be recognized as breakage over time in proportion to stored value card redemptions. The redemption rates are based on historical redemption patterns for each market, including the timing and business channel in which the card was activated or reloaded, and remittance to government agencies under unclaimed property laws, if applicable.

XBRL RELATIONAL RETRIEVAL CONTEXT

Facts:
1. fact_id=F-SBUX-0085 concept=DescriptionOfTypesOfProductsAndServicesFromWhichEachReportableSegmentDerivesItsRevenues value=North America and International operations sell coffee and other beverages, complementary food, packaged coffees, single-serve coffee products, and a focused selection of merchandise through company-operated stores and licensed stores. unit= period=duration:2024-09-30/2025-09-28 dimensions=srt:ConsolidationItemsAxis=us-gaap:OperatingSegmentsMember; us-gaap:StatementBusinessSegmentsAxis=sbux:NorthAmericaAndInternationalSegmentMemberDomain
2. fact_id=F-SBUX-0086 concept=DescriptionOfTypesOfProductsAndServicesFromWhichEachReportableSegmentDerivesItsRevenues value=Channel Development revenues include packaged coffee, tea, foodservice products, and ready-to-drink beverage sales to customers outside of our company-operated and licensed stores. Most of our Channel Development revenues are from product sales to, and royalty revenues from, Nestlé through the Global Coffee Alliance. unit= period=duration:2024-09-30/2025-09-28 dimensions=srt:ConsolidationItemsAxis=us-gaap:OperatingSegmentsMember; us-gaap:StatementBusinessSegmentsAxis=sbux:ChannelDevelopmentMember
3. fact_id=F-SBUX-0003 concept=Revenues value=29462300000 unit=iso4217:USD period=duration:2022-10-03/2023-10-01 dimensions=srt:ProductOrServiceAxis=sbux:CompanyOperatedStoresMember
4. fact_id=F-SBUX-0006 concept=Revenues value=4512700000 unit=iso4217:USD period=duration:2022-10-03/2023-10-01 dimensions=srt:ProductOrServiceAxis=sbux:LicensedStoresMember
5. fact_id=F-SBUX-0009 concept=Revenues value=2000600000 unit=iso4217:USD period=duration:2022-10-03/2023-10-01 dimensions=srt:ProductOrServiceAxis=us-gaap:ProductAndServiceOtherMember
6. fact_id=F-SBUX-0040 concept=ContractWithCustomerLiabilityRevenueRecognized value=196100000 unit=iso4217:USD period=duration:2022-10-03/2023-10-01 dimensions=srt:ProductOrServiceAxis=sbux:StoredValueCardsAndLoyaltyProgramBreakageInPriorYearDomain; us-gaap:FranchisorDisclosureAxis=us-gaap:EntityOperatedUnitsMember
7. fact_id=F-SBUX-0043 concept=ContractWithCustomerLiabilityRevenueRecognized value=18900000 unit=iso4217:USD period=duration:2022-10-03/2023-10-01 dimensions=srt:ProductOrServiceAxis=sbux:StoredValueCardsAndLoyaltyProgramBreakageInPriorYearDomain; us-gaap:FranchisorDisclosureAxis=us-gaap:FranchisedUnitsMember
8. fact_id=F-SBUX-0039 concept=ContractWithCustomerLiabilityRevenueRecognized value=187600000 unit=iso4217:USD period=duration:2023-10-02/2024-09-29 dimensions=srt:ProductOrServiceAxis=sbux:StoredValueCardsAndLoyaltyProgramBreakageInPriorYearDomain; us-gaap:FranchisorDisclosureAxis=us-gaap:EntityOperatedUnitsMember

Relation paths:
1. path_id=X-SBUX-0078 relation_type=presentation source=us-gaap:RevenueFromContractWithCustomerAbstract (Revenue from Contract with Customer [Abstract]) -> target=us-gaap:DeferredRevenueRevenueRecognized1 (Deferred Revenue, Revenue Recognized) arcrole=http://www.xbrl.org/2003/arcrole/parent-child role=http://www.starbucks.com/role/DeferredRevenueNarrativeDetails
2. path_id=X-SBUX-0018 relation_type=presentation source=us-gaap:RevenueFromContractWithCustomerAbstract (Revenue from Contract with Customer [Abstract]) -> target=sbux:ChangesInDeferredRevenueBalanceRelatedToStoredValueCardsAndLoyaltyProgramTableTextBlock (label unavailable) arcrole=http://www.xbrl.org/2003/arcrole/parent-child role=http://www.starbucks.com/role/DeferredRevenueTables
3. path_id=X-SBUX-0180 relation_type=definition source=us-gaap:EntityWideInformationRevenueFromExternalCustomerLineItems (Revenue from External Customer [Line Items]) -> target=us-gaap:ScheduleOfEntityWideInformationRevenueFromExternalCustomersByProductsAndServicesTable (Segment Reporting, Revenue from External Customer, Product and Service [Table]) arcrole=http://xbrl.org/int/dim/arcrole/all role=http://www.starbucks.com/role/SegmentReportingConsolidatedRevenueMixByProductTypeDetails
4. path_id=X-SBUX-0187 relation_type=definition source=us-gaap:RevenuesFromExternalCustomersAndLongLivedAssetsLineItems (Revenues from External Customers and Long-Lived Assets [Line Items]) -> target=us-gaap:ScheduleOfRevenuesFromExternalCustomersAndLongLivedAssetsTable (Schedule of Revenues from External Customers and Long-Lived Assets [Table]) arcrole=http://xbrl.org/int/dim/arcrole/all role=http://www.starbucks.com/role/SegmentReportingInformationbyGeographicAreaDetails
5. path_id=X-SBUX-0035 relation_type=presentation source=us-gaap:RevenueFromContractWithCustomerAbstract (Revenue from Contract with Customer [Abstract]) -> target=us-gaap:DeferredRevenueArrangementByTypeTable (Deferred Revenue Arrangement, by Type [Table]) arcrole=http://www.xbrl.org/2003/arcrole/parent-child role=http://www.starbucks.com/role/SummaryofSignificantAccountingPoliciesNarrativeDetails
6. path_id=X-SBUX-0063 relation_type=presentation source=us-gaap:RevenueFromContractWithCustomerAbstract (Revenue from Contract with Customer [Abstract]) -> target=us-gaap:DeferredRevenueArrangementByTypeTable (Deferred Revenue Arrangement, by Type [Table]) arcrole=http://www.xbrl.org/2003/arcrole/parent-child role=http://www.starbucks.com/role/DeferredRevenueNarrativeDetails","- Claim: The recognition of revenue from stored value card breakage is subject to estimation risk.
  - Claim type: Risk-cue or assertion-mapping
  - Support used: Text Chunk 3
  - Inferential bridge: The company recognizes breakage ""over time in proportion to stored value card redemptions"" based on ""historical redemption patterns"" and ""unclaimed property laws,"" which indicates that revenue recognition for breakage relies on management's estimates and historical analysis rather than a fixed trigger.
  - Limitation: Missing the specific quantitative methodology or the historical percentage rates used to calculate the breakage amount.

- Claim: Revenue recognition for the Nestlé prepaid royalty depends on the assessment of performance obligations.
  - Claim type: Risk-cue or assertion-mapping
  - Support used: Text Chunk 2
  - Inferential bridge: The context states that deferred revenue includes an up-front prepaid royalty from Nestlé for which there are ""continuing performance obligations,"" implying that the timing of revenue recognition is contingent upon the satisfaction of these obligations.
  - Limitation: Missing the specific contractual terms or the defined duration of the ""continuing performance obligations"" associated with the Global Coffee Alliance.

- Claim: The multi-channel nature of stored value card activation and redemption creates a risk regarding the accuracy of the transition from deferred revenue to recognized revenue.
  - Claim type: Risk-cue or assertion-mapping
  - Support used: Text Chunk 1
  - Inferential bridge: Because cards are activated and redeemed across diverse channels (company-operated stores, licensed stores, online, mobile, and third-party websites), the company must accurately track redemptions across all these platforms to recognize revenue from the initial deferred liability.
  - Limitation: Missing details on the IT controls or reconciliation processes used to aggregate redemption data from third-party websites and licensed stores.

- Claim: Starbucks Corporation derives revenue from North America and International operations (selling coffee, beverages, food, packaged coffees, single-serve coffee, and merchandise) and Channel Development (selling packaged coffee, tea, foodservice products, ready-to-drink beverages, and receiving royalties from Nestlé).
  - Claim type: Factual
  - Support used: F-SBUX-0085, F-SBUX-0086
  - Limitation: This claim is limited to the period from 2024-09-30 to 2025-09-28.

- Claim: Stored value cards can be activated at company-operated stores, most licensed stores, Starbucks.com, via mobile devices, and at certain third-party websites and locations, although they cannot be reloaded at third-party sites.
  - Claim type: Factual
  - Support used: Text Chunk 1
  - Limitation: This claim is limited to the narrative descriptions provided in the provided text retrieval context."
MAIN-C044,SBUX,Starbucks Corporation,main_deep_case,revenue,hybrid,The multi-channel nature of stored value card activation and redemption creates a risk regarding the accuracy of the transition from deferred revenue to recognized revenue.,Text Chunk 1,,"TEXT RETRIEVAL CONTEXT

[Text Chunk 1]
chunk_id: T-SBUX-REVENUE-067
source_file: sbux-20250928.htm
construct_tag: revenue
ranking_score: 15
text: Stored value cards can be activated through various channels, including at our company-operated and most licensed store locations, online at Starbucks.com, or via mobile devices held by our customers and at certain other third-party websites and locations, such as grocery stores, although they cannot be reloaded at these third-party websites or locations. Amounts loaded onto stored value cards are initially recorded as deferred revenue and recognized as revenue upon redemption. Historically, the majority of stored value cards are redeemed within one year.

[Text Chunk 2]
chunk_id: T-SBUX-REVENUE-075
source_file: sbux-20250928.htm
construct_tag: revenue
ranking_score: 12
text: Our deferred revenue primarily consists of the up-front prepaid royalty from Nestlé, for which we have continuing performance obligations to support the Global Coffee Alliance, and our unredeemed stored value card liability and unredeemed Stars associated with our loyalty program. See Note 11 , Deferred Revenue, for further information.

[Text Chunk 3]
chunk_id: T-SBUX-REVENUE-068
source_file: sbux-20250928.htm
construct_tag: revenue
ranking_score: 10
text: In many of our company-operated markets, including the U.S., our stored value cards do not have an expiration date, nor do we charge service fees that cause a decrement to customer balances. Based on historical redemption rates, a portion of stored value cards is not expected to be redeemed and will be recognized as breakage over time in proportion to stored value card redemptions. The redemption rates are based on historical redemption patterns for each market, including the timing and business channel in which the card was activated or reloaded, and remittance to government agencies under unclaimed property laws, if applicable.

XBRL RELATIONAL RETRIEVAL CONTEXT

Facts:
1. fact_id=F-SBUX-0085 concept=DescriptionOfTypesOfProductsAndServicesFromWhichEachReportableSegmentDerivesItsRevenues value=North America and International operations sell coffee and other beverages, complementary food, packaged coffees, single-serve coffee products, and a focused selection of merchandise through company-operated stores and licensed stores. unit= period=duration:2024-09-30/2025-09-28 dimensions=srt:ConsolidationItemsAxis=us-gaap:OperatingSegmentsMember; us-gaap:StatementBusinessSegmentsAxis=sbux:NorthAmericaAndInternationalSegmentMemberDomain
2. fact_id=F-SBUX-0086 concept=DescriptionOfTypesOfProductsAndServicesFromWhichEachReportableSegmentDerivesItsRevenues value=Channel Development revenues include packaged coffee, tea, foodservice products, and ready-to-drink beverage sales to customers outside of our company-operated and licensed stores. Most of our Channel Development revenues are from product sales to, and royalty revenues from, Nestlé through the Global Coffee Alliance. unit= period=duration:2024-09-30/2025-09-28 dimensions=srt:ConsolidationItemsAxis=us-gaap:OperatingSegmentsMember; us-gaap:StatementBusinessSegmentsAxis=sbux:ChannelDevelopmentMember
3. fact_id=F-SBUX-0003 concept=Revenues value=29462300000 unit=iso4217:USD period=duration:2022-10-03/2023-10-01 dimensions=srt:ProductOrServiceAxis=sbux:CompanyOperatedStoresMember
4. fact_id=F-SBUX-0006 concept=Revenues value=4512700000 unit=iso4217:USD period=duration:2022-10-03/2023-10-01 dimensions=srt:ProductOrServiceAxis=sbux:LicensedStoresMember
5. fact_id=F-SBUX-0009 concept=Revenues value=2000600000 unit=iso4217:USD period=duration:2022-10-03/2023-10-01 dimensions=srt:ProductOrServiceAxis=us-gaap:ProductAndServiceOtherMember
6. fact_id=F-SBUX-0040 concept=ContractWithCustomerLiabilityRevenueRecognized value=196100000 unit=iso4217:USD period=duration:2022-10-03/2023-10-01 dimensions=srt:ProductOrServiceAxis=sbux:StoredValueCardsAndLoyaltyProgramBreakageInPriorYearDomain; us-gaap:FranchisorDisclosureAxis=us-gaap:EntityOperatedUnitsMember
7. fact_id=F-SBUX-0043 concept=ContractWithCustomerLiabilityRevenueRecognized value=18900000 unit=iso4217:USD period=duration:2022-10-03/2023-10-01 dimensions=srt:ProductOrServiceAxis=sbux:StoredValueCardsAndLoyaltyProgramBreakageInPriorYearDomain; us-gaap:FranchisorDisclosureAxis=us-gaap:FranchisedUnitsMember
8. fact_id=F-SBUX-0039 concept=ContractWithCustomerLiabilityRevenueRecognized value=187600000 unit=iso4217:USD period=duration:2023-10-02/2024-09-29 dimensions=srt:ProductOrServiceAxis=sbux:StoredValueCardsAndLoyaltyProgramBreakageInPriorYearDomain; us-gaap:FranchisorDisclosureAxis=us-gaap:EntityOperatedUnitsMember

Relation paths:
1. path_id=X-SBUX-0078 relation_type=presentation source=us-gaap:RevenueFromContractWithCustomerAbstract (Revenue from Contract with Customer [Abstract]) -> target=us-gaap:DeferredRevenueRevenueRecognized1 (Deferred Revenue, Revenue Recognized) arcrole=http://www.xbrl.org/2003/arcrole/parent-child role=http://www.starbucks.com/role/DeferredRevenueNarrativeDetails
2. path_id=X-SBUX-0018 relation_type=presentation source=us-gaap:RevenueFromContractWithCustomerAbstract (Revenue from Contract with Customer [Abstract]) -> target=sbux:ChangesInDeferredRevenueBalanceRelatedToStoredValueCardsAndLoyaltyProgramTableTextBlock (label unavailable) arcrole=http://www.xbrl.org/2003/arcrole/parent-child role=http://www.starbucks.com/role/DeferredRevenueTables
3. path_id=X-SBUX-0180 relation_type=definition source=us-gaap:EntityWideInformationRevenueFromExternalCustomerLineItems (Revenue from External Customer [Line Items]) -> target=us-gaap:ScheduleOfEntityWideInformationRevenueFromExternalCustomersByProductsAndServicesTable (Segment Reporting, Revenue from External Customer, Product and Service [Table]) arcrole=http://xbrl.org/int/dim/arcrole/all role=http://www.starbucks.com/role/SegmentReportingConsolidatedRevenueMixByProductTypeDetails
4. path_id=X-SBUX-0187 relation_type=definition source=us-gaap:RevenuesFromExternalCustomersAndLongLivedAssetsLineItems (Revenues from External Customers and Long-Lived Assets [Line Items]) -> target=us-gaap:ScheduleOfRevenuesFromExternalCustomersAndLongLivedAssetsTable (Schedule of Revenues from External Customers and Long-Lived Assets [Table]) arcrole=http://xbrl.org/int/dim/arcrole/all role=http://www.starbucks.com/role/SegmentReportingInformationbyGeographicAreaDetails
5. path_id=X-SBUX-0035 relation_type=presentation source=us-gaap:RevenueFromContractWithCustomerAbstract (Revenue from Contract with Customer [Abstract]) -> target=us-gaap:DeferredRevenueArrangementByTypeTable (Deferred Revenue Arrangement, by Type [Table]) arcrole=http://www.xbrl.org/2003/arcrole/parent-child role=http://www.starbucks.com/role/SummaryofSignificantAccountingPoliciesNarrativeDetails
6. path_id=X-SBUX-0063 relation_type=presentation source=us-gaap:RevenueFromContractWithCustomerAbstract (Revenue from Contract with Customer [Abstract]) -> target=us-gaap:DeferredRevenueArrangementByTypeTable (Deferred Revenue Arrangement, by Type [Table]) arcrole=http://www.xbrl.org/2003/arcrole/parent-child role=http://www.starbucks.com/role/DeferredRevenueNarrativeDetails","- Claim: The recognition of revenue from stored value card breakage is subject to estimation risk.
  - Claim type: Risk-cue or assertion-mapping
  - Support used: Text Chunk 3
  - Inferential bridge: The company recognizes breakage ""over time in proportion to stored value card redemptions"" based on ""historical redemption patterns"" and ""unclaimed property laws,"" which indicates that revenue recognition for breakage relies on management's estimates and historical analysis rather than a fixed trigger.
  - Limitation: Missing the specific quantitative methodology or the historical percentage rates used to calculate the breakage amount.

- Claim: Revenue recognition for the Nestlé prepaid royalty depends on the assessment of performance obligations.
  - Claim type: Risk-cue or assertion-mapping
  - Support used: Text Chunk 2
  - Inferential bridge: The context states that deferred revenue includes an up-front prepaid royalty from Nestlé for which there are ""continuing performance obligations,"" implying that the timing of revenue recognition is contingent upon the satisfaction of these obligations.
  - Limitation: Missing the specific contractual terms or the defined duration of the ""continuing performance obligations"" associated with the Global Coffee Alliance.

- Claim: The multi-channel nature of stored value card activation and redemption creates a risk regarding the accuracy of the transition from deferred revenue to recognized revenue.
  - Claim type: Risk-cue or assertion-mapping
  - Support used: Text Chunk 1
  - Inferential bridge: Because cards are activated and redeemed across diverse channels (company-operated stores, licensed stores, online, mobile, and third-party websites), the company must accurately track redemptions across all these platforms to recognize revenue from the initial deferred liability.
  - Limitation: Missing details on the IT controls or reconciliation processes used to aggregate redemption data from third-party websites and licensed stores.

- Claim: Starbucks Corporation derives revenue from North America and International operations (selling coffee, beverages, food, packaged coffees, single-serve coffee, and merchandise) and Channel Development (selling packaged coffee, tea, foodservice products, ready-to-drink beverages, and receiving royalties from Nestlé).
  - Claim type: Factual
  - Support used: F-SBUX-0085, F-SBUX-0086
  - Limitation: This claim is limited to the period from 2024-09-30 to 2025-09-28.

- Claim: Stored value cards can be activated at company-operated stores, most licensed stores, Starbucks.com, via mobile devices, and at certain third-party websites and locations, although they cannot be reloaded at third-party sites.
  - Claim type: Factual
  - Support used: Text Chunk 1
  - Limitation: This claim is limited to the narrative descriptions provided in the provided text retrieval context."
MAIN-C045,SBUX,Starbucks Corporation,main_deep_case,revenue,hybrid,"Starbucks Corporation derives revenue from North America and International operations (selling coffee, beverages, food, packaged coffees, single-serve coffee, and merchandise) and Channel Development (selling packaged coffee, tea, foodservice products, ready-to-drink beverages, and receiving royalties from Nestlé).",,F-SBUX-0085; F-SBUX-0086,"TEXT RETRIEVAL CONTEXT

[Text Chunk 1]
chunk_id: T-SBUX-REVENUE-067
source_file: sbux-20250928.htm
construct_tag: revenue
ranking_score: 15
text: Stored value cards can be activated through various channels, including at our company-operated and most licensed store locations, online at Starbucks.com, or via mobile devices held by our customers and at certain other third-party websites and locations, such as grocery stores, although they cannot be reloaded at these third-party websites or locations. Amounts loaded onto stored value cards are initially recorded as deferred revenue and recognized as revenue upon redemption. Historically, the majority of stored value cards are redeemed within one year.

[Text Chunk 2]
chunk_id: T-SBUX-REVENUE-075
source_file: sbux-20250928.htm
construct_tag: revenue
ranking_score: 12
text: Our deferred revenue primarily consists of the up-front prepaid royalty from Nestlé, for which we have continuing performance obligations to support the Global Coffee Alliance, and our unredeemed stored value card liability and unredeemed Stars associated with our loyalty program. See Note 11 , Deferred Revenue, for further information.

[Text Chunk 3]
chunk_id: T-SBUX-REVENUE-068
source_file: sbux-20250928.htm
construct_tag: revenue
ranking_score: 10
text: In many of our company-operated markets, including the U.S., our stored value cards do not have an expiration date, nor do we charge service fees that cause a decrement to customer balances. Based on historical redemption rates, a portion of stored value cards is not expected to be redeemed and will be recognized as breakage over time in proportion to stored value card redemptions. The redemption rates are based on historical redemption patterns for each market, including the timing and business channel in which the card was activated or reloaded, and remittance to government agencies under unclaimed property laws, if applicable.

XBRL RELATIONAL RETRIEVAL CONTEXT

Facts:
1. fact_id=F-SBUX-0085 concept=DescriptionOfTypesOfProductsAndServicesFromWhichEachReportableSegmentDerivesItsRevenues value=North America and International operations sell coffee and other beverages, complementary food, packaged coffees, single-serve coffee products, and a focused selection of merchandise through company-operated stores and licensed stores. unit= period=duration:2024-09-30/2025-09-28 dimensions=srt:ConsolidationItemsAxis=us-gaap:OperatingSegmentsMember; us-gaap:StatementBusinessSegmentsAxis=sbux:NorthAmericaAndInternationalSegmentMemberDomain
2. fact_id=F-SBUX-0086 concept=DescriptionOfTypesOfProductsAndServicesFromWhichEachReportableSegmentDerivesItsRevenues value=Channel Development revenues include packaged coffee, tea, foodservice products, and ready-to-drink beverage sales to customers outside of our company-operated and licensed stores. Most of our Channel Development revenues are from product sales to, and royalty revenues from, Nestlé through the Global Coffee Alliance. unit= period=duration:2024-09-30/2025-09-28 dimensions=srt:ConsolidationItemsAxis=us-gaap:OperatingSegmentsMember; us-gaap:StatementBusinessSegmentsAxis=sbux:ChannelDevelopmentMember
3. fact_id=F-SBUX-0003 concept=Revenues value=29462300000 unit=iso4217:USD period=duration:2022-10-03/2023-10-01 dimensions=srt:ProductOrServiceAxis=sbux:CompanyOperatedStoresMember
4. fact_id=F-SBUX-0006 concept=Revenues value=4512700000 unit=iso4217:USD period=duration:2022-10-03/2023-10-01 dimensions=srt:ProductOrServiceAxis=sbux:LicensedStoresMember
5. fact_id=F-SBUX-0009 concept=Revenues value=2000600000 unit=iso4217:USD period=duration:2022-10-03/2023-10-01 dimensions=srt:ProductOrServiceAxis=us-gaap:ProductAndServiceOtherMember
6. fact_id=F-SBUX-0040 concept=ContractWithCustomerLiabilityRevenueRecognized value=196100000 unit=iso4217:USD period=duration:2022-10-03/2023-10-01 dimensions=srt:ProductOrServiceAxis=sbux:StoredValueCardsAndLoyaltyProgramBreakageInPriorYearDomain; us-gaap:FranchisorDisclosureAxis=us-gaap:EntityOperatedUnitsMember
7. fact_id=F-SBUX-0043 concept=ContractWithCustomerLiabilityRevenueRecognized value=18900000 unit=iso4217:USD period=duration:2022-10-03/2023-10-01 dimensions=srt:ProductOrServiceAxis=sbux:StoredValueCardsAndLoyaltyProgramBreakageInPriorYearDomain; us-gaap:FranchisorDisclosureAxis=us-gaap:FranchisedUnitsMember
8. fact_id=F-SBUX-0039 concept=ContractWithCustomerLiabilityRevenueRecognized value=187600000 unit=iso4217:USD period=duration:2023-10-02/2024-09-29 dimensions=srt:ProductOrServiceAxis=sbux:StoredValueCardsAndLoyaltyProgramBreakageInPriorYearDomain; us-gaap:FranchisorDisclosureAxis=us-gaap:EntityOperatedUnitsMember

Relation paths:
1. path_id=X-SBUX-0078 relation_type=presentation source=us-gaap:RevenueFromContractWithCustomerAbstract (Revenue from Contract with Customer [Abstract]) -> target=us-gaap:DeferredRevenueRevenueRecognized1 (Deferred Revenue, Revenue Recognized) arcrole=http://www.xbrl.org/2003/arcrole/parent-child role=http://www.starbucks.com/role/DeferredRevenueNarrativeDetails
2. path_id=X-SBUX-0018 relation_type=presentation source=us-gaap:RevenueFromContractWithCustomerAbstract (Revenue from Contract with Customer [Abstract]) -> target=sbux:ChangesInDeferredRevenueBalanceRelatedToStoredValueCardsAndLoyaltyProgramTableTextBlock (label unavailable) arcrole=http://www.xbrl.org/2003/arcrole/parent-child role=http://www.starbucks.com/role/DeferredRevenueTables
3. path_id=X-SBUX-0180 relation_type=definition source=us-gaap:EntityWideInformationRevenueFromExternalCustomerLineItems (Revenue from External Customer [Line Items]) -> target=us-gaap:ScheduleOfEntityWideInformationRevenueFromExternalCustomersByProductsAndServicesTable (Segment Reporting, Revenue from External Customer, Product and Service [Table]) arcrole=http://xbrl.org/int/dim/arcrole/all role=http://www.starbucks.com/role/SegmentReportingConsolidatedRevenueMixByProductTypeDetails
4. path_id=X-SBUX-0187 relation_type=definition source=us-gaap:RevenuesFromExternalCustomersAndLongLivedAssetsLineItems (Revenues from External Customers and Long-Lived Assets [Line Items]) -> target=us-gaap:ScheduleOfRevenuesFromExternalCustomersAndLongLivedAssetsTable (Schedule of Revenues from External Customers and Long-Lived Assets [Table]) arcrole=http://xbrl.org/int/dim/arcrole/all role=http://www.starbucks.com/role/SegmentReportingInformationbyGeographicAreaDetails
5. path_id=X-SBUX-0035 relation_type=presentation source=us-gaap:RevenueFromContractWithCustomerAbstract (Revenue from Contract with Customer [Abstract]) -> target=us-gaap:DeferredRevenueArrangementByTypeTable (Deferred Revenue Arrangement, by Type [Table]) arcrole=http://www.xbrl.org/2003/arcrole/parent-child role=http://www.starbucks.com/role/SummaryofSignificantAccountingPoliciesNarrativeDetails
6. path_id=X-SBUX-0063 relation_type=presentation source=us-gaap:RevenueFromContractWithCustomerAbstract (Revenue from Contract with Customer [Abstract]) -> target=us-gaap:DeferredRevenueArrangementByTypeTable (Deferred Revenue Arrangement, by Type [Table]) arcrole=http://www.xbrl.org/2003/arcrole/parent-child role=http://www.starbucks.com/role/DeferredRevenueNarrativeDetails","- Claim: The recognition of revenue from stored value card breakage is subject to estimation risk.
  - Claim type: Risk-cue or assertion-mapping
  - Support used: Text Chunk 3
  - Inferential bridge: The company recognizes breakage ""over time in proportion to stored value card redemptions"" based on ""historical redemption patterns"" and ""unclaimed property laws,"" which indicates that revenue recognition for breakage relies on management's estimates and historical analysis rather than a fixed trigger.
  - Limitation: Missing the specific quantitative methodology or the historical percentage rates used to calculate the breakage amount.

- Claim: Revenue recognition for the Nestlé prepaid royalty depends on the assessment of performance obligations.
  - Claim type: Risk-cue or assertion-mapping
  - Support used: Text Chunk 2
  - Inferential bridge: The context states that deferred revenue includes an up-front prepaid royalty from Nestlé for which there are ""continuing performance obligations,"" implying that the timing of revenue recognition is contingent upon the satisfaction of these obligations.
  - Limitation: Missing the specific contractual terms or the defined duration of the ""continuing performance obligations"" associated with the Global Coffee Alliance.

- Claim: The multi-channel nature of stored value card activation and redemption creates a risk regarding the accuracy of the transition from deferred revenue to recognized revenue.
  - Claim type: Risk-cue or assertion-mapping
  - Support used: Text Chunk 1
  - Inferential bridge: Because cards are activated and redeemed across diverse channels (company-operated stores, licensed stores, online, mobile, and third-party websites), the company must accurately track redemptions across all these platforms to recognize revenue from the initial deferred liability.
  - Limitation: Missing details on the IT controls or reconciliation processes used to aggregate redemption data from third-party websites and licensed stores.

- Claim: Starbucks Corporation derives revenue from North America and International operations (selling coffee, beverages, food, packaged coffees, single-serve coffee, and merchandise) and Channel Development (selling packaged coffee, tea, foodservice products, ready-to-drink beverages, and receiving royalties from Nestlé).
  - Claim type: Factual
  - Support used: F-SBUX-0085, F-SBUX-0086
  - Limitation: This claim is limited to the period from 2024-09-30 to 2025-09-28.

- Claim: Stored value cards can be activated at company-operated stores, most licensed stores, Starbucks.com, via mobile devices, and at certain third-party websites and locations, although they cannot be reloaded at third-party sites.
  - Claim type: Factual
  - Support used: Text Chunk 1
  - Limitation: This claim is limited to the narrative descriptions provided in the provided text retrieval context."
MAIN-C046,SBUX,Starbucks Corporation,main_deep_case,revenue,hybrid,"Stored value cards can be activated at company-operated stores, most licensed stores, Starbucks.com, via mobile devices, and at certain third-party websites and locations, although they cannot be reloaded at third-party sites.",Text Chunk 1,,"TEXT RETRIEVAL CONTEXT

[Text Chunk 1]
chunk_id: T-SBUX-REVENUE-067
source_file: sbux-20250928.htm
construct_tag: revenue
ranking_score: 15
text: Stored value cards can be activated through various channels, including at our company-operated and most licensed store locations, online at Starbucks.com, or via mobile devices held by our customers and at certain other third-party websites and locations, such as grocery stores, although they cannot be reloaded at these third-party websites or locations. Amounts loaded onto stored value cards are initially recorded as deferred revenue and recognized as revenue upon redemption. Historically, the majority of stored value cards are redeemed within one year.

[Text Chunk 2]
chunk_id: T-SBUX-REVENUE-075
source_file: sbux-20250928.htm
construct_tag: revenue
ranking_score: 12
text: Our deferred revenue primarily consists of the up-front prepaid royalty from Nestlé, for which we have continuing performance obligations to support the Global Coffee Alliance, and our unredeemed stored value card liability and unredeemed Stars associated with our loyalty program. See Note 11 , Deferred Revenue, for further information.

[Text Chunk 3]
chunk_id: T-SBUX-REVENUE-068
source_file: sbux-20250928.htm
construct_tag: revenue
ranking_score: 10
text: In many of our company-operated markets, including the U.S., our stored value cards do not have an expiration date, nor do we charge service fees that cause a decrement to customer balances. Based on historical redemption rates, a portion of stored value cards is not expected to be redeemed and will be recognized as breakage over time in proportion to stored value card redemptions. The redemption rates are based on historical redemption patterns for each market, including the timing and business channel in which the card was activated or reloaded, and remittance to government agencies under unclaimed property laws, if applicable.

XBRL RELATIONAL RETRIEVAL CONTEXT

Facts:
1. fact_id=F-SBUX-0085 concept=DescriptionOfTypesOfProductsAndServicesFromWhichEachReportableSegmentDerivesItsRevenues value=North America and International operations sell coffee and other beverages, complementary food, packaged coffees, single-serve coffee products, and a focused selection of merchandise through company-operated stores and licensed stores. unit= period=duration:2024-09-30/2025-09-28 dimensions=srt:ConsolidationItemsAxis=us-gaap:OperatingSegmentsMember; us-gaap:StatementBusinessSegmentsAxis=sbux:NorthAmericaAndInternationalSegmentMemberDomain
2. fact_id=F-SBUX-0086 concept=DescriptionOfTypesOfProductsAndServicesFromWhichEachReportableSegmentDerivesItsRevenues value=Channel Development revenues include packaged coffee, tea, foodservice products, and ready-to-drink beverage sales to customers outside of our company-operated and licensed stores. Most of our Channel Development revenues are from product sales to, and royalty revenues from, Nestlé through the Global Coffee Alliance. unit= period=duration:2024-09-30/2025-09-28 dimensions=srt:ConsolidationItemsAxis=us-gaap:OperatingSegmentsMember; us-gaap:StatementBusinessSegmentsAxis=sbux:ChannelDevelopmentMember
3. fact_id=F-SBUX-0003 concept=Revenues value=29462300000 unit=iso4217:USD period=duration:2022-10-03/2023-10-01 dimensions=srt:ProductOrServiceAxis=sbux:CompanyOperatedStoresMember
4. fact_id=F-SBUX-0006 concept=Revenues value=4512700000 unit=iso4217:USD period=duration:2022-10-03/2023-10-01 dimensions=srt:ProductOrServiceAxis=sbux:LicensedStoresMember
5. fact_id=F-SBUX-0009 concept=Revenues value=2000600000 unit=iso4217:USD period=duration:2022-10-03/2023-10-01 dimensions=srt:ProductOrServiceAxis=us-gaap:ProductAndServiceOtherMember
6. fact_id=F-SBUX-0040 concept=ContractWithCustomerLiabilityRevenueRecognized value=196100000 unit=iso4217:USD period=duration:2022-10-03/2023-10-01 dimensions=srt:ProductOrServiceAxis=sbux:StoredValueCardsAndLoyaltyProgramBreakageInPriorYearDomain; us-gaap:FranchisorDisclosureAxis=us-gaap:EntityOperatedUnitsMember
7. fact_id=F-SBUX-0043 concept=ContractWithCustomerLiabilityRevenueRecognized value=18900000 unit=iso4217:USD period=duration:2022-10-03/2023-10-01 dimensions=srt:ProductOrServiceAxis=sbux:StoredValueCardsAndLoyaltyProgramBreakageInPriorYearDomain; us-gaap:FranchisorDisclosureAxis=us-gaap:FranchisedUnitsMember
8. fact_id=F-SBUX-0039 concept=ContractWithCustomerLiabilityRevenueRecognized value=187600000 unit=iso4217:USD period=duration:2023-10-02/2024-09-29 dimensions=srt:ProductOrServiceAxis=sbux:StoredValueCardsAndLoyaltyProgramBreakageInPriorYearDomain; us-gaap:FranchisorDisclosureAxis=us-gaap:EntityOperatedUnitsMember

Relation paths:
1. path_id=X-SBUX-0078 relation_type=presentation source=us-gaap:RevenueFromContractWithCustomerAbstract (Revenue from Contract with Customer [Abstract]) -> target=us-gaap:DeferredRevenueRevenueRecognized1 (Deferred Revenue, Revenue Recognized) arcrole=http://www.xbrl.org/2003/arcrole/parent-child role=http://www.starbucks.com/role/DeferredRevenueNarrativeDetails
2. path_id=X-SBUX-0018 relation_type=presentation source=us-gaap:RevenueFromContractWithCustomerAbstract (Revenue from Contract with Customer [Abstract]) -> target=sbux:ChangesInDeferredRevenueBalanceRelatedToStoredValueCardsAndLoyaltyProgramTableTextBlock (label unavailable) arcrole=http://www.xbrl.org/2003/arcrole/parent-child role=http://www.starbucks.com/role/DeferredRevenueTables
3. path_id=X-SBUX-0180 relation_type=definition source=us-gaap:EntityWideInformationRevenueFromExternalCustomerLineItems (Revenue from External Customer [Line Items]) -> target=us-gaap:ScheduleOfEntityWideInformationRevenueFromExternalCustomersByProductsAndServicesTable (Segment Reporting, Revenue from External Customer, Product and Service [Table]) arcrole=http://xbrl.org/int/dim/arcrole/all role=http://www.starbucks.com/role/SegmentReportingConsolidatedRevenueMixByProductTypeDetails
4. path_id=X-SBUX-0187 relation_type=definition source=us-gaap:RevenuesFromExternalCustomersAndLongLivedAssetsLineItems (Revenues from External Customers and Long-Lived Assets [Line Items]) -> target=us-gaap:ScheduleOfRevenuesFromExternalCustomersAndLongLivedAssetsTable (Schedule of Revenues from External Customers and Long-Lived Assets [Table]) arcrole=http://xbrl.org/int/dim/arcrole/all role=http://www.starbucks.com/role/SegmentReportingInformationbyGeographicAreaDetails
5. path_id=X-SBUX-0035 relation_type=presentation source=us-gaap:RevenueFromContractWithCustomerAbstract (Revenue from Contract with Customer [Abstract]) -> target=us-gaap:DeferredRevenueArrangementByTypeTable (Deferred Revenue Arrangement, by Type [Table]) arcrole=http://www.xbrl.org/2003/arcrole/parent-child role=http://www.starbucks.com/role/SummaryofSignificantAccountingPoliciesNarrativeDetails
6. path_id=X-SBUX-0063 relation_type=presentation source=us-gaap:RevenueFromContractWithCustomerAbstract (Revenue from Contract with Customer [Abstract]) -> target=us-gaap:DeferredRevenueArrangementByTypeTable (Deferred Revenue Arrangement, by Type [Table]) arcrole=http://www.xbrl.org/2003/arcrole/parent-child role=http://www.starbucks.com/role/DeferredRevenueNarrativeDetails","- Claim: The recognition of revenue from stored value card breakage is subject to estimation risk.
  - Claim type: Risk-cue or assertion-mapping
  - Support used: Text Chunk 3
  - Inferential bridge: The company recognizes breakage ""over time in proportion to stored value card redemptions"" based on ""historical redemption patterns"" and ""unclaimed property laws,"" which indicates that revenue recognition for breakage relies on management's estimates and historical analysis rather than a fixed trigger.
  - Limitation: Missing the specific quantitative methodology or the historical percentage rates used to calculate the breakage amount.

- Claim: Revenue recognition for the Nestlé prepaid royalty depends on the assessment of performance obligations.
  - Claim type: Risk-cue or assertion-mapping
  - Support used: Text Chunk 2
  - Inferential bridge: The context states that deferred revenue includes an up-front prepaid royalty from Nestlé for which there are ""continuing performance obligations,"" implying that the timing of revenue recognition is contingent upon the satisfaction of these obligations.
  - Limitation: Missing the specific contractual terms or the defined duration of the ""continuing performance obligations"" associated with the Global Coffee Alliance.

- Claim: The multi-channel nature of stored value card activation and redemption creates a risk regarding the accuracy of the transition from deferred revenue to recognized revenue.
  - Claim type: Risk-cue or assertion-mapping
  - Support used: Text Chunk 1
  - Inferential bridge: Because cards are activated and redeemed across diverse channels (company-operated stores, licensed stores, online, mobile, and third-party websites), the company must accurately track redemptions across all these platforms to recognize revenue from the initial deferred liability.
  - Limitation: Missing details on the IT controls or reconciliation processes used to aggregate redemption data from third-party websites and licensed stores.

- Claim: Starbucks Corporation derives revenue from North America and International operations (selling coffee, beverages, food, packaged coffees, single-serve coffee, and merchandise) and Channel Development (selling packaged coffee, tea, foodservice products, ready-to-drink beverages, and receiving royalties from Nestlé).
  - Claim type: Factual
  - Support used: F-SBUX-0085, F-SBUX-0086
  - Limitation: This claim is limited to the period from 2024-09-30 to 2025-09-28.

- Claim: Stored value cards can be activated at company-operated stores, most licensed stores, Starbucks.com, via mobile devices, and at certain third-party websites and locations, although they cannot be reloaded at third-party sites.
  - Claim type: Factual
  - Support used: Text Chunk 1
  - Limitation: This claim is limited to the narrative descriptions provided in the provided text retrieval context."
MAIN-C057,SBUX,Starbucks Corporation,main_deep_case,inventory,hybrid,Inventories are stated at the lower of cost (primarily moving average cost) or net realizable value.,T-SBUX-INVENTORY-015,,"TEXT RETRIEVAL CONTEXT

[Text Chunk 1]
chunk_id: T-SBUX-INVENTORY-015
source_file: sbux-20250928.htm
construct_tag: inventory
ranking_score: 17
text: Inventories are stated at the lower of cost (primarily moving average cost) or net realizable value. We record inventory reserves for obsolete and slow-moving inventory and for estimated shrinkage between physical inventory counts. Inventory reserves are based on inventory obsolescence trends, historical experience, and application of the specific identification method. As of September 28, 2025, and September 29, 2024, inventory reserves were $ 56.6 million and $ 58.0 million, respectively.

[Text Chunk 2]
chunk_id: T-SBUX-INVENTORY-008
source_file: sbux-20250928.htm
construct_tag: inventory
ranking_score: 3
text: resulted, and may in the future result, in insufficient or excess inventory, increased inventory markdowns, and higher costs. Any of these outcomes could adversely affect our results of operations and financial condition.

[Text Chunk 3]
chunk_id: T-SBUX-REVENUE_INVENTORY-001
source_file: sbux-20250928.htm
construct_tag: revenue_inventory
ranking_score: 3
text: Revenues from our licensed stores accounted for 12% of total net revenues in fiscal 2025. Licensed stores generally have a lower gross margin and a higher operating margin than company-operated stores. Under the licensed model, Starbucks receives a margin on branded products and supplies sold to the licensed store operator along with a royalty on retail sales. Licensees are responsible for operating costs and capital investments, which more than offset the lower revenues we receive under the licensed store model.

XBRL RELATIONAL RETRIEVAL CONTEXT

Facts:
1. fact_id=F-SBUX-0016 concept=InventoryNet value=1777300000 unit=iso4217:USD period=instant:2024-09-29 dimensions=none
2. fact_id=F-SBUX-0055 concept=InventoryNet value=1777300000 unit=iso4217:USD period=instant:2024-09-29 dimensions=none
3. fact_id=F-SBUX-0015 concept=InventoryNet value=2185600000 unit=iso4217:USD period=instant:2025-09-28 dimensions=none
4. fact_id=F-SBUX-0035 concept=InventoryValuationReserves value=58000000.0 unit=iso4217:USD period=instant:2024-09-29 dimensions=none
5. fact_id=F-SBUX-0034 concept=InventoryValuationReserves value=56600000 unit=iso4217:USD period=instant:2025-09-28 dimensions=none
6. fact_id=F-SBUX-0051 concept=RetailRelatedInventoryMerchandise value=384600000 unit=iso4217:USD period=instant:2024-09-29 dimensions=none
7. fact_id=F-SBUX-0050 concept=RetailRelatedInventoryMerchandise value=399700000 unit=iso4217:USD period=instant:2025-09-28 dimensions=none
8. fact_id=F-SBUX-0053 concept=RetailRelatedInventoryPackagingAndOtherSupplies value=475700000 unit=iso4217:USD period=instant:2024-09-29 dimensions=none

Relation paths:
1. path_id=X-SBUX-0128 relation_type=calculation source=us-gaap:InventoryNet (Inventory, Net) -> target=us-gaap:RetailRelatedInventoryMerchandise (Retail Related Inventory, Merchandise) arcrole=http://www.xbrl.org/2003/arcrole/summation-item role=http://www.starbucks.com/role/InventoriesComponentsofInventoriesDetails
2. path_id=X-SBUX-0129 relation_type=calculation source=us-gaap:InventoryNet (Inventory, Net) -> target=us-gaap:RetailRelatedInventoryPackagingAndOtherSupplies (Retail Related Inventory, Packaging and Other Supplies) arcrole=http://www.xbrl.org/2003/arcrole/summation-item role=http://www.starbucks.com/role/InventoriesComponentsofInventoriesDetails
3. path_id=X-SBUX-0153 relation_type=definition source=us-gaap:InventoryLineItems (Inventory [Line Items]) -> target=us-gaap:InventoryCurrentTable (Inventory, Current [Table]) arcrole=http://xbrl.org/int/dim/arcrole/all role=http://www.starbucks.com/role/InventoriesNarrativeDetails
4. path_id=X-SBUX-0156 relation_type=definition source=us-gaap:InventoryLineItems (Inventory [Line Items]) -> target=us-gaap:InventoryWriteDown (Inventory Write-down) arcrole=http://xbrl.org/int/dim/arcrole/domain-member role=http://www.starbucks.com/role/InventoriesNarrativeDetails
5. path_id=X-SBUX-0050 relation_type=presentation source=us-gaap:InventoryCurrentTable (Inventory, Current [Table]) -> target=us-gaap:InventoryLineItems (Inventory [Line Items]) arcrole=http://www.xbrl.org/2003/arcrole/parent-child role=http://www.starbucks.com/role/InventoriesNarrativeDetails
6. path_id=X-SBUX-0048 relation_type=presentation source=us-gaap:InventoryDisclosureAbstract (Inventory Disclosure [Abstract]) -> target=us-gaap:InventoryCurrentTable (Inventory, Current [Table]) arcrole=http://www.xbrl.org/2003/arcrole/parent-child role=http://www.starbucks.com/role/InventoriesNarrativeDetails","- Claim: Inventories are stated at the lower of cost (primarily moving average cost) or net realizable value.
  - Claim type: Factual
  - Support used: T-SBUX-INVENTORY-015
  - Limitation: This claim is limited to the accounting policy disclosed in the provided text for the fiscal year ended September 28, 2025.

- Claim: As of September 28, 2025, inventory reserves were $56.6 million.
  - Claim type: Factual
  - Support used: T-SBUX-INVENTORY-015, F-SBUX-0034
  - Limitation: This is a point-in-time measurement as of the specific period end date of 2025-09-28.

- Claim: The reliance on ""obsolescence trends"" and ""historical experience"" to determine inventory reserves for obsolete and slow-moving inventory presents a risk to the valuation assertion.
  - Claim type: Risk-cue or assertion-mapping
  - Support used: T-SBUX-INVENTORY-015
  - Inferential bridge: Because the valuation of inventory reserves depends on subjective inputs (trends and historical experience) rather than purely objective data, there is a risk that the reserves may not accurately reflect the net realizable value.
  - Limitation: The provided context lacks detail on the specific controls used to validate these trends or the quantitative criteria for ""slow-moving"" inventory.

- Claim: The possibility of ""excess inventory"" and ""increased inventory markdowns"" creates a risk that inventory may be overstated relative to its net realizable value.
  - Claim type: Risk-cue or assertion-mapping
  - Support used: T-SBUX-INVENTORY-008
  - Inferential bridge: The company explicitly identifies ""excess inventory"" and ""increased inventory markdowns"" as potential outcomes that could adversely affect financial condition, which directly maps to the valuation assertion's requirement to record inventory at the lower of cost or NRV.
  - Limitation: The context does not provide the specific operational causes of the excess inventory or the magnitude of the potential markdowns.

- Claim: The use of ""estimated shrinkage"" between physical inventory counts introduces a risk to the valuation assertion.
  - Claim type: Risk-cue or assertion-mapping
  - Support used: T-SBUX-INVENTORY-015
  - Inferential bridge: Since shrinkage is recorded as an ""estimated"" reserve rather than a known quantity between physical counts, there is a risk that the estimate may deviate from actual physical losses.
  - Limitation: The context is insufficient regarding the frequency of physical inventory counts or the specific formula used to calculate the shrinkage estimate."
MAIN-C058,SBUX,Starbucks Corporation,main_deep_case,inventory,hybrid,"As of September 28, 2025, inventory reserves were $56.6 million.",T-SBUX-INVENTORY-015,F-SBUX-0034,"TEXT RETRIEVAL CONTEXT

[Text Chunk 1]
chunk_id: T-SBUX-INVENTORY-015
source_file: sbux-20250928.htm
construct_tag: inventory
ranking_score: 17
text: Inventories are stated at the lower of cost (primarily moving average cost) or net realizable value. We record inventory reserves for obsolete and slow-moving inventory and for estimated shrinkage between physical inventory counts. Inventory reserves are based on inventory obsolescence trends, historical experience, and application of the specific identification method. As of September 28, 2025, and September 29, 2024, inventory reserves were $ 56.6 million and $ 58.0 million, respectively.

[Text Chunk 2]
chunk_id: T-SBUX-INVENTORY-008
source_file: sbux-20250928.htm
construct_tag: inventory
ranking_score: 3
text: resulted, and may in the future result, in insufficient or excess inventory, increased inventory markdowns, and higher costs. Any of these outcomes could adversely affect our results of operations and financial condition.

[Text Chunk 3]
chunk_id: T-SBUX-REVENUE_INVENTORY-001
source_file: sbux-20250928.htm
construct_tag: revenue_inventory
ranking_score: 3
text: Revenues from our licensed stores accounted for 12% of total net revenues in fiscal 2025. Licensed stores generally have a lower gross margin and a higher operating margin than company-operated stores. Under the licensed model, Starbucks receives a margin on branded products and supplies sold to the licensed store operator along with a royalty on retail sales. Licensees are responsible for operating costs and capital investments, which more than offset the lower revenues we receive under the licensed store model.

XBRL RELATIONAL RETRIEVAL CONTEXT

Facts:
1. fact_id=F-SBUX-0016 concept=InventoryNet value=1777300000 unit=iso4217:USD period=instant:2024-09-29 dimensions=none
2. fact_id=F-SBUX-0055 concept=InventoryNet value=1777300000 unit=iso4217:USD period=instant:2024-09-29 dimensions=none
3. fact_id=F-SBUX-0015 concept=InventoryNet value=2185600000 unit=iso4217:USD period=instant:2025-09-28 dimensions=none
4. fact_id=F-SBUX-0035 concept=InventoryValuationReserves value=58000000.0 unit=iso4217:USD period=instant:2024-09-29 dimensions=none
5. fact_id=F-SBUX-0034 concept=InventoryValuationReserves value=56600000 unit=iso4217:USD period=instant:2025-09-28 dimensions=none
6. fact_id=F-SBUX-0051 concept=RetailRelatedInventoryMerchandise value=384600000 unit=iso4217:USD period=instant:2024-09-29 dimensions=none
7. fact_id=F-SBUX-0050 concept=RetailRelatedInventoryMerchandise value=399700000 unit=iso4217:USD period=instant:2025-09-28 dimensions=none
8. fact_id=F-SBUX-0053 concept=RetailRelatedInventoryPackagingAndOtherSupplies value=475700000 unit=iso4217:USD period=instant:2024-09-29 dimensions=none

Relation paths:
1. path_id=X-SBUX-0128 relation_type=calculation source=us-gaap:InventoryNet (Inventory, Net) -> target=us-gaap:RetailRelatedInventoryMerchandise (Retail Related Inventory, Merchandise) arcrole=http://www.xbrl.org/2003/arcrole/summation-item role=http://www.starbucks.com/role/InventoriesComponentsofInventoriesDetails
2. path_id=X-SBUX-0129 relation_type=calculation source=us-gaap:InventoryNet (Inventory, Net) -> target=us-gaap:RetailRelatedInventoryPackagingAndOtherSupplies (Retail Related Inventory, Packaging and Other Supplies) arcrole=http://www.xbrl.org/2003/arcrole/summation-item role=http://www.starbucks.com/role/InventoriesComponentsofInventoriesDetails
3. path_id=X-SBUX-0153 relation_type=definition source=us-gaap:InventoryLineItems (Inventory [Line Items]) -> target=us-gaap:InventoryCurrentTable (Inventory, Current [Table]) arcrole=http://xbrl.org/int/dim/arcrole/all role=http://www.starbucks.com/role/InventoriesNarrativeDetails
4. path_id=X-SBUX-0156 relation_type=definition source=us-gaap:InventoryLineItems (Inventory [Line Items]) -> target=us-gaap:InventoryWriteDown (Inventory Write-down) arcrole=http://xbrl.org/int/dim/arcrole/domain-member role=http://www.starbucks.com/role/InventoriesNarrativeDetails
5. path_id=X-SBUX-0050 relation_type=presentation source=us-gaap:InventoryCurrentTable (Inventory, Current [Table]) -> target=us-gaap:InventoryLineItems (Inventory [Line Items]) arcrole=http://www.xbrl.org/2003/arcrole/parent-child role=http://www.starbucks.com/role/InventoriesNarrativeDetails
6. path_id=X-SBUX-0048 relation_type=presentation source=us-gaap:InventoryDisclosureAbstract (Inventory Disclosure [Abstract]) -> target=us-gaap:InventoryCurrentTable (Inventory, Current [Table]) arcrole=http://www.xbrl.org/2003/arcrole/parent-child role=http://www.starbucks.com/role/InventoriesNarrativeDetails","- Claim: Inventories are stated at the lower of cost (primarily moving average cost) or net realizable value.
  - Claim type: Factual
  - Support used: T-SBUX-INVENTORY-015
  - Limitation: This claim is limited to the accounting policy disclosed in the provided text for the fiscal year ended September 28, 2025.

- Claim: As of September 28, 2025, inventory reserves were $56.6 million.
  - Claim type: Factual
  - Support used: T-SBUX-INVENTORY-015, F-SBUX-0034
  - Limitation: This is a point-in-time measurement as of the specific period end date of 2025-09-28.

- Claim: The reliance on ""obsolescence trends"" and ""historical experience"" to determine inventory reserves for obsolete and slow-moving inventory presents a risk to the valuation assertion.
  - Claim type: Risk-cue or assertion-mapping
  - Support used: T-SBUX-INVENTORY-015
  - Inferential bridge: Because the valuation of inventory reserves depends on subjective inputs (trends and historical experience) rather than purely objective data, there is a risk that the reserves may not accurately reflect the net realizable value.
  - Limitation: The provided context lacks detail on the specific controls used to validate these trends or the quantitative criteria for ""slow-moving"" inventory.

- Claim: The possibility of ""excess inventory"" and ""increased inventory markdowns"" creates a risk that inventory may be overstated relative to its net realizable value.
  - Claim type: Risk-cue or assertion-mapping
  - Support used: T-SBUX-INVENTORY-008
  - Inferential bridge: The company explicitly identifies ""excess inventory"" and ""increased inventory markdowns"" as potential outcomes that could adversely affect financial condition, which directly maps to the valuation assertion's requirement to record inventory at the lower of cost or NRV.
  - Limitation: The context does not provide the specific operational causes of the excess inventory or the magnitude of the potential markdowns.

- Claim: The use of ""estimated shrinkage"" between physical inventory counts introduces a risk to the valuation assertion.
  - Claim type: Risk-cue or assertion-mapping
  - Support used: T-SBUX-INVENTORY-015
  - Inferential bridge: Since shrinkage is recorded as an ""estimated"" reserve rather than a known quantity between physical counts, there is a risk that the estimate may deviate from actual physical losses.
  - Limitation: The context is insufficient regarding the frequency of physical inventory counts or the specific formula used to calculate the shrinkage estimate."
MAIN-C059,SBUX,Starbucks Corporation,main_deep_case,inventory,hybrid,"The reliance on ""obsolescence trends"" and ""historical experience"" to determine inventory reserves for obsolete and slow-moving inventory presents a risk to the valuation assertion.",T-SBUX-INVENTORY-015,,"TEXT RETRIEVAL CONTEXT

[Text Chunk 1]
chunk_id: T-SBUX-INVENTORY-015
source_file: sbux-20250928.htm
construct_tag: inventory
ranking_score: 17
text: Inventories are stated at the lower of cost (primarily moving average cost) or net realizable value. We record inventory reserves for obsolete and slow-moving inventory and for estimated shrinkage between physical inventory counts. Inventory reserves are based on inventory obsolescence trends, historical experience, and application of the specific identification method. As of September 28, 2025, and September 29, 2024, inventory reserves were $ 56.6 million and $ 58.0 million, respectively.

[Text Chunk 2]
chunk_id: T-SBUX-INVENTORY-008
source_file: sbux-20250928.htm
construct_tag: inventory
ranking_score: 3
text: resulted, and may in the future result, in insufficient or excess inventory, increased inventory markdowns, and higher costs. Any of these outcomes could adversely affect our results of operations and financial condition.

[Text Chunk 3]
chunk_id: T-SBUX-REVENUE_INVENTORY-001
source_file: sbux-20250928.htm
construct_tag: revenue_inventory
ranking_score: 3
text: Revenues from our licensed stores accounted for 12% of total net revenues in fiscal 2025. Licensed stores generally have a lower gross margin and a higher operating margin than company-operated stores. Under the licensed model, Starbucks receives a margin on branded products and supplies sold to the licensed store operator along with a royalty on retail sales. Licensees are responsible for operating costs and capital investments, which more than offset the lower revenues we receive under the licensed store model.

XBRL RELATIONAL RETRIEVAL CONTEXT

Facts:
1. fact_id=F-SBUX-0016 concept=InventoryNet value=1777300000 unit=iso4217:USD period=instant:2024-09-29 dimensions=none
2. fact_id=F-SBUX-0055 concept=InventoryNet value=1777300000 unit=iso4217:USD period=instant:2024-09-29 dimensions=none
3. fact_id=F-SBUX-0015 concept=InventoryNet value=2185600000 unit=iso4217:USD period=instant:2025-09-28 dimensions=none
4. fact_id=F-SBUX-0035 concept=InventoryValuationReserves value=58000000.0 unit=iso4217:USD period=instant:2024-09-29 dimensions=none
5. fact_id=F-SBUX-0034 concept=InventoryValuationReserves value=56600000 unit=iso4217:USD period=instant:2025-09-28 dimensions=none
6. fact_id=F-SBUX-0051 concept=RetailRelatedInventoryMerchandise value=384600000 unit=iso4217:USD period=instant:2024-09-29 dimensions=none
7. fact_id=F-SBUX-0050 concept=RetailRelatedInventoryMerchandise value=399700000 unit=iso4217:USD period=instant:2025-09-28 dimensions=none
8. fact_id=F-SBUX-0053 concept=RetailRelatedInventoryPackagingAndOtherSupplies value=475700000 unit=iso4217:USD period=instant:2024-09-29 dimensions=none

Relation paths:
1. path_id=X-SBUX-0128 relation_type=calculation source=us-gaap:InventoryNet (Inventory, Net) -> target=us-gaap:RetailRelatedInventoryMerchandise (Retail Related Inventory, Merchandise) arcrole=http://www.xbrl.org/2003/arcrole/summation-item role=http://www.starbucks.com/role/InventoriesComponentsofInventoriesDetails
2. path_id=X-SBUX-0129 relation_type=calculation source=us-gaap:InventoryNet (Inventory, Net) -> target=us-gaap:RetailRelatedInventoryPackagingAndOtherSupplies (Retail Related Inventory, Packaging and Other Supplies) arcrole=http://www.xbrl.org/2003/arcrole/summation-item role=http://www.starbucks.com/role/InventoriesComponentsofInventoriesDetails
3. path_id=X-SBUX-0153 relation_type=definition source=us-gaap:InventoryLineItems (Inventory [Line Items]) -> target=us-gaap:InventoryCurrentTable (Inventory, Current [Table]) arcrole=http://xbrl.org/int/dim/arcrole/all role=http://www.starbucks.com/role/InventoriesNarrativeDetails
4. path_id=X-SBUX-0156 relation_type=definition source=us-gaap:InventoryLineItems (Inventory [Line Items]) -> target=us-gaap:InventoryWriteDown (Inventory Write-down) arcrole=http://xbrl.org/int/dim/arcrole/domain-member role=http://www.starbucks.com/role/InventoriesNarrativeDetails
5. path_id=X-SBUX-0050 relation_type=presentation source=us-gaap:InventoryCurrentTable (Inventory, Current [Table]) -> target=us-gaap:InventoryLineItems (Inventory [Line Items]) arcrole=http://www.xbrl.org/2003/arcrole/parent-child role=http://www.starbucks.com/role/InventoriesNarrativeDetails
6. path_id=X-SBUX-0048 relation_type=presentation source=us-gaap:InventoryDisclosureAbstract (Inventory Disclosure [Abstract]) -> target=us-gaap:InventoryCurrentTable (Inventory, Current [Table]) arcrole=http://www.xbrl.org/2003/arcrole/parent-child role=http://www.starbucks.com/role/InventoriesNarrativeDetails","- Claim: Inventories are stated at the lower of cost (primarily moving average cost) or net realizable value.
  - Claim type: Factual
  - Support used: T-SBUX-INVENTORY-015
  - Limitation: This claim is limited to the accounting policy disclosed in the provided text for the fiscal year ended September 28, 2025.

- Claim: As of September 28, 2025, inventory reserves were $56.6 million.
  - Claim type: Factual
  - Support used: T-SBUX-INVENTORY-015, F-SBUX-0034
  - Limitation: This is a point-in-time measurement as of the specific period end date of 2025-09-28.

- Claim: The reliance on ""obsolescence trends"" and ""historical experience"" to determine inventory reserves for obsolete and slow-moving inventory presents a risk to the valuation assertion.
  - Claim type: Risk-cue or assertion-mapping
  - Support used: T-SBUX-INVENTORY-015
  - Inferential bridge: Because the valuation of inventory reserves depends on subjective inputs (trends and historical experience) rather than purely objective data, there is a risk that the reserves may not accurately reflect the net realizable value.
  - Limitation: The provided context lacks detail on the specific controls used to validate these trends or the quantitative criteria for ""slow-moving"" inventory.

- Claim: The possibility of ""excess inventory"" and ""increased inventory markdowns"" creates a risk that inventory may be overstated relative to its net realizable value.
  - Claim type: Risk-cue or assertion-mapping
  - Support used: T-SBUX-INVENTORY-008
  - Inferential bridge: The company explicitly identifies ""excess inventory"" and ""increased inventory markdowns"" as potential outcomes that could adversely affect financial condition, which directly maps to the valuation assertion's requirement to record inventory at the lower of cost or NRV.
  - Limitation: The context does not provide the specific operational causes of the excess inventory or the magnitude of the potential markdowns.

- Claim: The use of ""estimated shrinkage"" between physical inventory counts introduces a risk to the valuation assertion.
  - Claim type: Risk-cue or assertion-mapping
  - Support used: T-SBUX-INVENTORY-015
  - Inferential bridge: Since shrinkage is recorded as an ""estimated"" reserve rather than a known quantity between physical counts, there is a risk that the estimate may deviate from actual physical losses.
  - Limitation: The context is insufficient regarding the frequency of physical inventory counts or the specific formula used to calculate the shrinkage estimate."
MAIN-C060,SBUX,Starbucks Corporation,main_deep_case,inventory,hybrid,"The possibility of ""excess inventory"" and ""increased inventory markdowns"" creates a risk that inventory may be overstated relative to its net realizable value.",T-SBUX-INVENTORY-008,,"TEXT RETRIEVAL CONTEXT

[Text Chunk 1]
chunk_id: T-SBUX-INVENTORY-015
source_file: sbux-20250928.htm
construct_tag: inventory
ranking_score: 17
text: Inventories are stated at the lower of cost (primarily moving average cost) or net realizable value. We record inventory reserves for obsolete and slow-moving inventory and for estimated shrinkage between physical inventory counts. Inventory reserves are based on inventory obsolescence trends, historical experience, and application of the specific identification method. As of September 28, 2025, and September 29, 2024, inventory reserves were $ 56.6 million and $ 58.0 million, respectively.

[Text Chunk 2]
chunk_id: T-SBUX-INVENTORY-008
source_file: sbux-20250928.htm
construct_tag: inventory
ranking_score: 3
text: resulted, and may in the future result, in insufficient or excess inventory, increased inventory markdowns, and higher costs. Any of these outcomes could adversely affect our results of operations and financial condition.

[Text Chunk 3]
chunk_id: T-SBUX-REVENUE_INVENTORY-001
source_file: sbux-20250928.htm
construct_tag: revenue_inventory
ranking_score: 3
text: Revenues from our licensed stores accounted for 12% of total net revenues in fiscal 2025. Licensed stores generally have a lower gross margin and a higher operating margin than company-operated stores. Under the licensed model, Starbucks receives a margin on branded products and supplies sold to the licensed store operator along with a royalty on retail sales. Licensees are responsible for operating costs and capital investments, which more than offset the lower revenues we receive under the licensed store model.

XBRL RELATIONAL RETRIEVAL CONTEXT

Facts:
1. fact_id=F-SBUX-0016 concept=InventoryNet value=1777300000 unit=iso4217:USD period=instant:2024-09-29 dimensions=none
2. fact_id=F-SBUX-0055 concept=InventoryNet value=1777300000 unit=iso4217:USD period=instant:2024-09-29 dimensions=none
3. fact_id=F-SBUX-0015 concept=InventoryNet value=2185600000 unit=iso4217:USD period=instant:2025-09-28 dimensions=none
4. fact_id=F-SBUX-0035 concept=InventoryValuationReserves value=58000000.0 unit=iso4217:USD period=instant:2024-09-29 dimensions=none
5. fact_id=F-SBUX-0034 concept=InventoryValuationReserves value=56600000 unit=iso4217:USD period=instant:2025-09-28 dimensions=none
6. fact_id=F-SBUX-0051 concept=RetailRelatedInventoryMerchandise value=384600000 unit=iso4217:USD period=instant:2024-09-29 dimensions=none
7. fact_id=F-SBUX-0050 concept=RetailRelatedInventoryMerchandise value=399700000 unit=iso4217:USD period=instant:2025-09-28 dimensions=none
8. fact_id=F-SBUX-0053 concept=RetailRelatedInventoryPackagingAndOtherSupplies value=475700000 unit=iso4217:USD period=instant:2024-09-29 dimensions=none

Relation paths:
1. path_id=X-SBUX-0128 relation_type=calculation source=us-gaap:InventoryNet (Inventory, Net) -> target=us-gaap:RetailRelatedInventoryMerchandise (Retail Related Inventory, Merchandise) arcrole=http://www.xbrl.org/2003/arcrole/summation-item role=http://www.starbucks.com/role/InventoriesComponentsofInventoriesDetails
2. path_id=X-SBUX-0129 relation_type=calculation source=us-gaap:InventoryNet (Inventory, Net) -> target=us-gaap:RetailRelatedInventoryPackagingAndOtherSupplies (Retail Related Inventory, Packaging and Other Supplies) arcrole=http://www.xbrl.org/2003/arcrole/summation-item role=http://www.starbucks.com/role/InventoriesComponentsofInventoriesDetails
3. path_id=X-SBUX-0153 relation_type=definition source=us-gaap:InventoryLineItems (Inventory [Line Items]) -> target=us-gaap:InventoryCurrentTable (Inventory, Current [Table]) arcrole=http://xbrl.org/int/dim/arcrole/all role=http://www.starbucks.com/role/InventoriesNarrativeDetails
4. path_id=X-SBUX-0156 relation_type=definition source=us-gaap:InventoryLineItems (Inventory [Line Items]) -> target=us-gaap:InventoryWriteDown (Inventory Write-down) arcrole=http://xbrl.org/int/dim/arcrole/domain-member role=http://www.starbucks.com/role/InventoriesNarrativeDetails
5. path_id=X-SBUX-0050 relation_type=presentation source=us-gaap:InventoryCurrentTable (Inventory, Current [Table]) -> target=us-gaap:InventoryLineItems (Inventory [Line Items]) arcrole=http://www.xbrl.org/2003/arcrole/parent-child role=http://www.starbucks.com/role/InventoriesNarrativeDetails
6. path_id=X-SBUX-0048 relation_type=presentation source=us-gaap:InventoryDisclosureAbstract (Inventory Disclosure [Abstract]) -> target=us-gaap:InventoryCurrentTable (Inventory, Current [Table]) arcrole=http://www.xbrl.org/2003/arcrole/parent-child role=http://www.starbucks.com/role/InventoriesNarrativeDetails","- Claim: Inventories are stated at the lower of cost (primarily moving average cost) or net realizable value.
  - Claim type: Factual
  - Support used: T-SBUX-INVENTORY-015
  - Limitation: This claim is limited to the accounting policy disclosed in the provided text for the fiscal year ended September 28, 2025.

- Claim: As of September 28, 2025, inventory reserves were $56.6 million.
  - Claim type: Factual
  - Support used: T-SBUX-INVENTORY-015, F-SBUX-0034
  - Limitation: This is a point-in-time measurement as of the specific period end date of 2025-09-28.

- Claim: The reliance on ""obsolescence trends"" and ""historical experience"" to determine inventory reserves for obsolete and slow-moving inventory presents a risk to the valuation assertion.
  - Claim type: Risk-cue or assertion-mapping
  - Support used: T-SBUX-INVENTORY-015
  - Inferential bridge: Because the valuation of inventory reserves depends on subjective inputs (trends and historical experience) rather than purely objective data, there is a risk that the reserves may not accurately reflect the net realizable value.
  - Limitation: The provided context lacks detail on the specific controls used to validate these trends or the quantitative criteria for ""slow-moving"" inventory.

- Claim: The possibility of ""excess inventory"" and ""increased inventory markdowns"" creates a risk that inventory may be overstated relative to its net realizable value.
  - Claim type: Risk-cue or assertion-mapping
  - Support used: T-SBUX-INVENTORY-008
  - Inferential bridge: The company explicitly identifies ""excess inventory"" and ""increased inventory markdowns"" as potential outcomes that could adversely affect financial condition, which directly maps to the valuation assertion's requirement to record inventory at the lower of cost or NRV.
  - Limitation: The context does not provide the specific operational causes of the excess inventory or the magnitude of the potential markdowns.

- Claim: The use of ""estimated shrinkage"" between physical inventory counts introduces a risk to the valuation assertion.
  - Claim type: Risk-cue or assertion-mapping
  - Support used: T-SBUX-INVENTORY-015
  - Inferential bridge: Since shrinkage is recorded as an ""estimated"" reserve rather than a known quantity between physical counts, there is a risk that the estimate may deviate from actual physical losses.
  - Limitation: The context is insufficient regarding the frequency of physical inventory counts or the specific formula used to calculate the shrinkage estimate."
MAIN-C061,SBUX,Starbucks Corporation,main_deep_case,inventory,hybrid,"The use of ""estimated shrinkage"" between physical inventory counts introduces a risk to the valuation assertion.",T-SBUX-INVENTORY-015,,"TEXT RETRIEVAL CONTEXT

[Text Chunk 1]
chunk_id: T-SBUX-INVENTORY-015
source_file: sbux-20250928.htm
construct_tag: inventory
ranking_score: 17
text: Inventories are stated at the lower of cost (primarily moving average cost) or net realizable value. We record inventory reserves for obsolete and slow-moving inventory and for estimated shrinkage between physical inventory counts. Inventory reserves are based on inventory obsolescence trends, historical experience, and application of the specific identification method. As of September 28, 2025, and September 29, 2024, inventory reserves were $ 56.6 million and $ 58.0 million, respectively.

[Text Chunk 2]
chunk_id: T-SBUX-INVENTORY-008
source_file: sbux-20250928.htm
construct_tag: inventory
ranking_score: 3
text: resulted, and may in the future result, in insufficient or excess inventory, increased inventory markdowns, and higher costs. Any of these outcomes could adversely affect our results of operations and financial condition.

[Text Chunk 3]
chunk_id: T-SBUX-REVENUE_INVENTORY-001
source_file: sbux-20250928.htm
construct_tag: revenue_inventory
ranking_score: 3
text: Revenues from our licensed stores accounted for 12% of total net revenues in fiscal 2025. Licensed stores generally have a lower gross margin and a higher operating margin than company-operated stores. Under the licensed model, Starbucks receives a margin on branded products and supplies sold to the licensed store operator along with a royalty on retail sales. Licensees are responsible for operating costs and capital investments, which more than offset the lower revenues we receive under the licensed store model.

XBRL RELATIONAL RETRIEVAL CONTEXT

Facts:
1. fact_id=F-SBUX-0016 concept=InventoryNet value=1777300000 unit=iso4217:USD period=instant:2024-09-29 dimensions=none
2. fact_id=F-SBUX-0055 concept=InventoryNet value=1777300000 unit=iso4217:USD period=instant:2024-09-29 dimensions=none
3. fact_id=F-SBUX-0015 concept=InventoryNet value=2185600000 unit=iso4217:USD period=instant:2025-09-28 dimensions=none
4. fact_id=F-SBUX-0035 concept=InventoryValuationReserves value=58000000.0 unit=iso4217:USD period=instant:2024-09-29 dimensions=none
5. fact_id=F-SBUX-0034 concept=InventoryValuationReserves value=56600000 unit=iso4217:USD period=instant:2025-09-28 dimensions=none
6. fact_id=F-SBUX-0051 concept=RetailRelatedInventoryMerchandise value=384600000 unit=iso4217:USD period=instant:2024-09-29 dimensions=none
7. fact_id=F-SBUX-0050 concept=RetailRelatedInventoryMerchandise value=399700000 unit=iso4217:USD period=instant:2025-09-28 dimensions=none
8. fact_id=F-SBUX-0053 concept=RetailRelatedInventoryPackagingAndOtherSupplies value=475700000 unit=iso4217:USD period=instant:2024-09-29 dimensions=none

Relation paths:
1. path_id=X-SBUX-0128 relation_type=calculation source=us-gaap:InventoryNet (Inventory, Net) -> target=us-gaap:RetailRelatedInventoryMerchandise (Retail Related Inventory, Merchandise) arcrole=http://www.xbrl.org/2003/arcrole/summation-item role=http://www.starbucks.com/role/InventoriesComponentsofInventoriesDetails
2. path_id=X-SBUX-0129 relation_type=calculation source=us-gaap:InventoryNet (Inventory, Net) -> target=us-gaap:RetailRelatedInventoryPackagingAndOtherSupplies (Retail Related Inventory, Packaging and Other Supplies) arcrole=http://www.xbrl.org/2003/arcrole/summation-item role=http://www.starbucks.com/role/InventoriesComponentsofInventoriesDetails
3. path_id=X-SBUX-0153 relation_type=definition source=us-gaap:InventoryLineItems (Inventory [Line Items]) -> target=us-gaap:InventoryCurrentTable (Inventory, Current [Table]) arcrole=http://xbrl.org/int/dim/arcrole/all role=http://www.starbucks.com/role/InventoriesNarrativeDetails
4. path_id=X-SBUX-0156 relation_type=definition source=us-gaap:InventoryLineItems (Inventory [Line Items]) -> target=us-gaap:InventoryWriteDown (Inventory Write-down) arcrole=http://xbrl.org/int/dim/arcrole/domain-member role=http://www.starbucks.com/role/InventoriesNarrativeDetails
5. path_id=X-SBUX-0050 relation_type=presentation source=us-gaap:InventoryCurrentTable (Inventory, Current [Table]) -> target=us-gaap:InventoryLineItems (Inventory [Line Items]) arcrole=http://www.xbrl.org/2003/arcrole/parent-child role=http://www.starbucks.com/role/InventoriesNarrativeDetails
6. path_id=X-SBUX-0048 relation_type=presentation source=us-gaap:InventoryDisclosureAbstract (Inventory Disclosure [Abstract]) -> target=us-gaap:InventoryCurrentTable (Inventory, Current [Table]) arcrole=http://www.xbrl.org/2003/arcrole/parent-child role=http://www.starbucks.com/role/InventoriesNarrativeDetails","- Claim: Inventories are stated at the lower of cost (primarily moving average cost) or net realizable value.
  - Claim type: Factual
  - Support used: T-SBUX-INVENTORY-015
  - Limitation: This claim is limited to the accounting policy disclosed in the provided text for the fiscal year ended September 28, 2025.

- Claim: As of September 28, 2025, inventory reserves were $56.6 million.
  - Claim type: Factual
  - Support used: T-SBUX-INVENTORY-015, F-SBUX-0034
  - Limitation: This is a point-in-time measurement as of the specific period end date of 2025-09-28.

- Claim: The reliance on ""obsolescence trends"" and ""historical experience"" to determine inventory reserves for obsolete and slow-moving inventory presents a risk to the valuation assertion.
  - Claim type: Risk-cue or assertion-mapping
  - Support used: T-SBUX-INVENTORY-015
  - Inferential bridge: Because the valuation of inventory reserves depends on subjective inputs (trends and historical experience) rather than purely objective data, there is a risk that the reserves may not accurately reflect the net realizable value.
  - Limitation: The provided context lacks detail on the specific controls used to validate these trends or the quantitative criteria for ""slow-moving"" inventory.

- Claim: The possibility of ""excess inventory"" and ""increased inventory markdowns"" creates a risk that inventory may be overstated relative to its net realizable value.
  - Claim type: Risk-cue or assertion-mapping
  - Support used: T-SBUX-INVENTORY-008
  - Inferential bridge: The company explicitly identifies ""excess inventory"" and ""increased inventory markdowns"" as potential outcomes that could adversely affect financial condition, which directly maps to the valuation assertion's requirement to record inventory at the lower of cost or NRV.
  - Limitation: The context does not provide the specific operational causes of the excess inventory or the magnitude of the potential markdowns.

- Claim: The use of ""estimated shrinkage"" between physical inventory counts introduces a risk to the valuation assertion.
  - Claim type: Risk-cue or assertion-mapping
  - Support used: T-SBUX-INVENTORY-015
  - Inferential bridge: Since shrinkage is recorded as an ""estimated"" reserve rather than a known quantity between physical counts, there is a risk that the estimate may deviate from actual physical losses.
  - Limitation: The context is insufficient regarding the frequency of physical inventory counts or the specific formula used to calculate the shrinkage estimate."
MAIN-C073,TGT,Target Corporation,main_deep_case,revenue,hybrid,Revenue for digitally originated sales is recognized upon delivery to the guest or upon guest pickup at the store.,Text Chunk 3,,"TEXT RETRIEVAL CONTEXT

[Text Chunk 1]
chunk_id: T-TGT-REVENUE-029
source_file: tgt-20250201.htm
construct_tag: revenue
ranking_score: 25
text: Merchandise Sales are net of expected returns, and our estimate of gift card breakage. Note 2 to the Financial Statements defines gift card ""breakage."" We use comparable sales to evaluate the performance of our stores and digital channels by measuring the change in sales for a period over the comparable, prior-year period of equivalent length. Comparable sales include all Merchandise Sales, except sales from stores open less than 13 months or that have been closed. Comparable sales measures vary across the retail industry. As a result, our comparable sales calculation is not necessarily comparable to similarly titled measures reported by other companies. Digitally originated sales include all Merchandise Sales initiated through mobile applications and our websites. Our stores fulfill the majority of digitally originated sales, including shipment from stores to guests, store Order Pickup or Drive Up, and Same Day Delivery. Digitally originated sales may also be fulfilled through our distribution centers, our vendors, or other third parties.

[Text Chunk 2]
chunk_id: T-TGT-REVENUE-042
source_file: tgt-20250201.htm
construct_tag: revenue
ranking_score: 20
text: Revenue from Target gift card sales is recognized upon gift card redemption, which is typically within one year of issuance. Our gift cards do not expire. Based on historical redemption rates, a small and relatively stable percentage of gift cards will never be redeemed, referred to as ""breakage."" Estimated breakage revenue is recognized over time in proportion to actual gift card redemptions.

[Text Chunk 3]
chunk_id: T-TGT-REVENUE-041
source_file: tgt-20250201.htm
construct_tag: revenue
ranking_score: 12
text: Merchandise sales – We record almost all retail store revenues at the point of sale. Digitally originated sales may include shipping revenue and are recorded upon delivery to the guest or upon guest pickup at the store. Merchandise sales do not include sales tax because we are a pass-through conduit for collecting and remitting sales taxes. Generally, guests may return national brand merchandise within 90 days of purchase and owned and exclusive brand merchandise within one year of purchase. Sales are recognized net of expected returns, which we estimate using historical return patterns and our expectation of future returns. As of February 1, 2025, and February 3, 2024, the liability for estimated returns was $ 172 million and $ 170 million, respectively.

XBRL RELATIONAL RETRIEVAL CONTEXT

Facts:
1. fact_id=F-TGT-0003 concept=RevenueFromContractWithCustomerExcludingAssessedTax value=109120000000 unit=iso4217:USD period=duration:2022-01-30/2023-01-28 dimensions=none
2. fact_id=F-TGT-0016 concept=RevenueFromContractWithCustomerExcludingAssessedTax value=17646000000 unit=iso4217:USD period=duration:2022-01-30/2023-01-28 dimensions=srt:ProductOrServiceAxis=tgt:ApparelAndAccessoriesMember
3. fact_id=F-TGT-0019 concept=RevenueFromContractWithCustomerExcludingAssessedTax value=11092000000 unit=iso4217:USD period=duration:2022-01-30/2023-01-28 dimensions=srt:ProductOrServiceAxis=tgt:BeautyMember
4. fact_id=F-TGT-0056 concept=ContractWithCustomerLiability value=1162000000 unit=iso4217:USD period=instant:2024-02-03 dimensions=none
5. fact_id=F-TGT-0078 concept=ContractWithCustomerLiability value=1162000000 unit=iso4217:USD period=instant:2024-02-03 dimensions=none
6. fact_id=F-TGT-0059 concept=ContractWithCustomerLiability value=1209000000 unit=iso4217:USD period=instant:2025-02-01 dimensions=none
7. fact_id=F-TGT-0057 concept=ContractWithCustomerLiabilityLiabilitiesIncurred value=878000000 unit=iso4217:USD period=duration:2024-02-04/2025-02-01 dimensions=none
8. fact_id=F-TGT-0062 concept=ContractWithCustomerLiabilityLoyaltyProgramCurrent value=117000000 unit=iso4217:USD period=instant:2024-02-03 dimensions=none

Relation paths:
1. path_id=X-TGT-0005 relation_type=presentation source=us-gaap:RevenueFromContractWithCustomerAbstract (Revenue from Contract with Customer [Abstract]) -> target=us-gaap:RevenueFromContractWithCustomerTextBlock (Revenue from Contract with Customer [Text Block]) arcrole=http://www.xbrl.org/2003/arcrole/parent-child role=http://corporate.target.com/role/NetSales
2. path_id=X-TGT-0012 relation_type=presentation source=us-gaap:RevenueFromContractWithCustomerAbstract (Revenue from Contract with Customer [Abstract]) -> target=us-gaap:ContractWithCustomerAssetAndLiabilityTableTextBlock (Contract with Customer, Contract Asset, Contract Liability, and Receivable [Table Text Block]) arcrole=http://www.xbrl.org/2003/arcrole/parent-child role=http://corporate.target.com/role/NetSalesTables
3. path_id=X-TGT-0065 relation_type=definition source=us-gaap:DisaggregationOfRevenueLineItems (Disaggregation of Revenue [Line Items]) -> target=us-gaap:RevenueFromContractWithCustomerExcludingAssessedTax (Revenue from Contract with Customer, Excluding Assessed Tax) arcrole=http://xbrl.org/int/dim/arcrole/domain-member role=http://corporate.target.com/role/NetSalesDisaggregationofNetSalesDetails
4. path_id=X-TGT-0030 relation_type=presentation source=tgt:ChangeinContractwithCustomerLiabilityRollForward (label unavailable) -> target=us-gaap:ContractWithCustomerLiabilityRevenueRecognized (Contract with Customer, Liability, Revenue Recognized) arcrole=http://www.xbrl.org/2003/arcrole/parent-child role=http://corporate.target.com/role/NetSalesGiftCardLiabilityActivityDetails
5. path_id=X-TGT-0018 relation_type=presentation source=us-gaap:DisaggregationOfRevenueLineItems (Disaggregation of Revenue [Line Items]) -> target=us-gaap:RevenueFromContractWithCustomerExcludingAssessedTax (Revenue from Contract with Customer, Excluding Assessed Tax) arcrole=http://www.xbrl.org/2003/arcrole/parent-child role=http://corporate.target.com/role/NetSalesDisaggregationofNetSalesDetails
6. path_id=X-TGT-0027 relation_type=presentation source=us-gaap:RevenueFromContractWithCustomerAbstract (Revenue from Contract with Customer [Abstract]) -> target=tgt:ChangeinContractwithCustomerLiabilityRollForward (label unavailable) arcrole=http://www.xbrl.org/2003/arcrole/parent-child role=http://corporate.target.com/role/NetSalesGiftCardLiabilityActivityDetails","- Claim: Revenue for digitally originated sales is recognized upon delivery to the guest or upon guest pickup at the store.
  - Claim type: Factual claim
  - Support used: Text Chunk 3
  - Limitation: This claim is limited to the specific recognition triggers for digitally originated sales as described in the provided text.

- Claim: As of February 1, 2025, the liability for estimated returns was $172 million.
  - Claim type: Factual claim
  - Support used: Text Chunk 3
  - Limitation: This is a point-in-time measurement limited to the fiscal year-end date of February 1, 2025.

- Claim: The timing of revenue recognition for digitally originated sales presents a cut-off risk.
  - Claim type: Risk-cue or assertion-mapping claim
  - Support used: Text Chunk 3
  - Inferential bridge: Because revenue is recognized upon delivery or pickup rather than at the time of order, the accuracy of the revenue period depends on the precise timing of the delivery/pickup event.
  - Limitation: The provided context lacks detail regarding the internal controls used to verify delivery dates from third-party carriers or store pickup logs.

- Claim: The estimation of expected returns introduces a risk to the accuracy and valuation of revenue and the associated return liability.
  - Claim type: Risk-cue or assertion-mapping claim
  - Support used: Text Chunk 3
  - Inferential bridge: Revenue is recognized net of expected returns based on a combination of historical patterns and management's ""expectation of future returns,"" which introduces subjectivity into the measurement.
  - Limitation: The context does not provide the specific methodology or the variables used to determine ""future expectations"" beyond historical patterns.

- Claim: The recognition of gift card breakage revenue is subject to estimation risk.
  - Claim type: Risk-cue or assertion-mapping claim
  - Support used: Text Chunk 2
  - Inferential bridge: Breakage revenue is recognized over time based on the assumption that a ""small and relatively stable percentage"" of cards will never be redeemed; any deviation in actual redemption behavior from this historical estimate would impact revenue accuracy.
  - Limitation: There is no information provided regarding the frequency or process for updating the historical redemption rates used to calculate breakage."
MAIN-C074,TGT,Target Corporation,main_deep_case,revenue,hybrid,"As of February 1, 2025, the liability for estimated returns was $172 million.",Text Chunk 3,,"TEXT RETRIEVAL CONTEXT

[Text Chunk 1]
chunk_id: T-TGT-REVENUE-029
source_file: tgt-20250201.htm
construct_tag: revenue
ranking_score: 25
text: Merchandise Sales are net of expected returns, and our estimate of gift card breakage. Note 2 to the Financial Statements defines gift card ""breakage."" We use comparable sales to evaluate the performance of our stores and digital channels by measuring the change in sales for a period over the comparable, prior-year period of equivalent length. Comparable sales include all Merchandise Sales, except sales from stores open less than 13 months or that have been closed. Comparable sales measures vary across the retail industry. As a result, our comparable sales calculation is not necessarily comparable to similarly titled measures reported by other companies. Digitally originated sales include all Merchandise Sales initiated through mobile applications and our websites. Our stores fulfill the majority of digitally originated sales, including shipment from stores to guests, store Order Pickup or Drive Up, and Same Day Delivery. Digitally originated sales may also be fulfilled through our distribution centers, our vendors, or other third parties.

[Text Chunk 2]
chunk_id: T-TGT-REVENUE-042
source_file: tgt-20250201.htm
construct_tag: revenue
ranking_score: 20
text: Revenue from Target gift card sales is recognized upon gift card redemption, which is typically within one year of issuance. Our gift cards do not expire. Based on historical redemption rates, a small and relatively stable percentage of gift cards will never be redeemed, referred to as ""breakage."" Estimated breakage revenue is recognized over time in proportion to actual gift card redemptions.

[Text Chunk 3]
chunk_id: T-TGT-REVENUE-041
source_file: tgt-20250201.htm
construct_tag: revenue
ranking_score: 12
text: Merchandise sales – We record almost all retail store revenues at the point of sale. Digitally originated sales may include shipping revenue and are recorded upon delivery to the guest or upon guest pickup at the store. Merchandise sales do not include sales tax because we are a pass-through conduit for collecting and remitting sales taxes. Generally, guests may return national brand merchandise within 90 days of purchase and owned and exclusive brand merchandise within one year of purchase. Sales are recognized net of expected returns, which we estimate using historical return patterns and our expectation of future returns. As of February 1, 2025, and February 3, 2024, the liability for estimated returns was $ 172 million and $ 170 million, respectively.

XBRL RELATIONAL RETRIEVAL CONTEXT

Facts:
1. fact_id=F-TGT-0003 concept=RevenueFromContractWithCustomerExcludingAssessedTax value=109120000000 unit=iso4217:USD period=duration:2022-01-30/2023-01-28 dimensions=none
2. fact_id=F-TGT-0016 concept=RevenueFromContractWithCustomerExcludingAssessedTax value=17646000000 unit=iso4217:USD period=duration:2022-01-30/2023-01-28 dimensions=srt:ProductOrServiceAxis=tgt:ApparelAndAccessoriesMember
3. fact_id=F-TGT-0019 concept=RevenueFromContractWithCustomerExcludingAssessedTax value=11092000000 unit=iso4217:USD period=duration:2022-01-30/2023-01-28 dimensions=srt:ProductOrServiceAxis=tgt:BeautyMember
4. fact_id=F-TGT-0056 concept=ContractWithCustomerLiability value=1162000000 unit=iso4217:USD period=instant:2024-02-03 dimensions=none
5. fact_id=F-TGT-0078 concept=ContractWithCustomerLiability value=1162000000 unit=iso4217:USD period=instant:2024-02-03 dimensions=none
6. fact_id=F-TGT-0059 concept=ContractWithCustomerLiability value=1209000000 unit=iso4217:USD period=instant:2025-02-01 dimensions=none
7. fact_id=F-TGT-0057 concept=ContractWithCustomerLiabilityLiabilitiesIncurred value=878000000 unit=iso4217:USD period=duration:2024-02-04/2025-02-01 dimensions=none
8. fact_id=F-TGT-0062 concept=ContractWithCustomerLiabilityLoyaltyProgramCurrent value=117000000 unit=iso4217:USD period=instant:2024-02-03 dimensions=none

Relation paths:
1. path_id=X-TGT-0005 relation_type=presentation source=us-gaap:RevenueFromContractWithCustomerAbstract (Revenue from Contract with Customer [Abstract]) -> target=us-gaap:RevenueFromContractWithCustomerTextBlock (Revenue from Contract with Customer [Text Block]) arcrole=http://www.xbrl.org/2003/arcrole/parent-child role=http://corporate.target.com/role/NetSales
2. path_id=X-TGT-0012 relation_type=presentation source=us-gaap:RevenueFromContractWithCustomerAbstract (Revenue from Contract with Customer [Abstract]) -> target=us-gaap:ContractWithCustomerAssetAndLiabilityTableTextBlock (Contract with Customer, Contract Asset, Contract Liability, and Receivable [Table Text Block]) arcrole=http://www.xbrl.org/2003/arcrole/parent-child role=http://corporate.target.com/role/NetSalesTables
3. path_id=X-TGT-0065 relation_type=definition source=us-gaap:DisaggregationOfRevenueLineItems (Disaggregation of Revenue [Line Items]) -> target=us-gaap:RevenueFromContractWithCustomerExcludingAssessedTax (Revenue from Contract with Customer, Excluding Assessed Tax) arcrole=http://xbrl.org/int/dim/arcrole/domain-member role=http://corporate.target.com/role/NetSalesDisaggregationofNetSalesDetails
4. path_id=X-TGT-0030 relation_type=presentation source=tgt:ChangeinContractwithCustomerLiabilityRollForward (label unavailable) -> target=us-gaap:ContractWithCustomerLiabilityRevenueRecognized (Contract with Customer, Liability, Revenue Recognized) arcrole=http://www.xbrl.org/2003/arcrole/parent-child role=http://corporate.target.com/role/NetSalesGiftCardLiabilityActivityDetails
5. path_id=X-TGT-0018 relation_type=presentation source=us-gaap:DisaggregationOfRevenueLineItems (Disaggregation of Revenue [Line Items]) -> target=us-gaap:RevenueFromContractWithCustomerExcludingAssessedTax (Revenue from Contract with Customer, Excluding Assessed Tax) arcrole=http://www.xbrl.org/2003/arcrole/parent-child role=http://corporate.target.com/role/NetSalesDisaggregationofNetSalesDetails
6. path_id=X-TGT-0027 relation_type=presentation source=us-gaap:RevenueFromContractWithCustomerAbstract (Revenue from Contract with Customer [Abstract]) -> target=tgt:ChangeinContractwithCustomerLiabilityRollForward (label unavailable) arcrole=http://www.xbrl.org/2003/arcrole/parent-child role=http://corporate.target.com/role/NetSalesGiftCardLiabilityActivityDetails","- Claim: Revenue for digitally originated sales is recognized upon delivery to the guest or upon guest pickup at the store.
  - Claim type: Factual claim
  - Support used: Text Chunk 3
  - Limitation: This claim is limited to the specific recognition triggers for digitally originated sales as described in the provided text.

- Claim: As of February 1, 2025, the liability for estimated returns was $172 million.
  - Claim type: Factual claim
  - Support used: Text Chunk 3
  - Limitation: This is a point-in-time measurement limited to the fiscal year-end date of February 1, 2025.

- Claim: The timing of revenue recognition for digitally originated sales presents a cut-off risk.
  - Claim type: Risk-cue or assertion-mapping claim
  - Support used: Text Chunk 3
  - Inferential bridge: Because revenue is recognized upon delivery or pickup rather than at the time of order, the accuracy of the revenue period depends on the precise timing of the delivery/pickup event.
  - Limitation: The provided context lacks detail regarding the internal controls used to verify delivery dates from third-party carriers or store pickup logs.

- Claim: The estimation of expected returns introduces a risk to the accuracy and valuation of revenue and the associated return liability.
  - Claim type: Risk-cue or assertion-mapping claim
  - Support used: Text Chunk 3
  - Inferential bridge: Revenue is recognized net of expected returns based on a combination of historical patterns and management's ""expectation of future returns,"" which introduces subjectivity into the measurement.
  - Limitation: The context does not provide the specific methodology or the variables used to determine ""future expectations"" beyond historical patterns.

- Claim: The recognition of gift card breakage revenue is subject to estimation risk.
  - Claim type: Risk-cue or assertion-mapping claim
  - Support used: Text Chunk 2
  - Inferential bridge: Breakage revenue is recognized over time based on the assumption that a ""small and relatively stable percentage"" of cards will never be redeemed; any deviation in actual redemption behavior from this historical estimate would impact revenue accuracy.
  - Limitation: There is no information provided regarding the frequency or process for updating the historical redemption rates used to calculate breakage."
MAIN-C075,TGT,Target Corporation,main_deep_case,revenue,hybrid,The timing of revenue recognition for digitally originated sales presents a cut-off risk.,Text Chunk 3,,"TEXT RETRIEVAL CONTEXT

[Text Chunk 1]
chunk_id: T-TGT-REVENUE-029
source_file: tgt-20250201.htm
construct_tag: revenue
ranking_score: 25
text: Merchandise Sales are net of expected returns, and our estimate of gift card breakage. Note 2 to the Financial Statements defines gift card ""breakage."" We use comparable sales to evaluate the performance of our stores and digital channels by measuring the change in sales for a period over the comparable, prior-year period of equivalent length. Comparable sales include all Merchandise Sales, except sales from stores open less than 13 months or that have been closed. Comparable sales measures vary across the retail industry. As a result, our comparable sales calculation is not necessarily comparable to similarly titled measures reported by other companies. Digitally originated sales include all Merchandise Sales initiated through mobile applications and our websites. Our stores fulfill the majority of digitally originated sales, including shipment from stores to guests, store Order Pickup or Drive Up, and Same Day Delivery. Digitally originated sales may also be fulfilled through our distribution centers, our vendors, or other third parties.

[Text Chunk 2]
chunk_id: T-TGT-REVENUE-042
source_file: tgt-20250201.htm
construct_tag: revenue
ranking_score: 20
text: Revenue from Target gift card sales is recognized upon gift card redemption, which is typically within one year of issuance. Our gift cards do not expire. Based on historical redemption rates, a small and relatively stable percentage of gift cards will never be redeemed, referred to as ""breakage."" Estimated breakage revenue is recognized over time in proportion to actual gift card redemptions.

[Text Chunk 3]
chunk_id: T-TGT-REVENUE-041
source_file: tgt-20250201.htm
construct_tag: revenue
ranking_score: 12
text: Merchandise sales – We record almost all retail store revenues at the point of sale. Digitally originated sales may include shipping revenue and are recorded upon delivery to the guest or upon guest pickup at the store. Merchandise sales do not include sales tax because we are a pass-through conduit for collecting and remitting sales taxes. Generally, guests may return national brand merchandise within 90 days of purchase and owned and exclusive brand merchandise within one year of purchase. Sales are recognized net of expected returns, which we estimate using historical return patterns and our expectation of future returns. As of February 1, 2025, and February 3, 2024, the liability for estimated returns was $ 172 million and $ 170 million, respectively.

XBRL RELATIONAL RETRIEVAL CONTEXT

Facts:
1. fact_id=F-TGT-0003 concept=RevenueFromContractWithCustomerExcludingAssessedTax value=109120000000 unit=iso4217:USD period=duration:2022-01-30/2023-01-28 dimensions=none
2. fact_id=F-TGT-0016 concept=RevenueFromContractWithCustomerExcludingAssessedTax value=17646000000 unit=iso4217:USD period=duration:2022-01-30/2023-01-28 dimensions=srt:ProductOrServiceAxis=tgt:ApparelAndAccessoriesMember
3. fact_id=F-TGT-0019 concept=RevenueFromContractWithCustomerExcludingAssessedTax value=11092000000 unit=iso4217:USD period=duration:2022-01-30/2023-01-28 dimensions=srt:ProductOrServiceAxis=tgt:BeautyMember
4. fact_id=F-TGT-0056 concept=ContractWithCustomerLiability value=1162000000 unit=iso4217:USD period=instant:2024-02-03 dimensions=none
5. fact_id=F-TGT-0078 concept=ContractWithCustomerLiability value=1162000000 unit=iso4217:USD period=instant:2024-02-03 dimensions=none
6. fact_id=F-TGT-0059 concept=ContractWithCustomerLiability value=1209000000 unit=iso4217:USD period=instant:2025-02-01 dimensions=none
7. fact_id=F-TGT-0057 concept=ContractWithCustomerLiabilityLiabilitiesIncurred value=878000000 unit=iso4217:USD period=duration:2024-02-04/2025-02-01 dimensions=none
8. fact_id=F-TGT-0062 concept=ContractWithCustomerLiabilityLoyaltyProgramCurrent value=117000000 unit=iso4217:USD period=instant:2024-02-03 dimensions=none

Relation paths:
1. path_id=X-TGT-0005 relation_type=presentation source=us-gaap:RevenueFromContractWithCustomerAbstract (Revenue from Contract with Customer [Abstract]) -> target=us-gaap:RevenueFromContractWithCustomerTextBlock (Revenue from Contract with Customer [Text Block]) arcrole=http://www.xbrl.org/2003/arcrole/parent-child role=http://corporate.target.com/role/NetSales
2. path_id=X-TGT-0012 relation_type=presentation source=us-gaap:RevenueFromContractWithCustomerAbstract (Revenue from Contract with Customer [Abstract]) -> target=us-gaap:ContractWithCustomerAssetAndLiabilityTableTextBlock (Contract with Customer, Contract Asset, Contract Liability, and Receivable [Table Text Block]) arcrole=http://www.xbrl.org/2003/arcrole/parent-child role=http://corporate.target.com/role/NetSalesTables
3. path_id=X-TGT-0065 relation_type=definition source=us-gaap:DisaggregationOfRevenueLineItems (Disaggregation of Revenue [Line Items]) -> target=us-gaap:RevenueFromContractWithCustomerExcludingAssessedTax (Revenue from Contract with Customer, Excluding Assessed Tax) arcrole=http://xbrl.org/int/dim/arcrole/domain-member role=http://corporate.target.com/role/NetSalesDisaggregationofNetSalesDetails
4. path_id=X-TGT-0030 relation_type=presentation source=tgt:ChangeinContractwithCustomerLiabilityRollForward (label unavailable) -> target=us-gaap:ContractWithCustomerLiabilityRevenueRecognized (Contract with Customer, Liability, Revenue Recognized) arcrole=http://www.xbrl.org/2003/arcrole/parent-child role=http://corporate.target.com/role/NetSalesGiftCardLiabilityActivityDetails
5. path_id=X-TGT-0018 relation_type=presentation source=us-gaap:DisaggregationOfRevenueLineItems (Disaggregation of Revenue [Line Items]) -> target=us-gaap:RevenueFromContractWithCustomerExcludingAssessedTax (Revenue from Contract with Customer, Excluding Assessed Tax) arcrole=http://www.xbrl.org/2003/arcrole/parent-child role=http://corporate.target.com/role/NetSalesDisaggregationofNetSalesDetails
6. path_id=X-TGT-0027 relation_type=presentation source=us-gaap:RevenueFromContractWithCustomerAbstract (Revenue from Contract with Customer [Abstract]) -> target=tgt:ChangeinContractwithCustomerLiabilityRollForward (label unavailable) arcrole=http://www.xbrl.org/2003/arcrole/parent-child role=http://corporate.target.com/role/NetSalesGiftCardLiabilityActivityDetails","- Claim: Revenue for digitally originated sales is recognized upon delivery to the guest or upon guest pickup at the store.
  - Claim type: Factual claim
  - Support used: Text Chunk 3
  - Limitation: This claim is limited to the specific recognition triggers for digitally originated sales as described in the provided text.

- Claim: As of February 1, 2025, the liability for estimated returns was $172 million.
  - Claim type: Factual claim
  - Support used: Text Chunk 3
  - Limitation: This is a point-in-time measurement limited to the fiscal year-end date of February 1, 2025.

- Claim: The timing of revenue recognition for digitally originated sales presents a cut-off risk.
  - Claim type: Risk-cue or assertion-mapping claim
  - Support used: Text Chunk 3
  - Inferential bridge: Because revenue is recognized upon delivery or pickup rather than at the time of order, the accuracy of the revenue period depends on the precise timing of the delivery/pickup event.
  - Limitation: The provided context lacks detail regarding the internal controls used to verify delivery dates from third-party carriers or store pickup logs.

- Claim: The estimation of expected returns introduces a risk to the accuracy and valuation of revenue and the associated return liability.
  - Claim type: Risk-cue or assertion-mapping claim
  - Support used: Text Chunk 3
  - Inferential bridge: Revenue is recognized net of expected returns based on a combination of historical patterns and management's ""expectation of future returns,"" which introduces subjectivity into the measurement.
  - Limitation: The context does not provide the specific methodology or the variables used to determine ""future expectations"" beyond historical patterns.

- Claim: The recognition of gift card breakage revenue is subject to estimation risk.
  - Claim type: Risk-cue or assertion-mapping claim
  - Support used: Text Chunk 2
  - Inferential bridge: Breakage revenue is recognized over time based on the assumption that a ""small and relatively stable percentage"" of cards will never be redeemed; any deviation in actual redemption behavior from this historical estimate would impact revenue accuracy.
  - Limitation: There is no information provided regarding the frequency or process for updating the historical redemption rates used to calculate breakage."
MAIN-C076,TGT,Target Corporation,main_deep_case,revenue,hybrid,The estimation of expected returns introduces a risk to the accuracy and valuation of revenue and the associated return liability.,Text Chunk 3,,"TEXT RETRIEVAL CONTEXT

[Text Chunk 1]
chunk_id: T-TGT-REVENUE-029
source_file: tgt-20250201.htm
construct_tag: revenue
ranking_score: 25
text: Merchandise Sales are net of expected returns, and our estimate of gift card breakage. Note 2 to the Financial Statements defines gift card ""breakage."" We use comparable sales to evaluate the performance of our stores and digital channels by measuring the change in sales for a period over the comparable, prior-year period of equivalent length. Comparable sales include all Merchandise Sales, except sales from stores open less than 13 months or that have been closed. Comparable sales measures vary across the retail industry. As a result, our comparable sales calculation is not necessarily comparable to similarly titled measures reported by other companies. Digitally originated sales include all Merchandise Sales initiated through mobile applications and our websites. Our stores fulfill the majority of digitally originated sales, including shipment from stores to guests, store Order Pickup or Drive Up, and Same Day Delivery. Digitally originated sales may also be fulfilled through our distribution centers, our vendors, or other third parties.

[Text Chunk 2]
chunk_id: T-TGT-REVENUE-042
source_file: tgt-20250201.htm
construct_tag: revenue
ranking_score: 20
text: Revenue from Target gift card sales is recognized upon gift card redemption, which is typically within one year of issuance. Our gift cards do not expire. Based on historical redemption rates, a small and relatively stable percentage of gift cards will never be redeemed, referred to as ""breakage."" Estimated breakage revenue is recognized over time in proportion to actual gift card redemptions.

[Text Chunk 3]
chunk_id: T-TGT-REVENUE-041
source_file: tgt-20250201.htm
construct_tag: revenue
ranking_score: 12
text: Merchandise sales – We record almost all retail store revenues at the point of sale. Digitally originated sales may include shipping revenue and are recorded upon delivery to the guest or upon guest pickup at the store. Merchandise sales do not include sales tax because we are a pass-through conduit for collecting and remitting sales taxes. Generally, guests may return national brand merchandise within 90 days of purchase and owned and exclusive brand merchandise within one year of purchase. Sales are recognized net of expected returns, which we estimate using historical return patterns and our expectation of future returns. As of February 1, 2025, and February 3, 2024, the liability for estimated returns was $ 172 million and $ 170 million, respectively.

XBRL RELATIONAL RETRIEVAL CONTEXT

Facts:
1. fact_id=F-TGT-0003 concept=RevenueFromContractWithCustomerExcludingAssessedTax value=109120000000 unit=iso4217:USD period=duration:2022-01-30/2023-01-28 dimensions=none
2. fact_id=F-TGT-0016 concept=RevenueFromContractWithCustomerExcludingAssessedTax value=17646000000 unit=iso4217:USD period=duration:2022-01-30/2023-01-28 dimensions=srt:ProductOrServiceAxis=tgt:ApparelAndAccessoriesMember
3. fact_id=F-TGT-0019 concept=RevenueFromContractWithCustomerExcludingAssessedTax value=11092000000 unit=iso4217:USD period=duration:2022-01-30/2023-01-28 dimensions=srt:ProductOrServiceAxis=tgt:BeautyMember
4. fact_id=F-TGT-0056 concept=ContractWithCustomerLiability value=1162000000 unit=iso4217:USD period=instant:2024-02-03 dimensions=none
5. fact_id=F-TGT-0078 concept=ContractWithCustomerLiability value=1162000000 unit=iso4217:USD period=instant:2024-02-03 dimensions=none
6. fact_id=F-TGT-0059 concept=ContractWithCustomerLiability value=1209000000 unit=iso4217:USD period=instant:2025-02-01 dimensions=none
7. fact_id=F-TGT-0057 concept=ContractWithCustomerLiabilityLiabilitiesIncurred value=878000000 unit=iso4217:USD period=duration:2024-02-04/2025-02-01 dimensions=none
8. fact_id=F-TGT-0062 concept=ContractWithCustomerLiabilityLoyaltyProgramCurrent value=117000000 unit=iso4217:USD period=instant:2024-02-03 dimensions=none

Relation paths:
1. path_id=X-TGT-0005 relation_type=presentation source=us-gaap:RevenueFromContractWithCustomerAbstract (Revenue from Contract with Customer [Abstract]) -> target=us-gaap:RevenueFromContractWithCustomerTextBlock (Revenue from Contract with Customer [Text Block]) arcrole=http://www.xbrl.org/2003/arcrole/parent-child role=http://corporate.target.com/role/NetSales
2. path_id=X-TGT-0012 relation_type=presentation source=us-gaap:RevenueFromContractWithCustomerAbstract (Revenue from Contract with Customer [Abstract]) -> target=us-gaap:ContractWithCustomerAssetAndLiabilityTableTextBlock (Contract with Customer, Contract Asset, Contract Liability, and Receivable [Table Text Block]) arcrole=http://www.xbrl.org/2003/arcrole/parent-child role=http://corporate.target.com/role/NetSalesTables
3. path_id=X-TGT-0065 relation_type=definition source=us-gaap:DisaggregationOfRevenueLineItems (Disaggregation of Revenue [Line Items]) -> target=us-gaap:RevenueFromContractWithCustomerExcludingAssessedTax (Revenue from Contract with Customer, Excluding Assessed Tax) arcrole=http://xbrl.org/int/dim/arcrole/domain-member role=http://corporate.target.com/role/NetSalesDisaggregationofNetSalesDetails
4. path_id=X-TGT-0030 relation_type=presentation source=tgt:ChangeinContractwithCustomerLiabilityRollForward (label unavailable) -> target=us-gaap:ContractWithCustomerLiabilityRevenueRecognized (Contract with Customer, Liability, Revenue Recognized) arcrole=http://www.xbrl.org/2003/arcrole/parent-child role=http://corporate.target.com/role/NetSalesGiftCardLiabilityActivityDetails
5. path_id=X-TGT-0018 relation_type=presentation source=us-gaap:DisaggregationOfRevenueLineItems (Disaggregation of Revenue [Line Items]) -> target=us-gaap:RevenueFromContractWithCustomerExcludingAssessedTax (Revenue from Contract with Customer, Excluding Assessed Tax) arcrole=http://www.xbrl.org/2003/arcrole/parent-child role=http://corporate.target.com/role/NetSalesDisaggregationofNetSalesDetails
6. path_id=X-TGT-0027 relation_type=presentation source=us-gaap:RevenueFromContractWithCustomerAbstract (Revenue from Contract with Customer [Abstract]) -> target=tgt:ChangeinContractwithCustomerLiabilityRollForward (label unavailable) arcrole=http://www.xbrl.org/2003/arcrole/parent-child role=http://corporate.target.com/role/NetSalesGiftCardLiabilityActivityDetails","- Claim: Revenue for digitally originated sales is recognized upon delivery to the guest or upon guest pickup at the store.
  - Claim type: Factual claim
  - Support used: Text Chunk 3
  - Limitation: This claim is limited to the specific recognition triggers for digitally originated sales as described in the provided text.

- Claim: As of February 1, 2025, the liability for estimated returns was $172 million.
  - Claim type: Factual claim
  - Support used: Text Chunk 3
  - Limitation: This is a point-in-time measurement limited to the fiscal year-end date of February 1, 2025.

- Claim: The timing of revenue recognition for digitally originated sales presents a cut-off risk.
  - Claim type: Risk-cue or assertion-mapping claim
  - Support used: Text Chunk 3
  - Inferential bridge: Because revenue is recognized upon delivery or pickup rather than at the time of order, the accuracy of the revenue period depends on the precise timing of the delivery/pickup event.
  - Limitation: The provided context lacks detail regarding the internal controls used to verify delivery dates from third-party carriers or store pickup logs.

- Claim: The estimation of expected returns introduces a risk to the accuracy and valuation of revenue and the associated return liability.
  - Claim type: Risk-cue or assertion-mapping claim
  - Support used: Text Chunk 3
  - Inferential bridge: Revenue is recognized net of expected returns based on a combination of historical patterns and management's ""expectation of future returns,"" which introduces subjectivity into the measurement.
  - Limitation: The context does not provide the specific methodology or the variables used to determine ""future expectations"" beyond historical patterns.

- Claim: The recognition of gift card breakage revenue is subject to estimation risk.
  - Claim type: Risk-cue or assertion-mapping claim
  - Support used: Text Chunk 2
  - Inferential bridge: Breakage revenue is recognized over time based on the assumption that a ""small and relatively stable percentage"" of cards will never be redeemed; any deviation in actual redemption behavior from this historical estimate would impact revenue accuracy.
  - Limitation: There is no information provided regarding the frequency or process for updating the historical redemption rates used to calculate breakage."
MAIN-C077,TGT,Target Corporation,main_deep_case,revenue,hybrid,The recognition of gift card breakage revenue is subject to estimation risk.,Text Chunk 2,,"TEXT RETRIEVAL CONTEXT

[Text Chunk 1]
chunk_id: T-TGT-REVENUE-029
source_file: tgt-20250201.htm
construct_tag: revenue
ranking_score: 25
text: Merchandise Sales are net of expected returns, and our estimate of gift card breakage. Note 2 to the Financial Statements defines gift card ""breakage."" We use comparable sales to evaluate the performance of our stores and digital channels by measuring the change in sales for a period over the comparable, prior-year period of equivalent length. Comparable sales include all Merchandise Sales, except sales from stores open less than 13 months or that have been closed. Comparable sales measures vary across the retail industry. As a result, our comparable sales calculation is not necessarily comparable to similarly titled measures reported by other companies. Digitally originated sales include all Merchandise Sales initiated through mobile applications and our websites. Our stores fulfill the majority of digitally originated sales, including shipment from stores to guests, store Order Pickup or Drive Up, and Same Day Delivery. Digitally originated sales may also be fulfilled through our distribution centers, our vendors, or other third parties.

[Text Chunk 2]
chunk_id: T-TGT-REVENUE-042
source_file: tgt-20250201.htm
construct_tag: revenue
ranking_score: 20
text: Revenue from Target gift card sales is recognized upon gift card redemption, which is typically within one year of issuance. Our gift cards do not expire. Based on historical redemption rates, a small and relatively stable percentage of gift cards will never be redeemed, referred to as ""breakage."" Estimated breakage revenue is recognized over time in proportion to actual gift card redemptions.

[Text Chunk 3]
chunk_id: T-TGT-REVENUE-041
source_file: tgt-20250201.htm
construct_tag: revenue
ranking_score: 12
text: Merchandise sales – We record almost all retail store revenues at the point of sale. Digitally originated sales may include shipping revenue and are recorded upon delivery to the guest or upon guest pickup at the store. Merchandise sales do not include sales tax because we are a pass-through conduit for collecting and remitting sales taxes. Generally, guests may return national brand merchandise within 90 days of purchase and owned and exclusive brand merchandise within one year of purchase. Sales are recognized net of expected returns, which we estimate using historical return patterns and our expectation of future returns. As of February 1, 2025, and February 3, 2024, the liability for estimated returns was $ 172 million and $ 170 million, respectively.

XBRL RELATIONAL RETRIEVAL CONTEXT

Facts:
1. fact_id=F-TGT-0003 concept=RevenueFromContractWithCustomerExcludingAssessedTax value=109120000000 unit=iso4217:USD period=duration:2022-01-30/2023-01-28 dimensions=none
2. fact_id=F-TGT-0016 concept=RevenueFromContractWithCustomerExcludingAssessedTax value=17646000000 unit=iso4217:USD period=duration:2022-01-30/2023-01-28 dimensions=srt:ProductOrServiceAxis=tgt:ApparelAndAccessoriesMember
3. fact_id=F-TGT-0019 concept=RevenueFromContractWithCustomerExcludingAssessedTax value=11092000000 unit=iso4217:USD period=duration:2022-01-30/2023-01-28 dimensions=srt:ProductOrServiceAxis=tgt:BeautyMember
4. fact_id=F-TGT-0056 concept=ContractWithCustomerLiability value=1162000000 unit=iso4217:USD period=instant:2024-02-03 dimensions=none
5. fact_id=F-TGT-0078 concept=ContractWithCustomerLiability value=1162000000 unit=iso4217:USD period=instant:2024-02-03 dimensions=none
6. fact_id=F-TGT-0059 concept=ContractWithCustomerLiability value=1209000000 unit=iso4217:USD period=instant:2025-02-01 dimensions=none
7. fact_id=F-TGT-0057 concept=ContractWithCustomerLiabilityLiabilitiesIncurred value=878000000 unit=iso4217:USD period=duration:2024-02-04/2025-02-01 dimensions=none
8. fact_id=F-TGT-0062 concept=ContractWithCustomerLiabilityLoyaltyProgramCurrent value=117000000 unit=iso4217:USD period=instant:2024-02-03 dimensions=none

Relation paths:
1. path_id=X-TGT-0005 relation_type=presentation source=us-gaap:RevenueFromContractWithCustomerAbstract (Revenue from Contract with Customer [Abstract]) -> target=us-gaap:RevenueFromContractWithCustomerTextBlock (Revenue from Contract with Customer [Text Block]) arcrole=http://www.xbrl.org/2003/arcrole/parent-child role=http://corporate.target.com/role/NetSales
2. path_id=X-TGT-0012 relation_type=presentation source=us-gaap:RevenueFromContractWithCustomerAbstract (Revenue from Contract with Customer [Abstract]) -> target=us-gaap:ContractWithCustomerAssetAndLiabilityTableTextBlock (Contract with Customer, Contract Asset, Contract Liability, and Receivable [Table Text Block]) arcrole=http://www.xbrl.org/2003/arcrole/parent-child role=http://corporate.target.com/role/NetSalesTables
3. path_id=X-TGT-0065 relation_type=definition source=us-gaap:DisaggregationOfRevenueLineItems (Disaggregation of Revenue [Line Items]) -> target=us-gaap:RevenueFromContractWithCustomerExcludingAssessedTax (Revenue from Contract with Customer, Excluding Assessed Tax) arcrole=http://xbrl.org/int/dim/arcrole/domain-member role=http://corporate.target.com/role/NetSalesDisaggregationofNetSalesDetails
4. path_id=X-TGT-0030 relation_type=presentation source=tgt:ChangeinContractwithCustomerLiabilityRollForward (label unavailable) -> target=us-gaap:ContractWithCustomerLiabilityRevenueRecognized (Contract with Customer, Liability, Revenue Recognized) arcrole=http://www.xbrl.org/2003/arcrole/parent-child role=http://corporate.target.com/role/NetSalesGiftCardLiabilityActivityDetails
5. path_id=X-TGT-0018 relation_type=presentation source=us-gaap:DisaggregationOfRevenueLineItems (Disaggregation of Revenue [Line Items]) -> target=us-gaap:RevenueFromContractWithCustomerExcludingAssessedTax (Revenue from Contract with Customer, Excluding Assessed Tax) arcrole=http://www.xbrl.org/2003/arcrole/parent-child role=http://corporate.target.com/role/NetSalesDisaggregationofNetSalesDetails
6. path_id=X-TGT-0027 relation_type=presentation source=us-gaap:RevenueFromContractWithCustomerAbstract (Revenue from Contract with Customer [Abstract]) -> target=tgt:ChangeinContractwithCustomerLiabilityRollForward (label unavailable) arcrole=http://www.xbrl.org/2003/arcrole/parent-child role=http://corporate.target.com/role/NetSalesGiftCardLiabilityActivityDetails","- Claim: Revenue for digitally originated sales is recognized upon delivery to the guest or upon guest pickup at the store.
  - Claim type: Factual claim
  - Support used: Text Chunk 3
  - Limitation: This claim is limited to the specific recognition triggers for digitally originated sales as described in the provided text.

- Claim: As of February 1, 2025, the liability for estimated returns was $172 million.
  - Claim type: Factual claim
  - Support used: Text Chunk 3
  - Limitation: This is a point-in-time measurement limited to the fiscal year-end date of February 1, 2025.

- Claim: The timing of revenue recognition for digitally originated sales presents a cut-off risk.
  - Claim type: Risk-cue or assertion-mapping claim
  - Support used: Text Chunk 3
  - Inferential bridge: Because revenue is recognized upon delivery or pickup rather than at the time of order, the accuracy of the revenue period depends on the precise timing of the delivery/pickup event.
  - Limitation: The provided context lacks detail regarding the internal controls used to verify delivery dates from third-party carriers or store pickup logs.

- Claim: The estimation of expected returns introduces a risk to the accuracy and valuation of revenue and the associated return liability.
  - Claim type: Risk-cue or assertion-mapping claim
  - Support used: Text Chunk 3
  - Inferential bridge: Revenue is recognized net of expected returns based on a combination of historical patterns and management's ""expectation of future returns,"" which introduces subjectivity into the measurement.
  - Limitation: The context does not provide the specific methodology or the variables used to determine ""future expectations"" beyond historical patterns.

- Claim: The recognition of gift card breakage revenue is subject to estimation risk.
  - Claim type: Risk-cue or assertion-mapping claim
  - Support used: Text Chunk 2
  - Inferential bridge: Breakage revenue is recognized over time based on the assumption that a ""small and relatively stable percentage"" of cards will never be redeemed; any deviation in actual redemption behavior from this historical estimate would impact revenue accuracy.
  - Limitation: There is no information provided regarding the frequency or process for updating the historical redemption rates used to calculate breakage."
MAIN-C089,TGT,Target Corporation,main_deep_case,inventory,hybrid,Target Corporation values its inventory at the lower of LIFO cost or market and utilizes the retail inventory accounting method.,Text Chunk 1,,"TEXT RETRIEVAL CONTEXT

[Text Chunk 1]
chunk_id: T-TGT-REVENUE_INVENTORY-012
source_file: tgt-20250201.htm
construct_tag: revenue_inventory
ranking_score: 21
text: Inventory and cost of sales The vast majority of our inventory is accounted for under the retail inventory accounting method using the last-in first-out method LIFO . Our inventory is valued at the lower of LIFO cost or market. We reduce inventory for estimated losses related to shrink and markdowns. Our shrink estimate is based on historical losses and is adjusted to reflect results of actual physical inventory counts. We generally perform counts at each location annually with counts taking place throughout the year. A 10 percent increase or decrease in our 2024 year-end inventory shrink reserve would impact our cost of sales by approximately $150 million. Historically our actual physical inventory count results have shown our estimates to be reasonably accurate. Market adjustments for markdowns are recorded when the salability of the merchandise has diminished. Salability can be impacted by consumer preferences and seasonality among other factors. We believe the risk of inventory obsolescence is largely mitigated because our ...

[Text Chunk 2]
chunk_id: T-TGT-REVENUE_INVENTORY-008
source_file: tgt-20250201.htm
construct_tag: revenue_inventory
ranking_score: 15
text: Note: Gross margin is calculated as Net Sales less Cost of Sales. All rates are calculated by dividing the applicable amount by Net Sales. Previously our gross margin rate was calculated based only on Merchandise Sales. The calculation change aligns with our 2024 transition to a single-line revenue presentation on our Consolidated Statements of Operations, with prior period amounts updated to conform to the current year presentation. We also updated prior period gross margin rates to conform to the current year calculations, which resulted in an approximate 1 percentage point increase in our gross margin rate for both 2023 and 2022.

[Text Chunk 3]
chunk_id: T-TGT-INVENTORY-020
source_file: tgt-20250201.htm
construct_tag: inventory
ranking_score: 11
text: Under RIM, inventory cost and the resulting gross margins are calculated by applying a cost-to-retail ratio to the inventory retail value. RIM is an averaging method that has been widely used in the retail industry due to its practicality. The use of RIM will result in inventory being valued at the lower of cost or market because permanent markdowns are taken as a reduction of the retail value of inventory.

XBRL RELATIONAL RETRIEVAL CONTEXT

Facts:
1. fact_id=F-TGT-0072 concept=InventoryLIFOReservePeriodCharge value=153000000 unit=iso4217:USD period=duration:2023-01-29/2024-02-03 dimensions=none
2. fact_id=F-TGT-0071 concept=InventoryLIFOReservePeriodCharge value=183000000 unit=iso4217:USD period=duration:2024-02-04/2025-02-01 dimensions=none
3. fact_id=F-TGT-0008 concept=InventoryNet value=11886000000 unit=iso4217:USD period=instant:2024-02-03 dimensions=none
4. fact_id=F-TGT-0007 concept=InventoryNet value=12740000000 unit=iso4217:USD period=instant:2025-02-01 dimensions=none
5. fact_id=F-TGT-0006 concept=CostOfGoodsAndServicesSold value=82306000000 unit=iso4217:USD period=duration:2022-01-30/2023-01-28 dimensions=none
6. fact_id=F-TGT-0096 concept=CostOfGoodsAndServicesSold value=74436000000 unit=iso4217:USD period=duration:2022-01-30/2023-01-28 dimensions=srt:ProductOrServiceAxis=tgt:MerchandisingMember; us-gaap:StatementBusinessSegmentsAxis=tgt:ReportableSegmentMember
7. fact_id=F-TGT-0099 concept=CostOfGoodsAndServicesSold value=7870000000 unit=iso4217:USD period=duration:2022-01-30/2023-01-28 dimensions=srt:ProductOrServiceAxis=tgt:SupplyChainAndDigitalFulfillmentCostsMember; us-gaap:StatementBusinessSegmentsAxis=tgt:ReportableSegmentMember
8. fact_id=F-TGT-0067 concept=CostOfGoodsAndServicesSoldDecreaseDueToReclassification value=77000000 unit=iso4217:USD period=duration:2022-01-30/2023-01-28 dimensions=none

Relation paths:
1. path_id=X-TGT-0034 relation_type=presentation source=us-gaap:InventoryDisclosureAbstract (Inventory Disclosure [Abstract]) -> target=us-gaap:InventoryLIFOReservePeriodCharge (Inventory, LIFO Reserve, Period Charge) arcrole=http://www.xbrl.org/2003/arcrole/parent-child role=http://corporate.target.com/role/InventoryNarrativeDetails
2. path_id=X-TGT-0078 relation_type=definition source=us-gaap:CostOfGoodsAndServicesSoldAbstract (Cost of Goods and Services Sold [Abstract]) -> target=us-gaap:CostOfGoodsAndServicesSold (Cost of Goods and Services Sold) arcrole=http://xbrl.org/int/dim/arcrole/domain-member role=http://corporate.target.com/role/SegmentReportingScheduleofBusinessSegmentResultsDetails
3. path_id=X-TGT-0046 relation_type=presentation source=us-gaap:CostOfGoodsAndServicesSoldAbstract (Cost of Goods and Services Sold [Abstract]) -> target=us-gaap:CostOfGoodsAndServicesSold (Cost of Goods and Services Sold) arcrole=http://www.xbrl.org/2003/arcrole/parent-child role=http://corporate.target.com/role/SegmentReportingScheduleofBusinessSegmentResultsDetails
4. path_id=X-TGT-0007 relation_type=presentation source=us-gaap:InventoryDisclosureAbstract (Inventory Disclosure [Abstract]) -> target=us-gaap:InventoryDisclosureTextBlock (Inventory Disclosure [Text Block]) arcrole=http://www.xbrl.org/2003/arcrole/parent-child role=http://corporate.target.com/role/Inventory
5. path_id=X-TGT-0033 relation_type=presentation source=tgt:CostOfSalesAndSellingGeneralAndAdministrativeExpensesAbstract (label unavailable) -> target=tgt:CostOfGoodsAndServicesSoldDecreaseDueToReclassification (label unavailable) arcrole=http://www.xbrl.org/2003/arcrole/parent-child role=http://corporate.target.com/role/CostofSalesandSellingGeneralandAdministrativeExpensesDetails
6. path_id=X-TGT-0032 relation_type=presentation source=tgt:CostOfSalesAndSellingGeneralAndAdministrativeExpensesAbstract (label unavailable) -> target=tgt:CostOfGoodsAndServicesSoldIncreaseDueToReclassification (label unavailable) arcrole=http://www.xbrl.org/2003/arcrole/parent-child role=http://corporate.target.com/role/CostofSalesandSellingGeneralandAdministrativeExpensesDetails","- Claim: Target Corporation values its inventory at the lower of LIFO cost or market and utilizes the retail inventory accounting method.
  - Claim type: Factual
  - Support used: Text Chunk 1
  - Limitation: This claim is limited to the accounting policies disclosed in the provided text for the fiscal year 2024.

- Claim: As of February 1, 2025, Target Corporation's net inventory was $12,740,000,000.
  - Claim type: Factual
  - Support used: F-TGT-0007
  - Limitation: This is a point-in-time measurement as of the specific period end date.

- Claim: The estimation of the inventory shrink reserve presents a valuation risk due to the high sensitivity of the reserve's impact on cost of sales.
  - Claim type: Risk-cue or assertion-mapping
  - Support used: Text Chunk 1
  - Inferential bridge: The text states that a 10 percent change in the 2024 year-end shrink reserve would impact cost of sales by approximately $150 million; such high sensitivity indicates that small errors in the shrink estimate can lead to material misstatements in inventory valuation and cost of sales.
  - Limitation: The provided context does not detail the specific internal controls or the frequency of the ""actual physical inventory counts"" used to adjust the shrink estimate.

- Claim: Inventory valuation is subject to risk regarding the timing and accuracy of markdown adjustments driven by external volatility.
  - Claim type: Risk-cue or assertion-mapping
  - Support used: Text Chunk 1
  - Inferential bridge: Because the company records market adjustments for markdowns based on ""salability,"" which is impacted by ""consumer preferences and seasonality,"" the valuation is dependent on management's subjective assessment of external market trends.
  - Limitation: The context does not provide the specific criteria or quantitative thresholds used to determine when salability has ""diminished"" enough to trigger a markdown.

- Claim: The use of the Retail Inventory Method (RIM) introduces a valuation risk centered on the accuracy of the cost-to-retail ratio.
  - Claim type: Risk-cue or assertion-mapping
  - Support used: Text Chunk 3
  - Inferential bridge: Since inventory cost is derived by applying a cost-to-retail ratio to the retail value, any inaccuracy in the calculation of this ratio would result in a systematic valuation error across the inventory balance.
  - Limitation: The provided context is insufficient regarding the specific data inputs or validation processes used to calculate the cost-to-retail ratio."
MAIN-C090,TGT,Target Corporation,main_deep_case,inventory,hybrid,"As of February 1, 2025, Target Corporation's net inventory was $12,740,000,000.",,F-TGT-0007,"TEXT RETRIEVAL CONTEXT

[Text Chunk 1]
chunk_id: T-TGT-REVENUE_INVENTORY-012
source_file: tgt-20250201.htm
construct_tag: revenue_inventory
ranking_score: 21
text: Inventory and cost of sales The vast majority of our inventory is accounted for under the retail inventory accounting method using the last-in first-out method LIFO . Our inventory is valued at the lower of LIFO cost or market. We reduce inventory for estimated losses related to shrink and markdowns. Our shrink estimate is based on historical losses and is adjusted to reflect results of actual physical inventory counts. We generally perform counts at each location annually with counts taking place throughout the year. A 10 percent increase or decrease in our 2024 year-end inventory shrink reserve would impact our cost of sales by approximately $150 million. Historically our actual physical inventory count results have shown our estimates to be reasonably accurate. Market adjustments for markdowns are recorded when the salability of the merchandise has diminished. Salability can be impacted by consumer preferences and seasonality among other factors. We believe the risk of inventory obsolescence is largely mitigated because our ...

[Text Chunk 2]
chunk_id: T-TGT-REVENUE_INVENTORY-008
source_file: tgt-20250201.htm
construct_tag: revenue_inventory
ranking_score: 15
text: Note: Gross margin is calculated as Net Sales less Cost of Sales. All rates are calculated by dividing the applicable amount by Net Sales. Previously our gross margin rate was calculated based only on Merchandise Sales. The calculation change aligns with our 2024 transition to a single-line revenue presentation on our Consolidated Statements of Operations, with prior period amounts updated to conform to the current year presentation. We also updated prior period gross margin rates to conform to the current year calculations, which resulted in an approximate 1 percentage point increase in our gross margin rate for both 2023 and 2022.

[Text Chunk 3]
chunk_id: T-TGT-INVENTORY-020
source_file: tgt-20250201.htm
construct_tag: inventory
ranking_score: 11
text: Under RIM, inventory cost and the resulting gross margins are calculated by applying a cost-to-retail ratio to the inventory retail value. RIM is an averaging method that has been widely used in the retail industry due to its practicality. The use of RIM will result in inventory being valued at the lower of cost or market because permanent markdowns are taken as a reduction of the retail value of inventory.

XBRL RELATIONAL RETRIEVAL CONTEXT

Facts:
1. fact_id=F-TGT-0072 concept=InventoryLIFOReservePeriodCharge value=153000000 unit=iso4217:USD period=duration:2023-01-29/2024-02-03 dimensions=none
2. fact_id=F-TGT-0071 concept=InventoryLIFOReservePeriodCharge value=183000000 unit=iso4217:USD period=duration:2024-02-04/2025-02-01 dimensions=none
3. fact_id=F-TGT-0008 concept=InventoryNet value=11886000000 unit=iso4217:USD period=instant:2024-02-03 dimensions=none
4. fact_id=F-TGT-0007 concept=InventoryNet value=12740000000 unit=iso4217:USD period=instant:2025-02-01 dimensions=none
5. fact_id=F-TGT-0006 concept=CostOfGoodsAndServicesSold value=82306000000 unit=iso4217:USD period=duration:2022-01-30/2023-01-28 dimensions=none
6. fact_id=F-TGT-0096 concept=CostOfGoodsAndServicesSold value=74436000000 unit=iso4217:USD period=duration:2022-01-30/2023-01-28 dimensions=srt:ProductOrServiceAxis=tgt:MerchandisingMember; us-gaap:StatementBusinessSegmentsAxis=tgt:ReportableSegmentMember
7. fact_id=F-TGT-0099 concept=CostOfGoodsAndServicesSold value=7870000000 unit=iso4217:USD period=duration:2022-01-30/2023-01-28 dimensions=srt:ProductOrServiceAxis=tgt:SupplyChainAndDigitalFulfillmentCostsMember; us-gaap:StatementBusinessSegmentsAxis=tgt:ReportableSegmentMember
8. fact_id=F-TGT-0067 concept=CostOfGoodsAndServicesSoldDecreaseDueToReclassification value=77000000 unit=iso4217:USD period=duration:2022-01-30/2023-01-28 dimensions=none

Relation paths:
1. path_id=X-TGT-0034 relation_type=presentation source=us-gaap:InventoryDisclosureAbstract (Inventory Disclosure [Abstract]) -> target=us-gaap:InventoryLIFOReservePeriodCharge (Inventory, LIFO Reserve, Period Charge) arcrole=http://www.xbrl.org/2003/arcrole/parent-child role=http://corporate.target.com/role/InventoryNarrativeDetails
2. path_id=X-TGT-0078 relation_type=definition source=us-gaap:CostOfGoodsAndServicesSoldAbstract (Cost of Goods and Services Sold [Abstract]) -> target=us-gaap:CostOfGoodsAndServicesSold (Cost of Goods and Services Sold) arcrole=http://xbrl.org/int/dim/arcrole/domain-member role=http://corporate.target.com/role/SegmentReportingScheduleofBusinessSegmentResultsDetails
3. path_id=X-TGT-0046 relation_type=presentation source=us-gaap:CostOfGoodsAndServicesSoldAbstract (Cost of Goods and Services Sold [Abstract]) -> target=us-gaap:CostOfGoodsAndServicesSold (Cost of Goods and Services Sold) arcrole=http://www.xbrl.org/2003/arcrole/parent-child role=http://corporate.target.com/role/SegmentReportingScheduleofBusinessSegmentResultsDetails
4. path_id=X-TGT-0007 relation_type=presentation source=us-gaap:InventoryDisclosureAbstract (Inventory Disclosure [Abstract]) -> target=us-gaap:InventoryDisclosureTextBlock (Inventory Disclosure [Text Block]) arcrole=http://www.xbrl.org/2003/arcrole/parent-child role=http://corporate.target.com/role/Inventory
5. path_id=X-TGT-0033 relation_type=presentation source=tgt:CostOfSalesAndSellingGeneralAndAdministrativeExpensesAbstract (label unavailable) -> target=tgt:CostOfGoodsAndServicesSoldDecreaseDueToReclassification (label unavailable) arcrole=http://www.xbrl.org/2003/arcrole/parent-child role=http://corporate.target.com/role/CostofSalesandSellingGeneralandAdministrativeExpensesDetails
6. path_id=X-TGT-0032 relation_type=presentation source=tgt:CostOfSalesAndSellingGeneralAndAdministrativeExpensesAbstract (label unavailable) -> target=tgt:CostOfGoodsAndServicesSoldIncreaseDueToReclassification (label unavailable) arcrole=http://www.xbrl.org/2003/arcrole/parent-child role=http://corporate.target.com/role/CostofSalesandSellingGeneralandAdministrativeExpensesDetails","- Claim: Target Corporation values its inventory at the lower of LIFO cost or market and utilizes the retail inventory accounting method.
  - Claim type: Factual
  - Support used: Text Chunk 1
  - Limitation: This claim is limited to the accounting policies disclosed in the provided text for the fiscal year 2024.

- Claim: As of February 1, 2025, Target Corporation's net inventory was $12,740,000,000.
  - Claim type: Factual
  - Support used: F-TGT-0007
  - Limitation: This is a point-in-time measurement as of the specific period end date.

- Claim: The estimation of the inventory shrink reserve presents a valuation risk due to the high sensitivity of the reserve's impact on cost of sales.
  - Claim type: Risk-cue or assertion-mapping
  - Support used: Text Chunk 1
  - Inferential bridge: The text states that a 10 percent change in the 2024 year-end shrink reserve would impact cost of sales by approximately $150 million; such high sensitivity indicates that small errors in the shrink estimate can lead to material misstatements in inventory valuation and cost of sales.
  - Limitation: The provided context does not detail the specific internal controls or the frequency of the ""actual physical inventory counts"" used to adjust the shrink estimate.

- Claim: Inventory valuation is subject to risk regarding the timing and accuracy of markdown adjustments driven by external volatility.
  - Claim type: Risk-cue or assertion-mapping
  - Support used: Text Chunk 1
  - Inferential bridge: Because the company records market adjustments for markdowns based on ""salability,"" which is impacted by ""consumer preferences and seasonality,"" the valuation is dependent on management's subjective assessment of external market trends.
  - Limitation: The context does not provide the specific criteria or quantitative thresholds used to determine when salability has ""diminished"" enough to trigger a markdown.

- Claim: The use of the Retail Inventory Method (RIM) introduces a valuation risk centered on the accuracy of the cost-to-retail ratio.
  - Claim type: Risk-cue or assertion-mapping
  - Support used: Text Chunk 3
  - Inferential bridge: Since inventory cost is derived by applying a cost-to-retail ratio to the retail value, any inaccuracy in the calculation of this ratio would result in a systematic valuation error across the inventory balance.
  - Limitation: The provided context is insufficient regarding the specific data inputs or validation processes used to calculate the cost-to-retail ratio."
MAIN-C091,TGT,Target Corporation,main_deep_case,inventory,hybrid,The estimation of the inventory shrink reserve presents a valuation risk due to the high sensitivity of the reserve's impact on cost of sales.,Text Chunk 1,,"TEXT RETRIEVAL CONTEXT

[Text Chunk 1]
chunk_id: T-TGT-REVENUE_INVENTORY-012
source_file: tgt-20250201.htm
construct_tag: revenue_inventory
ranking_score: 21
text: Inventory and cost of sales The vast majority of our inventory is accounted for under the retail inventory accounting method using the last-in first-out method LIFO . Our inventory is valued at the lower of LIFO cost or market. We reduce inventory for estimated losses related to shrink and markdowns. Our shrink estimate is based on historical losses and is adjusted to reflect results of actual physical inventory counts. We generally perform counts at each location annually with counts taking place throughout the year. A 10 percent increase or decrease in our 2024 year-end inventory shrink reserve would impact our cost of sales by approximately $150 million. Historically our actual physical inventory count results have shown our estimates to be reasonably accurate. Market adjustments for markdowns are recorded when the salability of the merchandise has diminished. Salability can be impacted by consumer preferences and seasonality among other factors. We believe the risk of inventory obsolescence is largely mitigated because our ...

[Text Chunk 2]
chunk_id: T-TGT-REVENUE_INVENTORY-008
source_file: tgt-20250201.htm
construct_tag: revenue_inventory
ranking_score: 15
text: Note: Gross margin is calculated as Net Sales less Cost of Sales. All rates are calculated by dividing the applicable amount by Net Sales. Previously our gross margin rate was calculated based only on Merchandise Sales. The calculation change aligns with our 2024 transition to a single-line revenue presentation on our Consolidated Statements of Operations, with prior period amounts updated to conform to the current year presentation. We also updated prior period gross margin rates to conform to the current year calculations, which resulted in an approximate 1 percentage point increase in our gross margin rate for both 2023 and 2022.

[Text Chunk 3]
chunk_id: T-TGT-INVENTORY-020
source_file: tgt-20250201.htm
construct_tag: inventory
ranking_score: 11
text: Under RIM, inventory cost and the resulting gross margins are calculated by applying a cost-to-retail ratio to the inventory retail value. RIM is an averaging method that has been widely used in the retail industry due to its practicality. The use of RIM will result in inventory being valued at the lower of cost or market because permanent markdowns are taken as a reduction of the retail value of inventory.

XBRL RELATIONAL RETRIEVAL CONTEXT

Facts:
1. fact_id=F-TGT-0072 concept=InventoryLIFOReservePeriodCharge value=153000000 unit=iso4217:USD period=duration:2023-01-29/2024-02-03 dimensions=none
2. fact_id=F-TGT-0071 concept=InventoryLIFOReservePeriodCharge value=183000000 unit=iso4217:USD period=duration:2024-02-04/2025-02-01 dimensions=none
3. fact_id=F-TGT-0008 concept=InventoryNet value=11886000000 unit=iso4217:USD period=instant:2024-02-03 dimensions=none
4. fact_id=F-TGT-0007 concept=InventoryNet value=12740000000 unit=iso4217:USD period=instant:2025-02-01 dimensions=none
5. fact_id=F-TGT-0006 concept=CostOfGoodsAndServicesSold value=82306000000 unit=iso4217:USD period=duration:2022-01-30/2023-01-28 dimensions=none
6. fact_id=F-TGT-0096 concept=CostOfGoodsAndServicesSold value=74436000000 unit=iso4217:USD period=duration:2022-01-30/2023-01-28 dimensions=srt:ProductOrServiceAxis=tgt:MerchandisingMember; us-gaap:StatementBusinessSegmentsAxis=tgt:ReportableSegmentMember
7. fact_id=F-TGT-0099 concept=CostOfGoodsAndServicesSold value=7870000000 unit=iso4217:USD period=duration:2022-01-30/2023-01-28 dimensions=srt:ProductOrServiceAxis=tgt:SupplyChainAndDigitalFulfillmentCostsMember; us-gaap:StatementBusinessSegmentsAxis=tgt:ReportableSegmentMember
8. fact_id=F-TGT-0067 concept=CostOfGoodsAndServicesSoldDecreaseDueToReclassification value=77000000 unit=iso4217:USD period=duration:2022-01-30/2023-01-28 dimensions=none

Relation paths:
1. path_id=X-TGT-0034 relation_type=presentation source=us-gaap:InventoryDisclosureAbstract (Inventory Disclosure [Abstract]) -> target=us-gaap:InventoryLIFOReservePeriodCharge (Inventory, LIFO Reserve, Period Charge) arcrole=http://www.xbrl.org/2003/arcrole/parent-child role=http://corporate.target.com/role/InventoryNarrativeDetails
2. path_id=X-TGT-0078 relation_type=definition source=us-gaap:CostOfGoodsAndServicesSoldAbstract (Cost of Goods and Services Sold [Abstract]) -> target=us-gaap:CostOfGoodsAndServicesSold (Cost of Goods and Services Sold) arcrole=http://xbrl.org/int/dim/arcrole/domain-member role=http://corporate.target.com/role/SegmentReportingScheduleofBusinessSegmentResultsDetails
3. path_id=X-TGT-0046 relation_type=presentation source=us-gaap:CostOfGoodsAndServicesSoldAbstract (Cost of Goods and Services Sold [Abstract]) -> target=us-gaap:CostOfGoodsAndServicesSold (Cost of Goods and Services Sold) arcrole=http://www.xbrl.org/2003/arcrole/parent-child role=http://corporate.target.com/role/SegmentReportingScheduleofBusinessSegmentResultsDetails
4. path_id=X-TGT-0007 relation_type=presentation source=us-gaap:InventoryDisclosureAbstract (Inventory Disclosure [Abstract]) -> target=us-gaap:InventoryDisclosureTextBlock (Inventory Disclosure [Text Block]) arcrole=http://www.xbrl.org/2003/arcrole/parent-child role=http://corporate.target.com/role/Inventory
5. path_id=X-TGT-0033 relation_type=presentation source=tgt:CostOfSalesAndSellingGeneralAndAdministrativeExpensesAbstract (label unavailable) -> target=tgt:CostOfGoodsAndServicesSoldDecreaseDueToReclassification (label unavailable) arcrole=http://www.xbrl.org/2003/arcrole/parent-child role=http://corporate.target.com/role/CostofSalesandSellingGeneralandAdministrativeExpensesDetails
6. path_id=X-TGT-0032 relation_type=presentation source=tgt:CostOfSalesAndSellingGeneralAndAdministrativeExpensesAbstract (label unavailable) -> target=tgt:CostOfGoodsAndServicesSoldIncreaseDueToReclassification (label unavailable) arcrole=http://www.xbrl.org/2003/arcrole/parent-child role=http://corporate.target.com/role/CostofSalesandSellingGeneralandAdministrativeExpensesDetails","- Claim: Target Corporation values its inventory at the lower of LIFO cost or market and utilizes the retail inventory accounting method.
  - Claim type: Factual
  - Support used: Text Chunk 1
  - Limitation: This claim is limited to the accounting policies disclosed in the provided text for the fiscal year 2024.

- Claim: As of February 1, 2025, Target Corporation's net inventory was $12,740,000,000.
  - Claim type: Factual
  - Support used: F-TGT-0007
  - Limitation: This is a point-in-time measurement as of the specific period end date.

- Claim: The estimation of the inventory shrink reserve presents a valuation risk due to the high sensitivity of the reserve's impact on cost of sales.
  - Claim type: Risk-cue or assertion-mapping
  - Support used: Text Chunk 1
  - Inferential bridge: The text states that a 10 percent change in the 2024 year-end shrink reserve would impact cost of sales by approximately $150 million; such high sensitivity indicates that small errors in the shrink estimate can lead to material misstatements in inventory valuation and cost of sales.
  - Limitation: The provided context does not detail the specific internal controls or the frequency of the ""actual physical inventory counts"" used to adjust the shrink estimate.

- Claim: Inventory valuation is subject to risk regarding the timing and accuracy of markdown adjustments driven by external volatility.
  - Claim type: Risk-cue or assertion-mapping
  - Support used: Text Chunk 1
  - Inferential bridge: Because the company records market adjustments for markdowns based on ""salability,"" which is impacted by ""consumer preferences and seasonality,"" the valuation is dependent on management's subjective assessment of external market trends.
  - Limitation: The context does not provide the specific criteria or quantitative thresholds used to determine when salability has ""diminished"" enough to trigger a markdown.

- Claim: The use of the Retail Inventory Method (RIM) introduces a valuation risk centered on the accuracy of the cost-to-retail ratio.
  - Claim type: Risk-cue or assertion-mapping
  - Support used: Text Chunk 3
  - Inferential bridge: Since inventory cost is derived by applying a cost-to-retail ratio to the retail value, any inaccuracy in the calculation of this ratio would result in a systematic valuation error across the inventory balance.
  - Limitation: The provided context is insufficient regarding the specific data inputs or validation processes used to calculate the cost-to-retail ratio."
MAIN-C092,TGT,Target Corporation,main_deep_case,inventory,hybrid,Inventory valuation is subject to risk regarding the timing and accuracy of markdown adjustments driven by external volatility.,Text Chunk 1,,"TEXT RETRIEVAL CONTEXT

[Text Chunk 1]
chunk_id: T-TGT-REVENUE_INVENTORY-012
source_file: tgt-20250201.htm
construct_tag: revenue_inventory
ranking_score: 21
text: Inventory and cost of sales The vast majority of our inventory is accounted for under the retail inventory accounting method using the last-in first-out method LIFO . Our inventory is valued at the lower of LIFO cost or market. We reduce inventory for estimated losses related to shrink and markdowns. Our shrink estimate is based on historical losses and is adjusted to reflect results of actual physical inventory counts. We generally perform counts at each location annually with counts taking place throughout the year. A 10 percent increase or decrease in our 2024 year-end inventory shrink reserve would impact our cost of sales by approximately $150 million. Historically our actual physical inventory count results have shown our estimates to be reasonably accurate. Market adjustments for markdowns are recorded when the salability of the merchandise has diminished. Salability can be impacted by consumer preferences and seasonality among other factors. We believe the risk of inventory obsolescence is largely mitigated because our ...

[Text Chunk 2]
chunk_id: T-TGT-REVENUE_INVENTORY-008
source_file: tgt-20250201.htm
construct_tag: revenue_inventory
ranking_score: 15
text: Note: Gross margin is calculated as Net Sales less Cost of Sales. All rates are calculated by dividing the applicable amount by Net Sales. Previously our gross margin rate was calculated based only on Merchandise Sales. The calculation change aligns with our 2024 transition to a single-line revenue presentation on our Consolidated Statements of Operations, with prior period amounts updated to conform to the current year presentation. We also updated prior period gross margin rates to conform to the current year calculations, which resulted in an approximate 1 percentage point increase in our gross margin rate for both 2023 and 2022.

[Text Chunk 3]
chunk_id: T-TGT-INVENTORY-020
source_file: tgt-20250201.htm
construct_tag: inventory
ranking_score: 11
text: Under RIM, inventory cost and the resulting gross margins are calculated by applying a cost-to-retail ratio to the inventory retail value. RIM is an averaging method that has been widely used in the retail industry due to its practicality. The use of RIM will result in inventory being valued at the lower of cost or market because permanent markdowns are taken as a reduction of the retail value of inventory.

XBRL RELATIONAL RETRIEVAL CONTEXT

Facts:
1. fact_id=F-TGT-0072 concept=InventoryLIFOReservePeriodCharge value=153000000 unit=iso4217:USD period=duration:2023-01-29/2024-02-03 dimensions=none
2. fact_id=F-TGT-0071 concept=InventoryLIFOReservePeriodCharge value=183000000 unit=iso4217:USD period=duration:2024-02-04/2025-02-01 dimensions=none
3. fact_id=F-TGT-0008 concept=InventoryNet value=11886000000 unit=iso4217:USD period=instant:2024-02-03 dimensions=none
4. fact_id=F-TGT-0007 concept=InventoryNet value=12740000000 unit=iso4217:USD period=instant:2025-02-01 dimensions=none
5. fact_id=F-TGT-0006 concept=CostOfGoodsAndServicesSold value=82306000000 unit=iso4217:USD period=duration:2022-01-30/2023-01-28 dimensions=none
6. fact_id=F-TGT-0096 concept=CostOfGoodsAndServicesSold value=74436000000 unit=iso4217:USD period=duration:2022-01-30/2023-01-28 dimensions=srt:ProductOrServiceAxis=tgt:MerchandisingMember; us-gaap:StatementBusinessSegmentsAxis=tgt:ReportableSegmentMember
7. fact_id=F-TGT-0099 concept=CostOfGoodsAndServicesSold value=7870000000 unit=iso4217:USD period=duration:2022-01-30/2023-01-28 dimensions=srt:ProductOrServiceAxis=tgt:SupplyChainAndDigitalFulfillmentCostsMember; us-gaap:StatementBusinessSegmentsAxis=tgt:ReportableSegmentMember
8. fact_id=F-TGT-0067 concept=CostOfGoodsAndServicesSoldDecreaseDueToReclassification value=77000000 unit=iso4217:USD period=duration:2022-01-30/2023-01-28 dimensions=none

Relation paths:
1. path_id=X-TGT-0034 relation_type=presentation source=us-gaap:InventoryDisclosureAbstract (Inventory Disclosure [Abstract]) -> target=us-gaap:InventoryLIFOReservePeriodCharge (Inventory, LIFO Reserve, Period Charge) arcrole=http://www.xbrl.org/2003/arcrole/parent-child role=http://corporate.target.com/role/InventoryNarrativeDetails
2. path_id=X-TGT-0078 relation_type=definition source=us-gaap:CostOfGoodsAndServicesSoldAbstract (Cost of Goods and Services Sold [Abstract]) -> target=us-gaap:CostOfGoodsAndServicesSold (Cost of Goods and Services Sold) arcrole=http://xbrl.org/int/dim/arcrole/domain-member role=http://corporate.target.com/role/SegmentReportingScheduleofBusinessSegmentResultsDetails
3. path_id=X-TGT-0046 relation_type=presentation source=us-gaap:CostOfGoodsAndServicesSoldAbstract (Cost of Goods and Services Sold [Abstract]) -> target=us-gaap:CostOfGoodsAndServicesSold (Cost of Goods and Services Sold) arcrole=http://www.xbrl.org/2003/arcrole/parent-child role=http://corporate.target.com/role/SegmentReportingScheduleofBusinessSegmentResultsDetails
4. path_id=X-TGT-0007 relation_type=presentation source=us-gaap:InventoryDisclosureAbstract (Inventory Disclosure [Abstract]) -> target=us-gaap:InventoryDisclosureTextBlock (Inventory Disclosure [Text Block]) arcrole=http://www.xbrl.org/2003/arcrole/parent-child role=http://corporate.target.com/role/Inventory
5. path_id=X-TGT-0033 relation_type=presentation source=tgt:CostOfSalesAndSellingGeneralAndAdministrativeExpensesAbstract (label unavailable) -> target=tgt:CostOfGoodsAndServicesSoldDecreaseDueToReclassification (label unavailable) arcrole=http://www.xbrl.org/2003/arcrole/parent-child role=http://corporate.target.com/role/CostofSalesandSellingGeneralandAdministrativeExpensesDetails
6. path_id=X-TGT-0032 relation_type=presentation source=tgt:CostOfSalesAndSellingGeneralAndAdministrativeExpensesAbstract (label unavailable) -> target=tgt:CostOfGoodsAndServicesSoldIncreaseDueToReclassification (label unavailable) arcrole=http://www.xbrl.org/2003/arcrole/parent-child role=http://corporate.target.com/role/CostofSalesandSellingGeneralandAdministrativeExpensesDetails","- Claim: Target Corporation values its inventory at the lower of LIFO cost or market and utilizes the retail inventory accounting method.
  - Claim type: Factual
  - Support used: Text Chunk 1
  - Limitation: This claim is limited to the accounting policies disclosed in the provided text for the fiscal year 2024.

- Claim: As of February 1, 2025, Target Corporation's net inventory was $12,740,000,000.
  - Claim type: Factual
  - Support used: F-TGT-0007
  - Limitation: This is a point-in-time measurement as of the specific period end date.

- Claim: The estimation of the inventory shrink reserve presents a valuation risk due to the high sensitivity of the reserve's impact on cost of sales.
  - Claim type: Risk-cue or assertion-mapping
  - Support used: Text Chunk 1
  - Inferential bridge: The text states that a 10 percent change in the 2024 year-end shrink reserve would impact cost of sales by approximately $150 million; such high sensitivity indicates that small errors in the shrink estimate can lead to material misstatements in inventory valuation and cost of sales.
  - Limitation: The provided context does not detail the specific internal controls or the frequency of the ""actual physical inventory counts"" used to adjust the shrink estimate.

- Claim: Inventory valuation is subject to risk regarding the timing and accuracy of markdown adjustments driven by external volatility.
  - Claim type: Risk-cue or assertion-mapping
  - Support used: Text Chunk 1
  - Inferential bridge: Because the company records market adjustments for markdowns based on ""salability,"" which is impacted by ""consumer preferences and seasonality,"" the valuation is dependent on management's subjective assessment of external market trends.
  - Limitation: The context does not provide the specific criteria or quantitative thresholds used to determine when salability has ""diminished"" enough to trigger a markdown.

- Claim: The use of the Retail Inventory Method (RIM) introduces a valuation risk centered on the accuracy of the cost-to-retail ratio.
  - Claim type: Risk-cue or assertion-mapping
  - Support used: Text Chunk 3
  - Inferential bridge: Since inventory cost is derived by applying a cost-to-retail ratio to the retail value, any inaccuracy in the calculation of this ratio would result in a systematic valuation error across the inventory balance.
  - Limitation: The provided context is insufficient regarding the specific data inputs or validation processes used to calculate the cost-to-retail ratio."
MAIN-C093,TGT,Target Corporation,main_deep_case,inventory,hybrid,The use of the Retail Inventory Method (RIM) introduces a valuation risk centered on the accuracy of the cost-to-retail ratio.,Text Chunk 3,,"TEXT RETRIEVAL CONTEXT

[Text Chunk 1]
chunk_id: T-TGT-REVENUE_INVENTORY-012
source_file: tgt-20250201.htm
construct_tag: revenue_inventory
ranking_score: 21
text: Inventory and cost of sales The vast majority of our inventory is accounted for under the retail inventory accounting method using the last-in first-out method LIFO . Our inventory is valued at the lower of LIFO cost or market. We reduce inventory for estimated losses related to shrink and markdowns. Our shrink estimate is based on historical losses and is adjusted to reflect results of actual physical inventory counts. We generally perform counts at each location annually with counts taking place throughout the year. A 10 percent increase or decrease in our 2024 year-end inventory shrink reserve would impact our cost of sales by approximately $150 million. Historically our actual physical inventory count results have shown our estimates to be reasonably accurate. Market adjustments for markdowns are recorded when the salability of the merchandise has diminished. Salability can be impacted by consumer preferences and seasonality among other factors. We believe the risk of inventory obsolescence is largely mitigated because our ...

[Text Chunk 2]
chunk_id: T-TGT-REVENUE_INVENTORY-008
source_file: tgt-20250201.htm
construct_tag: revenue_inventory
ranking_score: 15
text: Note: Gross margin is calculated as Net Sales less Cost of Sales. All rates are calculated by dividing the applicable amount by Net Sales. Previously our gross margin rate was calculated based only on Merchandise Sales. The calculation change aligns with our 2024 transition to a single-line revenue presentation on our Consolidated Statements of Operations, with prior period amounts updated to conform to the current year presentation. We also updated prior period gross margin rates to conform to the current year calculations, which resulted in an approximate 1 percentage point increase in our gross margin rate for both 2023 and 2022.

[Text Chunk 3]
chunk_id: T-TGT-INVENTORY-020
source_file: tgt-20250201.htm
construct_tag: inventory
ranking_score: 11
text: Under RIM, inventory cost and the resulting gross margins are calculated by applying a cost-to-retail ratio to the inventory retail value. RIM is an averaging method that has been widely used in the retail industry due to its practicality. The use of RIM will result in inventory being valued at the lower of cost or market because permanent markdowns are taken as a reduction of the retail value of inventory.

XBRL RELATIONAL RETRIEVAL CONTEXT

Facts:
1. fact_id=F-TGT-0072 concept=InventoryLIFOReservePeriodCharge value=153000000 unit=iso4217:USD period=duration:2023-01-29/2024-02-03 dimensions=none
2. fact_id=F-TGT-0071 concept=InventoryLIFOReservePeriodCharge value=183000000 unit=iso4217:USD period=duration:2024-02-04/2025-02-01 dimensions=none
3. fact_id=F-TGT-0008 concept=InventoryNet value=11886000000 unit=iso4217:USD period=instant:2024-02-03 dimensions=none
4. fact_id=F-TGT-0007 concept=InventoryNet value=12740000000 unit=iso4217:USD period=instant:2025-02-01 dimensions=none
5. fact_id=F-TGT-0006 concept=CostOfGoodsAndServicesSold value=82306000000 unit=iso4217:USD period=duration:2022-01-30/2023-01-28 dimensions=none
6. fact_id=F-TGT-0096 concept=CostOfGoodsAndServicesSold value=74436000000 unit=iso4217:USD period=duration:2022-01-30/2023-01-28 dimensions=srt:ProductOrServiceAxis=tgt:MerchandisingMember; us-gaap:StatementBusinessSegmentsAxis=tgt:ReportableSegmentMember
7. fact_id=F-TGT-0099 concept=CostOfGoodsAndServicesSold value=7870000000 unit=iso4217:USD period=duration:2022-01-30/2023-01-28 dimensions=srt:ProductOrServiceAxis=tgt:SupplyChainAndDigitalFulfillmentCostsMember; us-gaap:StatementBusinessSegmentsAxis=tgt:ReportableSegmentMember
8. fact_id=F-TGT-0067 concept=CostOfGoodsAndServicesSoldDecreaseDueToReclassification value=77000000 unit=iso4217:USD period=duration:2022-01-30/2023-01-28 dimensions=none

Relation paths:
1. path_id=X-TGT-0034 relation_type=presentation source=us-gaap:InventoryDisclosureAbstract (Inventory Disclosure [Abstract]) -> target=us-gaap:InventoryLIFOReservePeriodCharge (Inventory, LIFO Reserve, Period Charge) arcrole=http://www.xbrl.org/2003/arcrole/parent-child role=http://corporate.target.com/role/InventoryNarrativeDetails
2. path_id=X-TGT-0078 relation_type=definition source=us-gaap:CostOfGoodsAndServicesSoldAbstract (Cost of Goods and Services Sold [Abstract]) -> target=us-gaap:CostOfGoodsAndServicesSold (Cost of Goods and Services Sold) arcrole=http://xbrl.org/int/dim/arcrole/domain-member role=http://corporate.target.com/role/SegmentReportingScheduleofBusinessSegmentResultsDetails
3. path_id=X-TGT-0046 relation_type=presentation source=us-gaap:CostOfGoodsAndServicesSoldAbstract (Cost of Goods and Services Sold [Abstract]) -> target=us-gaap:CostOfGoodsAndServicesSold (Cost of Goods and Services Sold) arcrole=http://www.xbrl.org/2003/arcrole/parent-child role=http://corporate.target.com/role/SegmentReportingScheduleofBusinessSegmentResultsDetails
4. path_id=X-TGT-0007 relation_type=presentation source=us-gaap:InventoryDisclosureAbstract (Inventory Disclosure [Abstract]) -> target=us-gaap:InventoryDisclosureTextBlock (Inventory Disclosure [Text Block]) arcrole=http://www.xbrl.org/2003/arcrole/parent-child role=http://corporate.target.com/role/Inventory
5. path_id=X-TGT-0033 relation_type=presentation source=tgt:CostOfSalesAndSellingGeneralAndAdministrativeExpensesAbstract (label unavailable) -> target=tgt:CostOfGoodsAndServicesSoldDecreaseDueToReclassification (label unavailable) arcrole=http://www.xbrl.org/2003/arcrole/parent-child role=http://corporate.target.com/role/CostofSalesandSellingGeneralandAdministrativeExpensesDetails
6. path_id=X-TGT-0032 relation_type=presentation source=tgt:CostOfSalesAndSellingGeneralAndAdministrativeExpensesAbstract (label unavailable) -> target=tgt:CostOfGoodsAndServicesSoldIncreaseDueToReclassification (label unavailable) arcrole=http://www.xbrl.org/2003/arcrole/parent-child role=http://corporate.target.com/role/CostofSalesandSellingGeneralandAdministrativeExpensesDetails","- Claim: Target Corporation values its inventory at the lower of LIFO cost or market and utilizes the retail inventory accounting method.
  - Claim type: Factual
  - Support used: Text Chunk 1
  - Limitation: This claim is limited to the accounting policies disclosed in the provided text for the fiscal year 2024.

- Claim: As of February 1, 2025, Target Corporation's net inventory was $12,740,000,000.
  - Claim type: Factual
  - Support used: F-TGT-0007
  - Limitation: This is a point-in-time measurement as of the specific period end date.

- Claim: The estimation of the inventory shrink reserve presents a valuation risk due to the high sensitivity of the reserve's impact on cost of sales.
  - Claim type: Risk-cue or assertion-mapping
  - Support used: Text Chunk 1
  - Inferential bridge: The text states that a 10 percent change in the 2024 year-end shrink reserve would impact cost of sales by approximately $150 million; such high sensitivity indicates that small errors in the shrink estimate can lead to material misstatements in inventory valuation and cost of sales.
  - Limitation: The provided context does not detail the specific internal controls or the frequency of the ""actual physical inventory counts"" used to adjust the shrink estimate.

- Claim: Inventory valuation is subject to risk regarding the timing and accuracy of markdown adjustments driven by external volatility.
  - Claim type: Risk-cue or assertion-mapping
  - Support used: Text Chunk 1
  - Inferential bridge: Because the company records market adjustments for markdowns based on ""salability,"" which is impacted by ""consumer preferences and seasonality,"" the valuation is dependent on management's subjective assessment of external market trends.
  - Limitation: The context does not provide the specific criteria or quantitative thresholds used to determine when salability has ""diminished"" enough to trigger a markdown.

- Claim: The use of the Retail Inventory Method (RIM) introduces a valuation risk centered on the accuracy of the cost-to-retail ratio.
  - Claim type: Risk-cue or assertion-mapping
  - Support used: Text Chunk 3
  - Inferential bridge: Since inventory cost is derived by applying a cost-to-retail ratio to the retail value, any inaccuracy in the calculation of this ratio would result in a systematic valuation error across the inventory balance.
  - Limitation: The provided context is insufficient regarding the specific data inputs or validation processes used to calculate the cost-to-retail ratio."
EXT-C010,WMT,Walmart Inc.,bounded_extension,revenue,hybrid,The recognition of gift card breakage income involves management estimation risk.,Text Chunk 1,,"TEXT RETRIEVAL CONTEXT

[Text Chunk 1]
chunk_id: T-WMT-REVENUE-060
source_file: wmt-20260131.htm
construct_tag: revenue
ranking_score: 30
text: Customer purchases of gift cards are not recognized as sales until the card is redeemed and the customer purchases merchandise using the gift card, thus a liability for deferred gift card revenue is recorded within accrued liabilities in the Consolidated Balance Sheets. Refer to Note 4 . Gift cards in the U.S. and some countries do not carry an expiration date; therefore, customers and members can redeem their gift cards for merchandise and services indefinitely. Gift cards in some countries where the Company does business have expiration dates. While gift cards are generally redeemed within 12 months, a certain number of gift cards, both with and without expiration dates, will not be fully redeemed. Management estimates unredeemed balances and recognizes gift card breakage income for these amounts in membership and other income in the Company's Consolidated Statements of Income over the expected redemption period.

[Text Chunk 2]
chunk_id: T-WMT-REVENUE-033
source_file: wmt-20260131.htm
construct_tag: revenue
ranking_score: 14
text: Comparable sales is a metric that indicates the performance of our existing stores and clubs by measuring the change in sales for such stores and clubs, including eCommerce sales, for a particular period over the corresponding period in the previous year. Walmart's definition of comparable sales includes sales from stores and clubs open for the previous 12 months, including remodels, relocations, expansions and conversions, as well as eCommerce sales. We measure the eCommerce sales impact by including all sales initiated digitally, including omnichannel transactions which are fulfilled through our stores and clubs as well as certain other business offerings that are part of our ecosystem, such as our advertising net sales. Comparable sales are also referred to as ""same-store"" sales by others within the retail industry. The method of calculating comparable sales varies across the retail industry. As a result, our calculation of comparable sales is not necessarily comparable to similarly titled measures reported by other companies.

[Text Chunk 3]
chunk_id: T-WMT-REVENUE-052
source_file: wmt-20260131.htm
construct_tag: revenue
ranking_score: 11
text: Net sales for the Sam s Club U.S. segment increased $2.8 billion or 3.1% and $4.1 billion or 4.7% for fiscal 2026 and 2025 respectively when compared to the previous fiscal year. The increases in net sales were primarily due to increases in comparable sales including fuel of 2.9% and 4.7% for fiscal 2026 and 2025 respectively. Comparable sales in fiscal 2026 were driven by growth in unit volumes and transactions reflecting strong sales in grocery health and wellness and general merchandise. Comparable sales in fiscal 2025 were driven by growth in transactions and unit volumes with strong sales in grocery and health and wellness. Additionally fiscal 2026 and 2025 growth was partially offset by lower fuel sales negatively impacting comparable sales by 1.9% and 1.5% respectively primarily due to lower fuel prices. Sam s Club U.S. eCommerce sales positively contributed approximately 3.3% and 2.3% to comparable sales for fiscal 2026 and 2025 respectively which reflects continued strength in member ...

XBRL RELATIONAL RETRIEVAL CONTEXT

Facts:
1. fact_id=F-WMT-0074 concept=CostOfRevenueSellingGeneralAndAdministrativeExpensesForFuelSales value=10600000000 unit=iso4217:USD period=duration:2023-02-01/2024-01-31 dimensions=us-gaap:StatementBusinessSegmentsAxis=wmt:SamsClubUSMember
2. fact_id=F-WMT-0073 concept=CostOfRevenueSellingGeneralAndAdministrativeExpensesForFuelSales value=9900000000 unit=iso4217:USD period=duration:2024-02-01/2025-01-31 dimensions=us-gaap:StatementBusinessSegmentsAxis=wmt:SamsClubUSMember
3. fact_id=F-WMT-0072 concept=CostOfRevenueSellingGeneralAndAdministrativeExpensesForFuelSales value=8700000000 unit=iso4217:USD period=duration:2025-02-01/2026-01-31 dimensions=us-gaap:StatementBusinessSegmentsAxis=wmt:SamsClubUSMember
4. fact_id=F-WMT-0003 concept=RevenueFromContractWithCustomerExcludingAssessedTax value=642637000000 unit=iso4217:USD period=duration:2023-02-01/2024-01-31 dimensions=none
5. fact_id=F-WMT-0038 concept=RevenueFromContractWithCustomerExcludingAssessedTax value=441817000000 unit=iso4217:USD period=duration:2023-02-01/2024-01-31 dimensions=srt:ConsolidationItemsAxis=us-gaap:OperatingSegmentsMember; us-gaap:StatementBusinessSegmentsAxis=wmt:WalmartUSMember
6. fact_id=F-WMT-0047 concept=RevenueFromContractWithCustomerExcludingAssessedTax value=114641000000 unit=iso4217:USD period=duration:2023-02-01/2024-01-31 dimensions=srt:ConsolidationItemsAxis=us-gaap:OperatingSegmentsMember; us-gaap:StatementBusinessSegmentsAxis=wmt:WalmartInternationalMember
7. fact_id=F-WMT-0006 concept=Revenues value=648125000000 unit=iso4217:USD period=duration:2023-02-01/2024-01-31 dimensions=none
8. fact_id=F-WMT-0041 concept=Revenues value=443802000000 unit=iso4217:USD period=duration:2023-02-01/2024-01-31 dimensions=srt:ConsolidationItemsAxis=us-gaap:OperatingSegmentsMember; us-gaap:StatementBusinessSegmentsAxis=wmt:WalmartUSMember

Relation paths:
1. path_id=X-WMT-0093 relation_type=definition source=us-gaap:EntityWideInformationRevenueFromExternalCustomerLineItems (Revenue from External Customer [Line Items]) -> target=us-gaap:RevenueFromContractWithCustomerExcludingAssessedTax (Revenue from Contract with Customer, Excluding Assessed Tax) arcrole=http://xbrl.org/int/dim/arcrole/domain-member role=http://www.walmart.com/role/SegmentsandDisaggregatedRevenueRevenuefromContractwithCustomerExcludingAssessedTaxWalmartUSDetails
2. path_id=X-WMT-0101 relation_type=definition source=us-gaap:EntityWideInformationRevenueFromExternalCustomerLineItems (Revenue from External Customer [Line Items]) -> target=us-gaap:RevenueFromContractWithCustomerExcludingAssessedTax (Revenue from Contract with Customer, Excluding Assessed Tax) arcrole=http://xbrl.org/int/dim/arcrole/domain-member role=http://www.walmart.com/role/SegmentsandDisaggregatedRevenueRevenuefromContractwithCustomerExcludingAssessedTaxInternationalDetails
3. path_id=X-WMT-0109 relation_type=definition source=us-gaap:EntityWideInformationRevenueFromExternalCustomerLineItems (Revenue from External Customer [Line Items]) -> target=us-gaap:RevenueFromContractWithCustomerExcludingAssessedTax (Revenue from Contract with Customer, Excluding Assessed Tax) arcrole=http://xbrl.org/int/dim/arcrole/domain-member role=http://www.walmart.com/role/SegmentsandDisaggregatedRevenueRevenuefromContractwithCustomerExcludingAssessedTaxSamsClubDetails
4. path_id=X-WMT-0043 relation_type=presentation source=us-gaap:EntityWideInformationRevenueFromExternalCustomerLineItems (Revenue from External Customer [Line Items]) -> target=us-gaap:RevenueFromContractWithCustomerExcludingAssessedTax (Revenue from Contract with Customer, Excluding Assessed Tax) arcrole=http://www.xbrl.org/2003/arcrole/parent-child role=http://www.walmart.com/role/SegmentsandDisaggregatedRevenueRevenuefromContractwithCustomerExcludingAssessedTaxWalmartUSDetails
5. path_id=X-WMT-0051 relation_type=presentation source=us-gaap:EntityWideInformationRevenueFromExternalCustomerLineItems (Revenue from External Customer [Line Items]) -> target=us-gaap:RevenueFromContractWithCustomerExcludingAssessedTax (Revenue from Contract with Customer, Excluding Assessed Tax) arcrole=http://www.xbrl.org/2003/arcrole/parent-child role=http://www.walmart.com/role/SegmentsandDisaggregatedRevenueRevenuefromContractwithCustomerExcludingAssessedTaxInternationalDetails
6. path_id=X-WMT-0059 relation_type=presentation source=us-gaap:EntityWideInformationRevenueFromExternalCustomerLineItems (Revenue from External Customer [Line Items]) -> target=us-gaap:RevenueFromContractWithCustomerExcludingAssessedTax (Revenue from Contract with Customer, Excluding Assessed Tax) arcrole=http://www.xbrl.org/2003/arcrole/parent-child role=http://www.walmart.com/role/SegmentsandDisaggregatedRevenueRevenuefromContractwithCustomerExcludingAssessedTaxSamsClubDetails","- Claim: The recognition of gift card breakage income involves management estimation risk.
  - Claim type: Risk-cue/assertion-mapping
  - Support used: Text Chunk 1 (""Management estimates unredeemed balances and recognizes gift card breakage income for these amounts... over the expected redemption period."")
  - Inferential bridge: The reliance on management's estimation of unredeemed balances and the determination of the ""expected redemption period"" introduces a risk of estimation error or bias, impacting the Accuracy and Valuation assertions for both the breakage income and the deferred revenue liability.
  - Limitation: The provided context does not disclose the specific historical data or actuarial methodology used to determine the expected redemption period.

- Claim: The deferral of revenue for gift card purchases until redemption presents a cut-off risk.
  - Claim type: Risk-cue/assertion-mapping
  - Support used: Text Chunk 1 (""Customer purchases of gift cards are not recognized as sales until the card is redeemed... thus a liability for deferred gift card revenue is recorded within accrued liabilities"")
  - Inferential bridge: Because revenue recognition is contingent upon the event of redemption rather than the point of sale, there is a risk that revenue could be recognized prematurely or that the liability is not properly updated, impacting the Cut-off assertion.
  - Limitation: The context lacks detail regarding the system controls that trigger the transition from a liability to revenue upon the redemption of a gift card.

- Claim: The calculation of ""comparable sales"" involves complex inclusions (e.g., omnichannel and advertising net sales) that may impact the Accuracy assertion.
  - Claim type: Risk-cue/assertion-mapping
  - Support used: Text Chunk 2 (""We measure the eCommerce sales impact by including all sales initiated digitally, including omnichannel transactions... as well as certain other business offerings... such as our advertising net sales."")
  - Inferential bridge: The inclusion of diverse and potentially overlapping revenue streams (such as advertising and omnichannel transactions) into a single performance metric increases the risk of inconsistent application of the metric's definition or classification errors.
  - Limitation: The context does not provide the specific operational criteria used to distinguish ""omnichannel transactions"" from standard eCommerce or in-store sales.

- Claim: Net sales for the Sam's Club U.S. segment increased by $2.8 billion (3.1%) for fiscal 2026.
  - Claim type: Factual
  - Support used: Text Chunk 3
  - Limitation: This is a summary aggregate figure for the full fiscal year 2026 and is not provided with a monthly or quarterly breakdown.

- Claim: Lower fuel prices negatively impacted comparable sales by 1.9% in fiscal 2026.
  - Claim type: Factual
  - Support used: Text Chunk 3
  - Limitation: This claim represents management's attribution of the cause of the decrease in sales rather than a raw measurement of fuel price volatility."
EXT-C011,WMT,Walmart Inc.,bounded_extension,revenue,hybrid,The deferral of revenue for gift card purchases until redemption presents a cut-off risk.,Text Chunk 1,,"TEXT RETRIEVAL CONTEXT

[Text Chunk 1]
chunk_id: T-WMT-REVENUE-060
source_file: wmt-20260131.htm
construct_tag: revenue
ranking_score: 30
text: Customer purchases of gift cards are not recognized as sales until the card is redeemed and the customer purchases merchandise using the gift card, thus a liability for deferred gift card revenue is recorded within accrued liabilities in the Consolidated Balance Sheets. Refer to Note 4 . Gift cards in the U.S. and some countries do not carry an expiration date; therefore, customers and members can redeem their gift cards for merchandise and services indefinitely. Gift cards in some countries where the Company does business have expiration dates. While gift cards are generally redeemed within 12 months, a certain number of gift cards, both with and without expiration dates, will not be fully redeemed. Management estimates unredeemed balances and recognizes gift card breakage income for these amounts in membership and other income in the Company's Consolidated Statements of Income over the expected redemption period.

[Text Chunk 2]
chunk_id: T-WMT-REVENUE-033
source_file: wmt-20260131.htm
construct_tag: revenue
ranking_score: 14
text: Comparable sales is a metric that indicates the performance of our existing stores and clubs by measuring the change in sales for such stores and clubs, including eCommerce sales, for a particular period over the corresponding period in the previous year. Walmart's definition of comparable sales includes sales from stores and clubs open for the previous 12 months, including remodels, relocations, expansions and conversions, as well as eCommerce sales. We measure the eCommerce sales impact by including all sales initiated digitally, including omnichannel transactions which are fulfilled through our stores and clubs as well as certain other business offerings that are part of our ecosystem, such as our advertising net sales. Comparable sales are also referred to as ""same-store"" sales by others within the retail industry. The method of calculating comparable sales varies across the retail industry. As a result, our calculation of comparable sales is not necessarily comparable to similarly titled measures reported by other companies.

[Text Chunk 3]
chunk_id: T-WMT-REVENUE-052
source_file: wmt-20260131.htm
construct_tag: revenue
ranking_score: 11
text: Net sales for the Sam s Club U.S. segment increased $2.8 billion or 3.1% and $4.1 billion or 4.7% for fiscal 2026 and 2025 respectively when compared to the previous fiscal year. The increases in net sales were primarily due to increases in comparable sales including fuel of 2.9% and 4.7% for fiscal 2026 and 2025 respectively. Comparable sales in fiscal 2026 were driven by growth in unit volumes and transactions reflecting strong sales in grocery health and wellness and general merchandise. Comparable sales in fiscal 2025 were driven by growth in transactions and unit volumes with strong sales in grocery and health and wellness. Additionally fiscal 2026 and 2025 growth was partially offset by lower fuel sales negatively impacting comparable sales by 1.9% and 1.5% respectively primarily due to lower fuel prices. Sam s Club U.S. eCommerce sales positively contributed approximately 3.3% and 2.3% to comparable sales for fiscal 2026 and 2025 respectively which reflects continued strength in member ...

XBRL RELATIONAL RETRIEVAL CONTEXT

Facts:
1. fact_id=F-WMT-0074 concept=CostOfRevenueSellingGeneralAndAdministrativeExpensesForFuelSales value=10600000000 unit=iso4217:USD period=duration:2023-02-01/2024-01-31 dimensions=us-gaap:StatementBusinessSegmentsAxis=wmt:SamsClubUSMember
2. fact_id=F-WMT-0073 concept=CostOfRevenueSellingGeneralAndAdministrativeExpensesForFuelSales value=9900000000 unit=iso4217:USD period=duration:2024-02-01/2025-01-31 dimensions=us-gaap:StatementBusinessSegmentsAxis=wmt:SamsClubUSMember
3. fact_id=F-WMT-0072 concept=CostOfRevenueSellingGeneralAndAdministrativeExpensesForFuelSales value=8700000000 unit=iso4217:USD period=duration:2025-02-01/2026-01-31 dimensions=us-gaap:StatementBusinessSegmentsAxis=wmt:SamsClubUSMember
4. fact_id=F-WMT-0003 concept=RevenueFromContractWithCustomerExcludingAssessedTax value=642637000000 unit=iso4217:USD period=duration:2023-02-01/2024-01-31 dimensions=none
5. fact_id=F-WMT-0038 concept=RevenueFromContractWithCustomerExcludingAssessedTax value=441817000000 unit=iso4217:USD period=duration:2023-02-01/2024-01-31 dimensions=srt:ConsolidationItemsAxis=us-gaap:OperatingSegmentsMember; us-gaap:StatementBusinessSegmentsAxis=wmt:WalmartUSMember
6. fact_id=F-WMT-0047 concept=RevenueFromContractWithCustomerExcludingAssessedTax value=114641000000 unit=iso4217:USD period=duration:2023-02-01/2024-01-31 dimensions=srt:ConsolidationItemsAxis=us-gaap:OperatingSegmentsMember; us-gaap:StatementBusinessSegmentsAxis=wmt:WalmartInternationalMember
7. fact_id=F-WMT-0006 concept=Revenues value=648125000000 unit=iso4217:USD period=duration:2023-02-01/2024-01-31 dimensions=none
8. fact_id=F-WMT-0041 concept=Revenues value=443802000000 unit=iso4217:USD period=duration:2023-02-01/2024-01-31 dimensions=srt:ConsolidationItemsAxis=us-gaap:OperatingSegmentsMember; us-gaap:StatementBusinessSegmentsAxis=wmt:WalmartUSMember

Relation paths:
1. path_id=X-WMT-0093 relation_type=definition source=us-gaap:EntityWideInformationRevenueFromExternalCustomerLineItems (Revenue from External Customer [Line Items]) -> target=us-gaap:RevenueFromContractWithCustomerExcludingAssessedTax (Revenue from Contract with Customer, Excluding Assessed Tax) arcrole=http://xbrl.org/int/dim/arcrole/domain-member role=http://www.walmart.com/role/SegmentsandDisaggregatedRevenueRevenuefromContractwithCustomerExcludingAssessedTaxWalmartUSDetails
2. path_id=X-WMT-0101 relation_type=definition source=us-gaap:EntityWideInformationRevenueFromExternalCustomerLineItems (Revenue from External Customer [Line Items]) -> target=us-gaap:RevenueFromContractWithCustomerExcludingAssessedTax (Revenue from Contract with Customer, Excluding Assessed Tax) arcrole=http://xbrl.org/int/dim/arcrole/domain-member role=http://www.walmart.com/role/SegmentsandDisaggregatedRevenueRevenuefromContractwithCustomerExcludingAssessedTaxInternationalDetails
3. path_id=X-WMT-0109 relation_type=definition source=us-gaap:EntityWideInformationRevenueFromExternalCustomerLineItems (Revenue from External Customer [Line Items]) -> target=us-gaap:RevenueFromContractWithCustomerExcludingAssessedTax (Revenue from Contract with Customer, Excluding Assessed Tax) arcrole=http://xbrl.org/int/dim/arcrole/domain-member role=http://www.walmart.com/role/SegmentsandDisaggregatedRevenueRevenuefromContractwithCustomerExcludingAssessedTaxSamsClubDetails
4. path_id=X-WMT-0043 relation_type=presentation source=us-gaap:EntityWideInformationRevenueFromExternalCustomerLineItems (Revenue from External Customer [Line Items]) -> target=us-gaap:RevenueFromContractWithCustomerExcludingAssessedTax (Revenue from Contract with Customer, Excluding Assessed Tax) arcrole=http://www.xbrl.org/2003/arcrole/parent-child role=http://www.walmart.com/role/SegmentsandDisaggregatedRevenueRevenuefromContractwithCustomerExcludingAssessedTaxWalmartUSDetails
5. path_id=X-WMT-0051 relation_type=presentation source=us-gaap:EntityWideInformationRevenueFromExternalCustomerLineItems (Revenue from External Customer [Line Items]) -> target=us-gaap:RevenueFromContractWithCustomerExcludingAssessedTax (Revenue from Contract with Customer, Excluding Assessed Tax) arcrole=http://www.xbrl.org/2003/arcrole/parent-child role=http://www.walmart.com/role/SegmentsandDisaggregatedRevenueRevenuefromContractwithCustomerExcludingAssessedTaxInternationalDetails
6. path_id=X-WMT-0059 relation_type=presentation source=us-gaap:EntityWideInformationRevenueFromExternalCustomerLineItems (Revenue from External Customer [Line Items]) -> target=us-gaap:RevenueFromContractWithCustomerExcludingAssessedTax (Revenue from Contract with Customer, Excluding Assessed Tax) arcrole=http://www.xbrl.org/2003/arcrole/parent-child role=http://www.walmart.com/role/SegmentsandDisaggregatedRevenueRevenuefromContractwithCustomerExcludingAssessedTaxSamsClubDetails","- Claim: The recognition of gift card breakage income involves management estimation risk.
  - Claim type: Risk-cue/assertion-mapping
  - Support used: Text Chunk 1 (""Management estimates unredeemed balances and recognizes gift card breakage income for these amounts... over the expected redemption period."")
  - Inferential bridge: The reliance on management's estimation of unredeemed balances and the determination of the ""expected redemption period"" introduces a risk of estimation error or bias, impacting the Accuracy and Valuation assertions for both the breakage income and the deferred revenue liability.
  - Limitation: The provided context does not disclose the specific historical data or actuarial methodology used to determine the expected redemption period.

- Claim: The deferral of revenue for gift card purchases until redemption presents a cut-off risk.
  - Claim type: Risk-cue/assertion-mapping
  - Support used: Text Chunk 1 (""Customer purchases of gift cards are not recognized as sales until the card is redeemed... thus a liability for deferred gift card revenue is recorded within accrued liabilities"")
  - Inferential bridge: Because revenue recognition is contingent upon the event of redemption rather than the point of sale, there is a risk that revenue could be recognized prematurely or that the liability is not properly updated, impacting the Cut-off assertion.
  - Limitation: The context lacks detail regarding the system controls that trigger the transition from a liability to revenue upon the redemption of a gift card.

- Claim: The calculation of ""comparable sales"" involves complex inclusions (e.g., omnichannel and advertising net sales) that may impact the Accuracy assertion.
  - Claim type: Risk-cue/assertion-mapping
  - Support used: Text Chunk 2 (""We measure the eCommerce sales impact by including all sales initiated digitally, including omnichannel transactions... as well as certain other business offerings... such as our advertising net sales."")
  - Inferential bridge: The inclusion of diverse and potentially overlapping revenue streams (such as advertising and omnichannel transactions) into a single performance metric increases the risk of inconsistent application of the metric's definition or classification errors.
  - Limitation: The context does not provide the specific operational criteria used to distinguish ""omnichannel transactions"" from standard eCommerce or in-store sales.

- Claim: Net sales for the Sam's Club U.S. segment increased by $2.8 billion (3.1%) for fiscal 2026.
  - Claim type: Factual
  - Support used: Text Chunk 3
  - Limitation: This is a summary aggregate figure for the full fiscal year 2026 and is not provided with a monthly or quarterly breakdown.

- Claim: Lower fuel prices negatively impacted comparable sales by 1.9% in fiscal 2026.
  - Claim type: Factual
  - Support used: Text Chunk 3
  - Limitation: This claim represents management's attribution of the cause of the decrease in sales rather than a raw measurement of fuel price volatility."
EXT-C012,WMT,Walmart Inc.,bounded_extension,revenue,hybrid,"The calculation of ""comparable sales"" involves complex inclusions (e.g., omnichannel and advertising net sales) that may impact the Accuracy assertion.",Text Chunk 2,,"TEXT RETRIEVAL CONTEXT

[Text Chunk 1]
chunk_id: T-WMT-REVENUE-060
source_file: wmt-20260131.htm
construct_tag: revenue
ranking_score: 30
text: Customer purchases of gift cards are not recognized as sales until the card is redeemed and the customer purchases merchandise using the gift card, thus a liability for deferred gift card revenue is recorded within accrued liabilities in the Consolidated Balance Sheets. Refer to Note 4 . Gift cards in the U.S. and some countries do not carry an expiration date; therefore, customers and members can redeem their gift cards for merchandise and services indefinitely. Gift cards in some countries where the Company does business have expiration dates. While gift cards are generally redeemed within 12 months, a certain number of gift cards, both with and without expiration dates, will not be fully redeemed. Management estimates unredeemed balances and recognizes gift card breakage income for these amounts in membership and other income in the Company's Consolidated Statements of Income over the expected redemption period.

[Text Chunk 2]
chunk_id: T-WMT-REVENUE-033
source_file: wmt-20260131.htm
construct_tag: revenue
ranking_score: 14
text: Comparable sales is a metric that indicates the performance of our existing stores and clubs by measuring the change in sales for such stores and clubs, including eCommerce sales, for a particular period over the corresponding period in the previous year. Walmart's definition of comparable sales includes sales from stores and clubs open for the previous 12 months, including remodels, relocations, expansions and conversions, as well as eCommerce sales. We measure the eCommerce sales impact by including all sales initiated digitally, including omnichannel transactions which are fulfilled through our stores and clubs as well as certain other business offerings that are part of our ecosystem, such as our advertising net sales. Comparable sales are also referred to as ""same-store"" sales by others within the retail industry. The method of calculating comparable sales varies across the retail industry. As a result, our calculation of comparable sales is not necessarily comparable to similarly titled measures reported by other companies.

[Text Chunk 3]
chunk_id: T-WMT-REVENUE-052
source_file: wmt-20260131.htm
construct_tag: revenue
ranking_score: 11
text: Net sales for the Sam s Club U.S. segment increased $2.8 billion or 3.1% and $4.1 billion or 4.7% for fiscal 2026 and 2025 respectively when compared to the previous fiscal year. The increases in net sales were primarily due to increases in comparable sales including fuel of 2.9% and 4.7% for fiscal 2026 and 2025 respectively. Comparable sales in fiscal 2026 were driven by growth in unit volumes and transactions reflecting strong sales in grocery health and wellness and general merchandise. Comparable sales in fiscal 2025 were driven by growth in transactions and unit volumes with strong sales in grocery and health and wellness. Additionally fiscal 2026 and 2025 growth was partially offset by lower fuel sales negatively impacting comparable sales by 1.9% and 1.5% respectively primarily due to lower fuel prices. Sam s Club U.S. eCommerce sales positively contributed approximately 3.3% and 2.3% to comparable sales for fiscal 2026 and 2025 respectively which reflects continued strength in member ...

XBRL RELATIONAL RETRIEVAL CONTEXT

Facts:
1. fact_id=F-WMT-0074 concept=CostOfRevenueSellingGeneralAndAdministrativeExpensesForFuelSales value=10600000000 unit=iso4217:USD period=duration:2023-02-01/2024-01-31 dimensions=us-gaap:StatementBusinessSegmentsAxis=wmt:SamsClubUSMember
2. fact_id=F-WMT-0073 concept=CostOfRevenueSellingGeneralAndAdministrativeExpensesForFuelSales value=9900000000 unit=iso4217:USD period=duration:2024-02-01/2025-01-31 dimensions=us-gaap:StatementBusinessSegmentsAxis=wmt:SamsClubUSMember
3. fact_id=F-WMT-0072 concept=CostOfRevenueSellingGeneralAndAdministrativeExpensesForFuelSales value=8700000000 unit=iso4217:USD period=duration:2025-02-01/2026-01-31 dimensions=us-gaap:StatementBusinessSegmentsAxis=wmt:SamsClubUSMember
4. fact_id=F-WMT-0003 concept=RevenueFromContractWithCustomerExcludingAssessedTax value=642637000000 unit=iso4217:USD period=duration:2023-02-01/2024-01-31 dimensions=none
5. fact_id=F-WMT-0038 concept=RevenueFromContractWithCustomerExcludingAssessedTax value=441817000000 unit=iso4217:USD period=duration:2023-02-01/2024-01-31 dimensions=srt:ConsolidationItemsAxis=us-gaap:OperatingSegmentsMember; us-gaap:StatementBusinessSegmentsAxis=wmt:WalmartUSMember
6. fact_id=F-WMT-0047 concept=RevenueFromContractWithCustomerExcludingAssessedTax value=114641000000 unit=iso4217:USD period=duration:2023-02-01/2024-01-31 dimensions=srt:ConsolidationItemsAxis=us-gaap:OperatingSegmentsMember; us-gaap:StatementBusinessSegmentsAxis=wmt:WalmartInternationalMember
7. fact_id=F-WMT-0006 concept=Revenues value=648125000000 unit=iso4217:USD period=duration:2023-02-01/2024-01-31 dimensions=none
8. fact_id=F-WMT-0041 concept=Revenues value=443802000000 unit=iso4217:USD period=duration:2023-02-01/2024-01-31 dimensions=srt:ConsolidationItemsAxis=us-gaap:OperatingSegmentsMember; us-gaap:StatementBusinessSegmentsAxis=wmt:WalmartUSMember

Relation paths:
1. path_id=X-WMT-0093 relation_type=definition source=us-gaap:EntityWideInformationRevenueFromExternalCustomerLineItems (Revenue from External Customer [Line Items]) -> target=us-gaap:RevenueFromContractWithCustomerExcludingAssessedTax (Revenue from Contract with Customer, Excluding Assessed Tax) arcrole=http://xbrl.org/int/dim/arcrole/domain-member role=http://www.walmart.com/role/SegmentsandDisaggregatedRevenueRevenuefromContractwithCustomerExcludingAssessedTaxWalmartUSDetails
2. path_id=X-WMT-0101 relation_type=definition source=us-gaap:EntityWideInformationRevenueFromExternalCustomerLineItems (Revenue from External Customer [Line Items]) -> target=us-gaap:RevenueFromContractWithCustomerExcludingAssessedTax (Revenue from Contract with Customer, Excluding Assessed Tax) arcrole=http://xbrl.org/int/dim/arcrole/domain-member role=http://www.walmart.com/role/SegmentsandDisaggregatedRevenueRevenuefromContractwithCustomerExcludingAssessedTaxInternationalDetails
3. path_id=X-WMT-0109 relation_type=definition source=us-gaap:EntityWideInformationRevenueFromExternalCustomerLineItems (Revenue from External Customer [Line Items]) -> target=us-gaap:RevenueFromContractWithCustomerExcludingAssessedTax (Revenue from Contract with Customer, Excluding Assessed Tax) arcrole=http://xbrl.org/int/dim/arcrole/domain-member role=http://www.walmart.com/role/SegmentsandDisaggregatedRevenueRevenuefromContractwithCustomerExcludingAssessedTaxSamsClubDetails
4. path_id=X-WMT-0043 relation_type=presentation source=us-gaap:EntityWideInformationRevenueFromExternalCustomerLineItems (Revenue from External Customer [Line Items]) -> target=us-gaap:RevenueFromContractWithCustomerExcludingAssessedTax (Revenue from Contract with Customer, Excluding Assessed Tax) arcrole=http://www.xbrl.org/2003/arcrole/parent-child role=http://www.walmart.com/role/SegmentsandDisaggregatedRevenueRevenuefromContractwithCustomerExcludingAssessedTaxWalmartUSDetails
5. path_id=X-WMT-0051 relation_type=presentation source=us-gaap:EntityWideInformationRevenueFromExternalCustomerLineItems (Revenue from External Customer [Line Items]) -> target=us-gaap:RevenueFromContractWithCustomerExcludingAssessedTax (Revenue from Contract with Customer, Excluding Assessed Tax) arcrole=http://www.xbrl.org/2003/arcrole/parent-child role=http://www.walmart.com/role/SegmentsandDisaggregatedRevenueRevenuefromContractwithCustomerExcludingAssessedTaxInternationalDetails
6. path_id=X-WMT-0059 relation_type=presentation source=us-gaap:EntityWideInformationRevenueFromExternalCustomerLineItems (Revenue from External Customer [Line Items]) -> target=us-gaap:RevenueFromContractWithCustomerExcludingAssessedTax (Revenue from Contract with Customer, Excluding Assessed Tax) arcrole=http://www.xbrl.org/2003/arcrole/parent-child role=http://www.walmart.com/role/SegmentsandDisaggregatedRevenueRevenuefromContractwithCustomerExcludingAssessedTaxSamsClubDetails","- Claim: The recognition of gift card breakage income involves management estimation risk.
  - Claim type: Risk-cue/assertion-mapping
  - Support used: Text Chunk 1 (""Management estimates unredeemed balances and recognizes gift card breakage income for these amounts... over the expected redemption period."")
  - Inferential bridge: The reliance on management's estimation of unredeemed balances and the determination of the ""expected redemption period"" introduces a risk of estimation error or bias, impacting the Accuracy and Valuation assertions for both the breakage income and the deferred revenue liability.
  - Limitation: The provided context does not disclose the specific historical data or actuarial methodology used to determine the expected redemption period.

- Claim: The deferral of revenue for gift card purchases until redemption presents a cut-off risk.
  - Claim type: Risk-cue/assertion-mapping
  - Support used: Text Chunk 1 (""Customer purchases of gift cards are not recognized as sales until the card is redeemed... thus a liability for deferred gift card revenue is recorded within accrued liabilities"")
  - Inferential bridge: Because revenue recognition is contingent upon the event of redemption rather than the point of sale, there is a risk that revenue could be recognized prematurely or that the liability is not properly updated, impacting the Cut-off assertion.
  - Limitation: The context lacks detail regarding the system controls that trigger the transition from a liability to revenue upon the redemption of a gift card.

- Claim: The calculation of ""comparable sales"" involves complex inclusions (e.g., omnichannel and advertising net sales) that may impact the Accuracy assertion.
  - Claim type: Risk-cue/assertion-mapping
  - Support used: Text Chunk 2 (""We measure the eCommerce sales impact by including all sales initiated digitally, including omnichannel transactions... as well as certain other business offerings... such as our advertising net sales."")
  - Inferential bridge: The inclusion of diverse and potentially overlapping revenue streams (such as advertising and omnichannel transactions) into a single performance metric increases the risk of inconsistent application of the metric's definition or classification errors.
  - Limitation: The context does not provide the specific operational criteria used to distinguish ""omnichannel transactions"" from standard eCommerce or in-store sales.

- Claim: Net sales for the Sam's Club U.S. segment increased by $2.8 billion (3.1%) for fiscal 2026.
  - Claim type: Factual
  - Support used: Text Chunk 3
  - Limitation: This is a summary aggregate figure for the full fiscal year 2026 and is not provided with a monthly or quarterly breakdown.

- Claim: Lower fuel prices negatively impacted comparable sales by 1.9% in fiscal 2026.
  - Claim type: Factual
  - Support used: Text Chunk 3
  - Limitation: This claim represents management's attribution of the cause of the decrease in sales rather than a raw measurement of fuel price volatility."
EXT-C013,WMT,Walmart Inc.,bounded_extension,revenue,hybrid,Net sales for the Sam's Club U.S. segment increased by $2.8 billion (3.1%) for fiscal 2026.,Text Chunk 3,,"TEXT RETRIEVAL CONTEXT

[Text Chunk 1]
chunk_id: T-WMT-REVENUE-060
source_file: wmt-20260131.htm
construct_tag: revenue
ranking_score: 30
text: Customer purchases of gift cards are not recognized as sales until the card is redeemed and the customer purchases merchandise using the gift card, thus a liability for deferred gift card revenue is recorded within accrued liabilities in the Consolidated Balance Sheets. Refer to Note 4 . Gift cards in the U.S. and some countries do not carry an expiration date; therefore, customers and members can redeem their gift cards for merchandise and services indefinitely. Gift cards in some countries where the Company does business have expiration dates. While gift cards are generally redeemed within 12 months, a certain number of gift cards, both with and without expiration dates, will not be fully redeemed. Management estimates unredeemed balances and recognizes gift card breakage income for these amounts in membership and other income in the Company's Consolidated Statements of Income over the expected redemption period.

[Text Chunk 2]
chunk_id: T-WMT-REVENUE-033
source_file: wmt-20260131.htm
construct_tag: revenue
ranking_score: 14
text: Comparable sales is a metric that indicates the performance of our existing stores and clubs by measuring the change in sales for such stores and clubs, including eCommerce sales, for a particular period over the corresponding period in the previous year. Walmart's definition of comparable sales includes sales from stores and clubs open for the previous 12 months, including remodels, relocations, expansions and conversions, as well as eCommerce sales. We measure the eCommerce sales impact by including all sales initiated digitally, including omnichannel transactions which are fulfilled through our stores and clubs as well as certain other business offerings that are part of our ecosystem, such as our advertising net sales. Comparable sales are also referred to as ""same-store"" sales by others within the retail industry. The method of calculating comparable sales varies across the retail industry. As a result, our calculation of comparable sales is not necessarily comparable to similarly titled measures reported by other companies.

[Text Chunk 3]
chunk_id: T-WMT-REVENUE-052
source_file: wmt-20260131.htm
construct_tag: revenue
ranking_score: 11
text: Net sales for the Sam s Club U.S. segment increased $2.8 billion or 3.1% and $4.1 billion or 4.7% for fiscal 2026 and 2025 respectively when compared to the previous fiscal year. The increases in net sales were primarily due to increases in comparable sales including fuel of 2.9% and 4.7% for fiscal 2026 and 2025 respectively. Comparable sales in fiscal 2026 were driven by growth in unit volumes and transactions reflecting strong sales in grocery health and wellness and general merchandise. Comparable sales in fiscal 2025 were driven by growth in transactions and unit volumes with strong sales in grocery and health and wellness. Additionally fiscal 2026 and 2025 growth was partially offset by lower fuel sales negatively impacting comparable sales by 1.9% and 1.5% respectively primarily due to lower fuel prices. Sam s Club U.S. eCommerce sales positively contributed approximately 3.3% and 2.3% to comparable sales for fiscal 2026 and 2025 respectively which reflects continued strength in member ...

XBRL RELATIONAL RETRIEVAL CONTEXT

Facts:
1. fact_id=F-WMT-0074 concept=CostOfRevenueSellingGeneralAndAdministrativeExpensesForFuelSales value=10600000000 unit=iso4217:USD period=duration:2023-02-01/2024-01-31 dimensions=us-gaap:StatementBusinessSegmentsAxis=wmt:SamsClubUSMember
2. fact_id=F-WMT-0073 concept=CostOfRevenueSellingGeneralAndAdministrativeExpensesForFuelSales value=9900000000 unit=iso4217:USD period=duration:2024-02-01/2025-01-31 dimensions=us-gaap:StatementBusinessSegmentsAxis=wmt:SamsClubUSMember
3. fact_id=F-WMT-0072 concept=CostOfRevenueSellingGeneralAndAdministrativeExpensesForFuelSales value=8700000000 unit=iso4217:USD period=duration:2025-02-01/2026-01-31 dimensions=us-gaap:StatementBusinessSegmentsAxis=wmt:SamsClubUSMember
4. fact_id=F-WMT-0003 concept=RevenueFromContractWithCustomerExcludingAssessedTax value=642637000000 unit=iso4217:USD period=duration:2023-02-01/2024-01-31 dimensions=none
5. fact_id=F-WMT-0038 concept=RevenueFromContractWithCustomerExcludingAssessedTax value=441817000000 unit=iso4217:USD period=duration:2023-02-01/2024-01-31 dimensions=srt:ConsolidationItemsAxis=us-gaap:OperatingSegmentsMember; us-gaap:StatementBusinessSegmentsAxis=wmt:WalmartUSMember
6. fact_id=F-WMT-0047 concept=RevenueFromContractWithCustomerExcludingAssessedTax value=114641000000 unit=iso4217:USD period=duration:2023-02-01/2024-01-31 dimensions=srt:ConsolidationItemsAxis=us-gaap:OperatingSegmentsMember; us-gaap:StatementBusinessSegmentsAxis=wmt:WalmartInternationalMember
7. fact_id=F-WMT-0006 concept=Revenues value=648125000000 unit=iso4217:USD period=duration:2023-02-01/2024-01-31 dimensions=none
8. fact_id=F-WMT-0041 concept=Revenues value=443802000000 unit=iso4217:USD period=duration:2023-02-01/2024-01-31 dimensions=srt:ConsolidationItemsAxis=us-gaap:OperatingSegmentsMember; us-gaap:StatementBusinessSegmentsAxis=wmt:WalmartUSMember

Relation paths:
1. path_id=X-WMT-0093 relation_type=definition source=us-gaap:EntityWideInformationRevenueFromExternalCustomerLineItems (Revenue from External Customer [Line Items]) -> target=us-gaap:RevenueFromContractWithCustomerExcludingAssessedTax (Revenue from Contract with Customer, Excluding Assessed Tax) arcrole=http://xbrl.org/int/dim/arcrole/domain-member role=http://www.walmart.com/role/SegmentsandDisaggregatedRevenueRevenuefromContractwithCustomerExcludingAssessedTaxWalmartUSDetails
2. path_id=X-WMT-0101 relation_type=definition source=us-gaap:EntityWideInformationRevenueFromExternalCustomerLineItems (Revenue from External Customer [Line Items]) -> target=us-gaap:RevenueFromContractWithCustomerExcludingAssessedTax (Revenue from Contract with Customer, Excluding Assessed Tax) arcrole=http://xbrl.org/int/dim/arcrole/domain-member role=http://www.walmart.com/role/SegmentsandDisaggregatedRevenueRevenuefromContractwithCustomerExcludingAssessedTaxInternationalDetails
3. path_id=X-WMT-0109 relation_type=definition source=us-gaap:EntityWideInformationRevenueFromExternalCustomerLineItems (Revenue from External Customer [Line Items]) -> target=us-gaap:RevenueFromContractWithCustomerExcludingAssessedTax (Revenue from Contract with Customer, Excluding Assessed Tax) arcrole=http://xbrl.org/int/dim/arcrole/domain-member role=http://www.walmart.com/role/SegmentsandDisaggregatedRevenueRevenuefromContractwithCustomerExcludingAssessedTaxSamsClubDetails
4. path_id=X-WMT-0043 relation_type=presentation source=us-gaap:EntityWideInformationRevenueFromExternalCustomerLineItems (Revenue from External Customer [Line Items]) -> target=us-gaap:RevenueFromContractWithCustomerExcludingAssessedTax (Revenue from Contract with Customer, Excluding Assessed Tax) arcrole=http://www.xbrl.org/2003/arcrole/parent-child role=http://www.walmart.com/role/SegmentsandDisaggregatedRevenueRevenuefromContractwithCustomerExcludingAssessedTaxWalmartUSDetails
5. path_id=X-WMT-0051 relation_type=presentation source=us-gaap:EntityWideInformationRevenueFromExternalCustomerLineItems (Revenue from External Customer [Line Items]) -> target=us-gaap:RevenueFromContractWithCustomerExcludingAssessedTax (Revenue from Contract with Customer, Excluding Assessed Tax) arcrole=http://www.xbrl.org/2003/arcrole/parent-child role=http://www.walmart.com/role/SegmentsandDisaggregatedRevenueRevenuefromContractwithCustomerExcludingAssessedTaxInternationalDetails
6. path_id=X-WMT-0059 relation_type=presentation source=us-gaap:EntityWideInformationRevenueFromExternalCustomerLineItems (Revenue from External Customer [Line Items]) -> target=us-gaap:RevenueFromContractWithCustomerExcludingAssessedTax (Revenue from Contract with Customer, Excluding Assessed Tax) arcrole=http://www.xbrl.org/2003/arcrole/parent-child role=http://www.walmart.com/role/SegmentsandDisaggregatedRevenueRevenuefromContractwithCustomerExcludingAssessedTaxSamsClubDetails","- Claim: The recognition of gift card breakage income involves management estimation risk.
  - Claim type: Risk-cue/assertion-mapping
  - Support used: Text Chunk 1 (""Management estimates unredeemed balances and recognizes gift card breakage income for these amounts... over the expected redemption period."")
  - Inferential bridge: The reliance on management's estimation of unredeemed balances and the determination of the ""expected redemption period"" introduces a risk of estimation error or bias, impacting the Accuracy and Valuation assertions for both the breakage income and the deferred revenue liability.
  - Limitation: The provided context does not disclose the specific historical data or actuarial methodology used to determine the expected redemption period.

- Claim: The deferral of revenue for gift card purchases until redemption presents a cut-off risk.
  - Claim type: Risk-cue/assertion-mapping
  - Support used: Text Chunk 1 (""Customer purchases of gift cards are not recognized as sales until the card is redeemed... thus a liability for deferred gift card revenue is recorded within accrued liabilities"")
  - Inferential bridge: Because revenue recognition is contingent upon the event of redemption rather than the point of sale, there is a risk that revenue could be recognized prematurely or that the liability is not properly updated, impacting the Cut-off assertion.
  - Limitation: The context lacks detail regarding the system controls that trigger the transition from a liability to revenue upon the redemption of a gift card.

- Claim: The calculation of ""comparable sales"" involves complex inclusions (e.g., omnichannel and advertising net sales) that may impact the Accuracy assertion.
  - Claim type: Risk-cue/assertion-mapping
  - Support used: Text Chunk 2 (""We measure the eCommerce sales impact by including all sales initiated digitally, including omnichannel transactions... as well as certain other business offerings... such as our advertising net sales."")
  - Inferential bridge: The inclusion of diverse and potentially overlapping revenue streams (such as advertising and omnichannel transactions) into a single performance metric increases the risk of inconsistent application of the metric's definition or classification errors.
  - Limitation: The context does not provide the specific operational criteria used to distinguish ""omnichannel transactions"" from standard eCommerce or in-store sales.

- Claim: Net sales for the Sam's Club U.S. segment increased by $2.8 billion (3.1%) for fiscal 2026.
  - Claim type: Factual
  - Support used: Text Chunk 3
  - Limitation: This is a summary aggregate figure for the full fiscal year 2026 and is not provided with a monthly or quarterly breakdown.

- Claim: Lower fuel prices negatively impacted comparable sales by 1.9% in fiscal 2026.
  - Claim type: Factual
  - Support used: Text Chunk 3
  - Limitation: This claim represents management's attribution of the cause of the decrease in sales rather than a raw measurement of fuel price volatility."
EXT-C014,WMT,Walmart Inc.,bounded_extension,revenue,hybrid,Lower fuel prices negatively impacted comparable sales by 1.9% in fiscal 2026.,Text Chunk 3,,"TEXT RETRIEVAL CONTEXT

[Text Chunk 1]
chunk_id: T-WMT-REVENUE-060
source_file: wmt-20260131.htm
construct_tag: revenue
ranking_score: 30
text: Customer purchases of gift cards are not recognized as sales until the card is redeemed and the customer purchases merchandise using the gift card, thus a liability for deferred gift card revenue is recorded within accrued liabilities in the Consolidated Balance Sheets. Refer to Note 4 . Gift cards in the U.S. and some countries do not carry an expiration date; therefore, customers and members can redeem their gift cards for merchandise and services indefinitely. Gift cards in some countries where the Company does business have expiration dates. While gift cards are generally redeemed within 12 months, a certain number of gift cards, both with and without expiration dates, will not be fully redeemed. Management estimates unredeemed balances and recognizes gift card breakage income for these amounts in membership and other income in the Company's Consolidated Statements of Income over the expected redemption period.

[Text Chunk 2]
chunk_id: T-WMT-REVENUE-033
source_file: wmt-20260131.htm
construct_tag: revenue
ranking_score: 14
text: Comparable sales is a metric that indicates the performance of our existing stores and clubs by measuring the change in sales for such stores and clubs, including eCommerce sales, for a particular period over the corresponding period in the previous year. Walmart's definition of comparable sales includes sales from stores and clubs open for the previous 12 months, including remodels, relocations, expansions and conversions, as well as eCommerce sales. We measure the eCommerce sales impact by including all sales initiated digitally, including omnichannel transactions which are fulfilled through our stores and clubs as well as certain other business offerings that are part of our ecosystem, such as our advertising net sales. Comparable sales are also referred to as ""same-store"" sales by others within the retail industry. The method of calculating comparable sales varies across the retail industry. As a result, our calculation of comparable sales is not necessarily comparable to similarly titled measures reported by other companies.

[Text Chunk 3]
chunk_id: T-WMT-REVENUE-052
source_file: wmt-20260131.htm
construct_tag: revenue
ranking_score: 11
text: Net sales for the Sam s Club U.S. segment increased $2.8 billion or 3.1% and $4.1 billion or 4.7% for fiscal 2026 and 2025 respectively when compared to the previous fiscal year. The increases in net sales were primarily due to increases in comparable sales including fuel of 2.9% and 4.7% for fiscal 2026 and 2025 respectively. Comparable sales in fiscal 2026 were driven by growth in unit volumes and transactions reflecting strong sales in grocery health and wellness and general merchandise. Comparable sales in fiscal 2025 were driven by growth in transactions and unit volumes with strong sales in grocery and health and wellness. Additionally fiscal 2026 and 2025 growth was partially offset by lower fuel sales negatively impacting comparable sales by 1.9% and 1.5% respectively primarily due to lower fuel prices. Sam s Club U.S. eCommerce sales positively contributed approximately 3.3% and 2.3% to comparable sales for fiscal 2026 and 2025 respectively which reflects continued strength in member ...

XBRL RELATIONAL RETRIEVAL CONTEXT

Facts:
1. fact_id=F-WMT-0074 concept=CostOfRevenueSellingGeneralAndAdministrativeExpensesForFuelSales value=10600000000 unit=iso4217:USD period=duration:2023-02-01/2024-01-31 dimensions=us-gaap:StatementBusinessSegmentsAxis=wmt:SamsClubUSMember
2. fact_id=F-WMT-0073 concept=CostOfRevenueSellingGeneralAndAdministrativeExpensesForFuelSales value=9900000000 unit=iso4217:USD period=duration:2024-02-01/2025-01-31 dimensions=us-gaap:StatementBusinessSegmentsAxis=wmt:SamsClubUSMember
3. fact_id=F-WMT-0072 concept=CostOfRevenueSellingGeneralAndAdministrativeExpensesForFuelSales value=8700000000 unit=iso4217:USD period=duration:2025-02-01/2026-01-31 dimensions=us-gaap:StatementBusinessSegmentsAxis=wmt:SamsClubUSMember
4. fact_id=F-WMT-0003 concept=RevenueFromContractWithCustomerExcludingAssessedTax value=642637000000 unit=iso4217:USD period=duration:2023-02-01/2024-01-31 dimensions=none
5. fact_id=F-WMT-0038 concept=RevenueFromContractWithCustomerExcludingAssessedTax value=441817000000 unit=iso4217:USD period=duration:2023-02-01/2024-01-31 dimensions=srt:ConsolidationItemsAxis=us-gaap:OperatingSegmentsMember; us-gaap:StatementBusinessSegmentsAxis=wmt:WalmartUSMember
6. fact_id=F-WMT-0047 concept=RevenueFromContractWithCustomerExcludingAssessedTax value=114641000000 unit=iso4217:USD period=duration:2023-02-01/2024-01-31 dimensions=srt:ConsolidationItemsAxis=us-gaap:OperatingSegmentsMember; us-gaap:StatementBusinessSegmentsAxis=wmt:WalmartInternationalMember
7. fact_id=F-WMT-0006 concept=Revenues value=648125000000 unit=iso4217:USD period=duration:2023-02-01/2024-01-31 dimensions=none
8. fact_id=F-WMT-0041 concept=Revenues value=443802000000 unit=iso4217:USD period=duration:2023-02-01/2024-01-31 dimensions=srt:ConsolidationItemsAxis=us-gaap:OperatingSegmentsMember; us-gaap:StatementBusinessSegmentsAxis=wmt:WalmartUSMember

Relation paths:
1. path_id=X-WMT-0093 relation_type=definition source=us-gaap:EntityWideInformationRevenueFromExternalCustomerLineItems (Revenue from External Customer [Line Items]) -> target=us-gaap:RevenueFromContractWithCustomerExcludingAssessedTax (Revenue from Contract with Customer, Excluding Assessed Tax) arcrole=http://xbrl.org/int/dim/arcrole/domain-member role=http://www.walmart.com/role/SegmentsandDisaggregatedRevenueRevenuefromContractwithCustomerExcludingAssessedTaxWalmartUSDetails
2. path_id=X-WMT-0101 relation_type=definition source=us-gaap:EntityWideInformationRevenueFromExternalCustomerLineItems (Revenue from External Customer [Line Items]) -> target=us-gaap:RevenueFromContractWithCustomerExcludingAssessedTax (Revenue from Contract with Customer, Excluding Assessed Tax) arcrole=http://xbrl.org/int/dim/arcrole/domain-member role=http://www.walmart.com/role/SegmentsandDisaggregatedRevenueRevenuefromContractwithCustomerExcludingAssessedTaxInternationalDetails
3. path_id=X-WMT-0109 relation_type=definition source=us-gaap:EntityWideInformationRevenueFromExternalCustomerLineItems (Revenue from External Customer [Line Items]) -> target=us-gaap:RevenueFromContractWithCustomerExcludingAssessedTax (Revenue from Contract with Customer, Excluding Assessed Tax) arcrole=http://xbrl.org/int/dim/arcrole/domain-member role=http://www.walmart.com/role/SegmentsandDisaggregatedRevenueRevenuefromContractwithCustomerExcludingAssessedTaxSamsClubDetails
4. path_id=X-WMT-0043 relation_type=presentation source=us-gaap:EntityWideInformationRevenueFromExternalCustomerLineItems (Revenue from External Customer [Line Items]) -> target=us-gaap:RevenueFromContractWithCustomerExcludingAssessedTax (Revenue from Contract with Customer, Excluding Assessed Tax) arcrole=http://www.xbrl.org/2003/arcrole/parent-child role=http://www.walmart.com/role/SegmentsandDisaggregatedRevenueRevenuefromContractwithCustomerExcludingAssessedTaxWalmartUSDetails
5. path_id=X-WMT-0051 relation_type=presentation source=us-gaap:EntityWideInformationRevenueFromExternalCustomerLineItems (Revenue from External Customer [Line Items]) -> target=us-gaap:RevenueFromContractWithCustomerExcludingAssessedTax (Revenue from Contract with Customer, Excluding Assessed Tax) arcrole=http://www.xbrl.org/2003/arcrole/parent-child role=http://www.walmart.com/role/SegmentsandDisaggregatedRevenueRevenuefromContractwithCustomerExcludingAssessedTaxInternationalDetails
6. path_id=X-WMT-0059 relation_type=presentation source=us-gaap:EntityWideInformationRevenueFromExternalCustomerLineItems (Revenue from External Customer [Line Items]) -> target=us-gaap:RevenueFromContractWithCustomerExcludingAssessedTax (Revenue from Contract with Customer, Excluding Assessed Tax) arcrole=http://www.xbrl.org/2003/arcrole/parent-child role=http://www.walmart.com/role/SegmentsandDisaggregatedRevenueRevenuefromContractwithCustomerExcludingAssessedTaxSamsClubDetails","- Claim: The recognition of gift card breakage income involves management estimation risk.
  - Claim type: Risk-cue/assertion-mapping
  - Support used: Text Chunk 1 (""Management estimates unredeemed balances and recognizes gift card breakage income for these amounts... over the expected redemption period."")
  - Inferential bridge: The reliance on management's estimation of unredeemed balances and the determination of the ""expected redemption period"" introduces a risk of estimation error or bias, impacting the Accuracy and Valuation assertions for both the breakage income and the deferred revenue liability.
  - Limitation: The provided context does not disclose the specific historical data or actuarial methodology used to determine the expected redemption period.

- Claim: The deferral of revenue for gift card purchases until redemption presents a cut-off risk.
  - Claim type: Risk-cue/assertion-mapping
  - Support used: Text Chunk 1 (""Customer purchases of gift cards are not recognized as sales until the card is redeemed... thus a liability for deferred gift card revenue is recorded within accrued liabilities"")
  - Inferential bridge: Because revenue recognition is contingent upon the event of redemption rather than the point of sale, there is a risk that revenue could be recognized prematurely or that the liability is not properly updated, impacting the Cut-off assertion.
  - Limitation: The context lacks detail regarding the system controls that trigger the transition from a liability to revenue upon the redemption of a gift card.

- Claim: The calculation of ""comparable sales"" involves complex inclusions (e.g., omnichannel and advertising net sales) that may impact the Accuracy assertion.
  - Claim type: Risk-cue/assertion-mapping
  - Support used: Text Chunk 2 (""We measure the eCommerce sales impact by including all sales initiated digitally, including omnichannel transactions... as well as certain other business offerings... such as our advertising net sales."")
  - Inferential bridge: The inclusion of diverse and potentially overlapping revenue streams (such as advertising and omnichannel transactions) into a single performance metric increases the risk of inconsistent application of the metric's definition or classification errors.
  - Limitation: The context does not provide the specific operational criteria used to distinguish ""omnichannel transactions"" from standard eCommerce or in-store sales.

- Claim: Net sales for the Sam's Club U.S. segment increased by $2.8 billion (3.1%) for fiscal 2026.
  - Claim type: Factual
  - Support used: Text Chunk 3
  - Limitation: This is a summary aggregate figure for the full fiscal year 2026 and is not provided with a monthly or quarterly breakdown.

- Claim: Lower fuel prices negatively impacted comparable sales by 1.9% in fiscal 2026.
  - Claim type: Factual
  - Support used: Text Chunk 3
  - Limitation: This claim represents management's attribution of the cause of the decrease in sales rather than a raw measurement of fuel price volatility."
EXT-C026,WMT,Walmart Inc.,bounded_extension,inventory,hybrid,"As of January 31, 2026, the net inventory value for Walmart Inc. was $58,851,000,000.",,F-WMT-0012,"TEXT RETRIEVAL CONTEXT

[Text Chunk 1]
chunk_id: T-WMT-REVENUE_INVENTORY-020
source_file: wmt-20260131.htm
construct_tag: revenue_inventory
ranking_score: 18
text: Operating, selling, general and administrative expenses include all operating costs of the Company (except cost of sales, as described above), which comprise substantially all labor-related, depreciation and amortization, maintenance and repairs, utilities, and other general operating costs incurred in stores, clubs and other facilities. The majority of the cost of warehousing and occupancy for the Walmart U.S. and Walmart International segments' distribution facilities is included in operating, selling, general and administrative expenses. Because the Company only includes a portion of the cost of its Walmart U.S. and Walmart International segments' distribution facilities in cost of sales, its gross profit and gross profit as a percentage of net sales may not be comparable to those of other retailers that may include all costs related to their distribution facilities in cost of sales and in the calculation of gross profit.

[Text Chunk 2]
chunk_id: T-WMT-INVENTORY-015
source_file: wmt-20260131.htm
construct_tag: inventory
ranking_score: 9
text: The Company utilizes various inventory methods to account for and value its inventories depending upon the nature of the store formats and businesses in each of its segments, resulting in inventories that are recorded at the lower of cost or market or net realizable value, as appropriate.

[Text Chunk 3]
chunk_id: T-WMT-INVENTORY-016
source_file: wmt-20260131.htm
construct_tag: inventory
ranking_score: 9
text: • Walmart U.S. Segment - Inventories are primarily accounted for under the retail inventory method of accounting (""RIM"") to determine inventory cost, using the last-in, first-out (""LIFO"") valuation method. RIM generally results in inventory being valued at the lower of cost or market as permanent markdowns are immediately recorded as a reduction of the retail value of inventory.

XBRL RELATIONAL RETRIEVAL CONTEXT

Facts:
1. fact_id=F-WMT-0013 concept=InventoryNet value=56435000000 unit=iso4217:USD period=instant:2025-01-31 dimensions=none
2. fact_id=F-WMT-0012 concept=InventoryNet value=58851000000 unit=iso4217:USD period=instant:2026-01-31 dimensions=none
3. fact_id=F-WMT-0009 concept=CostOfRevenue value=490142000000 unit=iso4217:USD period=duration:2023-02-01/2024-01-31 dimensions=none
4. fact_id=F-WMT-0044 concept=CostOfRevenue value=323563000000 unit=iso4217:USD period=duration:2023-02-01/2024-01-31 dimensions=srt:ConsolidationItemsAxis=us-gaap:OperatingSegmentsMember; us-gaap:StatementBusinessSegmentsAxis=wmt:WalmartUSMember
5. fact_id=F-WMT-0053 concept=CostOfRevenue value=89831000000 unit=iso4217:USD period=duration:2023-02-01/2024-01-31 dimensions=srt:ConsolidationItemsAxis=us-gaap:OperatingSegmentsMember; us-gaap:StatementBusinessSegmentsAxis=wmt:WalmartInternationalMember
6. fact_id=F-WMT-0074 concept=CostOfRevenueSellingGeneralAndAdministrativeExpensesForFuelSales value=10600000000 unit=iso4217:USD period=duration:2023-02-01/2024-01-31 dimensions=us-gaap:StatementBusinessSegmentsAxis=wmt:SamsClubUSMember
7. fact_id=F-WMT-0073 concept=CostOfRevenueSellingGeneralAndAdministrativeExpensesForFuelSales value=9900000000 unit=iso4217:USD period=duration:2024-02-01/2025-01-31 dimensions=us-gaap:StatementBusinessSegmentsAxis=wmt:SamsClubUSMember
8. fact_id=F-WMT-0072 concept=CostOfRevenueSellingGeneralAndAdministrativeExpensesForFuelSales value=8700000000 unit=iso4217:USD period=duration:2025-02-01/2026-01-31 dimensions=us-gaap:StatementBusinessSegmentsAxis=wmt:SamsClubUSMember

Relation paths:
1. path_id=X-WMT-0065 relation_type=calculation source=us-gaap:AssetsCurrent (Assets, Current) -> target=us-gaap:InventoryNet (Inventory, Net) arcrole=http://www.xbrl.org/2003/arcrole/summation-item role=http://www.walmart.com/role/ConsolidatedBalanceSheets
2. path_id=X-WMT-0070 relation_type=calculation source=us-gaap:DeferredIncomeTaxLiabilities (Deferred Tax Liabilities, Gross) -> target=us-gaap:DeferredTaxLiabilitiesDeferredExpenseCapitalizedInventoryCosts (Deferred Tax Liabilities, Inventory) arcrole=http://www.xbrl.org/2003/arcrole/summation-item role=http://www.walmart.com/role/TaxesScheduleofDeferredTaxBalancesDetails
3. path_id=X-WMT-0066 relation_type=calculation source=us-gaap:NetCashProvidedByUsedInOperatingActivities (Cash Provided by (Used in) Operating Activity, Including Discontinued Operation) -> target=us-gaap:IncreaseDecreaseInRetailRelatedInventories (Increase (Decrease) in Retail Related Inventories) arcrole=http://www.xbrl.org/2003/arcrole/summation-item role=http://www.walmart.com/role/ConsolidatedStatementsofCashFlows
4. path_id=X-WMT-0007 relation_type=presentation source=us-gaap:AssetsCurrentAbstract (Assets, Current [Abstract]) -> target=us-gaap:InventoryNet (Inventory, Net) arcrole=http://www.xbrl.org/2003/arcrole/parent-child role=http://www.walmart.com/role/ConsolidatedBalanceSheets
5. path_id=X-WMT-0026 relation_type=presentation source=us-gaap:DeferredTaxLiabilitiesAbstract (Deferred Tax Liabilities, Gross [Abstract]) -> target=us-gaap:DeferredTaxLiabilitiesDeferredExpenseCapitalizedInventoryCosts (Deferred Tax Liabilities, Inventory) arcrole=http://www.xbrl.org/2003/arcrole/parent-child role=http://www.walmart.com/role/TaxesScheduleofDeferredTaxBalancesDetails
6. path_id=X-WMT-0009 relation_type=presentation source=us-gaap:IncreaseDecreaseInOperatingCapitalAbstract (Adjustment to Reconcile Net Income to Cash Provided by (Used in) Operating Activity, Increase (Decrease) in Operating Capital [Abstract]) -> target=us-gaap:IncreaseDecreaseInRetailRelatedInventories (Increase (Decrease) in Retail Related Inventories) arcrole=http://www.xbrl.org/2003/arcrole/parent-child role=http://www.walmart.com/role/ConsolidatedStatementsofCashFlows","- Claim: As of January 31, 2026, the net inventory value for Walmart Inc. was $58,851,000,000.
  - Claim type: Factual
  - Support used: F-WMT-0012
  - Limitation: This claim is limited to the reported XBRL value for the specific instant of 2026-01-31.

- Claim: Walmart Inc. utilizes various inventory methods depending on store formats and businesses, recording inventories at the lower of cost or market or net realizable value, as appropriate.
  - Claim type: Factual
  - Support used: Text Chunk 2
  - Limitation: This claim is limited to the high-level description of accounting policies provided in the text.

- Claim: The use of multiple valuation methods (lower of cost or market vs. net realizable value) across different store formats and business segments creates a risk regarding the valuation assertion.
  - Claim type: Risk-cue or assertion-mapping
  - Support used: Text Chunk 2
  - Inferential bridge: The application of different valuation standards (LCM vs. NRV) based on the ""nature of the store formats"" increases the complexity of the valuation process, as the auditor must verify that the correct method was applied to the corresponding inventory category.
  - Limitation: The provided context does not specify which store formats or business segments are mapped to which valuation method.

- Claim: The reliance on the Retail Inventory Method (RIM) and the immediate recording of permanent markdowns in the Walmart U.S. segment presents a risk to the valuation assertion.
  - Claim type: Risk-cue or assertion-mapping
  - Support used: Text Chunk 3
  - Inferential bridge: Because RIM achieves ""lower of cost or market"" valuation through the immediate recording of permanent markdowns, any failure to accurately identify or timely record these markdowns would result in an overstatement of inventory value.
  - Limitation: The context provides no information regarding the internal controls used to distinguish between permanent and temporary markdowns.

- Claim: The use of the last-in, first-out (LIFO) valuation method for the Walmart U.S. segment is a consideration for the inventory valuation assertion.
  - Claim type: Risk-cue or assertion-mapping
  - Support used: Text Chunk 3
  - Inferential bridge: LIFO valuation requires the maintenance of inventory layers and the calculation of LIFO reserves; errors in these calculations or the tracking of layers directly impact the reported valuation of inventory.
  - Limitation: The provided context is insufficient as it does not include LIFO reserve balances or details on the LIFO layers."
EXT-C027,WMT,Walmart Inc.,bounded_extension,inventory,hybrid,"Walmart Inc. utilizes various inventory methods depending on store formats and businesses, recording inventories at the lower of cost or market or net realizable value, as appropriate.",Text Chunk 2,,"TEXT RETRIEVAL CONTEXT

[Text Chunk 1]
chunk_id: T-WMT-REVENUE_INVENTORY-020
source_file: wmt-20260131.htm
construct_tag: revenue_inventory
ranking_score: 18
text: Operating, selling, general and administrative expenses include all operating costs of the Company (except cost of sales, as described above), which comprise substantially all labor-related, depreciation and amortization, maintenance and repairs, utilities, and other general operating costs incurred in stores, clubs and other facilities. The majority of the cost of warehousing and occupancy for the Walmart U.S. and Walmart International segments' distribution facilities is included in operating, selling, general and administrative expenses. Because the Company only includes a portion of the cost of its Walmart U.S. and Walmart International segments' distribution facilities in cost of sales, its gross profit and gross profit as a percentage of net sales may not be comparable to those of other retailers that may include all costs related to their distribution facilities in cost of sales and in the calculation of gross profit.

[Text Chunk 2]
chunk_id: T-WMT-INVENTORY-015
source_file: wmt-20260131.htm
construct_tag: inventory
ranking_score: 9
text: The Company utilizes various inventory methods to account for and value its inventories depending upon the nature of the store formats and businesses in each of its segments, resulting in inventories that are recorded at the lower of cost or market or net realizable value, as appropriate.

[Text Chunk 3]
chunk_id: T-WMT-INVENTORY-016
source_file: wmt-20260131.htm
construct_tag: inventory
ranking_score: 9
text: • Walmart U.S. Segment - Inventories are primarily accounted for under the retail inventory method of accounting (""RIM"") to determine inventory cost, using the last-in, first-out (""LIFO"") valuation method. RIM generally results in inventory being valued at the lower of cost or market as permanent markdowns are immediately recorded as a reduction of the retail value of inventory.

XBRL RELATIONAL RETRIEVAL CONTEXT

Facts:
1. fact_id=F-WMT-0013 concept=InventoryNet value=56435000000 unit=iso4217:USD period=instant:2025-01-31 dimensions=none
2. fact_id=F-WMT-0012 concept=InventoryNet value=58851000000 unit=iso4217:USD period=instant:2026-01-31 dimensions=none
3. fact_id=F-WMT-0009 concept=CostOfRevenue value=490142000000 unit=iso4217:USD period=duration:2023-02-01/2024-01-31 dimensions=none
4. fact_id=F-WMT-0044 concept=CostOfRevenue value=323563000000 unit=iso4217:USD period=duration:2023-02-01/2024-01-31 dimensions=srt:ConsolidationItemsAxis=us-gaap:OperatingSegmentsMember; us-gaap:StatementBusinessSegmentsAxis=wmt:WalmartUSMember
5. fact_id=F-WMT-0053 concept=CostOfRevenue value=89831000000 unit=iso4217:USD period=duration:2023-02-01/2024-01-31 dimensions=srt:ConsolidationItemsAxis=us-gaap:OperatingSegmentsMember; us-gaap:StatementBusinessSegmentsAxis=wmt:WalmartInternationalMember
6. fact_id=F-WMT-0074 concept=CostOfRevenueSellingGeneralAndAdministrativeExpensesForFuelSales value=10600000000 unit=iso4217:USD period=duration:2023-02-01/2024-01-31 dimensions=us-gaap:StatementBusinessSegmentsAxis=wmt:SamsClubUSMember
7. fact_id=F-WMT-0073 concept=CostOfRevenueSellingGeneralAndAdministrativeExpensesForFuelSales value=9900000000 unit=iso4217:USD period=duration:2024-02-01/2025-01-31 dimensions=us-gaap:StatementBusinessSegmentsAxis=wmt:SamsClubUSMember
8. fact_id=F-WMT-0072 concept=CostOfRevenueSellingGeneralAndAdministrativeExpensesForFuelSales value=8700000000 unit=iso4217:USD period=duration:2025-02-01/2026-01-31 dimensions=us-gaap:StatementBusinessSegmentsAxis=wmt:SamsClubUSMember

Relation paths:
1. path_id=X-WMT-0065 relation_type=calculation source=us-gaap:AssetsCurrent (Assets, Current) -> target=us-gaap:InventoryNet (Inventory, Net) arcrole=http://www.xbrl.org/2003/arcrole/summation-item role=http://www.walmart.com/role/ConsolidatedBalanceSheets
2. path_id=X-WMT-0070 relation_type=calculation source=us-gaap:DeferredIncomeTaxLiabilities (Deferred Tax Liabilities, Gross) -> target=us-gaap:DeferredTaxLiabilitiesDeferredExpenseCapitalizedInventoryCosts (Deferred Tax Liabilities, Inventory) arcrole=http://www.xbrl.org/2003/arcrole/summation-item role=http://www.walmart.com/role/TaxesScheduleofDeferredTaxBalancesDetails
3. path_id=X-WMT-0066 relation_type=calculation source=us-gaap:NetCashProvidedByUsedInOperatingActivities (Cash Provided by (Used in) Operating Activity, Including Discontinued Operation) -> target=us-gaap:IncreaseDecreaseInRetailRelatedInventories (Increase (Decrease) in Retail Related Inventories) arcrole=http://www.xbrl.org/2003/arcrole/summation-item role=http://www.walmart.com/role/ConsolidatedStatementsofCashFlows
4. path_id=X-WMT-0007 relation_type=presentation source=us-gaap:AssetsCurrentAbstract (Assets, Current [Abstract]) -> target=us-gaap:InventoryNet (Inventory, Net) arcrole=http://www.xbrl.org/2003/arcrole/parent-child role=http://www.walmart.com/role/ConsolidatedBalanceSheets
5. path_id=X-WMT-0026 relation_type=presentation source=us-gaap:DeferredTaxLiabilitiesAbstract (Deferred Tax Liabilities, Gross [Abstract]) -> target=us-gaap:DeferredTaxLiabilitiesDeferredExpenseCapitalizedInventoryCosts (Deferred Tax Liabilities, Inventory) arcrole=http://www.xbrl.org/2003/arcrole/parent-child role=http://www.walmart.com/role/TaxesScheduleofDeferredTaxBalancesDetails
6. path_id=X-WMT-0009 relation_type=presentation source=us-gaap:IncreaseDecreaseInOperatingCapitalAbstract (Adjustment to Reconcile Net Income to Cash Provided by (Used in) Operating Activity, Increase (Decrease) in Operating Capital [Abstract]) -> target=us-gaap:IncreaseDecreaseInRetailRelatedInventories (Increase (Decrease) in Retail Related Inventories) arcrole=http://www.xbrl.org/2003/arcrole/parent-child role=http://www.walmart.com/role/ConsolidatedStatementsofCashFlows","- Claim: As of January 31, 2026, the net inventory value for Walmart Inc. was $58,851,000,000.
  - Claim type: Factual
  - Support used: F-WMT-0012
  - Limitation: This claim is limited to the reported XBRL value for the specific instant of 2026-01-31.

- Claim: Walmart Inc. utilizes various inventory methods depending on store formats and businesses, recording inventories at the lower of cost or market or net realizable value, as appropriate.
  - Claim type: Factual
  - Support used: Text Chunk 2
  - Limitation: This claim is limited to the high-level description of accounting policies provided in the text.

- Claim: The use of multiple valuation methods (lower of cost or market vs. net realizable value) across different store formats and business segments creates a risk regarding the valuation assertion.
  - Claim type: Risk-cue or assertion-mapping
  - Support used: Text Chunk 2
  - Inferential bridge: The application of different valuation standards (LCM vs. NRV) based on the ""nature of the store formats"" increases the complexity of the valuation process, as the auditor must verify that the correct method was applied to the corresponding inventory category.
  - Limitation: The provided context does not specify which store formats or business segments are mapped to which valuation method.

- Claim: The reliance on the Retail Inventory Method (RIM) and the immediate recording of permanent markdowns in the Walmart U.S. segment presents a risk to the valuation assertion.
  - Claim type: Risk-cue or assertion-mapping
  - Support used: Text Chunk 3
  - Inferential bridge: Because RIM achieves ""lower of cost or market"" valuation through the immediate recording of permanent markdowns, any failure to accurately identify or timely record these markdowns would result in an overstatement of inventory value.
  - Limitation: The context provides no information regarding the internal controls used to distinguish between permanent and temporary markdowns.

- Claim: The use of the last-in, first-out (LIFO) valuation method for the Walmart U.S. segment is a consideration for the inventory valuation assertion.
  - Claim type: Risk-cue or assertion-mapping
  - Support used: Text Chunk 3
  - Inferential bridge: LIFO valuation requires the maintenance of inventory layers and the calculation of LIFO reserves; errors in these calculations or the tracking of layers directly impact the reported valuation of inventory.
  - Limitation: The provided context is insufficient as it does not include LIFO reserve balances or details on the LIFO layers."
EXT-C028,WMT,Walmart Inc.,bounded_extension,inventory,hybrid,The use of multiple valuation methods (lower of cost or market vs. net realizable value) across different store formats and business segments creates a risk regarding the valuation assertion.,Text Chunk 2,,"TEXT RETRIEVAL CONTEXT

[Text Chunk 1]
chunk_id: T-WMT-REVENUE_INVENTORY-020
source_file: wmt-20260131.htm
construct_tag: revenue_inventory
ranking_score: 18
text: Operating, selling, general and administrative expenses include all operating costs of the Company (except cost of sales, as described above), which comprise substantially all labor-related, depreciation and amortization, maintenance and repairs, utilities, and other general operating costs incurred in stores, clubs and other facilities. The majority of the cost of warehousing and occupancy for the Walmart U.S. and Walmart International segments' distribution facilities is included in operating, selling, general and administrative expenses. Because the Company only includes a portion of the cost of its Walmart U.S. and Walmart International segments' distribution facilities in cost of sales, its gross profit and gross profit as a percentage of net sales may not be comparable to those of other retailers that may include all costs related to their distribution facilities in cost of sales and in the calculation of gross profit.

[Text Chunk 2]
chunk_id: T-WMT-INVENTORY-015
source_file: wmt-20260131.htm
construct_tag: inventory
ranking_score: 9
text: The Company utilizes various inventory methods to account for and value its inventories depending upon the nature of the store formats and businesses in each of its segments, resulting in inventories that are recorded at the lower of cost or market or net realizable value, as appropriate.

[Text Chunk 3]
chunk_id: T-WMT-INVENTORY-016
source_file: wmt-20260131.htm
construct_tag: inventory
ranking_score: 9
text: • Walmart U.S. Segment - Inventories are primarily accounted for under the retail inventory method of accounting (""RIM"") to determine inventory cost, using the last-in, first-out (""LIFO"") valuation method. RIM generally results in inventory being valued at the lower of cost or market as permanent markdowns are immediately recorded as a reduction of the retail value of inventory.

XBRL RELATIONAL RETRIEVAL CONTEXT

Facts:
1. fact_id=F-WMT-0013 concept=InventoryNet value=56435000000 unit=iso4217:USD period=instant:2025-01-31 dimensions=none
2. fact_id=F-WMT-0012 concept=InventoryNet value=58851000000 unit=iso4217:USD period=instant:2026-01-31 dimensions=none
3. fact_id=F-WMT-0009 concept=CostOfRevenue value=490142000000 unit=iso4217:USD period=duration:2023-02-01/2024-01-31 dimensions=none
4. fact_id=F-WMT-0044 concept=CostOfRevenue value=323563000000 unit=iso4217:USD period=duration:2023-02-01/2024-01-31 dimensions=srt:ConsolidationItemsAxis=us-gaap:OperatingSegmentsMember; us-gaap:StatementBusinessSegmentsAxis=wmt:WalmartUSMember
5. fact_id=F-WMT-0053 concept=CostOfRevenue value=89831000000 unit=iso4217:USD period=duration:2023-02-01/2024-01-31 dimensions=srt:ConsolidationItemsAxis=us-gaap:OperatingSegmentsMember; us-gaap:StatementBusinessSegmentsAxis=wmt:WalmartInternationalMember
6. fact_id=F-WMT-0074 concept=CostOfRevenueSellingGeneralAndAdministrativeExpensesForFuelSales value=10600000000 unit=iso4217:USD period=duration:2023-02-01/2024-01-31 dimensions=us-gaap:StatementBusinessSegmentsAxis=wmt:SamsClubUSMember
7. fact_id=F-WMT-0073 concept=CostOfRevenueSellingGeneralAndAdministrativeExpensesForFuelSales value=9900000000 unit=iso4217:USD period=duration:2024-02-01/2025-01-31 dimensions=us-gaap:StatementBusinessSegmentsAxis=wmt:SamsClubUSMember
8. fact_id=F-WMT-0072 concept=CostOfRevenueSellingGeneralAndAdministrativeExpensesForFuelSales value=8700000000 unit=iso4217:USD period=duration:2025-02-01/2026-01-31 dimensions=us-gaap:StatementBusinessSegmentsAxis=wmt:SamsClubUSMember

Relation paths:
1. path_id=X-WMT-0065 relation_type=calculation source=us-gaap:AssetsCurrent (Assets, Current) -> target=us-gaap:InventoryNet (Inventory, Net) arcrole=http://www.xbrl.org/2003/arcrole/summation-item role=http://www.walmart.com/role/ConsolidatedBalanceSheets
2. path_id=X-WMT-0070 relation_type=calculation source=us-gaap:DeferredIncomeTaxLiabilities (Deferred Tax Liabilities, Gross) -> target=us-gaap:DeferredTaxLiabilitiesDeferredExpenseCapitalizedInventoryCosts (Deferred Tax Liabilities, Inventory) arcrole=http://www.xbrl.org/2003/arcrole/summation-item role=http://www.walmart.com/role/TaxesScheduleofDeferredTaxBalancesDetails
3. path_id=X-WMT-0066 relation_type=calculation source=us-gaap:NetCashProvidedByUsedInOperatingActivities (Cash Provided by (Used in) Operating Activity, Including Discontinued Operation) -> target=us-gaap:IncreaseDecreaseInRetailRelatedInventories (Increase (Decrease) in Retail Related Inventories) arcrole=http://www.xbrl.org/2003/arcrole/summation-item role=http://www.walmart.com/role/ConsolidatedStatementsofCashFlows
4. path_id=X-WMT-0007 relation_type=presentation source=us-gaap:AssetsCurrentAbstract (Assets, Current [Abstract]) -> target=us-gaap:InventoryNet (Inventory, Net) arcrole=http://www.xbrl.org/2003/arcrole/parent-child role=http://www.walmart.com/role/ConsolidatedBalanceSheets
5. path_id=X-WMT-0026 relation_type=presentation source=us-gaap:DeferredTaxLiabilitiesAbstract (Deferred Tax Liabilities, Gross [Abstract]) -> target=us-gaap:DeferredTaxLiabilitiesDeferredExpenseCapitalizedInventoryCosts (Deferred Tax Liabilities, Inventory) arcrole=http://www.xbrl.org/2003/arcrole/parent-child role=http://www.walmart.com/role/TaxesScheduleofDeferredTaxBalancesDetails
6. path_id=X-WMT-0009 relation_type=presentation source=us-gaap:IncreaseDecreaseInOperatingCapitalAbstract (Adjustment to Reconcile Net Income to Cash Provided by (Used in) Operating Activity, Increase (Decrease) in Operating Capital [Abstract]) -> target=us-gaap:IncreaseDecreaseInRetailRelatedInventories (Increase (Decrease) in Retail Related Inventories) arcrole=http://www.xbrl.org/2003/arcrole/parent-child role=http://www.walmart.com/role/ConsolidatedStatementsofCashFlows","- Claim: As of January 31, 2026, the net inventory value for Walmart Inc. was $58,851,000,000.
  - Claim type: Factual
  - Support used: F-WMT-0012
  - Limitation: This claim is limited to the reported XBRL value for the specific instant of 2026-01-31.

- Claim: Walmart Inc. utilizes various inventory methods depending on store formats and businesses, recording inventories at the lower of cost or market or net realizable value, as appropriate.
  - Claim type: Factual
  - Support used: Text Chunk 2
  - Limitation: This claim is limited to the high-level description of accounting policies provided in the text.

- Claim: The use of multiple valuation methods (lower of cost or market vs. net realizable value) across different store formats and business segments creates a risk regarding the valuation assertion.
  - Claim type: Risk-cue or assertion-mapping
  - Support used: Text Chunk 2
  - Inferential bridge: The application of different valuation standards (LCM vs. NRV) based on the ""nature of the store formats"" increases the complexity of the valuation process, as the auditor must verify that the correct method was applied to the corresponding inventory category.
  - Limitation: The provided context does not specify which store formats or business segments are mapped to which valuation method.

- Claim: The reliance on the Retail Inventory Method (RIM) and the immediate recording of permanent markdowns in the Walmart U.S. segment presents a risk to the valuation assertion.
  - Claim type: Risk-cue or assertion-mapping
  - Support used: Text Chunk 3
  - Inferential bridge: Because RIM achieves ""lower of cost or market"" valuation through the immediate recording of permanent markdowns, any failure to accurately identify or timely record these markdowns would result in an overstatement of inventory value.
  - Limitation: The context provides no information regarding the internal controls used to distinguish between permanent and temporary markdowns.

- Claim: The use of the last-in, first-out (LIFO) valuation method for the Walmart U.S. segment is a consideration for the inventory valuation assertion.
  - Claim type: Risk-cue or assertion-mapping
  - Support used: Text Chunk 3
  - Inferential bridge: LIFO valuation requires the maintenance of inventory layers and the calculation of LIFO reserves; errors in these calculations or the tracking of layers directly impact the reported valuation of inventory.
  - Limitation: The provided context is insufficient as it does not include LIFO reserve balances or details on the LIFO layers."
EXT-C029,WMT,Walmart Inc.,bounded_extension,inventory,hybrid,The reliance on the Retail Inventory Method (RIM) and the immediate recording of permanent markdowns in the Walmart U.S. segment presents a risk to the valuation assertion.,Text Chunk 3,,"TEXT RETRIEVAL CONTEXT

[Text Chunk 1]
chunk_id: T-WMT-REVENUE_INVENTORY-020
source_file: wmt-20260131.htm
construct_tag: revenue_inventory
ranking_score: 18
text: Operating, selling, general and administrative expenses include all operating costs of the Company (except cost of sales, as described above), which comprise substantially all labor-related, depreciation and amortization, maintenance and repairs, utilities, and other general operating costs incurred in stores, clubs and other facilities. The majority of the cost of warehousing and occupancy for the Walmart U.S. and Walmart International segments' distribution facilities is included in operating, selling, general and administrative expenses. Because the Company only includes a portion of the cost of its Walmart U.S. and Walmart International segments' distribution facilities in cost of sales, its gross profit and gross profit as a percentage of net sales may not be comparable to those of other retailers that may include all costs related to their distribution facilities in cost of sales and in the calculation of gross profit.

[Text Chunk 2]
chunk_id: T-WMT-INVENTORY-015
source_file: wmt-20260131.htm
construct_tag: inventory
ranking_score: 9
text: The Company utilizes various inventory methods to account for and value its inventories depending upon the nature of the store formats and businesses in each of its segments, resulting in inventories that are recorded at the lower of cost or market or net realizable value, as appropriate.

[Text Chunk 3]
chunk_id: T-WMT-INVENTORY-016
source_file: wmt-20260131.htm
construct_tag: inventory
ranking_score: 9
text: • Walmart U.S. Segment - Inventories are primarily accounted for under the retail inventory method of accounting (""RIM"") to determine inventory cost, using the last-in, first-out (""LIFO"") valuation method. RIM generally results in inventory being valued at the lower of cost or market as permanent markdowns are immediately recorded as a reduction of the retail value of inventory.

XBRL RELATIONAL RETRIEVAL CONTEXT

Facts:
1. fact_id=F-WMT-0013 concept=InventoryNet value=56435000000 unit=iso4217:USD period=instant:2025-01-31 dimensions=none
2. fact_id=F-WMT-0012 concept=InventoryNet value=58851000000 unit=iso4217:USD period=instant:2026-01-31 dimensions=none
3. fact_id=F-WMT-0009 concept=CostOfRevenue value=490142000000 unit=iso4217:USD period=duration:2023-02-01/2024-01-31 dimensions=none
4. fact_id=F-WMT-0044 concept=CostOfRevenue value=323563000000 unit=iso4217:USD period=duration:2023-02-01/2024-01-31 dimensions=srt:ConsolidationItemsAxis=us-gaap:OperatingSegmentsMember; us-gaap:StatementBusinessSegmentsAxis=wmt:WalmartUSMember
5. fact_id=F-WMT-0053 concept=CostOfRevenue value=89831000000 unit=iso4217:USD period=duration:2023-02-01/2024-01-31 dimensions=srt:ConsolidationItemsAxis=us-gaap:OperatingSegmentsMember; us-gaap:StatementBusinessSegmentsAxis=wmt:WalmartInternationalMember
6. fact_id=F-WMT-0074 concept=CostOfRevenueSellingGeneralAndAdministrativeExpensesForFuelSales value=10600000000 unit=iso4217:USD period=duration:2023-02-01/2024-01-31 dimensions=us-gaap:StatementBusinessSegmentsAxis=wmt:SamsClubUSMember
7. fact_id=F-WMT-0073 concept=CostOfRevenueSellingGeneralAndAdministrativeExpensesForFuelSales value=9900000000 unit=iso4217:USD period=duration:2024-02-01/2025-01-31 dimensions=us-gaap:StatementBusinessSegmentsAxis=wmt:SamsClubUSMember
8. fact_id=F-WMT-0072 concept=CostOfRevenueSellingGeneralAndAdministrativeExpensesForFuelSales value=8700000000 unit=iso4217:USD period=duration:2025-02-01/2026-01-31 dimensions=us-gaap:StatementBusinessSegmentsAxis=wmt:SamsClubUSMember

Relation paths:
1. path_id=X-WMT-0065 relation_type=calculation source=us-gaap:AssetsCurrent (Assets, Current) -> target=us-gaap:InventoryNet (Inventory, Net) arcrole=http://www.xbrl.org/2003/arcrole/summation-item role=http://www.walmart.com/role/ConsolidatedBalanceSheets
2. path_id=X-WMT-0070 relation_type=calculation source=us-gaap:DeferredIncomeTaxLiabilities (Deferred Tax Liabilities, Gross) -> target=us-gaap:DeferredTaxLiabilitiesDeferredExpenseCapitalizedInventoryCosts (Deferred Tax Liabilities, Inventory) arcrole=http://www.xbrl.org/2003/arcrole/summation-item role=http://www.walmart.com/role/TaxesScheduleofDeferredTaxBalancesDetails
3. path_id=X-WMT-0066 relation_type=calculation source=us-gaap:NetCashProvidedByUsedInOperatingActivities (Cash Provided by (Used in) Operating Activity, Including Discontinued Operation) -> target=us-gaap:IncreaseDecreaseInRetailRelatedInventories (Increase (Decrease) in Retail Related Inventories) arcrole=http://www.xbrl.org/2003/arcrole/summation-item role=http://www.walmart.com/role/ConsolidatedStatementsofCashFlows
4. path_id=X-WMT-0007 relation_type=presentation source=us-gaap:AssetsCurrentAbstract (Assets, Current [Abstract]) -> target=us-gaap:InventoryNet (Inventory, Net) arcrole=http://www.xbrl.org/2003/arcrole/parent-child role=http://www.walmart.com/role/ConsolidatedBalanceSheets
5. path_id=X-WMT-0026 relation_type=presentation source=us-gaap:DeferredTaxLiabilitiesAbstract (Deferred Tax Liabilities, Gross [Abstract]) -> target=us-gaap:DeferredTaxLiabilitiesDeferredExpenseCapitalizedInventoryCosts (Deferred Tax Liabilities, Inventory) arcrole=http://www.xbrl.org/2003/arcrole/parent-child role=http://www.walmart.com/role/TaxesScheduleofDeferredTaxBalancesDetails
6. path_id=X-WMT-0009 relation_type=presentation source=us-gaap:IncreaseDecreaseInOperatingCapitalAbstract (Adjustment to Reconcile Net Income to Cash Provided by (Used in) Operating Activity, Increase (Decrease) in Operating Capital [Abstract]) -> target=us-gaap:IncreaseDecreaseInRetailRelatedInventories (Increase (Decrease) in Retail Related Inventories) arcrole=http://www.xbrl.org/2003/arcrole/parent-child role=http://www.walmart.com/role/ConsolidatedStatementsofCashFlows","- Claim: As of January 31, 2026, the net inventory value for Walmart Inc. was $58,851,000,000.
  - Claim type: Factual
  - Support used: F-WMT-0012
  - Limitation: This claim is limited to the reported XBRL value for the specific instant of 2026-01-31.

- Claim: Walmart Inc. utilizes various inventory methods depending on store formats and businesses, recording inventories at the lower of cost or market or net realizable value, as appropriate.
  - Claim type: Factual
  - Support used: Text Chunk 2
  - Limitation: This claim is limited to the high-level description of accounting policies provided in the text.

- Claim: The use of multiple valuation methods (lower of cost or market vs. net realizable value) across different store formats and business segments creates a risk regarding the valuation assertion.
  - Claim type: Risk-cue or assertion-mapping
  - Support used: Text Chunk 2
  - Inferential bridge: The application of different valuation standards (LCM vs. NRV) based on the ""nature of the store formats"" increases the complexity of the valuation process, as the auditor must verify that the correct method was applied to the corresponding inventory category.
  - Limitation: The provided context does not specify which store formats or business segments are mapped to which valuation method.

- Claim: The reliance on the Retail Inventory Method (RIM) and the immediate recording of permanent markdowns in the Walmart U.S. segment presents a risk to the valuation assertion.
  - Claim type: Risk-cue or assertion-mapping
  - Support used: Text Chunk 3
  - Inferential bridge: Because RIM achieves ""lower of cost or market"" valuation through the immediate recording of permanent markdowns, any failure to accurately identify or timely record these markdowns would result in an overstatement of inventory value.
  - Limitation: The context provides no information regarding the internal controls used to distinguish between permanent and temporary markdowns.

- Claim: The use of the last-in, first-out (LIFO) valuation method for the Walmart U.S. segment is a consideration for the inventory valuation assertion.
  - Claim type: Risk-cue or assertion-mapping
  - Support used: Text Chunk 3
  - Inferential bridge: LIFO valuation requires the maintenance of inventory layers and the calculation of LIFO reserves; errors in these calculations or the tracking of layers directly impact the reported valuation of inventory.
  - Limitation: The provided context is insufficient as it does not include LIFO reserve balances or details on the LIFO layers."
EXT-C030,WMT,Walmart Inc.,bounded_extension,inventory,hybrid,"The use of the last-in, first-out (LIFO) valuation method for the Walmart U.S. segment is a consideration for the inventory valuation assertion.",Text Chunk 3,,"TEXT RETRIEVAL CONTEXT

[Text Chunk 1]
chunk_id: T-WMT-REVENUE_INVENTORY-020
source_file: wmt-20260131.htm
construct_tag: revenue_inventory
ranking_score: 18
text: Operating, selling, general and administrative expenses include all operating costs of the Company (except cost of sales, as described above), which comprise substantially all labor-related, depreciation and amortization, maintenance and repairs, utilities, and other general operating costs incurred in stores, clubs and other facilities. The majority of the cost of warehousing and occupancy for the Walmart U.S. and Walmart International segments' distribution facilities is included in operating, selling, general and administrative expenses. Because the Company only includes a portion of the cost of its Walmart U.S. and Walmart International segments' distribution facilities in cost of sales, its gross profit and gross profit as a percentage of net sales may not be comparable to those of other retailers that may include all costs related to their distribution facilities in cost of sales and in the calculation of gross profit.

[Text Chunk 2]
chunk_id: T-WMT-INVENTORY-015
source_file: wmt-20260131.htm
construct_tag: inventory
ranking_score: 9
text: The Company utilizes various inventory methods to account for and value its inventories depending upon the nature of the store formats and businesses in each of its segments, resulting in inventories that are recorded at the lower of cost or market or net realizable value, as appropriate.

[Text Chunk 3]
chunk_id: T-WMT-INVENTORY-016
source_file: wmt-20260131.htm
construct_tag: inventory
ranking_score: 9
text: • Walmart U.S. Segment - Inventories are primarily accounted for under the retail inventory method of accounting (""RIM"") to determine inventory cost, using the last-in, first-out (""LIFO"") valuation method. RIM generally results in inventory being valued at the lower of cost or market as permanent markdowns are immediately recorded as a reduction of the retail value of inventory.

XBRL RELATIONAL RETRIEVAL CONTEXT

Facts:
1. fact_id=F-WMT-0013 concept=InventoryNet value=56435000000 unit=iso4217:USD period=instant:2025-01-31 dimensions=none
2. fact_id=F-WMT-0012 concept=InventoryNet value=58851000000 unit=iso4217:USD period=instant:2026-01-31 dimensions=none
3. fact_id=F-WMT-0009 concept=CostOfRevenue value=490142000000 unit=iso4217:USD period=duration:2023-02-01/2024-01-31 dimensions=none
4. fact_id=F-WMT-0044 concept=CostOfRevenue value=323563000000 unit=iso4217:USD period=duration:2023-02-01/2024-01-31 dimensions=srt:ConsolidationItemsAxis=us-gaap:OperatingSegmentsMember; us-gaap:StatementBusinessSegmentsAxis=wmt:WalmartUSMember
5. fact_id=F-WMT-0053 concept=CostOfRevenue value=89831000000 unit=iso4217:USD period=duration:2023-02-01/2024-01-31 dimensions=srt:ConsolidationItemsAxis=us-gaap:OperatingSegmentsMember; us-gaap:StatementBusinessSegmentsAxis=wmt:WalmartInternationalMember
6. fact_id=F-WMT-0074 concept=CostOfRevenueSellingGeneralAndAdministrativeExpensesForFuelSales value=10600000000 unit=iso4217:USD period=duration:2023-02-01/2024-01-31 dimensions=us-gaap:StatementBusinessSegmentsAxis=wmt:SamsClubUSMember
7. fact_id=F-WMT-0073 concept=CostOfRevenueSellingGeneralAndAdministrativeExpensesForFuelSales value=9900000000 unit=iso4217:USD period=duration:2024-02-01/2025-01-31 dimensions=us-gaap:StatementBusinessSegmentsAxis=wmt:SamsClubUSMember
8. fact_id=F-WMT-0072 concept=CostOfRevenueSellingGeneralAndAdministrativeExpensesForFuelSales value=8700000000 unit=iso4217:USD period=duration:2025-02-01/2026-01-31 dimensions=us-gaap:StatementBusinessSegmentsAxis=wmt:SamsClubUSMember

Relation paths:
1. path_id=X-WMT-0065 relation_type=calculation source=us-gaap:AssetsCurrent (Assets, Current) -> target=us-gaap:InventoryNet (Inventory, Net) arcrole=http://www.xbrl.org/2003/arcrole/summation-item role=http://www.walmart.com/role/ConsolidatedBalanceSheets
2. path_id=X-WMT-0070 relation_type=calculation source=us-gaap:DeferredIncomeTaxLiabilities (Deferred Tax Liabilities, Gross) -> target=us-gaap:DeferredTaxLiabilitiesDeferredExpenseCapitalizedInventoryCosts (Deferred Tax Liabilities, Inventory) arcrole=http://www.xbrl.org/2003/arcrole/summation-item role=http://www.walmart.com/role/TaxesScheduleofDeferredTaxBalancesDetails
3. path_id=X-WMT-0066 relation_type=calculation source=us-gaap:NetCashProvidedByUsedInOperatingActivities (Cash Provided by (Used in) Operating Activity, Including Discontinued Operation) -> target=us-gaap:IncreaseDecreaseInRetailRelatedInventories (Increase (Decrease) in Retail Related Inventories) arcrole=http://www.xbrl.org/2003/arcrole/summation-item role=http://www.walmart.com/role/ConsolidatedStatementsofCashFlows
4. path_id=X-WMT-0007 relation_type=presentation source=us-gaap:AssetsCurrentAbstract (Assets, Current [Abstract]) -> target=us-gaap:InventoryNet (Inventory, Net) arcrole=http://www.xbrl.org/2003/arcrole/parent-child role=http://www.walmart.com/role/ConsolidatedBalanceSheets
5. path_id=X-WMT-0026 relation_type=presentation source=us-gaap:DeferredTaxLiabilitiesAbstract (Deferred Tax Liabilities, Gross [Abstract]) -> target=us-gaap:DeferredTaxLiabilitiesDeferredExpenseCapitalizedInventoryCosts (Deferred Tax Liabilities, Inventory) arcrole=http://www.xbrl.org/2003/arcrole/parent-child role=http://www.walmart.com/role/TaxesScheduleofDeferredTaxBalancesDetails
6. path_id=X-WMT-0009 relation_type=presentation source=us-gaap:IncreaseDecreaseInOperatingCapitalAbstract (Adjustment to Reconcile Net Income to Cash Provided by (Used in) Operating Activity, Increase (Decrease) in Operating Capital [Abstract]) -> target=us-gaap:IncreaseDecreaseInRetailRelatedInventories (Increase (Decrease) in Retail Related Inventories) arcrole=http://www.xbrl.org/2003/arcrole/parent-child role=http://www.walmart.com/role/ConsolidatedStatementsofCashFlows","- Claim: As of January 31, 2026, the net inventory value for Walmart Inc. was $58,851,000,000.
  - Claim type: Factual
  - Support used: F-WMT-0012
  - Limitation: This claim is limited to the reported XBRL value for the specific instant of 2026-01-31.

- Claim: Walmart Inc. utilizes various inventory methods depending on store formats and businesses, recording inventories at the lower of cost or market or net realizable value, as appropriate.
  - Claim type: Factual
  - Support used: Text Chunk 2
  - Limitation: This claim is limited to the high-level description of accounting policies provided in the text.

- Claim: The use of multiple valuation methods (lower of cost or market vs. net realizable value) across different store formats and business segments creates a risk regarding the valuation assertion.
  - Claim type: Risk-cue or assertion-mapping
  - Support used: Text Chunk 2
  - Inferential bridge: The application of different valuation standards (LCM vs. NRV) based on the ""nature of the store formats"" increases the complexity of the valuation process, as the auditor must verify that the correct method was applied to the corresponding inventory category.
  - Limitation: The provided context does not specify which store formats or business segments are mapped to which valuation method.

- Claim: The reliance on the Retail Inventory Method (RIM) and the immediate recording of permanent markdowns in the Walmart U.S. segment presents a risk to the valuation assertion.
  - Claim type: Risk-cue or assertion-mapping
  - Support used: Text Chunk 3
  - Inferential bridge: Because RIM achieves ""lower of cost or market"" valuation through the immediate recording of permanent markdowns, any failure to accurately identify or timely record these markdowns would result in an overstatement of inventory value.
  - Limitation: The context provides no information regarding the internal controls used to distinguish between permanent and temporary markdowns.

- Claim: The use of the last-in, first-out (LIFO) valuation method for the Walmart U.S. segment is a consideration for the inventory valuation assertion.
  - Claim type: Risk-cue or assertion-mapping
  - Support used: Text Chunk 3
  - Inferential bridge: LIFO valuation requires the maintenance of inventory layers and the calculation of LIFO reserves; errors in these calculations or the tracking of layers directly impact the reported valuation of inventory.
  - Limitation: The provided context is insufficient as it does not include LIFO reserve balances or details on the LIFO layers."
EXT-C042,HD,"Home Depot, Inc.",bounded_extension,revenue,hybrid,"As of February 1, 2026, and February 2, 2025, performance obligations for unredeemed gift cards were $1.1 billion.",T-HD-REVENUE-056,,"TEXT RETRIEVAL CONTEXT

[Text Chunk 1]
chunk_id: T-HD-REVENUE-056
source_file: hd-20260201.htm
construct_tag: revenue
ranking_score: 25
text: We further record deferred revenue for the sale of gift cards and recognize the associated revenue upon the redemption of those gift cards, which generally occurs within six months of gift card issuance. As of both February 1, 2026 and February 2, 2025, our performance obligations for unredeemed gift cards were $ 1.1 billion. Gift card breakage income, which is our estimate of the portion of our outstanding gift card balance not expected to be redeemed, is recognized in net sales and was immaterial in fiscal 2025, fiscal 2024, and fiscal 2023.

[Text Chunk 2]
chunk_id: T-HD-REVENUE-042
source_file: hd-20260201.htm
construct_tag: revenue
ranking_score: 11
text: Comparable Sales. Comparable sales is a measure that highlights the performance of our existing locations and websites by measuring the change in net sales for a period over the comparable prior period of equivalent length. Comparable sales includes sales at locations, physical and online, open greater than 52 weeks (including remodels and relocations) and excludes closed stores. Acquisitions are typically included in comparable sales after they have been owned for more than 52 weeks. For our calculation of comparable sales in fiscal 2025, we compare weeks 1 through 52 in fiscal 2025 against weeks 2 through 53 in fiscal 2024. Comparable sales is intended only as supplemental information and is not a substitute for net sales presented in accordance with GAAP. The method of calculating comparable sales varies across the retail industry. As a result, our method of calculating comparable sales may not be the same as similarly titled measures reported by other companies.

[Text Chunk 3]
chunk_id: T-HD-REVENUE-015
source_file: hd-20260201.htm
construct_tag: revenue
ranking_score: 9
text: Through our technology infrastructure we are able to provide an improved overall shopping and interconnected experience that empowers our customers to shop and interact with us from a variety of electronic devices and digital platforms at each stage of their shopping journey. We use our digital platforms as sales channels for our products and services as methods of providing inspiration and as sources of product project and other relevant information to our customers to help drive sales. In addition to supporting our DIY and DIFM customers we make other resources available that are designed to serve the needs of Pros including those working on complex projects. We also have multiple online communities digital platforms and knowledge centers that allow us to inform assist and interact with our customers. The retail industry is continually evolving and expanding with a significant increase in sales initiated online and via mobile applications in recent years. We may not be successful at managing this increased ...

XBRL RELATIONAL RETRIEVAL CONTEXT

Facts:
1. fact_id=F-HD-0009 concept=RevenueFromContractWithCustomerExcludingAssessedTax value=152669000000 unit=iso4217:USD period=duration:2023-01-30/2024-01-28 dimensions=none
2. fact_id=F-HD-0050 concept=RevenueFromContractWithCustomerExcludingAssessedTax value=152669000000 unit=iso4217:USD period=duration:2023-01-30/2024-01-28 dimensions=us-gaap:StatementBusinessSegmentsAxis=hd:PrimarySegmentMember
3. fact_id=F-HD-0070 concept=RevenueFromContractWithCustomerExcludingAssessedTax value=52572000000 unit=iso4217:USD period=duration:2023-01-30/2024-01-28 dimensions=srt:ConsolidationItemsAxis=us-gaap:OperatingSegmentsMember; srt:ProductOrServiceAxis=hd:MajorProductLineBuildingMaterialsMember; us-gaap:StatementBusinessSegmentsAxis=hd:PrimarySegmentMember
4. fact_id=F-HD-0044 concept=ContractWithCustomerLiabilityAverageRedemptionPeriod value=P6M unit= period=duration:2025-02-03/2026-02-01 dimensions=none
5. fact_id=F-HD-0042 concept=ContractWithCustomerLiabilityCurrent value=1500000000 unit=iso4217:USD period=instant:2025-02-02 dimensions=none
6. fact_id=F-HD-0043 concept=ContractWithCustomerLiabilityCurrent value=1500000000 unit=iso4217:USD period=instant:2026-02-01 dimensions=none
7. fact_id=F-HD-0006 concept=DeferredRevenueCurrent value=2610000000 unit=iso4217:USD period=instant:2025-02-02 dimensions=none
8. fact_id=F-HD-0005 concept=DeferredRevenueCurrent value=2575000000 unit=iso4217:USD period=instant:2026-02-01 dimensions=none

Relation paths:
1. path_id=X-HD-0130 relation_type=definition source=us-gaap:EntityWideInformationRevenueFromExternalCustomerLineItems (Revenue from External Customer [Line Items]) -> target=us-gaap:RevenueFromContractWithCustomerExcludingAssessedTax (Revenue from Contract with Customer, Excluding Assessed Tax) arcrole=http://xbrl.org/int/dim/arcrole/domain-member role=http://www.homedepot.com/role/SEGMENTREPORTINGANDNETSALESSignificantExpenseUsedByOurCODMDetails
2. path_id=X-HD-0164 relation_type=definition source=us-gaap:EntityWideInformationRevenueFromExternalCustomerLineItems (Revenue from External Customer [Line Items]) -> target=us-gaap:RevenueFromContractWithCustomerExcludingAssessedTax (Revenue from Contract with Customer, Excluding Assessed Tax) arcrole=http://xbrl.org/int/dim/arcrole/domain-member role=http://www.homedepot.com/role/SEGMENTREPORTINGANDNETSALESRevenuefromExternalCustomersbyProductsandServicesDetails
3. path_id=X-HD-0148 relation_type=definition source=us-gaap:RevenuesFromExternalCustomersAndLongLivedAssetsLineItems (Revenues from External Customers and Long-Lived Assets [Line Items]) -> target=us-gaap:RevenueFromContractWithCustomerExcludingAssessedTax (Revenue from Contract with Customer, Excluding Assessed Tax) arcrole=http://xbrl.org/int/dim/arcrole/domain-member role=http://www.homedepot.com/role/SEGMENTREPORTINGANDNETSALESScheduleofLongLivedAssetsbyGeographicAreasDetails
4. path_id=X-HD-0156 relation_type=definition source=us-gaap:RevenuesFromExternalCustomersAndLongLivedAssetsLineItems (Revenues from External Customers and Long-Lived Assets [Line Items]) -> target=us-gaap:RevenueFromContractWithCustomerExcludingAssessedTax (Revenue from Contract with Customer, Excluding Assessed Tax) arcrole=http://xbrl.org/int/dim/arcrole/domain-member role=http://www.homedepot.com/role/SEGMENTREPORTINGANDNETSALESScheduleofNetSalesByMajorProductLineDetails
5. path_id=X-HD-0168 relation_type=definition source=us-gaap:RevenuesFromExternalCustomersAndLongLivedAssetsLineItems (Revenues from External Customers and Long-Lived Assets [Line Items]) -> target=us-gaap:RevenueFromContractWithCustomerExcludingAssessedTax (Revenue from Contract with Customer, Excluding Assessed Tax) arcrole=http://xbrl.org/int/dim/arcrole/domain-member role=http://www.homedepot.com/role/SEGMENTREPORTINGANDNETSALESScheduleofProductsandServicesDetails
6. path_id=X-HD-0041 relation_type=presentation source=us-gaap:EntityWideInformationRevenueFromExternalCustomerLineItems (Revenue from External Customer [Line Items]) -> target=us-gaap:RevenueFromContractWithCustomerExcludingAssessedTax (Revenue from Contract with Customer, Excluding Assessed Tax) arcrole=http://www.xbrl.org/2003/arcrole/parent-child role=http://www.homedepot.com/role/SEGMENTREPORTINGANDNETSALESSignificantExpenseUsedByOurCODMDetails","- Claim: As of February 1, 2026, and February 2, 2025, performance obligations for unredeemed gift cards were $1.1 billion.
  - Claim type: Factual
  - Support used: T-HD-REVENUE-056
  - Limitation: This claim is limited to the specific snapshot dates provided in the text.

- Claim: Revenue from contracts with customers (excluding assessed tax) for the period from 2023-01-30 to 2024-01-28 was $152,669,000,000.
  - Claim type: Factual
  - Support used: F-HD-0009
  - Limitation: This measurement pertains to the prior fiscal period and not the current fiscal year 2025 period ended 2026-02-01.

- Claim: The recognition of gift card breakage income is based on an estimate of the portion of outstanding gift card balances not expected to be redeemed.
  - Claim type: Risk-cue or assertion-mapping
  - Support used: T-HD-REVENUE-056
  - Inferential bridge: The use of management estimates to determine breakage income introduces subjectivity into the net sales calculation, which may impact the accuracy and valuation assertions for revenue.
  - Limitation: The provided context does not disclose the specific estimation methodology or the controls used to monitor and update the breakage rate.

- Claim: Revenue for gift cards is recognized upon redemption, which generally occurs within six months of issuance.
  - Claim type: Risk-cue or assertion-mapping
  - Support used: T-HD-REVENUE-056, F-HD-0044
  - Inferential bridge: Because revenue recognition is triggered by a specific event (redemption) rather than a fixed date, there is a risk regarding the cut-off assertion, specifically whether redemptions are recorded in the correct accounting period.
  - Limitation: The context lacks detail on the automated controls or reconciliation processes used to ensure redemptions are captured in real-time.

- Claim: There has been a significant increase in sales initiated online and via mobile applications.
  - Claim type: Risk-cue or assertion-mapping
  - Support used: T-HD-REVENUE-015
  - Inferential bridge: An increase in the volume and complexity of digital sales channels increases the risk that system errors or integration failures could lead to incomplete or inaccurate recording of revenue (Completeness and Accuracy assertions).
  - Limitation: The provided text does not provide information regarding the IT general controls (ITGCs) or application controls governing the digital sales infrastructure."
EXT-C043,HD,"Home Depot, Inc.",bounded_extension,revenue,hybrid,"Revenue from contracts with customers (excluding assessed tax) for the period from 2023-01-30 to 2024-01-28 was $152,669,000,000.",,F-HD-0009,"TEXT RETRIEVAL CONTEXT

[Text Chunk 1]
chunk_id: T-HD-REVENUE-056
source_file: hd-20260201.htm
construct_tag: revenue
ranking_score: 25
text: We further record deferred revenue for the sale of gift cards and recognize the associated revenue upon the redemption of those gift cards, which generally occurs within six months of gift card issuance. As of both February 1, 2026 and February 2, 2025, our performance obligations for unredeemed gift cards were $ 1.1 billion. Gift card breakage income, which is our estimate of the portion of our outstanding gift card balance not expected to be redeemed, is recognized in net sales and was immaterial in fiscal 2025, fiscal 2024, and fiscal 2023.

[Text Chunk 2]
chunk_id: T-HD-REVENUE-042
source_file: hd-20260201.htm
construct_tag: revenue
ranking_score: 11
text: Comparable Sales. Comparable sales is a measure that highlights the performance of our existing locations and websites by measuring the change in net sales for a period over the comparable prior period of equivalent length. Comparable sales includes sales at locations, physical and online, open greater than 52 weeks (including remodels and relocations) and excludes closed stores. Acquisitions are typically included in comparable sales after they have been owned for more than 52 weeks. For our calculation of comparable sales in fiscal 2025, we compare weeks 1 through 52 in fiscal 2025 against weeks 2 through 53 in fiscal 2024. Comparable sales is intended only as supplemental information and is not a substitute for net sales presented in accordance with GAAP. The method of calculating comparable sales varies across the retail industry. As a result, our method of calculating comparable sales may not be the same as similarly titled measures reported by other companies.

[Text Chunk 3]
chunk_id: T-HD-REVENUE-015
source_file: hd-20260201.htm
construct_tag: revenue
ranking_score: 9
text: Through our technology infrastructure we are able to provide an improved overall shopping and interconnected experience that empowers our customers to shop and interact with us from a variety of electronic devices and digital platforms at each stage of their shopping journey. We use our digital platforms as sales channels for our products and services as methods of providing inspiration and as sources of product project and other relevant information to our customers to help drive sales. In addition to supporting our DIY and DIFM customers we make other resources available that are designed to serve the needs of Pros including those working on complex projects. We also have multiple online communities digital platforms and knowledge centers that allow us to inform assist and interact with our customers. The retail industry is continually evolving and expanding with a significant increase in sales initiated online and via mobile applications in recent years. We may not be successful at managing this increased ...

XBRL RELATIONAL RETRIEVAL CONTEXT

Facts:
1. fact_id=F-HD-0009 concept=RevenueFromContractWithCustomerExcludingAssessedTax value=152669000000 unit=iso4217:USD period=duration:2023-01-30/2024-01-28 dimensions=none
2. fact_id=F-HD-0050 concept=RevenueFromContractWithCustomerExcludingAssessedTax value=152669000000 unit=iso4217:USD period=duration:2023-01-30/2024-01-28 dimensions=us-gaap:StatementBusinessSegmentsAxis=hd:PrimarySegmentMember
3. fact_id=F-HD-0070 concept=RevenueFromContractWithCustomerExcludingAssessedTax value=52572000000 unit=iso4217:USD period=duration:2023-01-30/2024-01-28 dimensions=srt:ConsolidationItemsAxis=us-gaap:OperatingSegmentsMember; srt:ProductOrServiceAxis=hd:MajorProductLineBuildingMaterialsMember; us-gaap:StatementBusinessSegmentsAxis=hd:PrimarySegmentMember
4. fact_id=F-HD-0044 concept=ContractWithCustomerLiabilityAverageRedemptionPeriod value=P6M unit= period=duration:2025-02-03/2026-02-01 dimensions=none
5. fact_id=F-HD-0042 concept=ContractWithCustomerLiabilityCurrent value=1500000000 unit=iso4217:USD period=instant:2025-02-02 dimensions=none
6. fact_id=F-HD-0043 concept=ContractWithCustomerLiabilityCurrent value=1500000000 unit=iso4217:USD period=instant:2026-02-01 dimensions=none
7. fact_id=F-HD-0006 concept=DeferredRevenueCurrent value=2610000000 unit=iso4217:USD period=instant:2025-02-02 dimensions=none
8. fact_id=F-HD-0005 concept=DeferredRevenueCurrent value=2575000000 unit=iso4217:USD period=instant:2026-02-01 dimensions=none

Relation paths:
1. path_id=X-HD-0130 relation_type=definition source=us-gaap:EntityWideInformationRevenueFromExternalCustomerLineItems (Revenue from External Customer [Line Items]) -> target=us-gaap:RevenueFromContractWithCustomerExcludingAssessedTax (Revenue from Contract with Customer, Excluding Assessed Tax) arcrole=http://xbrl.org/int/dim/arcrole/domain-member role=http://www.homedepot.com/role/SEGMENTREPORTINGANDNETSALESSignificantExpenseUsedByOurCODMDetails
2. path_id=X-HD-0164 relation_type=definition source=us-gaap:EntityWideInformationRevenueFromExternalCustomerLineItems (Revenue from External Customer [Line Items]) -> target=us-gaap:RevenueFromContractWithCustomerExcludingAssessedTax (Revenue from Contract with Customer, Excluding Assessed Tax) arcrole=http://xbrl.org/int/dim/arcrole/domain-member role=http://www.homedepot.com/role/SEGMENTREPORTINGANDNETSALESRevenuefromExternalCustomersbyProductsandServicesDetails
3. path_id=X-HD-0148 relation_type=definition source=us-gaap:RevenuesFromExternalCustomersAndLongLivedAssetsLineItems (Revenues from External Customers and Long-Lived Assets [Line Items]) -> target=us-gaap:RevenueFromContractWithCustomerExcludingAssessedTax (Revenue from Contract with Customer, Excluding Assessed Tax) arcrole=http://xbrl.org/int/dim/arcrole/domain-member role=http://www.homedepot.com/role/SEGMENTREPORTINGANDNETSALESScheduleofLongLivedAssetsbyGeographicAreasDetails
4. path_id=X-HD-0156 relation_type=definition source=us-gaap:RevenuesFromExternalCustomersAndLongLivedAssetsLineItems (Revenues from External Customers and Long-Lived Assets [Line Items]) -> target=us-gaap:RevenueFromContractWithCustomerExcludingAssessedTax (Revenue from Contract with Customer, Excluding Assessed Tax) arcrole=http://xbrl.org/int/dim/arcrole/domain-member role=http://www.homedepot.com/role/SEGMENTREPORTINGANDNETSALESScheduleofNetSalesByMajorProductLineDetails
5. path_id=X-HD-0168 relation_type=definition source=us-gaap:RevenuesFromExternalCustomersAndLongLivedAssetsLineItems (Revenues from External Customers and Long-Lived Assets [Line Items]) -> target=us-gaap:RevenueFromContractWithCustomerExcludingAssessedTax (Revenue from Contract with Customer, Excluding Assessed Tax) arcrole=http://xbrl.org/int/dim/arcrole/domain-member role=http://www.homedepot.com/role/SEGMENTREPORTINGANDNETSALESScheduleofProductsandServicesDetails
6. path_id=X-HD-0041 relation_type=presentation source=us-gaap:EntityWideInformationRevenueFromExternalCustomerLineItems (Revenue from External Customer [Line Items]) -> target=us-gaap:RevenueFromContractWithCustomerExcludingAssessedTax (Revenue from Contract with Customer, Excluding Assessed Tax) arcrole=http://www.xbrl.org/2003/arcrole/parent-child role=http://www.homedepot.com/role/SEGMENTREPORTINGANDNETSALESSignificantExpenseUsedByOurCODMDetails","- Claim: As of February 1, 2026, and February 2, 2025, performance obligations for unredeemed gift cards were $1.1 billion.
  - Claim type: Factual
  - Support used: T-HD-REVENUE-056
  - Limitation: This claim is limited to the specific snapshot dates provided in the text.

- Claim: Revenue from contracts with customers (excluding assessed tax) for the period from 2023-01-30 to 2024-01-28 was $152,669,000,000.
  - Claim type: Factual
  - Support used: F-HD-0009
  - Limitation: This measurement pertains to the prior fiscal period and not the current fiscal year 2025 period ended 2026-02-01.

- Claim: The recognition of gift card breakage income is based on an estimate of the portion of outstanding gift card balances not expected to be redeemed.
  - Claim type: Risk-cue or assertion-mapping
  - Support used: T-HD-REVENUE-056
  - Inferential bridge: The use of management estimates to determine breakage income introduces subjectivity into the net sales calculation, which may impact the accuracy and valuation assertions for revenue.
  - Limitation: The provided context does not disclose the specific estimation methodology or the controls used to monitor and update the breakage rate.

- Claim: Revenue for gift cards is recognized upon redemption, which generally occurs within six months of issuance.
  - Claim type: Risk-cue or assertion-mapping
  - Support used: T-HD-REVENUE-056, F-HD-0044
  - Inferential bridge: Because revenue recognition is triggered by a specific event (redemption) rather than a fixed date, there is a risk regarding the cut-off assertion, specifically whether redemptions are recorded in the correct accounting period.
  - Limitation: The context lacks detail on the automated controls or reconciliation processes used to ensure redemptions are captured in real-time.

- Claim: There has been a significant increase in sales initiated online and via mobile applications.
  - Claim type: Risk-cue or assertion-mapping
  - Support used: T-HD-REVENUE-015
  - Inferential bridge: An increase in the volume and complexity of digital sales channels increases the risk that system errors or integration failures could lead to incomplete or inaccurate recording of revenue (Completeness and Accuracy assertions).
  - Limitation: The provided text does not provide information regarding the IT general controls (ITGCs) or application controls governing the digital sales infrastructure."
EXT-C044,HD,"Home Depot, Inc.",bounded_extension,revenue,hybrid,The recognition of gift card breakage income is based on an estimate of the portion of outstanding gift card balances not expected to be redeemed.,T-HD-REVENUE-056,,"TEXT RETRIEVAL CONTEXT

[Text Chunk 1]
chunk_id: T-HD-REVENUE-056
source_file: hd-20260201.htm
construct_tag: revenue
ranking_score: 25
text: We further record deferred revenue for the sale of gift cards and recognize the associated revenue upon the redemption of those gift cards, which generally occurs within six months of gift card issuance. As of both February 1, 2026 and February 2, 2025, our performance obligations for unredeemed gift cards were $ 1.1 billion. Gift card breakage income, which is our estimate of the portion of our outstanding gift card balance not expected to be redeemed, is recognized in net sales and was immaterial in fiscal 2025, fiscal 2024, and fiscal 2023.

[Text Chunk 2]
chunk_id: T-HD-REVENUE-042
source_file: hd-20260201.htm
construct_tag: revenue
ranking_score: 11
text: Comparable Sales. Comparable sales is a measure that highlights the performance of our existing locations and websites by measuring the change in net sales for a period over the comparable prior period of equivalent length. Comparable sales includes sales at locations, physical and online, open greater than 52 weeks (including remodels and relocations) and excludes closed stores. Acquisitions are typically included in comparable sales after they have been owned for more than 52 weeks. For our calculation of comparable sales in fiscal 2025, we compare weeks 1 through 52 in fiscal 2025 against weeks 2 through 53 in fiscal 2024. Comparable sales is intended only as supplemental information and is not a substitute for net sales presented in accordance with GAAP. The method of calculating comparable sales varies across the retail industry. As a result, our method of calculating comparable sales may not be the same as similarly titled measures reported by other companies.

[Text Chunk 3]
chunk_id: T-HD-REVENUE-015
source_file: hd-20260201.htm
construct_tag: revenue
ranking_score: 9
text: Through our technology infrastructure we are able to provide an improved overall shopping and interconnected experience that empowers our customers to shop and interact with us from a variety of electronic devices and digital platforms at each stage of their shopping journey. We use our digital platforms as sales channels for our products and services as methods of providing inspiration and as sources of product project and other relevant information to our customers to help drive sales. In addition to supporting our DIY and DIFM customers we make other resources available that are designed to serve the needs of Pros including those working on complex projects. We also have multiple online communities digital platforms and knowledge centers that allow us to inform assist and interact with our customers. The retail industry is continually evolving and expanding with a significant increase in sales initiated online and via mobile applications in recent years. We may not be successful at managing this increased ...

XBRL RELATIONAL RETRIEVAL CONTEXT

Facts:
1. fact_id=F-HD-0009 concept=RevenueFromContractWithCustomerExcludingAssessedTax value=152669000000 unit=iso4217:USD period=duration:2023-01-30/2024-01-28 dimensions=none
2. fact_id=F-HD-0050 concept=RevenueFromContractWithCustomerExcludingAssessedTax value=152669000000 unit=iso4217:USD period=duration:2023-01-30/2024-01-28 dimensions=us-gaap:StatementBusinessSegmentsAxis=hd:PrimarySegmentMember
3. fact_id=F-HD-0070 concept=RevenueFromContractWithCustomerExcludingAssessedTax value=52572000000 unit=iso4217:USD period=duration:2023-01-30/2024-01-28 dimensions=srt:ConsolidationItemsAxis=us-gaap:OperatingSegmentsMember; srt:ProductOrServiceAxis=hd:MajorProductLineBuildingMaterialsMember; us-gaap:StatementBusinessSegmentsAxis=hd:PrimarySegmentMember
4. fact_id=F-HD-0044 concept=ContractWithCustomerLiabilityAverageRedemptionPeriod value=P6M unit= period=duration:2025-02-03/2026-02-01 dimensions=none
5. fact_id=F-HD-0042 concept=ContractWithCustomerLiabilityCurrent value=1500000000 unit=iso4217:USD period=instant:2025-02-02 dimensions=none
6. fact_id=F-HD-0043 concept=ContractWithCustomerLiabilityCurrent value=1500000000 unit=iso4217:USD period=instant:2026-02-01 dimensions=none
7. fact_id=F-HD-0006 concept=DeferredRevenueCurrent value=2610000000 unit=iso4217:USD period=instant:2025-02-02 dimensions=none
8. fact_id=F-HD-0005 concept=DeferredRevenueCurrent value=2575000000 unit=iso4217:USD period=instant:2026-02-01 dimensions=none

Relation paths:
1. path_id=X-HD-0130 relation_type=definition source=us-gaap:EntityWideInformationRevenueFromExternalCustomerLineItems (Revenue from External Customer [Line Items]) -> target=us-gaap:RevenueFromContractWithCustomerExcludingAssessedTax (Revenue from Contract with Customer, Excluding Assessed Tax) arcrole=http://xbrl.org/int/dim/arcrole/domain-member role=http://www.homedepot.com/role/SEGMENTREPORTINGANDNETSALESSignificantExpenseUsedByOurCODMDetails
2. path_id=X-HD-0164 relation_type=definition source=us-gaap:EntityWideInformationRevenueFromExternalCustomerLineItems (Revenue from External Customer [Line Items]) -> target=us-gaap:RevenueFromContractWithCustomerExcludingAssessedTax (Revenue from Contract with Customer, Excluding Assessed Tax) arcrole=http://xbrl.org/int/dim/arcrole/domain-member role=http://www.homedepot.com/role/SEGMENTREPORTINGANDNETSALESRevenuefromExternalCustomersbyProductsandServicesDetails
3. path_id=X-HD-0148 relation_type=definition source=us-gaap:RevenuesFromExternalCustomersAndLongLivedAssetsLineItems (Revenues from External Customers and Long-Lived Assets [Line Items]) -> target=us-gaap:RevenueFromContractWithCustomerExcludingAssessedTax (Revenue from Contract with Customer, Excluding Assessed Tax) arcrole=http://xbrl.org/int/dim/arcrole/domain-member role=http://www.homedepot.com/role/SEGMENTREPORTINGANDNETSALESScheduleofLongLivedAssetsbyGeographicAreasDetails
4. path_id=X-HD-0156 relation_type=definition source=us-gaap:RevenuesFromExternalCustomersAndLongLivedAssetsLineItems (Revenues from External Customers and Long-Lived Assets [Line Items]) -> target=us-gaap:RevenueFromContractWithCustomerExcludingAssessedTax (Revenue from Contract with Customer, Excluding Assessed Tax) arcrole=http://xbrl.org/int/dim/arcrole/domain-member role=http://www.homedepot.com/role/SEGMENTREPORTINGANDNETSALESScheduleofNetSalesByMajorProductLineDetails
5. path_id=X-HD-0168 relation_type=definition source=us-gaap:RevenuesFromExternalCustomersAndLongLivedAssetsLineItems (Revenues from External Customers and Long-Lived Assets [Line Items]) -> target=us-gaap:RevenueFromContractWithCustomerExcludingAssessedTax (Revenue from Contract with Customer, Excluding Assessed Tax) arcrole=http://xbrl.org/int/dim/arcrole/domain-member role=http://www.homedepot.com/role/SEGMENTREPORTINGANDNETSALESScheduleofProductsandServicesDetails
6. path_id=X-HD-0041 relation_type=presentation source=us-gaap:EntityWideInformationRevenueFromExternalCustomerLineItems (Revenue from External Customer [Line Items]) -> target=us-gaap:RevenueFromContractWithCustomerExcludingAssessedTax (Revenue from Contract with Customer, Excluding Assessed Tax) arcrole=http://www.xbrl.org/2003/arcrole/parent-child role=http://www.homedepot.com/role/SEGMENTREPORTINGANDNETSALESSignificantExpenseUsedByOurCODMDetails","- Claim: As of February 1, 2026, and February 2, 2025, performance obligations for unredeemed gift cards were $1.1 billion.
  - Claim type: Factual
  - Support used: T-HD-REVENUE-056
  - Limitation: This claim is limited to the specific snapshot dates provided in the text.

- Claim: Revenue from contracts with customers (excluding assessed tax) for the period from 2023-01-30 to 2024-01-28 was $152,669,000,000.
  - Claim type: Factual
  - Support used: F-HD-0009
  - Limitation: This measurement pertains to the prior fiscal period and not the current fiscal year 2025 period ended 2026-02-01.

- Claim: The recognition of gift card breakage income is based on an estimate of the portion of outstanding gift card balances not expected to be redeemed.
  - Claim type: Risk-cue or assertion-mapping
  - Support used: T-HD-REVENUE-056
  - Inferential bridge: The use of management estimates to determine breakage income introduces subjectivity into the net sales calculation, which may impact the accuracy and valuation assertions for revenue.
  - Limitation: The provided context does not disclose the specific estimation methodology or the controls used to monitor and update the breakage rate.

- Claim: Revenue for gift cards is recognized upon redemption, which generally occurs within six months of issuance.
  - Claim type: Risk-cue or assertion-mapping
  - Support used: T-HD-REVENUE-056, F-HD-0044
  - Inferential bridge: Because revenue recognition is triggered by a specific event (redemption) rather than a fixed date, there is a risk regarding the cut-off assertion, specifically whether redemptions are recorded in the correct accounting period.
  - Limitation: The context lacks detail on the automated controls or reconciliation processes used to ensure redemptions are captured in real-time.

- Claim: There has been a significant increase in sales initiated online and via mobile applications.
  - Claim type: Risk-cue or assertion-mapping
  - Support used: T-HD-REVENUE-015
  - Inferential bridge: An increase in the volume and complexity of digital sales channels increases the risk that system errors or integration failures could lead to incomplete or inaccurate recording of revenue (Completeness and Accuracy assertions).
  - Limitation: The provided text does not provide information regarding the IT general controls (ITGCs) or application controls governing the digital sales infrastructure."
EXT-C045,HD,"Home Depot, Inc.",bounded_extension,revenue,hybrid,"Revenue for gift cards is recognized upon redemption, which generally occurs within six months of issuance.",T-HD-REVENUE-056,F-HD-0044,"TEXT RETRIEVAL CONTEXT

[Text Chunk 1]
chunk_id: T-HD-REVENUE-056
source_file: hd-20260201.htm
construct_tag: revenue
ranking_score: 25
text: We further record deferred revenue for the sale of gift cards and recognize the associated revenue upon the redemption of those gift cards, which generally occurs within six months of gift card issuance. As of both February 1, 2026 and February 2, 2025, our performance obligations for unredeemed gift cards were $ 1.1 billion. Gift card breakage income, which is our estimate of the portion of our outstanding gift card balance not expected to be redeemed, is recognized in net sales and was immaterial in fiscal 2025, fiscal 2024, and fiscal 2023.

[Text Chunk 2]
chunk_id: T-HD-REVENUE-042
source_file: hd-20260201.htm
construct_tag: revenue
ranking_score: 11
text: Comparable Sales. Comparable sales is a measure that highlights the performance of our existing locations and websites by measuring the change in net sales for a period over the comparable prior period of equivalent length. Comparable sales includes sales at locations, physical and online, open greater than 52 weeks (including remodels and relocations) and excludes closed stores. Acquisitions are typically included in comparable sales after they have been owned for more than 52 weeks. For our calculation of comparable sales in fiscal 2025, we compare weeks 1 through 52 in fiscal 2025 against weeks 2 through 53 in fiscal 2024. Comparable sales is intended only as supplemental information and is not a substitute for net sales presented in accordance with GAAP. The method of calculating comparable sales varies across the retail industry. As a result, our method of calculating comparable sales may not be the same as similarly titled measures reported by other companies.

[Text Chunk 3]
chunk_id: T-HD-REVENUE-015
source_file: hd-20260201.htm
construct_tag: revenue
ranking_score: 9
text: Through our technology infrastructure we are able to provide an improved overall shopping and interconnected experience that empowers our customers to shop and interact with us from a variety of electronic devices and digital platforms at each stage of their shopping journey. We use our digital platforms as sales channels for our products and services as methods of providing inspiration and as sources of product project and other relevant information to our customers to help drive sales. In addition to supporting our DIY and DIFM customers we make other resources available that are designed to serve the needs of Pros including those working on complex projects. We also have multiple online communities digital platforms and knowledge centers that allow us to inform assist and interact with our customers. The retail industry is continually evolving and expanding with a significant increase in sales initiated online and via mobile applications in recent years. We may not be successful at managing this increased ...

XBRL RELATIONAL RETRIEVAL CONTEXT

Facts:
1. fact_id=F-HD-0009 concept=RevenueFromContractWithCustomerExcludingAssessedTax value=152669000000 unit=iso4217:USD period=duration:2023-01-30/2024-01-28 dimensions=none
2. fact_id=F-HD-0050 concept=RevenueFromContractWithCustomerExcludingAssessedTax value=152669000000 unit=iso4217:USD period=duration:2023-01-30/2024-01-28 dimensions=us-gaap:StatementBusinessSegmentsAxis=hd:PrimarySegmentMember
3. fact_id=F-HD-0070 concept=RevenueFromContractWithCustomerExcludingAssessedTax value=52572000000 unit=iso4217:USD period=duration:2023-01-30/2024-01-28 dimensions=srt:ConsolidationItemsAxis=us-gaap:OperatingSegmentsMember; srt:ProductOrServiceAxis=hd:MajorProductLineBuildingMaterialsMember; us-gaap:StatementBusinessSegmentsAxis=hd:PrimarySegmentMember
4. fact_id=F-HD-0044 concept=ContractWithCustomerLiabilityAverageRedemptionPeriod value=P6M unit= period=duration:2025-02-03/2026-02-01 dimensions=none
5. fact_id=F-HD-0042 concept=ContractWithCustomerLiabilityCurrent value=1500000000 unit=iso4217:USD period=instant:2025-02-02 dimensions=none
6. fact_id=F-HD-0043 concept=ContractWithCustomerLiabilityCurrent value=1500000000 unit=iso4217:USD period=instant:2026-02-01 dimensions=none
7. fact_id=F-HD-0006 concept=DeferredRevenueCurrent value=2610000000 unit=iso4217:USD period=instant:2025-02-02 dimensions=none
8. fact_id=F-HD-0005 concept=DeferredRevenueCurrent value=2575000000 unit=iso4217:USD period=instant:2026-02-01 dimensions=none

Relation paths:
1. path_id=X-HD-0130 relation_type=definition source=us-gaap:EntityWideInformationRevenueFromExternalCustomerLineItems (Revenue from External Customer [Line Items]) -> target=us-gaap:RevenueFromContractWithCustomerExcludingAssessedTax (Revenue from Contract with Customer, Excluding Assessed Tax) arcrole=http://xbrl.org/int/dim/arcrole/domain-member role=http://www.homedepot.com/role/SEGMENTREPORTINGANDNETSALESSignificantExpenseUsedByOurCODMDetails
2. path_id=X-HD-0164 relation_type=definition source=us-gaap:EntityWideInformationRevenueFromExternalCustomerLineItems (Revenue from External Customer [Line Items]) -> target=us-gaap:RevenueFromContractWithCustomerExcludingAssessedTax (Revenue from Contract with Customer, Excluding Assessed Tax) arcrole=http://xbrl.org/int/dim/arcrole/domain-member role=http://www.homedepot.com/role/SEGMENTREPORTINGANDNETSALESRevenuefromExternalCustomersbyProductsandServicesDetails
3. path_id=X-HD-0148 relation_type=definition source=us-gaap:RevenuesFromExternalCustomersAndLongLivedAssetsLineItems (Revenues from External Customers and Long-Lived Assets [Line Items]) -> target=us-gaap:RevenueFromContractWithCustomerExcludingAssessedTax (Revenue from Contract with Customer, Excluding Assessed Tax) arcrole=http://xbrl.org/int/dim/arcrole/domain-member role=http://www.homedepot.com/role/SEGMENTREPORTINGANDNETSALESScheduleofLongLivedAssetsbyGeographicAreasDetails
4. path_id=X-HD-0156 relation_type=definition source=us-gaap:RevenuesFromExternalCustomersAndLongLivedAssetsLineItems (Revenues from External Customers and Long-Lived Assets [Line Items]) -> target=us-gaap:RevenueFromContractWithCustomerExcludingAssessedTax (Revenue from Contract with Customer, Excluding Assessed Tax) arcrole=http://xbrl.org/int/dim/arcrole/domain-member role=http://www.homedepot.com/role/SEGMENTREPORTINGANDNETSALESScheduleofNetSalesByMajorProductLineDetails
5. path_id=X-HD-0168 relation_type=definition source=us-gaap:RevenuesFromExternalCustomersAndLongLivedAssetsLineItems (Revenues from External Customers and Long-Lived Assets [Line Items]) -> target=us-gaap:RevenueFromContractWithCustomerExcludingAssessedTax (Revenue from Contract with Customer, Excluding Assessed Tax) arcrole=http://xbrl.org/int/dim/arcrole/domain-member role=http://www.homedepot.com/role/SEGMENTREPORTINGANDNETSALESScheduleofProductsandServicesDetails
6. path_id=X-HD-0041 relation_type=presentation source=us-gaap:EntityWideInformationRevenueFromExternalCustomerLineItems (Revenue from External Customer [Line Items]) -> target=us-gaap:RevenueFromContractWithCustomerExcludingAssessedTax (Revenue from Contract with Customer, Excluding Assessed Tax) arcrole=http://www.xbrl.org/2003/arcrole/parent-child role=http://www.homedepot.com/role/SEGMENTREPORTINGANDNETSALESSignificantExpenseUsedByOurCODMDetails","- Claim: As of February 1, 2026, and February 2, 2025, performance obligations for unredeemed gift cards were $1.1 billion.
  - Claim type: Factual
  - Support used: T-HD-REVENUE-056
  - Limitation: This claim is limited to the specific snapshot dates provided in the text.

- Claim: Revenue from contracts with customers (excluding assessed tax) for the period from 2023-01-30 to 2024-01-28 was $152,669,000,000.
  - Claim type: Factual
  - Support used: F-HD-0009
  - Limitation: This measurement pertains to the prior fiscal period and not the current fiscal year 2025 period ended 2026-02-01.

- Claim: The recognition of gift card breakage income is based on an estimate of the portion of outstanding gift card balances not expected to be redeemed.
  - Claim type: Risk-cue or assertion-mapping
  - Support used: T-HD-REVENUE-056
  - Inferential bridge: The use of management estimates to determine breakage income introduces subjectivity into the net sales calculation, which may impact the accuracy and valuation assertions for revenue.
  - Limitation: The provided context does not disclose the specific estimation methodology or the controls used to monitor and update the breakage rate.

- Claim: Revenue for gift cards is recognized upon redemption, which generally occurs within six months of issuance.
  - Claim type: Risk-cue or assertion-mapping
  - Support used: T-HD-REVENUE-056, F-HD-0044
  - Inferential bridge: Because revenue recognition is triggered by a specific event (redemption) rather than a fixed date, there is a risk regarding the cut-off assertion, specifically whether redemptions are recorded in the correct accounting period.
  - Limitation: The context lacks detail on the automated controls or reconciliation processes used to ensure redemptions are captured in real-time.

- Claim: There has been a significant increase in sales initiated online and via mobile applications.
  - Claim type: Risk-cue or assertion-mapping
  - Support used: T-HD-REVENUE-015
  - Inferential bridge: An increase in the volume and complexity of digital sales channels increases the risk that system errors or integration failures could lead to incomplete or inaccurate recording of revenue (Completeness and Accuracy assertions).
  - Limitation: The provided text does not provide information regarding the IT general controls (ITGCs) or application controls governing the digital sales infrastructure."
EXT-C046,HD,"Home Depot, Inc.",bounded_extension,revenue,hybrid,There has been a significant increase in sales initiated online and via mobile applications.,T-HD-REVENUE-015,,"TEXT RETRIEVAL CONTEXT

[Text Chunk 1]
chunk_id: T-HD-REVENUE-056
source_file: hd-20260201.htm
construct_tag: revenue
ranking_score: 25
text: We further record deferred revenue for the sale of gift cards and recognize the associated revenue upon the redemption of those gift cards, which generally occurs within six months of gift card issuance. As of both February 1, 2026 and February 2, 2025, our performance obligations for unredeemed gift cards were $ 1.1 billion. Gift card breakage income, which is our estimate of the portion of our outstanding gift card balance not expected to be redeemed, is recognized in net sales and was immaterial in fiscal 2025, fiscal 2024, and fiscal 2023.

[Text Chunk 2]
chunk_id: T-HD-REVENUE-042
source_file: hd-20260201.htm
construct_tag: revenue
ranking_score: 11
text: Comparable Sales. Comparable sales is a measure that highlights the performance of our existing locations and websites by measuring the change in net sales for a period over the comparable prior period of equivalent length. Comparable sales includes sales at locations, physical and online, open greater than 52 weeks (including remodels and relocations) and excludes closed stores. Acquisitions are typically included in comparable sales after they have been owned for more than 52 weeks. For our calculation of comparable sales in fiscal 2025, we compare weeks 1 through 52 in fiscal 2025 against weeks 2 through 53 in fiscal 2024. Comparable sales is intended only as supplemental information and is not a substitute for net sales presented in accordance with GAAP. The method of calculating comparable sales varies across the retail industry. As a result, our method of calculating comparable sales may not be the same as similarly titled measures reported by other companies.

[Text Chunk 3]
chunk_id: T-HD-REVENUE-015
source_file: hd-20260201.htm
construct_tag: revenue
ranking_score: 9
text: Through our technology infrastructure we are able to provide an improved overall shopping and interconnected experience that empowers our customers to shop and interact with us from a variety of electronic devices and digital platforms at each stage of their shopping journey. We use our digital platforms as sales channels for our products and services as methods of providing inspiration and as sources of product project and other relevant information to our customers to help drive sales. In addition to supporting our DIY and DIFM customers we make other resources available that are designed to serve the needs of Pros including those working on complex projects. We also have multiple online communities digital platforms and knowledge centers that allow us to inform assist and interact with our customers. The retail industry is continually evolving and expanding with a significant increase in sales initiated online and via mobile applications in recent years. We may not be successful at managing this increased ...

XBRL RELATIONAL RETRIEVAL CONTEXT

Facts:
1. fact_id=F-HD-0009 concept=RevenueFromContractWithCustomerExcludingAssessedTax value=152669000000 unit=iso4217:USD period=duration:2023-01-30/2024-01-28 dimensions=none
2. fact_id=F-HD-0050 concept=RevenueFromContractWithCustomerExcludingAssessedTax value=152669000000 unit=iso4217:USD period=duration:2023-01-30/2024-01-28 dimensions=us-gaap:StatementBusinessSegmentsAxis=hd:PrimarySegmentMember
3. fact_id=F-HD-0070 concept=RevenueFromContractWithCustomerExcludingAssessedTax value=52572000000 unit=iso4217:USD period=duration:2023-01-30/2024-01-28 dimensions=srt:ConsolidationItemsAxis=us-gaap:OperatingSegmentsMember; srt:ProductOrServiceAxis=hd:MajorProductLineBuildingMaterialsMember; us-gaap:StatementBusinessSegmentsAxis=hd:PrimarySegmentMember
4. fact_id=F-HD-0044 concept=ContractWithCustomerLiabilityAverageRedemptionPeriod value=P6M unit= period=duration:2025-02-03/2026-02-01 dimensions=none
5. fact_id=F-HD-0042 concept=ContractWithCustomerLiabilityCurrent value=1500000000 unit=iso4217:USD period=instant:2025-02-02 dimensions=none
6. fact_id=F-HD-0043 concept=ContractWithCustomerLiabilityCurrent value=1500000000 unit=iso4217:USD period=instant:2026-02-01 dimensions=none
7. fact_id=F-HD-0006 concept=DeferredRevenueCurrent value=2610000000 unit=iso4217:USD period=instant:2025-02-02 dimensions=none
8. fact_id=F-HD-0005 concept=DeferredRevenueCurrent value=2575000000 unit=iso4217:USD period=instant:2026-02-01 dimensions=none

Relation paths:
1. path_id=X-HD-0130 relation_type=definition source=us-gaap:EntityWideInformationRevenueFromExternalCustomerLineItems (Revenue from External Customer [Line Items]) -> target=us-gaap:RevenueFromContractWithCustomerExcludingAssessedTax (Revenue from Contract with Customer, Excluding Assessed Tax) arcrole=http://xbrl.org/int/dim/arcrole/domain-member role=http://www.homedepot.com/role/SEGMENTREPORTINGANDNETSALESSignificantExpenseUsedByOurCODMDetails
2. path_id=X-HD-0164 relation_type=definition source=us-gaap:EntityWideInformationRevenueFromExternalCustomerLineItems (Revenue from External Customer [Line Items]) -> target=us-gaap:RevenueFromContractWithCustomerExcludingAssessedTax (Revenue from Contract with Customer, Excluding Assessed Tax) arcrole=http://xbrl.org/int/dim/arcrole/domain-member role=http://www.homedepot.com/role/SEGMENTREPORTINGANDNETSALESRevenuefromExternalCustomersbyProductsandServicesDetails
3. path_id=X-HD-0148 relation_type=definition source=us-gaap:RevenuesFromExternalCustomersAndLongLivedAssetsLineItems (Revenues from External Customers and Long-Lived Assets [Line Items]) -> target=us-gaap:RevenueFromContractWithCustomerExcludingAssessedTax (Revenue from Contract with Customer, Excluding Assessed Tax) arcrole=http://xbrl.org/int/dim/arcrole/domain-member role=http://www.homedepot.com/role/SEGMENTREPORTINGANDNETSALESScheduleofLongLivedAssetsbyGeographicAreasDetails
4. path_id=X-HD-0156 relation_type=definition source=us-gaap:RevenuesFromExternalCustomersAndLongLivedAssetsLineItems (Revenues from External Customers and Long-Lived Assets [Line Items]) -> target=us-gaap:RevenueFromContractWithCustomerExcludingAssessedTax (Revenue from Contract with Customer, Excluding Assessed Tax) arcrole=http://xbrl.org/int/dim/arcrole/domain-member role=http://www.homedepot.com/role/SEGMENTREPORTINGANDNETSALESScheduleofNetSalesByMajorProductLineDetails
5. path_id=X-HD-0168 relation_type=definition source=us-gaap:RevenuesFromExternalCustomersAndLongLivedAssetsLineItems (Revenues from External Customers and Long-Lived Assets [Line Items]) -> target=us-gaap:RevenueFromContractWithCustomerExcludingAssessedTax (Revenue from Contract with Customer, Excluding Assessed Tax) arcrole=http://xbrl.org/int/dim/arcrole/domain-member role=http://www.homedepot.com/role/SEGMENTREPORTINGANDNETSALESScheduleofProductsandServicesDetails
6. path_id=X-HD-0041 relation_type=presentation source=us-gaap:EntityWideInformationRevenueFromExternalCustomerLineItems (Revenue from External Customer [Line Items]) -> target=us-gaap:RevenueFromContractWithCustomerExcludingAssessedTax (Revenue from Contract with Customer, Excluding Assessed Tax) arcrole=http://www.xbrl.org/2003/arcrole/parent-child role=http://www.homedepot.com/role/SEGMENTREPORTINGANDNETSALESSignificantExpenseUsedByOurCODMDetails","- Claim: As of February 1, 2026, and February 2, 2025, performance obligations for unredeemed gift cards were $1.1 billion.
  - Claim type: Factual
  - Support used: T-HD-REVENUE-056
  - Limitation: This claim is limited to the specific snapshot dates provided in the text.

- Claim: Revenue from contracts with customers (excluding assessed tax) for the period from 2023-01-30 to 2024-01-28 was $152,669,000,000.
  - Claim type: Factual
  - Support used: F-HD-0009
  - Limitation: This measurement pertains to the prior fiscal period and not the current fiscal year 2025 period ended 2026-02-01.

- Claim: The recognition of gift card breakage income is based on an estimate of the portion of outstanding gift card balances not expected to be redeemed.
  - Claim type: Risk-cue or assertion-mapping
  - Support used: T-HD-REVENUE-056
  - Inferential bridge: The use of management estimates to determine breakage income introduces subjectivity into the net sales calculation, which may impact the accuracy and valuation assertions for revenue.
  - Limitation: The provided context does not disclose the specific estimation methodology or the controls used to monitor and update the breakage rate.

- Claim: Revenue for gift cards is recognized upon redemption, which generally occurs within six months of issuance.
  - Claim type: Risk-cue or assertion-mapping
  - Support used: T-HD-REVENUE-056, F-HD-0044
  - Inferential bridge: Because revenue recognition is triggered by a specific event (redemption) rather than a fixed date, there is a risk regarding the cut-off assertion, specifically whether redemptions are recorded in the correct accounting period.
  - Limitation: The context lacks detail on the automated controls or reconciliation processes used to ensure redemptions are captured in real-time.

- Claim: There has been a significant increase in sales initiated online and via mobile applications.
  - Claim type: Risk-cue or assertion-mapping
  - Support used: T-HD-REVENUE-015
  - Inferential bridge: An increase in the volume and complexity of digital sales channels increases the risk that system errors or integration failures could lead to incomplete or inaccurate recording of revenue (Completeness and Accuracy assertions).
  - Limitation: The provided text does not provide information regarding the IT general controls (ITGCs) or application controls governing the digital sales infrastructure."
EXT-C058,HD,"Home Depot, Inc.",bounded_extension,inventory,hybrid,"Merchandise inventories were $25.8 billion as of February 1, 2026.",T-HD-INVENTORY-020,F-HD-0004,"TEXT RETRIEVAL CONTEXT

[Text Chunk 1]
chunk_id: T-HD-INVENTORY-028
source_file: hd-20260201.htm
construct_tag: inventory
ranking_score: 29
text: Inventory cost includes the amount we pay to acquire inventory including freight and import costs as well as operating costs and depreciation associated with our sourcing and distribution network and is net of certain vendor allowances. T he majority of our merchandise inventories are stated at the lower of cost or market as determined by the retail inventory method which is based on a number of factors such as markups markdowns and inventory losses or shrink . As the inventory retail value is adjusted regularly to reflect market conditions inventory valued using the retail method approximates the lower of cost or market. Our remaining merchandise inventories including those within our retail operations in Canada and Mexico distribution centers and our SRS distribution operations are recorded at the lower of cost or net realizable value as determined by a cost method primarily th e moving average cost and first-in first-out methods. We evaluate the inventory valued using a cost method at ...

[Text Chunk 2]
chunk_id: T-HD-INVENTORY-020
source_file: hd-20260201.htm
construct_tag: inventory
ranking_score: 20
text: As discussed in Note 1 to the consolidated financial statements, the majority of merchandise inventories are stated at the lower of cost or market, as determined by the retail inventory method, which is based on a number of factors such as markups, markdowns, and inventory losses (or shrink). As the inventory retail value is adjusted regularly to reflect market conditions, inventory valued using the retail method approximates the lower of cost or market. The remaining merchandise inventories, including those within the retail operations in Canada and Mexico, distribution centers, and SRS distribution operations, are recorded at the lower of cost or net realizable value, as determined by a cost method, primarily the moving average cost and first-in, first-out methods. The Company's merchandise inventories were $25.8 billion as of February 1, 2026.

[Text Chunk 3]
chunk_id: T-HD-INVENTORY-018
source_file: hd-20260201.htm
construct_tag: inventory
ranking_score: 13
text: The retail value of our inventory is adjusted as needed to reflect current market conditions. Because these adjustments are based on current prevailing market conditions, the value of our inventory approximates the lower of cost or market. The valuation under the retail inventory method is based on a number of factors such as markups, markdowns, and inventory losses (or shrink). As such, there exists an inherent uncertainty in the final determination of inventory cost and gross profit. We determine markups and markdowns based on the consideration of a variety of factors such as current and anticipated demand, customer preferences and buying trends, age of the merchandise, and weather conditions.

XBRL RELATIONAL RETRIEVAL CONTEXT

Facts:
1. fact_id=F-HD-0172 concept=BusinessCombinationRecognizedIdentifiableAssetsAcquiredAndLiabilitiesAssumedInventory value=1988000000 unit=iso4217:USD period=instant:2024-06-18 dimensions=us-gaap:BusinessAcquisitionAxis=hd:SRSAcquisitionMember
2. fact_id=F-HD-0169 concept=BusinessCombinationRecognizedIdentifiableAssetsAcquiredAndLiabilitiesAssumedInventory value=568000000 unit=iso4217:USD period=instant:2025-09-04 dimensions=us-gaap:BusinessAcquisitionAxis=hd:GMSIncMember
3. fact_id=F-HD-0004 concept=InventoryNet value=23451000000 unit=iso4217:USD period=instant:2025-02-02 dimensions=none
4. fact_id=F-HD-0003 concept=InventoryNet value=25817000000 unit=iso4217:USD period=instant:2026-02-01 dimensions=none
5. fact_id=F-HD-0015 concept=GrossProfit value=50960000000 unit=iso4217:USD period=duration:2023-01-30/2024-01-28 dimensions=none
6. fact_id=F-HD-0014 concept=GrossProfit value=53308000000 unit=iso4217:USD period=duration:2024-01-29/2025-02-02 dimensions=none
7. fact_id=F-HD-0013 concept=GrossProfit value=54865000000 unit=iso4217:USD period=duration:2025-02-03/2026-02-01 dimensions=none
8. fact_id=F-HD-0063 concept=CostOfGoodsAndServicesSoldDepreciationAndAmortization value=3350000000 unit=iso4217:USD period=duration:2024-01-29/2025-02-02 dimensions=us-gaap:StatementBusinessSegmentsAxis=hd:PrimarySegmentMember

Relation paths:
1. path_id=X-HD-0109 relation_type=calculation source=hd:BusinessCombinationRecognizedIdentifiableAssetsAcquiredAndLiabilitiesAssumedAssetsAcquiredIncludingGoodwill (label unavailable) -> target=us-gaap:BusinessCombinationRecognizedIdentifiableAssetsAcquiredAndLiabilitiesAssumedInventory (Business Combination, Recognized Asset Acquired, Inventory, Current) arcrole=https://xbrl.org/2023/arcrole/summation-item role=http://www.homedepot.com/role/ACQUISITIONSScheduleofBusinessAcquisitionsbyAcquisitionDetails
2. path_id=X-HD-0096 relation_type=calculation source=us-gaap:AssetsCurrent (Assets, Current) -> target=us-gaap:InventoryNet (Inventory, Net) arcrole=https://xbrl.org/2023/arcrole/summation-item role=http://www.homedepot.com/role/CONSOLIDATEDBALANCESHEETS
3. path_id=X-HD-0107 relation_type=calculation source=us-gaap:DeferredIncomeTaxLiabilities (Deferred Tax Liabilities, Gross) -> target=us-gaap:DeferredTaxLiabilitiesDeferredExpenseCapitalizedInventoryCosts (Deferred Tax Liabilities, Inventory) arcrole=https://xbrl.org/2023/arcrole/summation-item role=http://www.homedepot.com/role/INCOMETAXESTaxEffectsofTemporaryDifferencesDetails
4. path_id=X-HD-0098 relation_type=calculation source=us-gaap:GrossProfit (Gross Profit) -> target=us-gaap:CostOfRevenue (Cost of Revenue) arcrole=https://xbrl.org/2023/arcrole/summation-item role=http://www.homedepot.com/role/CONSOLIDATEDSTATEMENTSOFEARNINGS
5. path_id=X-HD-0101 relation_type=calculation source=us-gaap:NetCashProvidedByUsedInOperatingActivities (Cash Provided by (Used in) Operating Activity, Including Discontinued Operation) -> target=us-gaap:IncreaseDecreaseInRetailRelatedInventories (Increase (Decrease) in Retail Related Inventories) arcrole=https://xbrl.org/2023/arcrole/summation-item role=http://www.homedepot.com/role/CONSOLIDATEDSTATEMENTSOFCASHFLOWS
6. path_id=X-HD-0173 relation_type=definition source=us-gaap:BusinessAcquisitionLineItems (Business Combination [Line Items]) -> target=us-gaap:BusinessCombinationRecognizedIdentifiableAssetsAcquiredAndLiabilitiesAssumedInventory (Business Combination, Recognized Asset Acquired, Inventory, Current) arcrole=http://xbrl.org/int/dim/arcrole/domain-member role=http://www.homedepot.com/role/ACQUISITIONSScheduleofBusinessAcquisitionsbyAcquisitionDetails","- Claim: Merchandise inventories were $25.8 billion as of February 1, 2026.
  - Claim type: Factual
  - Support used: T-HD-INVENTORY-020, F-HD-0004
  - Limitation: Measurement is limited to the consolidated balance sheet date of February 1, 2026.

- Claim: Home Depot utilizes the retail inventory method (RIM) for the majority of its merchandise inventories, while inventories in Canada, Mexico, distribution centers, and SRS distribution operations are recorded using cost methods (primarily moving average and first-in, first-out).
  - Claim type: Factual
  - Support used: T-HD-INVENTORY-028, T-HD-INVENTORY-020
  - Limitation: Source is limited to the company's descriptive accounting policy disclosures.

- Claim: There is a risk regarding the valuation assertion due to inherent uncertainty in the final determination of inventory cost and gross profit when applying the retail inventory method.
  - Claim type: Risk-cue or assertion-mapping
  - Support used: T-HD-INVENTORY-018
  - Inferential bridge: The text explicitly states that because the retail inventory method is based on factors such as markups, markdowns, and shrink, ""there exists an inherent uncertainty in the final determination of inventory cost and gross profit,"" which directly impacts the precision of the valuation assertion.
  - Limitation: Missing detail on the specific internal controls used to mitigate this inherent uncertainty or the quantitative materiality of the uncertainty.

- Claim: The valuation of inventory is subject to estimation risk because the determination of markups and markdowns relies on subjective and variable factors, including anticipated demand, customer preferences, buying trends, age of merchandise, and weather conditions.
  - Claim type: Risk-cue or assertion-mapping
  - Support used: T-HD-INVENTORY-018
  - Inferential bridge: Since the retail value is adjusted based on these external and predictive variables to approximate the lower of cost or market, any inaccuracies in these judgments would directly result in a valuation misstatement.
  - Limitation: Missing evidence regarding the specific data sources, forecasting models, or validation processes used to determine these market-based factors.

- Claim: The valuation of inventory acquired through business combinations (specifically SRS and GMS Inc) may require distinct audit consideration as these assets are recorded under different valuation frameworks than the majority of the company's inventory.
  - Claim type: Risk-cue or assertion-mapping
  - Support used: F-HD-0172, F-HD-0169, T-HD-INVENTORY-028
  - Inferential bridge: The company acquired significant inventory via SRS ($1.988 billion) and GMS Inc ($568 million), and the context specifies that SRS distribution operations are valued using cost methods (moving average/FIFO) rather than the retail inventory method used for the majority of merchandise, necessitating a separate valuation verification for these segments.
  - Limitation: Missing information regarding the initial fair value assessments and the subsequent transition of these acquired inventories into the company's standard cost-accounting systems."
EXT-C059,HD,"Home Depot, Inc.",bounded_extension,inventory,hybrid,"Home Depot utilizes the retail inventory method (RIM) for the majority of its merchandise inventories, while inventories in Canada, Mexico, distribution centers, and SRS distribution operations are recorded using cost methods (primarily moving average and first-in, first-out).",T-HD-INVENTORY-020; T-HD-INVENTORY-028,,"TEXT RETRIEVAL CONTEXT

[Text Chunk 1]
chunk_id: T-HD-INVENTORY-028
source_file: hd-20260201.htm
construct_tag: inventory
ranking_score: 29
text: Inventory cost includes the amount we pay to acquire inventory including freight and import costs as well as operating costs and depreciation associated with our sourcing and distribution network and is net of certain vendor allowances. T he majority of our merchandise inventories are stated at the lower of cost or market as determined by the retail inventory method which is based on a number of factors such as markups markdowns and inventory losses or shrink . As the inventory retail value is adjusted regularly to reflect market conditions inventory valued using the retail method approximates the lower of cost or market. Our remaining merchandise inventories including those within our retail operations in Canada and Mexico distribution centers and our SRS distribution operations are recorded at the lower of cost or net realizable value as determined by a cost method primarily th e moving average cost and first-in first-out methods. We evaluate the inventory valued using a cost method at ...

[Text Chunk 2]
chunk_id: T-HD-INVENTORY-020
source_file: hd-20260201.htm
construct_tag: inventory
ranking_score: 20
text: As discussed in Note 1 to the consolidated financial statements, the majority of merchandise inventories are stated at the lower of cost or market, as determined by the retail inventory method, which is based on a number of factors such as markups, markdowns, and inventory losses (or shrink). As the inventory retail value is adjusted regularly to reflect market conditions, inventory valued using the retail method approximates the lower of cost or market. The remaining merchandise inventories, including those within the retail operations in Canada and Mexico, distribution centers, and SRS distribution operations, are recorded at the lower of cost or net realizable value, as determined by a cost method, primarily the moving average cost and first-in, first-out methods. The Company's merchandise inventories were $25.8 billion as of February 1, 2026.

[Text Chunk 3]
chunk_id: T-HD-INVENTORY-018
source_file: hd-20260201.htm
construct_tag: inventory
ranking_score: 13
text: The retail value of our inventory is adjusted as needed to reflect current market conditions. Because these adjustments are based on current prevailing market conditions, the value of our inventory approximates the lower of cost or market. The valuation under the retail inventory method is based on a number of factors such as markups, markdowns, and inventory losses (or shrink). As such, there exists an inherent uncertainty in the final determination of inventory cost and gross profit. We determine markups and markdowns based on the consideration of a variety of factors such as current and anticipated demand, customer preferences and buying trends, age of the merchandise, and weather conditions.

XBRL RELATIONAL RETRIEVAL CONTEXT

Facts:
1. fact_id=F-HD-0172 concept=BusinessCombinationRecognizedIdentifiableAssetsAcquiredAndLiabilitiesAssumedInventory value=1988000000 unit=iso4217:USD period=instant:2024-06-18 dimensions=us-gaap:BusinessAcquisitionAxis=hd:SRSAcquisitionMember
2. fact_id=F-HD-0169 concept=BusinessCombinationRecognizedIdentifiableAssetsAcquiredAndLiabilitiesAssumedInventory value=568000000 unit=iso4217:USD period=instant:2025-09-04 dimensions=us-gaap:BusinessAcquisitionAxis=hd:GMSIncMember
3. fact_id=F-HD-0004 concept=InventoryNet value=23451000000 unit=iso4217:USD period=instant:2025-02-02 dimensions=none
4. fact_id=F-HD-0003 concept=InventoryNet value=25817000000 unit=iso4217:USD period=instant:2026-02-01 dimensions=none
5. fact_id=F-HD-0015 concept=GrossProfit value=50960000000 unit=iso4217:USD period=duration:2023-01-30/2024-01-28 dimensions=none
6. fact_id=F-HD-0014 concept=GrossProfit value=53308000000 unit=iso4217:USD period=duration:2024-01-29/2025-02-02 dimensions=none
7. fact_id=F-HD-0013 concept=GrossProfit value=54865000000 unit=iso4217:USD period=duration:2025-02-03/2026-02-01 dimensions=none
8. fact_id=F-HD-0063 concept=CostOfGoodsAndServicesSoldDepreciationAndAmortization value=3350000000 unit=iso4217:USD period=duration:2024-01-29/2025-02-02 dimensions=us-gaap:StatementBusinessSegmentsAxis=hd:PrimarySegmentMember

Relation paths:
1. path_id=X-HD-0109 relation_type=calculation source=hd:BusinessCombinationRecognizedIdentifiableAssetsAcquiredAndLiabilitiesAssumedAssetsAcquiredIncludingGoodwill (label unavailable) -> target=us-gaap:BusinessCombinationRecognizedIdentifiableAssetsAcquiredAndLiabilitiesAssumedInventory (Business Combination, Recognized Asset Acquired, Inventory, Current) arcrole=https://xbrl.org/2023/arcrole/summation-item role=http://www.homedepot.com/role/ACQUISITIONSScheduleofBusinessAcquisitionsbyAcquisitionDetails
2. path_id=X-HD-0096 relation_type=calculation source=us-gaap:AssetsCurrent (Assets, Current) -> target=us-gaap:InventoryNet (Inventory, Net) arcrole=https://xbrl.org/2023/arcrole/summation-item role=http://www.homedepot.com/role/CONSOLIDATEDBALANCESHEETS
3. path_id=X-HD-0107 relation_type=calculation source=us-gaap:DeferredIncomeTaxLiabilities (Deferred Tax Liabilities, Gross) -> target=us-gaap:DeferredTaxLiabilitiesDeferredExpenseCapitalizedInventoryCosts (Deferred Tax Liabilities, Inventory) arcrole=https://xbrl.org/2023/arcrole/summation-item role=http://www.homedepot.com/role/INCOMETAXESTaxEffectsofTemporaryDifferencesDetails
4. path_id=X-HD-0098 relation_type=calculation source=us-gaap:GrossProfit (Gross Profit) -> target=us-gaap:CostOfRevenue (Cost of Revenue) arcrole=https://xbrl.org/2023/arcrole/summation-item role=http://www.homedepot.com/role/CONSOLIDATEDSTATEMENTSOFEARNINGS
5. path_id=X-HD-0101 relation_type=calculation source=us-gaap:NetCashProvidedByUsedInOperatingActivities (Cash Provided by (Used in) Operating Activity, Including Discontinued Operation) -> target=us-gaap:IncreaseDecreaseInRetailRelatedInventories (Increase (Decrease) in Retail Related Inventories) arcrole=https://xbrl.org/2023/arcrole/summation-item role=http://www.homedepot.com/role/CONSOLIDATEDSTATEMENTSOFCASHFLOWS
6. path_id=X-HD-0173 relation_type=definition source=us-gaap:BusinessAcquisitionLineItems (Business Combination [Line Items]) -> target=us-gaap:BusinessCombinationRecognizedIdentifiableAssetsAcquiredAndLiabilitiesAssumedInventory (Business Combination, Recognized Asset Acquired, Inventory, Current) arcrole=http://xbrl.org/int/dim/arcrole/domain-member role=http://www.homedepot.com/role/ACQUISITIONSScheduleofBusinessAcquisitionsbyAcquisitionDetails","- Claim: Merchandise inventories were $25.8 billion as of February 1, 2026.
  - Claim type: Factual
  - Support used: T-HD-INVENTORY-020, F-HD-0004
  - Limitation: Measurement is limited to the consolidated balance sheet date of February 1, 2026.

- Claim: Home Depot utilizes the retail inventory method (RIM) for the majority of its merchandise inventories, while inventories in Canada, Mexico, distribution centers, and SRS distribution operations are recorded using cost methods (primarily moving average and first-in, first-out).
  - Claim type: Factual
  - Support used: T-HD-INVENTORY-028, T-HD-INVENTORY-020
  - Limitation: Source is limited to the company's descriptive accounting policy disclosures.

- Claim: There is a risk regarding the valuation assertion due to inherent uncertainty in the final determination of inventory cost and gross profit when applying the retail inventory method.
  - Claim type: Risk-cue or assertion-mapping
  - Support used: T-HD-INVENTORY-018
  - Inferential bridge: The text explicitly states that because the retail inventory method is based on factors such as markups, markdowns, and shrink, ""there exists an inherent uncertainty in the final determination of inventory cost and gross profit,"" which directly impacts the precision of the valuation assertion.
  - Limitation: Missing detail on the specific internal controls used to mitigate this inherent uncertainty or the quantitative materiality of the uncertainty.

- Claim: The valuation of inventory is subject to estimation risk because the determination of markups and markdowns relies on subjective and variable factors, including anticipated demand, customer preferences, buying trends, age of merchandise, and weather conditions.
  - Claim type: Risk-cue or assertion-mapping
  - Support used: T-HD-INVENTORY-018
  - Inferential bridge: Since the retail value is adjusted based on these external and predictive variables to approximate the lower of cost or market, any inaccuracies in these judgments would directly result in a valuation misstatement.
  - Limitation: Missing evidence regarding the specific data sources, forecasting models, or validation processes used to determine these market-based factors.

- Claim: The valuation of inventory acquired through business combinations (specifically SRS and GMS Inc) may require distinct audit consideration as these assets are recorded under different valuation frameworks than the majority of the company's inventory.
  - Claim type: Risk-cue or assertion-mapping
  - Support used: F-HD-0172, F-HD-0169, T-HD-INVENTORY-028
  - Inferential bridge: The company acquired significant inventory via SRS ($1.988 billion) and GMS Inc ($568 million), and the context specifies that SRS distribution operations are valued using cost methods (moving average/FIFO) rather than the retail inventory method used for the majority of merchandise, necessitating a separate valuation verification for these segments.
  - Limitation: Missing information regarding the initial fair value assessments and the subsequent transition of these acquired inventories into the company's standard cost-accounting systems."
EXT-C060,HD,"Home Depot, Inc.",bounded_extension,inventory,hybrid,There is a risk regarding the valuation assertion due to inherent uncertainty in the final determination of inventory cost and gross profit when applying the retail inventory method.,T-HD-INVENTORY-018,,"TEXT RETRIEVAL CONTEXT

[Text Chunk 1]
chunk_id: T-HD-INVENTORY-028
source_file: hd-20260201.htm
construct_tag: inventory
ranking_score: 29
text: Inventory cost includes the amount we pay to acquire inventory including freight and import costs as well as operating costs and depreciation associated with our sourcing and distribution network and is net of certain vendor allowances. T he majority of our merchandise inventories are stated at the lower of cost or market as determined by the retail inventory method which is based on a number of factors such as markups markdowns and inventory losses or shrink . As the inventory retail value is adjusted regularly to reflect market conditions inventory valued using the retail method approximates the lower of cost or market. Our remaining merchandise inventories including those within our retail operations in Canada and Mexico distribution centers and our SRS distribution operations are recorded at the lower of cost or net realizable value as determined by a cost method primarily th e moving average cost and first-in first-out methods. We evaluate the inventory valued using a cost method at ...

[Text Chunk 2]
chunk_id: T-HD-INVENTORY-020
source_file: hd-20260201.htm
construct_tag: inventory
ranking_score: 20
text: As discussed in Note 1 to the consolidated financial statements, the majority of merchandise inventories are stated at the lower of cost or market, as determined by the retail inventory method, which is based on a number of factors such as markups, markdowns, and inventory losses (or shrink). As the inventory retail value is adjusted regularly to reflect market conditions, inventory valued using the retail method approximates the lower of cost or market. The remaining merchandise inventories, including those within the retail operations in Canada and Mexico, distribution centers, and SRS distribution operations, are recorded at the lower of cost or net realizable value, as determined by a cost method, primarily the moving average cost and first-in, first-out methods. The Company's merchandise inventories were $25.8 billion as of February 1, 2026.

[Text Chunk 3]
chunk_id: T-HD-INVENTORY-018
source_file: hd-20260201.htm
construct_tag: inventory
ranking_score: 13
text: The retail value of our inventory is adjusted as needed to reflect current market conditions. Because these adjustments are based on current prevailing market conditions, the value of our inventory approximates the lower of cost or market. The valuation under the retail inventory method is based on a number of factors such as markups, markdowns, and inventory losses (or shrink). As such, there exists an inherent uncertainty in the final determination of inventory cost and gross profit. We determine markups and markdowns based on the consideration of a variety of factors such as current and anticipated demand, customer preferences and buying trends, age of the merchandise, and weather conditions.

XBRL RELATIONAL RETRIEVAL CONTEXT

Facts:
1. fact_id=F-HD-0172 concept=BusinessCombinationRecognizedIdentifiableAssetsAcquiredAndLiabilitiesAssumedInventory value=1988000000 unit=iso4217:USD period=instant:2024-06-18 dimensions=us-gaap:BusinessAcquisitionAxis=hd:SRSAcquisitionMember
2. fact_id=F-HD-0169 concept=BusinessCombinationRecognizedIdentifiableAssetsAcquiredAndLiabilitiesAssumedInventory value=568000000 unit=iso4217:USD period=instant:2025-09-04 dimensions=us-gaap:BusinessAcquisitionAxis=hd:GMSIncMember
3. fact_id=F-HD-0004 concept=InventoryNet value=23451000000 unit=iso4217:USD period=instant:2025-02-02 dimensions=none
4. fact_id=F-HD-0003 concept=InventoryNet value=25817000000 unit=iso4217:USD period=instant:2026-02-01 dimensions=none
5. fact_id=F-HD-0015 concept=GrossProfit value=50960000000 unit=iso4217:USD period=duration:2023-01-30/2024-01-28 dimensions=none
6. fact_id=F-HD-0014 concept=GrossProfit value=53308000000 unit=iso4217:USD period=duration:2024-01-29/2025-02-02 dimensions=none
7. fact_id=F-HD-0013 concept=GrossProfit value=54865000000 unit=iso4217:USD period=duration:2025-02-03/2026-02-01 dimensions=none
8. fact_id=F-HD-0063 concept=CostOfGoodsAndServicesSoldDepreciationAndAmortization value=3350000000 unit=iso4217:USD period=duration:2024-01-29/2025-02-02 dimensions=us-gaap:StatementBusinessSegmentsAxis=hd:PrimarySegmentMember

Relation paths:
1. path_id=X-HD-0109 relation_type=calculation source=hd:BusinessCombinationRecognizedIdentifiableAssetsAcquiredAndLiabilitiesAssumedAssetsAcquiredIncludingGoodwill (label unavailable) -> target=us-gaap:BusinessCombinationRecognizedIdentifiableAssetsAcquiredAndLiabilitiesAssumedInventory (Business Combination, Recognized Asset Acquired, Inventory, Current) arcrole=https://xbrl.org/2023/arcrole/summation-item role=http://www.homedepot.com/role/ACQUISITIONSScheduleofBusinessAcquisitionsbyAcquisitionDetails
2. path_id=X-HD-0096 relation_type=calculation source=us-gaap:AssetsCurrent (Assets, Current) -> target=us-gaap:InventoryNet (Inventory, Net) arcrole=https://xbrl.org/2023/arcrole/summation-item role=http://www.homedepot.com/role/CONSOLIDATEDBALANCESHEETS
3. path_id=X-HD-0107 relation_type=calculation source=us-gaap:DeferredIncomeTaxLiabilities (Deferred Tax Liabilities, Gross) -> target=us-gaap:DeferredTaxLiabilitiesDeferredExpenseCapitalizedInventoryCosts (Deferred Tax Liabilities, Inventory) arcrole=https://xbrl.org/2023/arcrole/summation-item role=http://www.homedepot.com/role/INCOMETAXESTaxEffectsofTemporaryDifferencesDetails
4. path_id=X-HD-0098 relation_type=calculation source=us-gaap:GrossProfit (Gross Profit) -> target=us-gaap:CostOfRevenue (Cost of Revenue) arcrole=https://xbrl.org/2023/arcrole/summation-item role=http://www.homedepot.com/role/CONSOLIDATEDSTATEMENTSOFEARNINGS
5. path_id=X-HD-0101 relation_type=calculation source=us-gaap:NetCashProvidedByUsedInOperatingActivities (Cash Provided by (Used in) Operating Activity, Including Discontinued Operation) -> target=us-gaap:IncreaseDecreaseInRetailRelatedInventories (Increase (Decrease) in Retail Related Inventories) arcrole=https://xbrl.org/2023/arcrole/summation-item role=http://www.homedepot.com/role/CONSOLIDATEDSTATEMENTSOFCASHFLOWS
6. path_id=X-HD-0173 relation_type=definition source=us-gaap:BusinessAcquisitionLineItems (Business Combination [Line Items]) -> target=us-gaap:BusinessCombinationRecognizedIdentifiableAssetsAcquiredAndLiabilitiesAssumedInventory (Business Combination, Recognized Asset Acquired, Inventory, Current) arcrole=http://xbrl.org/int/dim/arcrole/domain-member role=http://www.homedepot.com/role/ACQUISITIONSScheduleofBusinessAcquisitionsbyAcquisitionDetails","- Claim: Merchandise inventories were $25.8 billion as of February 1, 2026.
  - Claim type: Factual
  - Support used: T-HD-INVENTORY-020, F-HD-0004
  - Limitation: Measurement is limited to the consolidated balance sheet date of February 1, 2026.

- Claim: Home Depot utilizes the retail inventory method (RIM) for the majority of its merchandise inventories, while inventories in Canada, Mexico, distribution centers, and SRS distribution operations are recorded using cost methods (primarily moving average and first-in, first-out).
  - Claim type: Factual
  - Support used: T-HD-INVENTORY-028, T-HD-INVENTORY-020
  - Limitation: Source is limited to the company's descriptive accounting policy disclosures.

- Claim: There is a risk regarding the valuation assertion due to inherent uncertainty in the final determination of inventory cost and gross profit when applying the retail inventory method.
  - Claim type: Risk-cue or assertion-mapping
  - Support used: T-HD-INVENTORY-018
  - Inferential bridge: The text explicitly states that because the retail inventory method is based on factors such as markups, markdowns, and shrink, ""there exists an inherent uncertainty in the final determination of inventory cost and gross profit,"" which directly impacts the precision of the valuation assertion.
  - Limitation: Missing detail on the specific internal controls used to mitigate this inherent uncertainty or the quantitative materiality of the uncertainty.

- Claim: The valuation of inventory is subject to estimation risk because the determination of markups and markdowns relies on subjective and variable factors, including anticipated demand, customer preferences, buying trends, age of merchandise, and weather conditions.
  - Claim type: Risk-cue or assertion-mapping
  - Support used: T-HD-INVENTORY-018
  - Inferential bridge: Since the retail value is adjusted based on these external and predictive variables to approximate the lower of cost or market, any inaccuracies in these judgments would directly result in a valuation misstatement.
  - Limitation: Missing evidence regarding the specific data sources, forecasting models, or validation processes used to determine these market-based factors.

- Claim: The valuation of inventory acquired through business combinations (specifically SRS and GMS Inc) may require distinct audit consideration as these assets are recorded under different valuation frameworks than the majority of the company's inventory.
  - Claim type: Risk-cue or assertion-mapping
  - Support used: F-HD-0172, F-HD-0169, T-HD-INVENTORY-028
  - Inferential bridge: The company acquired significant inventory via SRS ($1.988 billion) and GMS Inc ($568 million), and the context specifies that SRS distribution operations are valued using cost methods (moving average/FIFO) rather than the retail inventory method used for the majority of merchandise, necessitating a separate valuation verification for these segments.
  - Limitation: Missing information regarding the initial fair value assessments and the subsequent transition of these acquired inventories into the company's standard cost-accounting systems."
EXT-C061,HD,"Home Depot, Inc.",bounded_extension,inventory,hybrid,"The valuation of inventory is subject to estimation risk because the determination of markups and markdowns relies on subjective and variable factors, including anticipated demand, customer preferences, buying trends, age of merchandise, and weather conditions.",T-HD-INVENTORY-018,,"TEXT RETRIEVAL CONTEXT

[Text Chunk 1]
chunk_id: T-HD-INVENTORY-028
source_file: hd-20260201.htm
construct_tag: inventory
ranking_score: 29
text: Inventory cost includes the amount we pay to acquire inventory including freight and import costs as well as operating costs and depreciation associated with our sourcing and distribution network and is net of certain vendor allowances. T he majority of our merchandise inventories are stated at the lower of cost or market as determined by the retail inventory method which is based on a number of factors such as markups markdowns and inventory losses or shrink . As the inventory retail value is adjusted regularly to reflect market conditions inventory valued using the retail method approximates the lower of cost or market. Our remaining merchandise inventories including those within our retail operations in Canada and Mexico distribution centers and our SRS distribution operations are recorded at the lower of cost or net realizable value as determined by a cost method primarily th e moving average cost and first-in first-out methods. We evaluate the inventory valued using a cost method at ...

[Text Chunk 2]
chunk_id: T-HD-INVENTORY-020
source_file: hd-20260201.htm
construct_tag: inventory
ranking_score: 20
text: As discussed in Note 1 to the consolidated financial statements, the majority of merchandise inventories are stated at the lower of cost or market, as determined by the retail inventory method, which is based on a number of factors such as markups, markdowns, and inventory losses (or shrink). As the inventory retail value is adjusted regularly to reflect market conditions, inventory valued using the retail method approximates the lower of cost or market. The remaining merchandise inventories, including those within the retail operations in Canada and Mexico, distribution centers, and SRS distribution operations, are recorded at the lower of cost or net realizable value, as determined by a cost method, primarily the moving average cost and first-in, first-out methods. The Company's merchandise inventories were $25.8 billion as of February 1, 2026.

[Text Chunk 3]
chunk_id: T-HD-INVENTORY-018
source_file: hd-20260201.htm
construct_tag: inventory
ranking_score: 13
text: The retail value of our inventory is adjusted as needed to reflect current market conditions. Because these adjustments are based on current prevailing market conditions, the value of our inventory approximates the lower of cost or market. The valuation under the retail inventory method is based on a number of factors such as markups, markdowns, and inventory losses (or shrink). As such, there exists an inherent uncertainty in the final determination of inventory cost and gross profit. We determine markups and markdowns based on the consideration of a variety of factors such as current and anticipated demand, customer preferences and buying trends, age of the merchandise, and weather conditions.

XBRL RELATIONAL RETRIEVAL CONTEXT

Facts:
1. fact_id=F-HD-0172 concept=BusinessCombinationRecognizedIdentifiableAssetsAcquiredAndLiabilitiesAssumedInventory value=1988000000 unit=iso4217:USD period=instant:2024-06-18 dimensions=us-gaap:BusinessAcquisitionAxis=hd:SRSAcquisitionMember
2. fact_id=F-HD-0169 concept=BusinessCombinationRecognizedIdentifiableAssetsAcquiredAndLiabilitiesAssumedInventory value=568000000 unit=iso4217:USD period=instant:2025-09-04 dimensions=us-gaap:BusinessAcquisitionAxis=hd:GMSIncMember
3. fact_id=F-HD-0004 concept=InventoryNet value=23451000000 unit=iso4217:USD period=instant:2025-02-02 dimensions=none
4. fact_id=F-HD-0003 concept=InventoryNet value=25817000000 unit=iso4217:USD period=instant:2026-02-01 dimensions=none
5. fact_id=F-HD-0015 concept=GrossProfit value=50960000000 unit=iso4217:USD period=duration:2023-01-30/2024-01-28 dimensions=none
6. fact_id=F-HD-0014 concept=GrossProfit value=53308000000 unit=iso4217:USD period=duration:2024-01-29/2025-02-02 dimensions=none
7. fact_id=F-HD-0013 concept=GrossProfit value=54865000000 unit=iso4217:USD period=duration:2025-02-03/2026-02-01 dimensions=none
8. fact_id=F-HD-0063 concept=CostOfGoodsAndServicesSoldDepreciationAndAmortization value=3350000000 unit=iso4217:USD period=duration:2024-01-29/2025-02-02 dimensions=us-gaap:StatementBusinessSegmentsAxis=hd:PrimarySegmentMember

Relation paths:
1. path_id=X-HD-0109 relation_type=calculation source=hd:BusinessCombinationRecognizedIdentifiableAssetsAcquiredAndLiabilitiesAssumedAssetsAcquiredIncludingGoodwill (label unavailable) -> target=us-gaap:BusinessCombinationRecognizedIdentifiableAssetsAcquiredAndLiabilitiesAssumedInventory (Business Combination, Recognized Asset Acquired, Inventory, Current) arcrole=https://xbrl.org/2023/arcrole/summation-item role=http://www.homedepot.com/role/ACQUISITIONSScheduleofBusinessAcquisitionsbyAcquisitionDetails
2. path_id=X-HD-0096 relation_type=calculation source=us-gaap:AssetsCurrent (Assets, Current) -> target=us-gaap:InventoryNet (Inventory, Net) arcrole=https://xbrl.org/2023/arcrole/summation-item role=http://www.homedepot.com/role/CONSOLIDATEDBALANCESHEETS
3. path_id=X-HD-0107 relation_type=calculation source=us-gaap:DeferredIncomeTaxLiabilities (Deferred Tax Liabilities, Gross) -> target=us-gaap:DeferredTaxLiabilitiesDeferredExpenseCapitalizedInventoryCosts (Deferred Tax Liabilities, Inventory) arcrole=https://xbrl.org/2023/arcrole/summation-item role=http://www.homedepot.com/role/INCOMETAXESTaxEffectsofTemporaryDifferencesDetails
4. path_id=X-HD-0098 relation_type=calculation source=us-gaap:GrossProfit (Gross Profit) -> target=us-gaap:CostOfRevenue (Cost of Revenue) arcrole=https://xbrl.org/2023/arcrole/summation-item role=http://www.homedepot.com/role/CONSOLIDATEDSTATEMENTSOFEARNINGS
5. path_id=X-HD-0101 relation_type=calculation source=us-gaap:NetCashProvidedByUsedInOperatingActivities (Cash Provided by (Used in) Operating Activity, Including Discontinued Operation) -> target=us-gaap:IncreaseDecreaseInRetailRelatedInventories (Increase (Decrease) in Retail Related Inventories) arcrole=https://xbrl.org/2023/arcrole/summation-item role=http://www.homedepot.com/role/CONSOLIDATEDSTATEMENTSOFCASHFLOWS
6. path_id=X-HD-0173 relation_type=definition source=us-gaap:BusinessAcquisitionLineItems (Business Combination [Line Items]) -> target=us-gaap:BusinessCombinationRecognizedIdentifiableAssetsAcquiredAndLiabilitiesAssumedInventory (Business Combination, Recognized Asset Acquired, Inventory, Current) arcrole=http://xbrl.org/int/dim/arcrole/domain-member role=http://www.homedepot.com/role/ACQUISITIONSScheduleofBusinessAcquisitionsbyAcquisitionDetails","- Claim: Merchandise inventories were $25.8 billion as of February 1, 2026.
  - Claim type: Factual
  - Support used: T-HD-INVENTORY-020, F-HD-0004
  - Limitation: Measurement is limited to the consolidated balance sheet date of February 1, 2026.

- Claim: Home Depot utilizes the retail inventory method (RIM) for the majority of its merchandise inventories, while inventories in Canada, Mexico, distribution centers, and SRS distribution operations are recorded using cost methods (primarily moving average and first-in, first-out).
  - Claim type: Factual
  - Support used: T-HD-INVENTORY-028, T-HD-INVENTORY-020
  - Limitation: Source is limited to the company's descriptive accounting policy disclosures.

- Claim: There is a risk regarding the valuation assertion due to inherent uncertainty in the final determination of inventory cost and gross profit when applying the retail inventory method.
  - Claim type: Risk-cue or assertion-mapping
  - Support used: T-HD-INVENTORY-018
  - Inferential bridge: The text explicitly states that because the retail inventory method is based on factors such as markups, markdowns, and shrink, ""there exists an inherent uncertainty in the final determination of inventory cost and gross profit,"" which directly impacts the precision of the valuation assertion.
  - Limitation: Missing detail on the specific internal controls used to mitigate this inherent uncertainty or the quantitative materiality of the uncertainty.

- Claim: The valuation of inventory is subject to estimation risk because the determination of markups and markdowns relies on subjective and variable factors, including anticipated demand, customer preferences, buying trends, age of merchandise, and weather conditions.
  - Claim type: Risk-cue or assertion-mapping
  - Support used: T-HD-INVENTORY-018
  - Inferential bridge: Since the retail value is adjusted based on these external and predictive variables to approximate the lower of cost or market, any inaccuracies in these judgments would directly result in a valuation misstatement.
  - Limitation: Missing evidence regarding the specific data sources, forecasting models, or validation processes used to determine these market-based factors.

- Claim: The valuation of inventory acquired through business combinations (specifically SRS and GMS Inc) may require distinct audit consideration as these assets are recorded under different valuation frameworks than the majority of the company's inventory.
  - Claim type: Risk-cue or assertion-mapping
  - Support used: F-HD-0172, F-HD-0169, T-HD-INVENTORY-028
  - Inferential bridge: The company acquired significant inventory via SRS ($1.988 billion) and GMS Inc ($568 million), and the context specifies that SRS distribution operations are valued using cost methods (moving average/FIFO) rather than the retail inventory method used for the majority of merchandise, necessitating a separate valuation verification for these segments.
  - Limitation: Missing information regarding the initial fair value assessments and the subsequent transition of these acquired inventories into the company's standard cost-accounting systems."
EXT-C062,HD,"Home Depot, Inc.",bounded_extension,inventory,hybrid,The valuation of inventory acquired through business combinations (specifically SRS and GMS Inc) may require distinct audit consideration as these assets are recorded under different valuation frameworks than the majority of the company's inventory.,T-HD-INVENTORY-028,F-HD-0169; F-HD-0172,"TEXT RETRIEVAL CONTEXT

[Text Chunk 1]
chunk_id: T-HD-INVENTORY-028
source_file: hd-20260201.htm
construct_tag: inventory
ranking_score: 29
text: Inventory cost includes the amount we pay to acquire inventory including freight and import costs as well as operating costs and depreciation associated with our sourcing and distribution network and is net of certain vendor allowances. T he majority of our merchandise inventories are stated at the lower of cost or market as determined by the retail inventory method which is based on a number of factors such as markups markdowns and inventory losses or shrink . As the inventory retail value is adjusted regularly to reflect market conditions inventory valued using the retail method approximates the lower of cost or market. Our remaining merchandise inventories including those within our retail operations in Canada and Mexico distribution centers and our SRS distribution operations are recorded at the lower of cost or net realizable value as determined by a cost method primarily th e moving average cost and first-in first-out methods. We evaluate the inventory valued using a cost method at ...

[Text Chunk 2]
chunk_id: T-HD-INVENTORY-020
source_file: hd-20260201.htm
construct_tag: inventory
ranking_score: 20
text: As discussed in Note 1 to the consolidated financial statements, the majority of merchandise inventories are stated at the lower of cost or market, as determined by the retail inventory method, which is based on a number of factors such as markups, markdowns, and inventory losses (or shrink). As the inventory retail value is adjusted regularly to reflect market conditions, inventory valued using the retail method approximates the lower of cost or market. The remaining merchandise inventories, including those within the retail operations in Canada and Mexico, distribution centers, and SRS distribution operations, are recorded at the lower of cost or net realizable value, as determined by a cost method, primarily the moving average cost and first-in, first-out methods. The Company's merchandise inventories were $25.8 billion as of February 1, 2026.

[Text Chunk 3]
chunk_id: T-HD-INVENTORY-018
source_file: hd-20260201.htm
construct_tag: inventory
ranking_score: 13
text: The retail value of our inventory is adjusted as needed to reflect current market conditions. Because these adjustments are based on current prevailing market conditions, the value of our inventory approximates the lower of cost or market. The valuation under the retail inventory method is based on a number of factors such as markups, markdowns, and inventory losses (or shrink). As such, there exists an inherent uncertainty in the final determination of inventory cost and gross profit. We determine markups and markdowns based on the consideration of a variety of factors such as current and anticipated demand, customer preferences and buying trends, age of the merchandise, and weather conditions.

XBRL RELATIONAL RETRIEVAL CONTEXT

Facts:
1. fact_id=F-HD-0172 concept=BusinessCombinationRecognizedIdentifiableAssetsAcquiredAndLiabilitiesAssumedInventory value=1988000000 unit=iso4217:USD period=instant:2024-06-18 dimensions=us-gaap:BusinessAcquisitionAxis=hd:SRSAcquisitionMember
2. fact_id=F-HD-0169 concept=BusinessCombinationRecognizedIdentifiableAssetsAcquiredAndLiabilitiesAssumedInventory value=568000000 unit=iso4217:USD period=instant:2025-09-04 dimensions=us-gaap:BusinessAcquisitionAxis=hd:GMSIncMember
3. fact_id=F-HD-0004 concept=InventoryNet value=23451000000 unit=iso4217:USD period=instant:2025-02-02 dimensions=none
4. fact_id=F-HD-0003 concept=InventoryNet value=25817000000 unit=iso4217:USD period=instant:2026-02-01 dimensions=none
5. fact_id=F-HD-0015 concept=GrossProfit value=50960000000 unit=iso4217:USD period=duration:2023-01-30/2024-01-28 dimensions=none
6. fact_id=F-HD-0014 concept=GrossProfit value=53308000000 unit=iso4217:USD period=duration:2024-01-29/2025-02-02 dimensions=none
7. fact_id=F-HD-0013 concept=GrossProfit value=54865000000 unit=iso4217:USD period=duration:2025-02-03/2026-02-01 dimensions=none
8. fact_id=F-HD-0063 concept=CostOfGoodsAndServicesSoldDepreciationAndAmortization value=3350000000 unit=iso4217:USD period=duration:2024-01-29/2025-02-02 dimensions=us-gaap:StatementBusinessSegmentsAxis=hd:PrimarySegmentMember

Relation paths:
1. path_id=X-HD-0109 relation_type=calculation source=hd:BusinessCombinationRecognizedIdentifiableAssetsAcquiredAndLiabilitiesAssumedAssetsAcquiredIncludingGoodwill (label unavailable) -> target=us-gaap:BusinessCombinationRecognizedIdentifiableAssetsAcquiredAndLiabilitiesAssumedInventory (Business Combination, Recognized Asset Acquired, Inventory, Current) arcrole=https://xbrl.org/2023/arcrole/summation-item role=http://www.homedepot.com/role/ACQUISITIONSScheduleofBusinessAcquisitionsbyAcquisitionDetails
2. path_id=X-HD-0096 relation_type=calculation source=us-gaap:AssetsCurrent (Assets, Current) -> target=us-gaap:InventoryNet (Inventory, Net) arcrole=https://xbrl.org/2023/arcrole/summation-item role=http://www.homedepot.com/role/CONSOLIDATEDBALANCESHEETS
3. path_id=X-HD-0107 relation_type=calculation source=us-gaap:DeferredIncomeTaxLiabilities (Deferred Tax Liabilities, Gross) -> target=us-gaap:DeferredTaxLiabilitiesDeferredExpenseCapitalizedInventoryCosts (Deferred Tax Liabilities, Inventory) arcrole=https://xbrl.org/2023/arcrole/summation-item role=http://www.homedepot.com/role/INCOMETAXESTaxEffectsofTemporaryDifferencesDetails
4. path_id=X-HD-0098 relation_type=calculation source=us-gaap:GrossProfit (Gross Profit) -> target=us-gaap:CostOfRevenue (Cost of Revenue) arcrole=https://xbrl.org/2023/arcrole/summation-item role=http://www.homedepot.com/role/CONSOLIDATEDSTATEMENTSOFEARNINGS
5. path_id=X-HD-0101 relation_type=calculation source=us-gaap:NetCashProvidedByUsedInOperatingActivities (Cash Provided by (Used in) Operating Activity, Including Discontinued Operation) -> target=us-gaap:IncreaseDecreaseInRetailRelatedInventories (Increase (Decrease) in Retail Related Inventories) arcrole=https://xbrl.org/2023/arcrole/summation-item role=http://www.homedepot.com/role/CONSOLIDATEDSTATEMENTSOFCASHFLOWS
6. path_id=X-HD-0173 relation_type=definition source=us-gaap:BusinessAcquisitionLineItems (Business Combination [Line Items]) -> target=us-gaap:BusinessCombinationRecognizedIdentifiableAssetsAcquiredAndLiabilitiesAssumedInventory (Business Combination, Recognized Asset Acquired, Inventory, Current) arcrole=http://xbrl.org/int/dim/arcrole/domain-member role=http://www.homedepot.com/role/ACQUISITIONSScheduleofBusinessAcquisitionsbyAcquisitionDetails","- Claim: Merchandise inventories were $25.8 billion as of February 1, 2026.
  - Claim type: Factual
  - Support used: T-HD-INVENTORY-020, F-HD-0004
  - Limitation: Measurement is limited to the consolidated balance sheet date of February 1, 2026.

- Claim: Home Depot utilizes the retail inventory method (RIM) for the majority of its merchandise inventories, while inventories in Canada, Mexico, distribution centers, and SRS distribution operations are recorded using cost methods (primarily moving average and first-in, first-out).
  - Claim type: Factual
  - Support used: T-HD-INVENTORY-028, T-HD-INVENTORY-020
  - Limitation: Source is limited to the company's descriptive accounting policy disclosures.

- Claim: There is a risk regarding the valuation assertion due to inherent uncertainty in the final determination of inventory cost and gross profit when applying the retail inventory method.
  - Claim type: Risk-cue or assertion-mapping
  - Support used: T-HD-INVENTORY-018
  - Inferential bridge: The text explicitly states that because the retail inventory method is based on factors such as markups, markdowns, and shrink, ""there exists an inherent uncertainty in the final determination of inventory cost and gross profit,"" which directly impacts the precision of the valuation assertion.
  - Limitation: Missing detail on the specific internal controls used to mitigate this inherent uncertainty or the quantitative materiality of the uncertainty.

- Claim: The valuation of inventory is subject to estimation risk because the determination of markups and markdowns relies on subjective and variable factors, including anticipated demand, customer preferences, buying trends, age of merchandise, and weather conditions.
  - Claim type: Risk-cue or assertion-mapping
  - Support used: T-HD-INVENTORY-018
  - Inferential bridge: Since the retail value is adjusted based on these external and predictive variables to approximate the lower of cost or market, any inaccuracies in these judgments would directly result in a valuation misstatement.
  - Limitation: Missing evidence regarding the specific data sources, forecasting models, or validation processes used to determine these market-based factors.

- Claim: The valuation of inventory acquired through business combinations (specifically SRS and GMS Inc) may require distinct audit consideration as these assets are recorded under different valuation frameworks than the majority of the company's inventory.
  - Claim type: Risk-cue or assertion-mapping
  - Support used: F-HD-0172, F-HD-0169, T-HD-INVENTORY-028
  - Inferential bridge: The company acquired significant inventory via SRS ($1.988 billion) and GMS Inc ($568 million), and the context specifies that SRS distribution operations are valued using cost methods (moving average/FIFO) rather than the retail inventory method used for the majority of merchandise, necessitating a separate valuation verification for these segments.
  - Limitation: Missing information regarding the initial fair value assessments and the subsequent transition of these acquired inventories into the company's standard cost-accounting systems."
EXT-C074,CAT,Caterpillar Inc.,bounded_extension,revenue,hybrid,"Trade receivables from dealers and end users were $9,402 million as of December 31, 2025.",T-CAT-REVENUE_INVENTORY-021,,"TEXT RETRIEVAL CONTEXT

[Text Chunk 1]
chunk_id: T-CAT-REVENUE-067
source_file: cat-20251231.htm
construct_tag: revenue
ranking_score: 10
text: 23. Sales Volume – With respect to sales and revenues, sales volume represents the impact of changes in the quantities sold for Machinery, Power & Energy as well as the incremental sales impact of new product introductions, including emissions-related product updates. With respect to operating profit, sales volume represents the impact of changes in the quantities sold for Machinery, Power & Energy combined with product mix as well as the net operating profit impact of new product introductions, including emissions-related product updates. Product mix represents the net operating profit impact of changes in the relative weighting of Machinery, Power & Energy sales with respect to total sales. The impact of sales volume on segment profit includes inter-segment sales.

[Text Chunk 2]
chunk_id: T-CAT-REVENUE_INVENTORY-006
source_file: cat-20251231.htm
construct_tag: revenue_inventory
ranking_score: 10
text: In the first quarter of 2026 as compared to the first quarter of 2025 we anticipate strong sales growth in Construction Industries primarily due to higher sales volume and favorable price realization. We expect higher sales volume to be driven by higher sales of equipment to end users and by the impact from changes in dealer inventories. We expect a more typical seasonal dealer inventory build in the first quarter of 2026 as compared to the first quarter of 2025. In Resource Industries we anticipate strong sales growth in the first quarter of 2026 as compared to the first quarter of 2025 primarily due to higher sales volume. We expect higher sales volume to be driven by higher sales of equipment to end users and by the impact from changes in dealer inventories. We also expect price realization for the first quarter of 2026 to be about flat as compared to the first quarter of 2025. In Power Energy we ...

[Text Chunk 3]
chunk_id: T-CAT-REVENUE_INVENTORY-021
source_file: cat-20251231.htm
construct_tag: revenue_inventory
ranking_score: 7
text: Trade receivables represent amounts due from dealers and end users for the sale of our products, and include amounts due from wholesale inventory financing provided by Cat Financial for a dealer's purchase of inventory. See Note 7 for further information. We recognize trade receivables from dealers and end users in Receivables – trade and other and Long-term receivables – trade and other in Statement 3. Trade receivables from dealers and end users were $ 9,402 million, $ 7,864 million and $ 7,923 million as of December 31, 2025, 2024 and 2023, respectively. Long-term trade receivables from dealers and end users were $ 1,006 million, $ 640 million and $ 589 million as of December 31, 2025, 2024 and 2023, respectively.

XBRL RELATIONAL RETRIEVAL CONTEXT

Facts:
1. fact_id=F-CAT-0004 concept=Revenues value=63869000000 unit=iso4217:USD period=duration:2023-01-01/2023-12-31 dimensions=srt:ProductOrServiceAxis=cat:MachineryPowerEnergyMember
2. fact_id=F-CAT-0007 concept=Revenues value=3191000000 unit=iso4217:USD period=duration:2023-01-01/2023-12-31 dimensions=srt:ProductOrServiceAxis=cat:FinancialProductsMember
3. fact_id=F-CAT-0010 concept=Revenues value=67060000000 unit=iso4217:USD period=duration:2023-01-01/2023-12-31 dimensions=none
4. fact_id=F-CAT-0064 concept=ContractWithCustomerLiability value=2389000000 unit=iso4217:USD period=instant:2023-12-31 dimensions=none
5. fact_id=F-CAT-0063 concept=ContractWithCustomerLiability value=2745000000 unit=iso4217:USD period=instant:2024-12-31 dimensions=none
6. fact_id=F-CAT-0062 concept=ContractWithCustomerLiability value=4678000000 unit=iso4217:USD period=instant:2025-12-31 dimensions=none
7. fact_id=F-CAT-0052 concept=ContractWithCustomerLiabilityCumulativeCatchUpAdjustmentToRevenueChangeInEstimateOfTransactionPrice value=-497000000 unit=iso4217:USD period=duration:2025-01-01/2025-12-31 dimensions=none
8. fact_id=F-CAT-0025 concept=ContractWithCustomerLiabilityCurrent value=2322000000 unit=iso4217:USD period=instant:2024-12-31 dimensions=none

Relation paths:
1. path_id=X-CAT-0016 relation_type=presentation source=us-gaap:RevenueFromContractWithCustomerAbstract (Revenue from Contract with Customer [Abstract]) -> target=us-gaap:RevenueFromContractWithCustomerTextBlock (Revenue from Contract with Customer [Text Block]) arcrole=http://www.xbrl.org/2003/arcrole/parent-child role=http://www.cat.com/role/Salesandrevenuerecognition
2. path_id=X-CAT-0339 relation_type=definition source=us-gaap:RevenueRemainingPerformanceObligationExpectedTimingOfSatisfactionLineItems (Revenue, Remaining Performance Obligation, Expected Timing of Satisfaction [Line Items]) -> target=us-gaap:ContractWithCustomerLiabilityCumulativeCatchUpAdjustmentToRevenueChangeInEstimateOfTransactionPrice (Contract with Customer, Liability, Cumulative Catch-up Adjustment to Revenue, Change in Estimate of Transaction Price) arcrole=http://xbrl.org/int/dim/arcrole/domain-member role=http://www.cat.com/role/SalesandrevenuerecognitionDetails
3. path_id=X-CAT-0350 relation_type=definition source=us-gaap:RevenueRemainingPerformanceObligationExpectedTimingOfSatisfactionLineItems (Revenue, Remaining Performance Obligation, Expected Timing of Satisfaction [Line Items]) -> target=us-gaap:ContractWithCustomerLiabilityCumulativeCatchUpAdjustmentToRevenueChangeInEstimateOfTransactionPrice (Contract with Customer, Liability, Cumulative Catch-up Adjustment to Revenue, Change in Estimate of Transaction Price) arcrole=http://xbrl.org/int/dim/arcrole/domain-member role=http://www.cat.com/role/SalesandrevenuerecognitionDetails_1
4. path_id=X-CAT-0344 relation_type=definition source=us-gaap:RevenueRemainingPerformanceObligationExpectedTimingOfSatisfactionLineItems (Revenue, Remaining Performance Obligation, Expected Timing of Satisfaction [Line Items]) -> target=us-gaap:ContractWithCustomerLiabilityRevenueRecognized (Contract with Customer, Liability, Revenue Recognized) arcrole=http://xbrl.org/int/dim/arcrole/domain-member role=http://www.cat.com/role/SalesandrevenuerecognitionDetails
5. path_id=X-CAT-0355 relation_type=definition source=us-gaap:RevenueRemainingPerformanceObligationExpectedTimingOfSatisfactionLineItems (Revenue, Remaining Performance Obligation, Expected Timing of Satisfaction [Line Items]) -> target=us-gaap:ContractWithCustomerLiabilityRevenueRecognized (Contract with Customer, Liability, Revenue Recognized) arcrole=http://xbrl.org/int/dim/arcrole/domain-member role=http://www.cat.com/role/SalesandrevenuerecognitionDetails_1
6. path_id=X-CAT-0340 relation_type=definition source=us-gaap:RevenueRemainingPerformanceObligationExpectedTimingOfSatisfactionLineItems (Revenue, Remaining Performance Obligation, Expected Timing of Satisfaction [Line Items]) -> target=us-gaap:ContractWithCustomerReceivableAfterAllowanceForCreditLossCurrent (Contract with Customer, Receivable, after Allowance for Credit Loss, Current) arcrole=http://xbrl.org/int/dim/arcrole/domain-member role=http://www.cat.com/role/SalesandrevenuerecognitionDetails","- Claim: Trade receivables from dealers and end users were $9,402 million as of December 31, 2025.
  - Claim type: Factual
  - Support used: T-CAT-REVENUE_INVENTORY-021
  - Limitation: This claim is limited to the specific reporting date of December 31, 2025.

- Claim: For the period from January 1, 2025, to December 31, 2025, the company recorded a Contract With Customer Liability Cumulative Catch-Up Adjustment to Revenue Change in Estimate of Transaction Price of -$497 million.
  - Claim type: Factual
  - Support used: F-CAT-0052
  - Limitation: This claim is limited to the measurement provided in the XBRL fact for the 2025 fiscal year.

- Claim: The recording of a significant negative cumulative catch-up adjustment to revenue due to changes in transaction price estimates suggests a risk related to the Accuracy assertion of revenue recognition.
  - Claim type: Risk-cue or assertion-mapping
  - Support used: F-CAT-0052
  - Inferential bridge: The necessity of a ""catch-up adjustment"" based on a ""change in estimate"" indicates that the initial transaction price used to recognize revenue was subject to revision, which points to a risk that the original revenue amounts were not accurately measured.
  - Limitation: Missing the specific internal control details regarding how transaction price estimates are initially determined and subsequently reviewed.

- Claim: The anticipation of sales growth driven by ""changes in dealer inventories"" and ""seasonal dealer inventory build"" suggests a risk related to the Occurrence assertion of revenue.
  - Claim type: Risk-cue or assertion-mapping
  - Support used: T-CAT-REVENUE_INVENTORY-006
  - Inferential bridge: Revenue growth attributed to dealer inventory builds rather than end-user demand increases the risk of ""channel stuffing,"" where revenue is recognized upon shipment to dealers before the risks and rewards of ownership have effectively transferred to the end customer.
  - Limitation: Missing the company's specific revenue recognition policy for dealer sales, specifically whether revenue is recognized upon shipment or delivery.

- Claim: As of December 31, 2025, the Contract With Customer Liability was $4,678 million.
  - Claim type: Factual
  - Support used: F-CAT-0062
  - Limitation: This claim is limited to the snapshot balance as of the period end date of December 31, 2025."
EXT-C075,CAT,Caterpillar Inc.,bounded_extension,revenue,hybrid,"For the period from January 1, 2025, to December 31, 2025, the company recorded a Contract With Customer Liability Cumulative Catch-Up Adjustment to Revenue Change in Estimate of Transaction Price of -$497 million.",,F-CAT-0052,"TEXT RETRIEVAL CONTEXT

[Text Chunk 1]
chunk_id: T-CAT-REVENUE-067
source_file: cat-20251231.htm
construct_tag: revenue
ranking_score: 10
text: 23. Sales Volume – With respect to sales and revenues, sales volume represents the impact of changes in the quantities sold for Machinery, Power & Energy as well as the incremental sales impact of new product introductions, including emissions-related product updates. With respect to operating profit, sales volume represents the impact of changes in the quantities sold for Machinery, Power & Energy combined with product mix as well as the net operating profit impact of new product introductions, including emissions-related product updates. Product mix represents the net operating profit impact of changes in the relative weighting of Machinery, Power & Energy sales with respect to total sales. The impact of sales volume on segment profit includes inter-segment sales.

[Text Chunk 2]
chunk_id: T-CAT-REVENUE_INVENTORY-006
source_file: cat-20251231.htm
construct_tag: revenue_inventory
ranking_score: 10
text: In the first quarter of 2026 as compared to the first quarter of 2025 we anticipate strong sales growth in Construction Industries primarily due to higher sales volume and favorable price realization. We expect higher sales volume to be driven by higher sales of equipment to end users and by the impact from changes in dealer inventories. We expect a more typical seasonal dealer inventory build in the first quarter of 2026 as compared to the first quarter of 2025. In Resource Industries we anticipate strong sales growth in the first quarter of 2026 as compared to the first quarter of 2025 primarily due to higher sales volume. We expect higher sales volume to be driven by higher sales of equipment to end users and by the impact from changes in dealer inventories. We also expect price realization for the first quarter of 2026 to be about flat as compared to the first quarter of 2025. In Power Energy we ...

[Text Chunk 3]
chunk_id: T-CAT-REVENUE_INVENTORY-021
source_file: cat-20251231.htm
construct_tag: revenue_inventory
ranking_score: 7
text: Trade receivables represent amounts due from dealers and end users for the sale of our products, and include amounts due from wholesale inventory financing provided by Cat Financial for a dealer's purchase of inventory. See Note 7 for further information. We recognize trade receivables from dealers and end users in Receivables – trade and other and Long-term receivables – trade and other in Statement 3. Trade receivables from dealers and end users were $ 9,402 million, $ 7,864 million and $ 7,923 million as of December 31, 2025, 2024 and 2023, respectively. Long-term trade receivables from dealers and end users were $ 1,006 million, $ 640 million and $ 589 million as of December 31, 2025, 2024 and 2023, respectively.

XBRL RELATIONAL RETRIEVAL CONTEXT

Facts:
1. fact_id=F-CAT-0004 concept=Revenues value=63869000000 unit=iso4217:USD period=duration:2023-01-01/2023-12-31 dimensions=srt:ProductOrServiceAxis=cat:MachineryPowerEnergyMember
2. fact_id=F-CAT-0007 concept=Revenues value=3191000000 unit=iso4217:USD period=duration:2023-01-01/2023-12-31 dimensions=srt:ProductOrServiceAxis=cat:FinancialProductsMember
3. fact_id=F-CAT-0010 concept=Revenues value=67060000000 unit=iso4217:USD period=duration:2023-01-01/2023-12-31 dimensions=none
4. fact_id=F-CAT-0064 concept=ContractWithCustomerLiability value=2389000000 unit=iso4217:USD period=instant:2023-12-31 dimensions=none
5. fact_id=F-CAT-0063 concept=ContractWithCustomerLiability value=2745000000 unit=iso4217:USD period=instant:2024-12-31 dimensions=none
6. fact_id=F-CAT-0062 concept=ContractWithCustomerLiability value=4678000000 unit=iso4217:USD period=instant:2025-12-31 dimensions=none
7. fact_id=F-CAT-0052 concept=ContractWithCustomerLiabilityCumulativeCatchUpAdjustmentToRevenueChangeInEstimateOfTransactionPrice value=-497000000 unit=iso4217:USD period=duration:2025-01-01/2025-12-31 dimensions=none
8. fact_id=F-CAT-0025 concept=ContractWithCustomerLiabilityCurrent value=2322000000 unit=iso4217:USD period=instant:2024-12-31 dimensions=none

Relation paths:
1. path_id=X-CAT-0016 relation_type=presentation source=us-gaap:RevenueFromContractWithCustomerAbstract (Revenue from Contract with Customer [Abstract]) -> target=us-gaap:RevenueFromContractWithCustomerTextBlock (Revenue from Contract with Customer [Text Block]) arcrole=http://www.xbrl.org/2003/arcrole/parent-child role=http://www.cat.com/role/Salesandrevenuerecognition
2. path_id=X-CAT-0339 relation_type=definition source=us-gaap:RevenueRemainingPerformanceObligationExpectedTimingOfSatisfactionLineItems (Revenue, Remaining Performance Obligation, Expected Timing of Satisfaction [Line Items]) -> target=us-gaap:ContractWithCustomerLiabilityCumulativeCatchUpAdjustmentToRevenueChangeInEstimateOfTransactionPrice (Contract with Customer, Liability, Cumulative Catch-up Adjustment to Revenue, Change in Estimate of Transaction Price) arcrole=http://xbrl.org/int/dim/arcrole/domain-member role=http://www.cat.com/role/SalesandrevenuerecognitionDetails
3. path_id=X-CAT-0350 relation_type=definition source=us-gaap:RevenueRemainingPerformanceObligationExpectedTimingOfSatisfactionLineItems (Revenue, Remaining Performance Obligation, Expected Timing of Satisfaction [Line Items]) -> target=us-gaap:ContractWithCustomerLiabilityCumulativeCatchUpAdjustmentToRevenueChangeInEstimateOfTransactionPrice (Contract with Customer, Liability, Cumulative Catch-up Adjustment to Revenue, Change in Estimate of Transaction Price) arcrole=http://xbrl.org/int/dim/arcrole/domain-member role=http://www.cat.com/role/SalesandrevenuerecognitionDetails_1
4. path_id=X-CAT-0344 relation_type=definition source=us-gaap:RevenueRemainingPerformanceObligationExpectedTimingOfSatisfactionLineItems (Revenue, Remaining Performance Obligation, Expected Timing of Satisfaction [Line Items]) -> target=us-gaap:ContractWithCustomerLiabilityRevenueRecognized (Contract with Customer, Liability, Revenue Recognized) arcrole=http://xbrl.org/int/dim/arcrole/domain-member role=http://www.cat.com/role/SalesandrevenuerecognitionDetails
5. path_id=X-CAT-0355 relation_type=definition source=us-gaap:RevenueRemainingPerformanceObligationExpectedTimingOfSatisfactionLineItems (Revenue, Remaining Performance Obligation, Expected Timing of Satisfaction [Line Items]) -> target=us-gaap:ContractWithCustomerLiabilityRevenueRecognized (Contract with Customer, Liability, Revenue Recognized) arcrole=http://xbrl.org/int/dim/arcrole/domain-member role=http://www.cat.com/role/SalesandrevenuerecognitionDetails_1
6. path_id=X-CAT-0340 relation_type=definition source=us-gaap:RevenueRemainingPerformanceObligationExpectedTimingOfSatisfactionLineItems (Revenue, Remaining Performance Obligation, Expected Timing of Satisfaction [Line Items]) -> target=us-gaap:ContractWithCustomerReceivableAfterAllowanceForCreditLossCurrent (Contract with Customer, Receivable, after Allowance for Credit Loss, Current) arcrole=http://xbrl.org/int/dim/arcrole/domain-member role=http://www.cat.com/role/SalesandrevenuerecognitionDetails","- Claim: Trade receivables from dealers and end users were $9,402 million as of December 31, 2025.
  - Claim type: Factual
  - Support used: T-CAT-REVENUE_INVENTORY-021
  - Limitation: This claim is limited to the specific reporting date of December 31, 2025.

- Claim: For the period from January 1, 2025, to December 31, 2025, the company recorded a Contract With Customer Liability Cumulative Catch-Up Adjustment to Revenue Change in Estimate of Transaction Price of -$497 million.
  - Claim type: Factual
  - Support used: F-CAT-0052
  - Limitation: This claim is limited to the measurement provided in the XBRL fact for the 2025 fiscal year.

- Claim: The recording of a significant negative cumulative catch-up adjustment to revenue due to changes in transaction price estimates suggests a risk related to the Accuracy assertion of revenue recognition.
  - Claim type: Risk-cue or assertion-mapping
  - Support used: F-CAT-0052
  - Inferential bridge: The necessity of a ""catch-up adjustment"" based on a ""change in estimate"" indicates that the initial transaction price used to recognize revenue was subject to revision, which points to a risk that the original revenue amounts were not accurately measured.
  - Limitation: Missing the specific internal control details regarding how transaction price estimates are initially determined and subsequently reviewed.

- Claim: The anticipation of sales growth driven by ""changes in dealer inventories"" and ""seasonal dealer inventory build"" suggests a risk related to the Occurrence assertion of revenue.
  - Claim type: Risk-cue or assertion-mapping
  - Support used: T-CAT-REVENUE_INVENTORY-006
  - Inferential bridge: Revenue growth attributed to dealer inventory builds rather than end-user demand increases the risk of ""channel stuffing,"" where revenue is recognized upon shipment to dealers before the risks and rewards of ownership have effectively transferred to the end customer.
  - Limitation: Missing the company's specific revenue recognition policy for dealer sales, specifically whether revenue is recognized upon shipment or delivery.

- Claim: As of December 31, 2025, the Contract With Customer Liability was $4,678 million.
  - Claim type: Factual
  - Support used: F-CAT-0062
  - Limitation: This claim is limited to the snapshot balance as of the period end date of December 31, 2025."
EXT-C076,CAT,Caterpillar Inc.,bounded_extension,revenue,hybrid,The recording of a significant negative cumulative catch-up adjustment to revenue due to changes in transaction price estimates suggests a risk related to the Accuracy assertion of revenue recognition.,,F-CAT-0052,"TEXT RETRIEVAL CONTEXT

[Text Chunk 1]
chunk_id: T-CAT-REVENUE-067
source_file: cat-20251231.htm
construct_tag: revenue
ranking_score: 10
text: 23. Sales Volume – With respect to sales and revenues, sales volume represents the impact of changes in the quantities sold for Machinery, Power & Energy as well as the incremental sales impact of new product introductions, including emissions-related product updates. With respect to operating profit, sales volume represents the impact of changes in the quantities sold for Machinery, Power & Energy combined with product mix as well as the net operating profit impact of new product introductions, including emissions-related product updates. Product mix represents the net operating profit impact of changes in the relative weighting of Machinery, Power & Energy sales with respect to total sales. The impact of sales volume on segment profit includes inter-segment sales.

[Text Chunk 2]
chunk_id: T-CAT-REVENUE_INVENTORY-006
source_file: cat-20251231.htm
construct_tag: revenue_inventory
ranking_score: 10
text: In the first quarter of 2026 as compared to the first quarter of 2025 we anticipate strong sales growth in Construction Industries primarily due to higher sales volume and favorable price realization. We expect higher sales volume to be driven by higher sales of equipment to end users and by the impact from changes in dealer inventories. We expect a more typical seasonal dealer inventory build in the first quarter of 2026 as compared to the first quarter of 2025. In Resource Industries we anticipate strong sales growth in the first quarter of 2026 as compared to the first quarter of 2025 primarily due to higher sales volume. We expect higher sales volume to be driven by higher sales of equipment to end users and by the impact from changes in dealer inventories. We also expect price realization for the first quarter of 2026 to be about flat as compared to the first quarter of 2025. In Power Energy we ...

[Text Chunk 3]
chunk_id: T-CAT-REVENUE_INVENTORY-021
source_file: cat-20251231.htm
construct_tag: revenue_inventory
ranking_score: 7
text: Trade receivables represent amounts due from dealers and end users for the sale of our products, and include amounts due from wholesale inventory financing provided by Cat Financial for a dealer's purchase of inventory. See Note 7 for further information. We recognize trade receivables from dealers and end users in Receivables – trade and other and Long-term receivables – trade and other in Statement 3. Trade receivables from dealers and end users were $ 9,402 million, $ 7,864 million and $ 7,923 million as of December 31, 2025, 2024 and 2023, respectively. Long-term trade receivables from dealers and end users were $ 1,006 million, $ 640 million and $ 589 million as of December 31, 2025, 2024 and 2023, respectively.

XBRL RELATIONAL RETRIEVAL CONTEXT

Facts:
1. fact_id=F-CAT-0004 concept=Revenues value=63869000000 unit=iso4217:USD period=duration:2023-01-01/2023-12-31 dimensions=srt:ProductOrServiceAxis=cat:MachineryPowerEnergyMember
2. fact_id=F-CAT-0007 concept=Revenues value=3191000000 unit=iso4217:USD period=duration:2023-01-01/2023-12-31 dimensions=srt:ProductOrServiceAxis=cat:FinancialProductsMember
3. fact_id=F-CAT-0010 concept=Revenues value=67060000000 unit=iso4217:USD period=duration:2023-01-01/2023-12-31 dimensions=none
4. fact_id=F-CAT-0064 concept=ContractWithCustomerLiability value=2389000000 unit=iso4217:USD period=instant:2023-12-31 dimensions=none
5. fact_id=F-CAT-0063 concept=ContractWithCustomerLiability value=2745000000 unit=iso4217:USD period=instant:2024-12-31 dimensions=none
6. fact_id=F-CAT-0062 concept=ContractWithCustomerLiability value=4678000000 unit=iso4217:USD period=instant:2025-12-31 dimensions=none
7. fact_id=F-CAT-0052 concept=ContractWithCustomerLiabilityCumulativeCatchUpAdjustmentToRevenueChangeInEstimateOfTransactionPrice value=-497000000 unit=iso4217:USD period=duration:2025-01-01/2025-12-31 dimensions=none
8. fact_id=F-CAT-0025 concept=ContractWithCustomerLiabilityCurrent value=2322000000 unit=iso4217:USD period=instant:2024-12-31 dimensions=none

Relation paths:
1. path_id=X-CAT-0016 relation_type=presentation source=us-gaap:RevenueFromContractWithCustomerAbstract (Revenue from Contract with Customer [Abstract]) -> target=us-gaap:RevenueFromContractWithCustomerTextBlock (Revenue from Contract with Customer [Text Block]) arcrole=http://www.xbrl.org/2003/arcrole/parent-child role=http://www.cat.com/role/Salesandrevenuerecognition
2. path_id=X-CAT-0339 relation_type=definition source=us-gaap:RevenueRemainingPerformanceObligationExpectedTimingOfSatisfactionLineItems (Revenue, Remaining Performance Obligation, Expected Timing of Satisfaction [Line Items]) -> target=us-gaap:ContractWithCustomerLiabilityCumulativeCatchUpAdjustmentToRevenueChangeInEstimateOfTransactionPrice (Contract with Customer, Liability, Cumulative Catch-up Adjustment to Revenue, Change in Estimate of Transaction Price) arcrole=http://xbrl.org/int/dim/arcrole/domain-member role=http://www.cat.com/role/SalesandrevenuerecognitionDetails
3. path_id=X-CAT-0350 relation_type=definition source=us-gaap:RevenueRemainingPerformanceObligationExpectedTimingOfSatisfactionLineItems (Revenue, Remaining Performance Obligation, Expected Timing of Satisfaction [Line Items]) -> target=us-gaap:ContractWithCustomerLiabilityCumulativeCatchUpAdjustmentToRevenueChangeInEstimateOfTransactionPrice (Contract with Customer, Liability, Cumulative Catch-up Adjustment to Revenue, Change in Estimate of Transaction Price) arcrole=http://xbrl.org/int/dim/arcrole/domain-member role=http://www.cat.com/role/SalesandrevenuerecognitionDetails_1
4. path_id=X-CAT-0344 relation_type=definition source=us-gaap:RevenueRemainingPerformanceObligationExpectedTimingOfSatisfactionLineItems (Revenue, Remaining Performance Obligation, Expected Timing of Satisfaction [Line Items]) -> target=us-gaap:ContractWithCustomerLiabilityRevenueRecognized (Contract with Customer, Liability, Revenue Recognized) arcrole=http://xbrl.org/int/dim/arcrole/domain-member role=http://www.cat.com/role/SalesandrevenuerecognitionDetails
5. path_id=X-CAT-0355 relation_type=definition source=us-gaap:RevenueRemainingPerformanceObligationExpectedTimingOfSatisfactionLineItems (Revenue, Remaining Performance Obligation, Expected Timing of Satisfaction [Line Items]) -> target=us-gaap:ContractWithCustomerLiabilityRevenueRecognized (Contract with Customer, Liability, Revenue Recognized) arcrole=http://xbrl.org/int/dim/arcrole/domain-member role=http://www.cat.com/role/SalesandrevenuerecognitionDetails_1
6. path_id=X-CAT-0340 relation_type=definition source=us-gaap:RevenueRemainingPerformanceObligationExpectedTimingOfSatisfactionLineItems (Revenue, Remaining Performance Obligation, Expected Timing of Satisfaction [Line Items]) -> target=us-gaap:ContractWithCustomerReceivableAfterAllowanceForCreditLossCurrent (Contract with Customer, Receivable, after Allowance for Credit Loss, Current) arcrole=http://xbrl.org/int/dim/arcrole/domain-member role=http://www.cat.com/role/SalesandrevenuerecognitionDetails","- Claim: Trade receivables from dealers and end users were $9,402 million as of December 31, 2025.
  - Claim type: Factual
  - Support used: T-CAT-REVENUE_INVENTORY-021
  - Limitation: This claim is limited to the specific reporting date of December 31, 2025.

- Claim: For the period from January 1, 2025, to December 31, 2025, the company recorded a Contract With Customer Liability Cumulative Catch-Up Adjustment to Revenue Change in Estimate of Transaction Price of -$497 million.
  - Claim type: Factual
  - Support used: F-CAT-0052
  - Limitation: This claim is limited to the measurement provided in the XBRL fact for the 2025 fiscal year.

- Claim: The recording of a significant negative cumulative catch-up adjustment to revenue due to changes in transaction price estimates suggests a risk related to the Accuracy assertion of revenue recognition.
  - Claim type: Risk-cue or assertion-mapping
  - Support used: F-CAT-0052
  - Inferential bridge: The necessity of a ""catch-up adjustment"" based on a ""change in estimate"" indicates that the initial transaction price used to recognize revenue was subject to revision, which points to a risk that the original revenue amounts were not accurately measured.
  - Limitation: Missing the specific internal control details regarding how transaction price estimates are initially determined and subsequently reviewed.

- Claim: The anticipation of sales growth driven by ""changes in dealer inventories"" and ""seasonal dealer inventory build"" suggests a risk related to the Occurrence assertion of revenue.
  - Claim type: Risk-cue or assertion-mapping
  - Support used: T-CAT-REVENUE_INVENTORY-006
  - Inferential bridge: Revenue growth attributed to dealer inventory builds rather than end-user demand increases the risk of ""channel stuffing,"" where revenue is recognized upon shipment to dealers before the risks and rewards of ownership have effectively transferred to the end customer.
  - Limitation: Missing the company's specific revenue recognition policy for dealer sales, specifically whether revenue is recognized upon shipment or delivery.

- Claim: As of December 31, 2025, the Contract With Customer Liability was $4,678 million.
  - Claim type: Factual
  - Support used: F-CAT-0062
  - Limitation: This claim is limited to the snapshot balance as of the period end date of December 31, 2025."
EXT-C077,CAT,Caterpillar Inc.,bounded_extension,revenue,hybrid,"The anticipation of sales growth driven by ""changes in dealer inventories"" and ""seasonal dealer inventory build"" suggests a risk related to the Occurrence assertion of revenue.",T-CAT-REVENUE_INVENTORY-006,,"TEXT RETRIEVAL CONTEXT

[Text Chunk 1]
chunk_id: T-CAT-REVENUE-067
source_file: cat-20251231.htm
construct_tag: revenue
ranking_score: 10
text: 23. Sales Volume – With respect to sales and revenues, sales volume represents the impact of changes in the quantities sold for Machinery, Power & Energy as well as the incremental sales impact of new product introductions, including emissions-related product updates. With respect to operating profit, sales volume represents the impact of changes in the quantities sold for Machinery, Power & Energy combined with product mix as well as the net operating profit impact of new product introductions, including emissions-related product updates. Product mix represents the net operating profit impact of changes in the relative weighting of Machinery, Power & Energy sales with respect to total sales. The impact of sales volume on segment profit includes inter-segment sales.

[Text Chunk 2]
chunk_id: T-CAT-REVENUE_INVENTORY-006
source_file: cat-20251231.htm
construct_tag: revenue_inventory
ranking_score: 10
text: In the first quarter of 2026 as compared to the first quarter of 2025 we anticipate strong sales growth in Construction Industries primarily due to higher sales volume and favorable price realization. We expect higher sales volume to be driven by higher sales of equipment to end users and by the impact from changes in dealer inventories. We expect a more typical seasonal dealer inventory build in the first quarter of 2026 as compared to the first quarter of 2025. In Resource Industries we anticipate strong sales growth in the first quarter of 2026 as compared to the first quarter of 2025 primarily due to higher sales volume. We expect higher sales volume to be driven by higher sales of equipment to end users and by the impact from changes in dealer inventories. We also expect price realization for the first quarter of 2026 to be about flat as compared to the first quarter of 2025. In Power Energy we ...

[Text Chunk 3]
chunk_id: T-CAT-REVENUE_INVENTORY-021
source_file: cat-20251231.htm
construct_tag: revenue_inventory
ranking_score: 7
text: Trade receivables represent amounts due from dealers and end users for the sale of our products, and include amounts due from wholesale inventory financing provided by Cat Financial for a dealer's purchase of inventory. See Note 7 for further information. We recognize trade receivables from dealers and end users in Receivables – trade and other and Long-term receivables – trade and other in Statement 3. Trade receivables from dealers and end users were $ 9,402 million, $ 7,864 million and $ 7,923 million as of December 31, 2025, 2024 and 2023, respectively. Long-term trade receivables from dealers and end users were $ 1,006 million, $ 640 million and $ 589 million as of December 31, 2025, 2024 and 2023, respectively.

XBRL RELATIONAL RETRIEVAL CONTEXT

Facts:
1. fact_id=F-CAT-0004 concept=Revenues value=63869000000 unit=iso4217:USD period=duration:2023-01-01/2023-12-31 dimensions=srt:ProductOrServiceAxis=cat:MachineryPowerEnergyMember
2. fact_id=F-CAT-0007 concept=Revenues value=3191000000 unit=iso4217:USD period=duration:2023-01-01/2023-12-31 dimensions=srt:ProductOrServiceAxis=cat:FinancialProductsMember
3. fact_id=F-CAT-0010 concept=Revenues value=67060000000 unit=iso4217:USD period=duration:2023-01-01/2023-12-31 dimensions=none
4. fact_id=F-CAT-0064 concept=ContractWithCustomerLiability value=2389000000 unit=iso4217:USD period=instant:2023-12-31 dimensions=none
5. fact_id=F-CAT-0063 concept=ContractWithCustomerLiability value=2745000000 unit=iso4217:USD period=instant:2024-12-31 dimensions=none
6. fact_id=F-CAT-0062 concept=ContractWithCustomerLiability value=4678000000 unit=iso4217:USD period=instant:2025-12-31 dimensions=none
7. fact_id=F-CAT-0052 concept=ContractWithCustomerLiabilityCumulativeCatchUpAdjustmentToRevenueChangeInEstimateOfTransactionPrice value=-497000000 unit=iso4217:USD period=duration:2025-01-01/2025-12-31 dimensions=none
8. fact_id=F-CAT-0025 concept=ContractWithCustomerLiabilityCurrent value=2322000000 unit=iso4217:USD period=instant:2024-12-31 dimensions=none

Relation paths:
1. path_id=X-CAT-0016 relation_type=presentation source=us-gaap:RevenueFromContractWithCustomerAbstract (Revenue from Contract with Customer [Abstract]) -> target=us-gaap:RevenueFromContractWithCustomerTextBlock (Revenue from Contract with Customer [Text Block]) arcrole=http://www.xbrl.org/2003/arcrole/parent-child role=http://www.cat.com/role/Salesandrevenuerecognition
2. path_id=X-CAT-0339 relation_type=definition source=us-gaap:RevenueRemainingPerformanceObligationExpectedTimingOfSatisfactionLineItems (Revenue, Remaining Performance Obligation, Expected Timing of Satisfaction [Line Items]) -> target=us-gaap:ContractWithCustomerLiabilityCumulativeCatchUpAdjustmentToRevenueChangeInEstimateOfTransactionPrice (Contract with Customer, Liability, Cumulative Catch-up Adjustment to Revenue, Change in Estimate of Transaction Price) arcrole=http://xbrl.org/int/dim/arcrole/domain-member role=http://www.cat.com/role/SalesandrevenuerecognitionDetails
3. path_id=X-CAT-0350 relation_type=definition source=us-gaap:RevenueRemainingPerformanceObligationExpectedTimingOfSatisfactionLineItems (Revenue, Remaining Performance Obligation, Expected Timing of Satisfaction [Line Items]) -> target=us-gaap:ContractWithCustomerLiabilityCumulativeCatchUpAdjustmentToRevenueChangeInEstimateOfTransactionPrice (Contract with Customer, Liability, Cumulative Catch-up Adjustment to Revenue, Change in Estimate of Transaction Price) arcrole=http://xbrl.org/int/dim/arcrole/domain-member role=http://www.cat.com/role/SalesandrevenuerecognitionDetails_1
4. path_id=X-CAT-0344 relation_type=definition source=us-gaap:RevenueRemainingPerformanceObligationExpectedTimingOfSatisfactionLineItems (Revenue, Remaining Performance Obligation, Expected Timing of Satisfaction [Line Items]) -> target=us-gaap:ContractWithCustomerLiabilityRevenueRecognized (Contract with Customer, Liability, Revenue Recognized) arcrole=http://xbrl.org/int/dim/arcrole/domain-member role=http://www.cat.com/role/SalesandrevenuerecognitionDetails
5. path_id=X-CAT-0355 relation_type=definition source=us-gaap:RevenueRemainingPerformanceObligationExpectedTimingOfSatisfactionLineItems (Revenue, Remaining Performance Obligation, Expected Timing of Satisfaction [Line Items]) -> target=us-gaap:ContractWithCustomerLiabilityRevenueRecognized (Contract with Customer, Liability, Revenue Recognized) arcrole=http://xbrl.org/int/dim/arcrole/domain-member role=http://www.cat.com/role/SalesandrevenuerecognitionDetails_1
6. path_id=X-CAT-0340 relation_type=definition source=us-gaap:RevenueRemainingPerformanceObligationExpectedTimingOfSatisfactionLineItems (Revenue, Remaining Performance Obligation, Expected Timing of Satisfaction [Line Items]) -> target=us-gaap:ContractWithCustomerReceivableAfterAllowanceForCreditLossCurrent (Contract with Customer, Receivable, after Allowance for Credit Loss, Current) arcrole=http://xbrl.org/int/dim/arcrole/domain-member role=http://www.cat.com/role/SalesandrevenuerecognitionDetails","- Claim: Trade receivables from dealers and end users were $9,402 million as of December 31, 2025.
  - Claim type: Factual
  - Support used: T-CAT-REVENUE_INVENTORY-021
  - Limitation: This claim is limited to the specific reporting date of December 31, 2025.

- Claim: For the period from January 1, 2025, to December 31, 2025, the company recorded a Contract With Customer Liability Cumulative Catch-Up Adjustment to Revenue Change in Estimate of Transaction Price of -$497 million.
  - Claim type: Factual
  - Support used: F-CAT-0052
  - Limitation: This claim is limited to the measurement provided in the XBRL fact for the 2025 fiscal year.

- Claim: The recording of a significant negative cumulative catch-up adjustment to revenue due to changes in transaction price estimates suggests a risk related to the Accuracy assertion of revenue recognition.
  - Claim type: Risk-cue or assertion-mapping
  - Support used: F-CAT-0052
  - Inferential bridge: The necessity of a ""catch-up adjustment"" based on a ""change in estimate"" indicates that the initial transaction price used to recognize revenue was subject to revision, which points to a risk that the original revenue amounts were not accurately measured.
  - Limitation: Missing the specific internal control details regarding how transaction price estimates are initially determined and subsequently reviewed.

- Claim: The anticipation of sales growth driven by ""changes in dealer inventories"" and ""seasonal dealer inventory build"" suggests a risk related to the Occurrence assertion of revenue.
  - Claim type: Risk-cue or assertion-mapping
  - Support used: T-CAT-REVENUE_INVENTORY-006
  - Inferential bridge: Revenue growth attributed to dealer inventory builds rather than end-user demand increases the risk of ""channel stuffing,"" where revenue is recognized upon shipment to dealers before the risks and rewards of ownership have effectively transferred to the end customer.
  - Limitation: Missing the company's specific revenue recognition policy for dealer sales, specifically whether revenue is recognized upon shipment or delivery.

- Claim: As of December 31, 2025, the Contract With Customer Liability was $4,678 million.
  - Claim type: Factual
  - Support used: F-CAT-0062
  - Limitation: This claim is limited to the snapshot balance as of the period end date of December 31, 2025."
EXT-C078,CAT,Caterpillar Inc.,bounded_extension,revenue,hybrid,"As of December 31, 2025, the Contract With Customer Liability was $4,678 million.",,F-CAT-0062,"TEXT RETRIEVAL CONTEXT

[Text Chunk 1]
chunk_id: T-CAT-REVENUE-067
source_file: cat-20251231.htm
construct_tag: revenue
ranking_score: 10
text: 23. Sales Volume – With respect to sales and revenues, sales volume represents the impact of changes in the quantities sold for Machinery, Power & Energy as well as the incremental sales impact of new product introductions, including emissions-related product updates. With respect to operating profit, sales volume represents the impact of changes in the quantities sold for Machinery, Power & Energy combined with product mix as well as the net operating profit impact of new product introductions, including emissions-related product updates. Product mix represents the net operating profit impact of changes in the relative weighting of Machinery, Power & Energy sales with respect to total sales. The impact of sales volume on segment profit includes inter-segment sales.

[Text Chunk 2]
chunk_id: T-CAT-REVENUE_INVENTORY-006
source_file: cat-20251231.htm
construct_tag: revenue_inventory
ranking_score: 10
text: In the first quarter of 2026 as compared to the first quarter of 2025 we anticipate strong sales growth in Construction Industries primarily due to higher sales volume and favorable price realization. We expect higher sales volume to be driven by higher sales of equipment to end users and by the impact from changes in dealer inventories. We expect a more typical seasonal dealer inventory build in the first quarter of 2026 as compared to the first quarter of 2025. In Resource Industries we anticipate strong sales growth in the first quarter of 2026 as compared to the first quarter of 2025 primarily due to higher sales volume. We expect higher sales volume to be driven by higher sales of equipment to end users and by the impact from changes in dealer inventories. We also expect price realization for the first quarter of 2026 to be about flat as compared to the first quarter of 2025. In Power Energy we ...

[Text Chunk 3]
chunk_id: T-CAT-REVENUE_INVENTORY-021
source_file: cat-20251231.htm
construct_tag: revenue_inventory
ranking_score: 7
text: Trade receivables represent amounts due from dealers and end users for the sale of our products, and include amounts due from wholesale inventory financing provided by Cat Financial for a dealer's purchase of inventory. See Note 7 for further information. We recognize trade receivables from dealers and end users in Receivables – trade and other and Long-term receivables – trade and other in Statement 3. Trade receivables from dealers and end users were $ 9,402 million, $ 7,864 million and $ 7,923 million as of December 31, 2025, 2024 and 2023, respectively. Long-term trade receivables from dealers and end users were $ 1,006 million, $ 640 million and $ 589 million as of December 31, 2025, 2024 and 2023, respectively.

XBRL RELATIONAL RETRIEVAL CONTEXT

Facts:
1. fact_id=F-CAT-0004 concept=Revenues value=63869000000 unit=iso4217:USD period=duration:2023-01-01/2023-12-31 dimensions=srt:ProductOrServiceAxis=cat:MachineryPowerEnergyMember
2. fact_id=F-CAT-0007 concept=Revenues value=3191000000 unit=iso4217:USD period=duration:2023-01-01/2023-12-31 dimensions=srt:ProductOrServiceAxis=cat:FinancialProductsMember
3. fact_id=F-CAT-0010 concept=Revenues value=67060000000 unit=iso4217:USD period=duration:2023-01-01/2023-12-31 dimensions=none
4. fact_id=F-CAT-0064 concept=ContractWithCustomerLiability value=2389000000 unit=iso4217:USD period=instant:2023-12-31 dimensions=none
5. fact_id=F-CAT-0063 concept=ContractWithCustomerLiability value=2745000000 unit=iso4217:USD period=instant:2024-12-31 dimensions=none
6. fact_id=F-CAT-0062 concept=ContractWithCustomerLiability value=4678000000 unit=iso4217:USD period=instant:2025-12-31 dimensions=none
7. fact_id=F-CAT-0052 concept=ContractWithCustomerLiabilityCumulativeCatchUpAdjustmentToRevenueChangeInEstimateOfTransactionPrice value=-497000000 unit=iso4217:USD period=duration:2025-01-01/2025-12-31 dimensions=none
8. fact_id=F-CAT-0025 concept=ContractWithCustomerLiabilityCurrent value=2322000000 unit=iso4217:USD period=instant:2024-12-31 dimensions=none

Relation paths:
1. path_id=X-CAT-0016 relation_type=presentation source=us-gaap:RevenueFromContractWithCustomerAbstract (Revenue from Contract with Customer [Abstract]) -> target=us-gaap:RevenueFromContractWithCustomerTextBlock (Revenue from Contract with Customer [Text Block]) arcrole=http://www.xbrl.org/2003/arcrole/parent-child role=http://www.cat.com/role/Salesandrevenuerecognition
2. path_id=X-CAT-0339 relation_type=definition source=us-gaap:RevenueRemainingPerformanceObligationExpectedTimingOfSatisfactionLineItems (Revenue, Remaining Performance Obligation, Expected Timing of Satisfaction [Line Items]) -> target=us-gaap:ContractWithCustomerLiabilityCumulativeCatchUpAdjustmentToRevenueChangeInEstimateOfTransactionPrice (Contract with Customer, Liability, Cumulative Catch-up Adjustment to Revenue, Change in Estimate of Transaction Price) arcrole=http://xbrl.org/int/dim/arcrole/domain-member role=http://www.cat.com/role/SalesandrevenuerecognitionDetails
3. path_id=X-CAT-0350 relation_type=definition source=us-gaap:RevenueRemainingPerformanceObligationExpectedTimingOfSatisfactionLineItems (Revenue, Remaining Performance Obligation, Expected Timing of Satisfaction [Line Items]) -> target=us-gaap:ContractWithCustomerLiabilityCumulativeCatchUpAdjustmentToRevenueChangeInEstimateOfTransactionPrice (Contract with Customer, Liability, Cumulative Catch-up Adjustment to Revenue, Change in Estimate of Transaction Price) arcrole=http://xbrl.org/int/dim/arcrole/domain-member role=http://www.cat.com/role/SalesandrevenuerecognitionDetails_1
4. path_id=X-CAT-0344 relation_type=definition source=us-gaap:RevenueRemainingPerformanceObligationExpectedTimingOfSatisfactionLineItems (Revenue, Remaining Performance Obligation, Expected Timing of Satisfaction [Line Items]) -> target=us-gaap:ContractWithCustomerLiabilityRevenueRecognized (Contract with Customer, Liability, Revenue Recognized) arcrole=http://xbrl.org/int/dim/arcrole/domain-member role=http://www.cat.com/role/SalesandrevenuerecognitionDetails
5. path_id=X-CAT-0355 relation_type=definition source=us-gaap:RevenueRemainingPerformanceObligationExpectedTimingOfSatisfactionLineItems (Revenue, Remaining Performance Obligation, Expected Timing of Satisfaction [Line Items]) -> target=us-gaap:ContractWithCustomerLiabilityRevenueRecognized (Contract with Customer, Liability, Revenue Recognized) arcrole=http://xbrl.org/int/dim/arcrole/domain-member role=http://www.cat.com/role/SalesandrevenuerecognitionDetails_1
6. path_id=X-CAT-0340 relation_type=definition source=us-gaap:RevenueRemainingPerformanceObligationExpectedTimingOfSatisfactionLineItems (Revenue, Remaining Performance Obligation, Expected Timing of Satisfaction [Line Items]) -> target=us-gaap:ContractWithCustomerReceivableAfterAllowanceForCreditLossCurrent (Contract with Customer, Receivable, after Allowance for Credit Loss, Current) arcrole=http://xbrl.org/int/dim/arcrole/domain-member role=http://www.cat.com/role/SalesandrevenuerecognitionDetails","- Claim: Trade receivables from dealers and end users were $9,402 million as of December 31, 2025.
  - Claim type: Factual
  - Support used: T-CAT-REVENUE_INVENTORY-021
  - Limitation: This claim is limited to the specific reporting date of December 31, 2025.

- Claim: For the period from January 1, 2025, to December 31, 2025, the company recorded a Contract With Customer Liability Cumulative Catch-Up Adjustment to Revenue Change in Estimate of Transaction Price of -$497 million.
  - Claim type: Factual
  - Support used: F-CAT-0052
  - Limitation: This claim is limited to the measurement provided in the XBRL fact for the 2025 fiscal year.

- Claim: The recording of a significant negative cumulative catch-up adjustment to revenue due to changes in transaction price estimates suggests a risk related to the Accuracy assertion of revenue recognition.
  - Claim type: Risk-cue or assertion-mapping
  - Support used: F-CAT-0052
  - Inferential bridge: The necessity of a ""catch-up adjustment"" based on a ""change in estimate"" indicates that the initial transaction price used to recognize revenue was subject to revision, which points to a risk that the original revenue amounts were not accurately measured.
  - Limitation: Missing the specific internal control details regarding how transaction price estimates are initially determined and subsequently reviewed.

- Claim: The anticipation of sales growth driven by ""changes in dealer inventories"" and ""seasonal dealer inventory build"" suggests a risk related to the Occurrence assertion of revenue.
  - Claim type: Risk-cue or assertion-mapping
  - Support used: T-CAT-REVENUE_INVENTORY-006
  - Inferential bridge: Revenue growth attributed to dealer inventory builds rather than end-user demand increases the risk of ""channel stuffing,"" where revenue is recognized upon shipment to dealers before the risks and rewards of ownership have effectively transferred to the end customer.
  - Limitation: Missing the company's specific revenue recognition policy for dealer sales, specifically whether revenue is recognized upon shipment or delivery.

- Claim: As of December 31, 2025, the Contract With Customer Liability was $4,678 million.
  - Claim type: Factual
  - Support used: F-CAT-0062
  - Limitation: This claim is limited to the snapshot balance as of the period end date of December 31, 2025."
EXT-C089,CAT,Caterpillar Inc.,bounded_extension,inventory,hybrid,"Caterpillar Inc. values inventories at the lower of cost or net realizable value, primarily using the last-in, first-out (LIFO) method.",T-CAT-INVENTORY-016,,"TEXT RETRIEVAL CONTEXT

[Text Chunk 1]
chunk_id: T-CAT-INVENTORY-016
source_file: cat-20251231.htm
construct_tag: inventory
ranking_score: 9
text: We state inventories at the lower of cost or net realizable value. We principally determine cost using the last-in, first-out (LIFO) method. The value of inventories on the LIFO basis represented about 70 percent and 65 percent of total inventories at December 31, 2025 and 2024, respectively.

[Text Chunk 2]
chunk_id: T-CAT-INVENTORY-008
source_file: cat-20251231.htm
construct_tag: inventory
ranking_score: 6
text: Restructuring costs also include other exit-related costs, which may consist of accelerated depreciation, inventory write-downs, building demolition, equipment relocation and project management costs and LIFO inventory decrement benefits from inventory liquidations at closed facilities, all of which are primarily included in Cost of goods sold.

[Text Chunk 3]
chunk_id: T-CAT-INVENTORY-023
source_file: cat-20251231.htm
construct_tag: inventory
ranking_score: 6
text: • Restructuring income/costs: May include costs for employee separation, long-lived asset impairments, contract terminations and (gains)/losses on divestitures. These costs are included in Other operating (income) expenses except for defined-benefit plan curtailment losses and special termination benefits, which are included in Other income (expense). Restructuring costs also include other exit-related costs, which may consist of accelerated depreciation, inventory write-downs, building demolition, equipment relocation and project management costs and LIFO inventory decrement benefits from inventory liquidations at closed facilities, all of which are primarily included in Cost of goods sold. See Note 24 for more information.

XBRL RELATIONAL RETRIEVAL CONTEXT

Facts:
1. fact_id=F-CAT-0802 concept=InventoryFinishedGoodsNetOfReserves value=8329000000 unit=iso4217:USD period=instant:2024-12-31 dimensions=none
2. fact_id=F-CAT-0801 concept=InventoryFinishedGoodsNetOfReserves value=8725000000 unit=iso4217:USD period=instant:2025-12-31 dimensions=none
3. fact_id=F-CAT-0049 concept=InventoryLIFOReserve value=3864000000 unit=iso4217:USD period=instant:2024-12-31 dimensions=none
4. fact_id=F-CAT-0048 concept=InventoryLIFOReserve value=4305000000 unit=iso4217:USD period=instant:2025-12-31 dimensions=none
5. fact_id=F-CAT-1037 concept=InventoryMethodologyDifference value=3560000000 unit=iso4217:USD period=instant:2024-12-31 dimensions=srt:ConsolidationItemsAxis=us-gaap:CorporateNonSegmentMember
6. fact_id=F-CAT-1036 concept=InventoryMethodologyDifference value=3622000000 unit=iso4217:USD period=instant:2025-12-31 dimensions=srt:ConsolidationItemsAxis=us-gaap:CorporateNonSegmentMember
7. fact_id=F-CAT-0019 concept=InventoryNet value=16827000000 unit=iso4217:USD period=instant:2024-12-31 dimensions=none
8. fact_id=F-CAT-0806 concept=InventoryNet value=16827000000 unit=iso4217:USD period=instant:2024-12-31 dimensions=none

Relation paths:
1. path_id=X-CAT-0312 relation_type=calculation source=us-gaap:InventoryNet (Inventory, Net) -> target=us-gaap:InventoryFinishedGoodsNetOfReserves (Inventory, Finished Goods, Net of Reserves) arcrole=http://www.xbrl.org/2003/arcrole/summation-item role=http://www.cat.com/role/InventoriesDetails
2. path_id=X-CAT-0310 relation_type=calculation source=us-gaap:InventoryNet (Inventory, Net) -> target=us-gaap:InventoryRawMaterialsNetOfReserves (Inventory, Raw Materials, Net of Reserves) arcrole=http://www.xbrl.org/2003/arcrole/summation-item role=http://www.cat.com/role/InventoriesDetails
3. path_id=X-CAT-0313 relation_type=calculation source=us-gaap:InventoryNet (Inventory, Net) -> target=us-gaap:InventorySuppliesNetOfReserves (Inventory, Supplies, Net of Reserves) arcrole=http://www.xbrl.org/2003/arcrole/summation-item role=http://www.cat.com/role/InventoriesDetails
4. path_id=X-CAT-0311 relation_type=calculation source=us-gaap:InventoryNet (Inventory, Net) -> target=us-gaap:InventoryWorkInProcessNetOfReserves (Inventory, Work in Process, Net of Reserves) arcrole=http://www.xbrl.org/2003/arcrole/summation-item role=http://www.cat.com/role/InventoriesDetails
5. path_id=X-CAT-0018 relation_type=presentation source=us-gaap:InventoryDisclosureAbstract (Inventory Disclosure [Abstract]) -> target=us-gaap:InventoryDisclosureTextBlock (Inventory Disclosure [Text Block]) arcrole=http://www.xbrl.org/2003/arcrole/parent-child role=http://www.cat.com/role/Inventories
6. path_id=X-CAT-0215 relation_type=presentation source=us-gaap:InventoryDisclosureAbstract (Inventory Disclosure [Abstract]) -> target=us-gaap:InventoryFinishedGoodsNetOfReserves (Inventory, Finished Goods, Net of Reserves) arcrole=http://www.xbrl.org/2003/arcrole/parent-child role=http://www.cat.com/role/InventoriesDetails","- Claim: Caterpillar Inc. values inventories at the lower of cost or net realizable value, primarily using the last-in, first-out (LIFO) method.
  - Claim type: Factual
  - Support used: T-CAT-INVENTORY-016
  - Limitation: This claim is limited to the accounting policies disclosed in the provided text for the 2025 fiscal year.

- Claim: As of December 31, 2025, the Inventory LIFO Reserve was $4,305,000,000.
  - Claim type: Factual
  - Support used: F-CAT-0048
  - Limitation: This is a point-in-time measurement as of the 2025-12-31 period end.

- Claim: The reliance on the LIFO method for approximately 70% of total inventories as of December 31, 2025, presents a valuation risk regarding the accuracy of the LIFO reserve.
  - Claim type: Risk-cue or assertion-mapping
  - Support used: T-CAT-INVENTORY-016, F-CAT-0048
  - Inferential bridge: Because a significant majority of inventory is valued using LIFO, any errors in the calculation of the LIFO reserve or the tracking of cost layers would materially impact the overall inventory valuation assertion.
  - Limitation: The provided context does not include the internal controls used to calculate the LIFO reserve or the detailed LIFO layer schedules.

- Claim: The occurrence of inventory write-downs and LIFO inventory decrement benefits associated with restructuring and closed facilities indicates a risk to the valuation assertion.
  - Claim type: Risk-cue or assertion-mapping
  - Support used: T-CAT-INVENTORY-008, T-CAT-INVENTORY-023
  - Inferential bridge: Facility closures typically trigger the need to assess inventory for obsolescence (requiring write-downs to net realizable value) and may trigger LIFO liquidations (decrement benefits), both of which require precise valuation adjustments to avoid overstating inventory.
  - Limitation: The context does not provide the specific amount of write-downs incurred in 2025 or the specific facilities that were closed.

- Claim: As of December 31, 2025, Inventory Finished Goods Net of Reserves was $8,725,000,000.
  - Claim type: Factual
  - Support used: F-CAT-0801
  - Limitation: This is a point-in-time measurement as of the 2025-12-31 period end."
EXT-C090,CAT,Caterpillar Inc.,bounded_extension,inventory,hybrid,"As of December 31, 2025, the Inventory LIFO Reserve was $4,305,000,000.",,F-CAT-0048,"TEXT RETRIEVAL CONTEXT

[Text Chunk 1]
chunk_id: T-CAT-INVENTORY-016
source_file: cat-20251231.htm
construct_tag: inventory
ranking_score: 9
text: We state inventories at the lower of cost or net realizable value. We principally determine cost using the last-in, first-out (LIFO) method. The value of inventories on the LIFO basis represented about 70 percent and 65 percent of total inventories at December 31, 2025 and 2024, respectively.

[Text Chunk 2]
chunk_id: T-CAT-INVENTORY-008
source_file: cat-20251231.htm
construct_tag: inventory
ranking_score: 6
text: Restructuring costs also include other exit-related costs, which may consist of accelerated depreciation, inventory write-downs, building demolition, equipment relocation and project management costs and LIFO inventory decrement benefits from inventory liquidations at closed facilities, all of which are primarily included in Cost of goods sold.

[Text Chunk 3]
chunk_id: T-CAT-INVENTORY-023
source_file: cat-20251231.htm
construct_tag: inventory
ranking_score: 6
text: • Restructuring income/costs: May include costs for employee separation, long-lived asset impairments, contract terminations and (gains)/losses on divestitures. These costs are included in Other operating (income) expenses except for defined-benefit plan curtailment losses and special termination benefits, which are included in Other income (expense). Restructuring costs also include other exit-related costs, which may consist of accelerated depreciation, inventory write-downs, building demolition, equipment relocation and project management costs and LIFO inventory decrement benefits from inventory liquidations at closed facilities, all of which are primarily included in Cost of goods sold. See Note 24 for more information.

XBRL RELATIONAL RETRIEVAL CONTEXT

Facts:
1. fact_id=F-CAT-0802 concept=InventoryFinishedGoodsNetOfReserves value=8329000000 unit=iso4217:USD period=instant:2024-12-31 dimensions=none
2. fact_id=F-CAT-0801 concept=InventoryFinishedGoodsNetOfReserves value=8725000000 unit=iso4217:USD period=instant:2025-12-31 dimensions=none
3. fact_id=F-CAT-0049 concept=InventoryLIFOReserve value=3864000000 unit=iso4217:USD period=instant:2024-12-31 dimensions=none
4. fact_id=F-CAT-0048 concept=InventoryLIFOReserve value=4305000000 unit=iso4217:USD period=instant:2025-12-31 dimensions=none
5. fact_id=F-CAT-1037 concept=InventoryMethodologyDifference value=3560000000 unit=iso4217:USD period=instant:2024-12-31 dimensions=srt:ConsolidationItemsAxis=us-gaap:CorporateNonSegmentMember
6. fact_id=F-CAT-1036 concept=InventoryMethodologyDifference value=3622000000 unit=iso4217:USD period=instant:2025-12-31 dimensions=srt:ConsolidationItemsAxis=us-gaap:CorporateNonSegmentMember
7. fact_id=F-CAT-0019 concept=InventoryNet value=16827000000 unit=iso4217:USD period=instant:2024-12-31 dimensions=none
8. fact_id=F-CAT-0806 concept=InventoryNet value=16827000000 unit=iso4217:USD period=instant:2024-12-31 dimensions=none

Relation paths:
1. path_id=X-CAT-0312 relation_type=calculation source=us-gaap:InventoryNet (Inventory, Net) -> target=us-gaap:InventoryFinishedGoodsNetOfReserves (Inventory, Finished Goods, Net of Reserves) arcrole=http://www.xbrl.org/2003/arcrole/summation-item role=http://www.cat.com/role/InventoriesDetails
2. path_id=X-CAT-0310 relation_type=calculation source=us-gaap:InventoryNet (Inventory, Net) -> target=us-gaap:InventoryRawMaterialsNetOfReserves (Inventory, Raw Materials, Net of Reserves) arcrole=http://www.xbrl.org/2003/arcrole/summation-item role=http://www.cat.com/role/InventoriesDetails
3. path_id=X-CAT-0313 relation_type=calculation source=us-gaap:InventoryNet (Inventory, Net) -> target=us-gaap:InventorySuppliesNetOfReserves (Inventory, Supplies, Net of Reserves) arcrole=http://www.xbrl.org/2003/arcrole/summation-item role=http://www.cat.com/role/InventoriesDetails
4. path_id=X-CAT-0311 relation_type=calculation source=us-gaap:InventoryNet (Inventory, Net) -> target=us-gaap:InventoryWorkInProcessNetOfReserves (Inventory, Work in Process, Net of Reserves) arcrole=http://www.xbrl.org/2003/arcrole/summation-item role=http://www.cat.com/role/InventoriesDetails
5. path_id=X-CAT-0018 relation_type=presentation source=us-gaap:InventoryDisclosureAbstract (Inventory Disclosure [Abstract]) -> target=us-gaap:InventoryDisclosureTextBlock (Inventory Disclosure [Text Block]) arcrole=http://www.xbrl.org/2003/arcrole/parent-child role=http://www.cat.com/role/Inventories
6. path_id=X-CAT-0215 relation_type=presentation source=us-gaap:InventoryDisclosureAbstract (Inventory Disclosure [Abstract]) -> target=us-gaap:InventoryFinishedGoodsNetOfReserves (Inventory, Finished Goods, Net of Reserves) arcrole=http://www.xbrl.org/2003/arcrole/parent-child role=http://www.cat.com/role/InventoriesDetails","- Claim: Caterpillar Inc. values inventories at the lower of cost or net realizable value, primarily using the last-in, first-out (LIFO) method.
  - Claim type: Factual
  - Support used: T-CAT-INVENTORY-016
  - Limitation: This claim is limited to the accounting policies disclosed in the provided text for the 2025 fiscal year.

- Claim: As of December 31, 2025, the Inventory LIFO Reserve was $4,305,000,000.
  - Claim type: Factual
  - Support used: F-CAT-0048
  - Limitation: This is a point-in-time measurement as of the 2025-12-31 period end.

- Claim: The reliance on the LIFO method for approximately 70% of total inventories as of December 31, 2025, presents a valuation risk regarding the accuracy of the LIFO reserve.
  - Claim type: Risk-cue or assertion-mapping
  - Support used: T-CAT-INVENTORY-016, F-CAT-0048
  - Inferential bridge: Because a significant majority of inventory is valued using LIFO, any errors in the calculation of the LIFO reserve or the tracking of cost layers would materially impact the overall inventory valuation assertion.
  - Limitation: The provided context does not include the internal controls used to calculate the LIFO reserve or the detailed LIFO layer schedules.

- Claim: The occurrence of inventory write-downs and LIFO inventory decrement benefits associated with restructuring and closed facilities indicates a risk to the valuation assertion.
  - Claim type: Risk-cue or assertion-mapping
  - Support used: T-CAT-INVENTORY-008, T-CAT-INVENTORY-023
  - Inferential bridge: Facility closures typically trigger the need to assess inventory for obsolescence (requiring write-downs to net realizable value) and may trigger LIFO liquidations (decrement benefits), both of which require precise valuation adjustments to avoid overstating inventory.
  - Limitation: The context does not provide the specific amount of write-downs incurred in 2025 or the specific facilities that were closed.

- Claim: As of December 31, 2025, Inventory Finished Goods Net of Reserves was $8,725,000,000.
  - Claim type: Factual
  - Support used: F-CAT-0801
  - Limitation: This is a point-in-time measurement as of the 2025-12-31 period end."
EXT-C091,CAT,Caterpillar Inc.,bounded_extension,inventory,hybrid,"The reliance on the LIFO method for approximately 70% of total inventories as of December 31, 2025, presents a valuation risk regarding the accuracy of the LIFO reserve.",T-CAT-INVENTORY-016,F-CAT-0048,"TEXT RETRIEVAL CONTEXT

[Text Chunk 1]
chunk_id: T-CAT-INVENTORY-016
source_file: cat-20251231.htm
construct_tag: inventory
ranking_score: 9
text: We state inventories at the lower of cost or net realizable value. We principally determine cost using the last-in, first-out (LIFO) method. The value of inventories on the LIFO basis represented about 70 percent and 65 percent of total inventories at December 31, 2025 and 2024, respectively.

[Text Chunk 2]
chunk_id: T-CAT-INVENTORY-008
source_file: cat-20251231.htm
construct_tag: inventory
ranking_score: 6
text: Restructuring costs also include other exit-related costs, which may consist of accelerated depreciation, inventory write-downs, building demolition, equipment relocation and project management costs and LIFO inventory decrement benefits from inventory liquidations at closed facilities, all of which are primarily included in Cost of goods sold.

[Text Chunk 3]
chunk_id: T-CAT-INVENTORY-023
source_file: cat-20251231.htm
construct_tag: inventory
ranking_score: 6
text: • Restructuring income/costs: May include costs for employee separation, long-lived asset impairments, contract terminations and (gains)/losses on divestitures. These costs are included in Other operating (income) expenses except for defined-benefit plan curtailment losses and special termination benefits, which are included in Other income (expense). Restructuring costs also include other exit-related costs, which may consist of accelerated depreciation, inventory write-downs, building demolition, equipment relocation and project management costs and LIFO inventory decrement benefits from inventory liquidations at closed facilities, all of which are primarily included in Cost of goods sold. See Note 24 for more information.

XBRL RELATIONAL RETRIEVAL CONTEXT

Facts:
1. fact_id=F-CAT-0802 concept=InventoryFinishedGoodsNetOfReserves value=8329000000 unit=iso4217:USD period=instant:2024-12-31 dimensions=none
2. fact_id=F-CAT-0801 concept=InventoryFinishedGoodsNetOfReserves value=8725000000 unit=iso4217:USD period=instant:2025-12-31 dimensions=none
3. fact_id=F-CAT-0049 concept=InventoryLIFOReserve value=3864000000 unit=iso4217:USD period=instant:2024-12-31 dimensions=none
4. fact_id=F-CAT-0048 concept=InventoryLIFOReserve value=4305000000 unit=iso4217:USD period=instant:2025-12-31 dimensions=none
5. fact_id=F-CAT-1037 concept=InventoryMethodologyDifference value=3560000000 unit=iso4217:USD period=instant:2024-12-31 dimensions=srt:ConsolidationItemsAxis=us-gaap:CorporateNonSegmentMember
6. fact_id=F-CAT-1036 concept=InventoryMethodologyDifference value=3622000000 unit=iso4217:USD period=instant:2025-12-31 dimensions=srt:ConsolidationItemsAxis=us-gaap:CorporateNonSegmentMember
7. fact_id=F-CAT-0019 concept=InventoryNet value=16827000000 unit=iso4217:USD period=instant:2024-12-31 dimensions=none
8. fact_id=F-CAT-0806 concept=InventoryNet value=16827000000 unit=iso4217:USD period=instant:2024-12-31 dimensions=none

Relation paths:
1. path_id=X-CAT-0312 relation_type=calculation source=us-gaap:InventoryNet (Inventory, Net) -> target=us-gaap:InventoryFinishedGoodsNetOfReserves (Inventory, Finished Goods, Net of Reserves) arcrole=http://www.xbrl.org/2003/arcrole/summation-item role=http://www.cat.com/role/InventoriesDetails
2. path_id=X-CAT-0310 relation_type=calculation source=us-gaap:InventoryNet (Inventory, Net) -> target=us-gaap:InventoryRawMaterialsNetOfReserves (Inventory, Raw Materials, Net of Reserves) arcrole=http://www.xbrl.org/2003/arcrole/summation-item role=http://www.cat.com/role/InventoriesDetails
3. path_id=X-CAT-0313 relation_type=calculation source=us-gaap:InventoryNet (Inventory, Net) -> target=us-gaap:InventorySuppliesNetOfReserves (Inventory, Supplies, Net of Reserves) arcrole=http://www.xbrl.org/2003/arcrole/summation-item role=http://www.cat.com/role/InventoriesDetails
4. path_id=X-CAT-0311 relation_type=calculation source=us-gaap:InventoryNet (Inventory, Net) -> target=us-gaap:InventoryWorkInProcessNetOfReserves (Inventory, Work in Process, Net of Reserves) arcrole=http://www.xbrl.org/2003/arcrole/summation-item role=http://www.cat.com/role/InventoriesDetails
5. path_id=X-CAT-0018 relation_type=presentation source=us-gaap:InventoryDisclosureAbstract (Inventory Disclosure [Abstract]) -> target=us-gaap:InventoryDisclosureTextBlock (Inventory Disclosure [Text Block]) arcrole=http://www.xbrl.org/2003/arcrole/parent-child role=http://www.cat.com/role/Inventories
6. path_id=X-CAT-0215 relation_type=presentation source=us-gaap:InventoryDisclosureAbstract (Inventory Disclosure [Abstract]) -> target=us-gaap:InventoryFinishedGoodsNetOfReserves (Inventory, Finished Goods, Net of Reserves) arcrole=http://www.xbrl.org/2003/arcrole/parent-child role=http://www.cat.com/role/InventoriesDetails","- Claim: Caterpillar Inc. values inventories at the lower of cost or net realizable value, primarily using the last-in, first-out (LIFO) method.
  - Claim type: Factual
  - Support used: T-CAT-INVENTORY-016
  - Limitation: This claim is limited to the accounting policies disclosed in the provided text for the 2025 fiscal year.

- Claim: As of December 31, 2025, the Inventory LIFO Reserve was $4,305,000,000.
  - Claim type: Factual
  - Support used: F-CAT-0048
  - Limitation: This is a point-in-time measurement as of the 2025-12-31 period end.

- Claim: The reliance on the LIFO method for approximately 70% of total inventories as of December 31, 2025, presents a valuation risk regarding the accuracy of the LIFO reserve.
  - Claim type: Risk-cue or assertion-mapping
  - Support used: T-CAT-INVENTORY-016, F-CAT-0048
  - Inferential bridge: Because a significant majority of inventory is valued using LIFO, any errors in the calculation of the LIFO reserve or the tracking of cost layers would materially impact the overall inventory valuation assertion.
  - Limitation: The provided context does not include the internal controls used to calculate the LIFO reserve or the detailed LIFO layer schedules.

- Claim: The occurrence of inventory write-downs and LIFO inventory decrement benefits associated with restructuring and closed facilities indicates a risk to the valuation assertion.
  - Claim type: Risk-cue or assertion-mapping
  - Support used: T-CAT-INVENTORY-008, T-CAT-INVENTORY-023
  - Inferential bridge: Facility closures typically trigger the need to assess inventory for obsolescence (requiring write-downs to net realizable value) and may trigger LIFO liquidations (decrement benefits), both of which require precise valuation adjustments to avoid overstating inventory.
  - Limitation: The context does not provide the specific amount of write-downs incurred in 2025 or the specific facilities that were closed.

- Claim: As of December 31, 2025, Inventory Finished Goods Net of Reserves was $8,725,000,000.
  - Claim type: Factual
  - Support used: F-CAT-0801
  - Limitation: This is a point-in-time measurement as of the 2025-12-31 period end."
EXT-C092,CAT,Caterpillar Inc.,bounded_extension,inventory,hybrid,The occurrence of inventory write-downs and LIFO inventory decrement benefits associated with restructuring and closed facilities indicates a risk to the valuation assertion.,T-CAT-INVENTORY-008; T-CAT-INVENTORY-023,,"TEXT RETRIEVAL CONTEXT

[Text Chunk 1]
chunk_id: T-CAT-INVENTORY-016
source_file: cat-20251231.htm
construct_tag: inventory
ranking_score: 9
text: We state inventories at the lower of cost or net realizable value. We principally determine cost using the last-in, first-out (LIFO) method. The value of inventories on the LIFO basis represented about 70 percent and 65 percent of total inventories at December 31, 2025 and 2024, respectively.

[Text Chunk 2]
chunk_id: T-CAT-INVENTORY-008
source_file: cat-20251231.htm
construct_tag: inventory
ranking_score: 6
text: Restructuring costs also include other exit-related costs, which may consist of accelerated depreciation, inventory write-downs, building demolition, equipment relocation and project management costs and LIFO inventory decrement benefits from inventory liquidations at closed facilities, all of which are primarily included in Cost of goods sold.

[Text Chunk 3]
chunk_id: T-CAT-INVENTORY-023
source_file: cat-20251231.htm
construct_tag: inventory
ranking_score: 6
text: • Restructuring income/costs: May include costs for employee separation, long-lived asset impairments, contract terminations and (gains)/losses on divestitures. These costs are included in Other operating (income) expenses except for defined-benefit plan curtailment losses and special termination benefits, which are included in Other income (expense). Restructuring costs also include other exit-related costs, which may consist of accelerated depreciation, inventory write-downs, building demolition, equipment relocation and project management costs and LIFO inventory decrement benefits from inventory liquidations at closed facilities, all of which are primarily included in Cost of goods sold. See Note 24 for more information.

XBRL RELATIONAL RETRIEVAL CONTEXT

Facts:
1. fact_id=F-CAT-0802 concept=InventoryFinishedGoodsNetOfReserves value=8329000000 unit=iso4217:USD period=instant:2024-12-31 dimensions=none
2. fact_id=F-CAT-0801 concept=InventoryFinishedGoodsNetOfReserves value=8725000000 unit=iso4217:USD period=instant:2025-12-31 dimensions=none
3. fact_id=F-CAT-0049 concept=InventoryLIFOReserve value=3864000000 unit=iso4217:USD period=instant:2024-12-31 dimensions=none
4. fact_id=F-CAT-0048 concept=InventoryLIFOReserve value=4305000000 unit=iso4217:USD period=instant:2025-12-31 dimensions=none
5. fact_id=F-CAT-1037 concept=InventoryMethodologyDifference value=3560000000 unit=iso4217:USD period=instant:2024-12-31 dimensions=srt:ConsolidationItemsAxis=us-gaap:CorporateNonSegmentMember
6. fact_id=F-CAT-1036 concept=InventoryMethodologyDifference value=3622000000 unit=iso4217:USD period=instant:2025-12-31 dimensions=srt:ConsolidationItemsAxis=us-gaap:CorporateNonSegmentMember
7. fact_id=F-CAT-0019 concept=InventoryNet value=16827000000 unit=iso4217:USD period=instant:2024-12-31 dimensions=none
8. fact_id=F-CAT-0806 concept=InventoryNet value=16827000000 unit=iso4217:USD period=instant:2024-12-31 dimensions=none

Relation paths:
1. path_id=X-CAT-0312 relation_type=calculation source=us-gaap:InventoryNet (Inventory, Net) -> target=us-gaap:InventoryFinishedGoodsNetOfReserves (Inventory, Finished Goods, Net of Reserves) arcrole=http://www.xbrl.org/2003/arcrole/summation-item role=http://www.cat.com/role/InventoriesDetails
2. path_id=X-CAT-0310 relation_type=calculation source=us-gaap:InventoryNet (Inventory, Net) -> target=us-gaap:InventoryRawMaterialsNetOfReserves (Inventory, Raw Materials, Net of Reserves) arcrole=http://www.xbrl.org/2003/arcrole/summation-item role=http://www.cat.com/role/InventoriesDetails
3. path_id=X-CAT-0313 relation_type=calculation source=us-gaap:InventoryNet (Inventory, Net) -> target=us-gaap:InventorySuppliesNetOfReserves (Inventory, Supplies, Net of Reserves) arcrole=http://www.xbrl.org/2003/arcrole/summation-item role=http://www.cat.com/role/InventoriesDetails
4. path_id=X-CAT-0311 relation_type=calculation source=us-gaap:InventoryNet (Inventory, Net) -> target=us-gaap:InventoryWorkInProcessNetOfReserves (Inventory, Work in Process, Net of Reserves) arcrole=http://www.xbrl.org/2003/arcrole/summation-item role=http://www.cat.com/role/InventoriesDetails
5. path_id=X-CAT-0018 relation_type=presentation source=us-gaap:InventoryDisclosureAbstract (Inventory Disclosure [Abstract]) -> target=us-gaap:InventoryDisclosureTextBlock (Inventory Disclosure [Text Block]) arcrole=http://www.xbrl.org/2003/arcrole/parent-child role=http://www.cat.com/role/Inventories
6. path_id=X-CAT-0215 relation_type=presentation source=us-gaap:InventoryDisclosureAbstract (Inventory Disclosure [Abstract]) -> target=us-gaap:InventoryFinishedGoodsNetOfReserves (Inventory, Finished Goods, Net of Reserves) arcrole=http://www.xbrl.org/2003/arcrole/parent-child role=http://www.cat.com/role/InventoriesDetails","- Claim: Caterpillar Inc. values inventories at the lower of cost or net realizable value, primarily using the last-in, first-out (LIFO) method.
  - Claim type: Factual
  - Support used: T-CAT-INVENTORY-016
  - Limitation: This claim is limited to the accounting policies disclosed in the provided text for the 2025 fiscal year.

- Claim: As of December 31, 2025, the Inventory LIFO Reserve was $4,305,000,000.
  - Claim type: Factual
  - Support used: F-CAT-0048
  - Limitation: This is a point-in-time measurement as of the 2025-12-31 period end.

- Claim: The reliance on the LIFO method for approximately 70% of total inventories as of December 31, 2025, presents a valuation risk regarding the accuracy of the LIFO reserve.
  - Claim type: Risk-cue or assertion-mapping
  - Support used: T-CAT-INVENTORY-016, F-CAT-0048
  - Inferential bridge: Because a significant majority of inventory is valued using LIFO, any errors in the calculation of the LIFO reserve or the tracking of cost layers would materially impact the overall inventory valuation assertion.
  - Limitation: The provided context does not include the internal controls used to calculate the LIFO reserve or the detailed LIFO layer schedules.

- Claim: The occurrence of inventory write-downs and LIFO inventory decrement benefits associated with restructuring and closed facilities indicates a risk to the valuation assertion.
  - Claim type: Risk-cue or assertion-mapping
  - Support used: T-CAT-INVENTORY-008, T-CAT-INVENTORY-023
  - Inferential bridge: Facility closures typically trigger the need to assess inventory for obsolescence (requiring write-downs to net realizable value) and may trigger LIFO liquidations (decrement benefits), both of which require precise valuation adjustments to avoid overstating inventory.
  - Limitation: The context does not provide the specific amount of write-downs incurred in 2025 or the specific facilities that were closed.

- Claim: As of December 31, 2025, Inventory Finished Goods Net of Reserves was $8,725,000,000.
  - Claim type: Factual
  - Support used: F-CAT-0801
  - Limitation: This is a point-in-time measurement as of the 2025-12-31 period end."
EXT-C093,CAT,Caterpillar Inc.,bounded_extension,inventory,hybrid,"As of December 31, 2025, Inventory Finished Goods Net of Reserves was $8,725,000,000.",,F-CAT-0801,"TEXT RETRIEVAL CONTEXT

[Text Chunk 1]
chunk_id: T-CAT-INVENTORY-016
source_file: cat-20251231.htm
construct_tag: inventory
ranking_score: 9
text: We state inventories at the lower of cost or net realizable value. We principally determine cost using the last-in, first-out (LIFO) method. The value of inventories on the LIFO basis represented about 70 percent and 65 percent of total inventories at December 31, 2025 and 2024, respectively.

[Text Chunk 2]
chunk_id: T-CAT-INVENTORY-008
source_file: cat-20251231.htm
construct_tag: inventory
ranking_score: 6
text: Restructuring costs also include other exit-related costs, which may consist of accelerated depreciation, inventory write-downs, building demolition, equipment relocation and project management costs and LIFO inventory decrement benefits from inventory liquidations at closed facilities, all of which are primarily included in Cost of goods sold.

[Text Chunk 3]
chunk_id: T-CAT-INVENTORY-023
source_file: cat-20251231.htm
construct_tag: inventory
ranking_score: 6
text: • Restructuring income/costs: May include costs for employee separation, long-lived asset impairments, contract terminations and (gains)/losses on divestitures. These costs are included in Other operating (income) expenses except for defined-benefit plan curtailment losses and special termination benefits, which are included in Other income (expense). Restructuring costs also include other exit-related costs, which may consist of accelerated depreciation, inventory write-downs, building demolition, equipment relocation and project management costs and LIFO inventory decrement benefits from inventory liquidations at closed facilities, all of which are primarily included in Cost of goods sold. See Note 24 for more information.

XBRL RELATIONAL RETRIEVAL CONTEXT

Facts:
1. fact_id=F-CAT-0802 concept=InventoryFinishedGoodsNetOfReserves value=8329000000 unit=iso4217:USD period=instant:2024-12-31 dimensions=none
2. fact_id=F-CAT-0801 concept=InventoryFinishedGoodsNetOfReserves value=8725000000 unit=iso4217:USD period=instant:2025-12-31 dimensions=none
3. fact_id=F-CAT-0049 concept=InventoryLIFOReserve value=3864000000 unit=iso4217:USD period=instant:2024-12-31 dimensions=none
4. fact_id=F-CAT-0048 concept=InventoryLIFOReserve value=4305000000 unit=iso4217:USD period=instant:2025-12-31 dimensions=none
5. fact_id=F-CAT-1037 concept=InventoryMethodologyDifference value=3560000000 unit=iso4217:USD period=instant:2024-12-31 dimensions=srt:ConsolidationItemsAxis=us-gaap:CorporateNonSegmentMember
6. fact_id=F-CAT-1036 concept=InventoryMethodologyDifference value=3622000000 unit=iso4217:USD period=instant:2025-12-31 dimensions=srt:ConsolidationItemsAxis=us-gaap:CorporateNonSegmentMember
7. fact_id=F-CAT-0019 concept=InventoryNet value=16827000000 unit=iso4217:USD period=instant:2024-12-31 dimensions=none
8. fact_id=F-CAT-0806 concept=InventoryNet value=16827000000 unit=iso4217:USD period=instant:2024-12-31 dimensions=none

Relation paths:
1. path_id=X-CAT-0312 relation_type=calculation source=us-gaap:InventoryNet (Inventory, Net) -> target=us-gaap:InventoryFinishedGoodsNetOfReserves (Inventory, Finished Goods, Net of Reserves) arcrole=http://www.xbrl.org/2003/arcrole/summation-item role=http://www.cat.com/role/InventoriesDetails
2. path_id=X-CAT-0310 relation_type=calculation source=us-gaap:InventoryNet (Inventory, Net) -> target=us-gaap:InventoryRawMaterialsNetOfReserves (Inventory, Raw Materials, Net of Reserves) arcrole=http://www.xbrl.org/2003/arcrole/summation-item role=http://www.cat.com/role/InventoriesDetails
3. path_id=X-CAT-0313 relation_type=calculation source=us-gaap:InventoryNet (Inventory, Net) -> target=us-gaap:InventorySuppliesNetOfReserves (Inventory, Supplies, Net of Reserves) arcrole=http://www.xbrl.org/2003/arcrole/summation-item role=http://www.cat.com/role/InventoriesDetails
4. path_id=X-CAT-0311 relation_type=calculation source=us-gaap:InventoryNet (Inventory, Net) -> target=us-gaap:InventoryWorkInProcessNetOfReserves (Inventory, Work in Process, Net of Reserves) arcrole=http://www.xbrl.org/2003/arcrole/summation-item role=http://www.cat.com/role/InventoriesDetails
5. path_id=X-CAT-0018 relation_type=presentation source=us-gaap:InventoryDisclosureAbstract (Inventory Disclosure [Abstract]) -> target=us-gaap:InventoryDisclosureTextBlock (Inventory Disclosure [Text Block]) arcrole=http://www.xbrl.org/2003/arcrole/parent-child role=http://www.cat.com/role/Inventories
6. path_id=X-CAT-0215 relation_type=presentation source=us-gaap:InventoryDisclosureAbstract (Inventory Disclosure [Abstract]) -> target=us-gaap:InventoryFinishedGoodsNetOfReserves (Inventory, Finished Goods, Net of Reserves) arcrole=http://www.xbrl.org/2003/arcrole/parent-child role=http://www.cat.com/role/InventoriesDetails","- Claim: Caterpillar Inc. values inventories at the lower of cost or net realizable value, primarily using the last-in, first-out (LIFO) method.
  - Claim type: Factual
  - Support used: T-CAT-INVENTORY-016
  - Limitation: This claim is limited to the accounting policies disclosed in the provided text for the 2025 fiscal year.

- Claim: As of December 31, 2025, the Inventory LIFO Reserve was $4,305,000,000.
  - Claim type: Factual
  - Support used: F-CAT-0048
  - Limitation: This is a point-in-time measurement as of the 2025-12-31 period end.

- Claim: The reliance on the LIFO method for approximately 70% of total inventories as of December 31, 2025, presents a valuation risk regarding the accuracy of the LIFO reserve.
  - Claim type: Risk-cue or assertion-mapping
  - Support used: T-CAT-INVENTORY-016, F-CAT-0048
  - Inferential bridge: Because a significant majority of inventory is valued using LIFO, any errors in the calculation of the LIFO reserve or the tracking of cost layers would materially impact the overall inventory valuation assertion.
  - Limitation: The provided context does not include the internal controls used to calculate the LIFO reserve or the detailed LIFO layer schedules.

- Claim: The occurrence of inventory write-downs and LIFO inventory decrement benefits associated with restructuring and closed facilities indicates a risk to the valuation assertion.
  - Claim type: Risk-cue or assertion-mapping
  - Support used: T-CAT-INVENTORY-008, T-CAT-INVENTORY-023
  - Inferential bridge: Facility closures typically trigger the need to assess inventory for obsolescence (requiring write-downs to net realizable value) and may trigger LIFO liquidations (decrement benefits), both of which require precise valuation adjustments to avoid overstating inventory.
  - Limitation: The context does not provide the specific amount of write-downs incurred in 2025 or the specific facilities that were closed.

- Claim: As of December 31, 2025, Inventory Finished Goods Net of Reserves was $8,725,000,000.
  - Claim type: Factual
  - Support used: F-CAT-0801
  - Limitation: This is a point-in-time measurement as of the 2025-12-31 period end."
EXT-C105,PFE,Pfizer Inc.,bounded_extension,revenue,hybrid,"As of December 31, 2025, deferred revenues for Paxlovid and Comirnaty totaled $1.5 billion, comprising $689 million in current liabilities and $826 million in noncurrent liabilities.",T-PFE-REVENUE-141,,"TEXT RETRIEVAL CONTEXT

[Text Chunk 1]
chunk_id: T-PFE-REVENUE-141
source_file: pfe-20251231.htm
construct_tag: revenue
ranking_score: 37
text: Deferred Revenues Our deferred revenues primarily relate to advance payments received or receivable from various government or government sponsored customers for supply of Paxlovid and Comirnaty. The deferred revenues related to Paxlovid and Comirnaty totaled $ 1.5 billion as of December 31 2025 with $ 689 million and $ 826 million recorded in current liabilities and noncurrent liabilities respectively. The deferred revenues related to Paxlovid and Comirnaty totaled $ 2.2 billion as of December 31 2024 with $ 1.4 billion and $ 785 million recorded in current liabilities and noncurrent liabilities respectively. The decrease in Paxlovid and Comirnaty deferred revenues during 2025 was primarily driven by amounts recognized in Product revenues as we delivered the products to our customers. During 2025 we recognized revenue of approximately $ 771 million that was included in the balance of Paxlovid and Comirnaty deferred revenues as of December 31 2024. The Paxlovid and Comirnaty deferred revenues as of December 31 2025 will be recognized ...

[Text Chunk 2]
chunk_id: T-PFE-REVENUE-066
source_file: pfe-20251231.htm
construct_tag: revenue
ranking_score: 10
text: Our gross product revenues are subject to a variety of deductions which generally are estimated and recorded in the same period that the revenues are recognized. Such variable consideration represents chargebacks rebates sales allowances and sales returns. These deductions represent estimates of the related obligations and as such knowledge and judgment are required when estimating the impact of these revenue deductions on gross sales for a reporting period. Historically adjustments to these estimates to reflect actual results or updated expectations have not been material to our overall business and generally have been less than 1% of revenues. Product-specific rebates however can have a significant impact on year-over-year individual product revenue growth trends. If any of our ratios factors assessments experiences or judgments are not indicative or accurate estimates of our future experience our results could be materially affected. The potential of our estimates to vary sensitivity differs by program product type of customer and geographic location. However estimates associated with ...

[Text Chunk 3]
chunk_id: T-PFE-REVENUE-093
source_file: pfe-20251231.htm
construct_tag: revenue
ranking_score: 9
text: Provisions for pharmaceutical sales returns–– Provisions are based on a calculation for each market that incorporates the following, as appropriate: local returns policies and practices; historical returns as a percentage of sales; an understanding of the reasons for past returns; estimated shelf life by product; an estimate of the amount of time between shipment and return or lag time; and any other factors that could impact the estimate of future returns, such as patent-based expirations or loss of regulatory exclusivity, product recalls or a changing competitive environment. Generally, returned products are destroyed, and customers are refunded the sales price in the form of a credit.

XBRL RELATIONAL RETRIEVAL CONTEXT

Facts:
1. fact_id=F-PFE-0167 concept=ConcentrationRiskRevenues500000000orMoreNumberofCountries value=14 unit=pfe:country period=instant:2023-12-31 dimensions=srt:StatementGeographicalAxis=pfe:NonUnitedStatesMember; us-gaap:ConcentrationRiskByBenchmarkAxis=us-gaap:RevenueFromContractWithCustomerMember; us-gaap:ConcentrationRiskByTypeAxis=us-gaap:GeographicConcentrationRiskMember
2. fact_id=F-PFE-0166 concept=ConcentrationRiskRevenues500000000orMoreNumberofCountries value=11 unit=pfe:country period=instant:2024-12-31 dimensions=srt:StatementGeographicalAxis=pfe:NonUnitedStatesMember; us-gaap:ConcentrationRiskByBenchmarkAxis=us-gaap:RevenueFromContractWithCustomerMember; us-gaap:ConcentrationRiskByTypeAxis=us-gaap:GeographicConcentrationRiskMember
3. fact_id=F-PFE-0165 concept=ConcentrationRiskRevenues500000000orMoreNumberofCountries value=12 unit=pfe:country period=instant:2025-12-31 dimensions=srt:StatementGeographicalAxis=pfe:NonUnitedStatesMember; us-gaap:ConcentrationRiskByBenchmarkAxis=us-gaap:RevenueFromContractWithCustomerMember; us-gaap:ConcentrationRiskByTypeAxis=us-gaap:GeographicConcentrationRiskMember
4. fact_id=F-PFE-0006 concept=RevenueFromCollaborativeArrangementExcludingRevenueFromContractWithCustomer value=7582000000 unit=iso4217:USD period=duration:2023-01-01/2023-12-31 dimensions=none
5. fact_id=F-PFE-0057 concept=RevenueFromCollaborativeArrangementExcludingRevenueFromContractWithCustomer value=7582000000 unit=iso4217:USD period=duration:2023-01-01/2023-12-31 dimensions=us-gaap:TypeOfArrangementAxis=us-gaap:CollaborativeArrangementMember
6. fact_id=F-PFE-0317 concept=RevenueFromCollaborativeArrangementExcludingRevenueFromContractWithCustomer value=7582000000 unit=iso4217:USD period=duration:2023-01-01/2023-12-31 dimensions=srt:ProductOrServiceAxis=pfe:TotalAllianceBiopharmaceuticalsMember
7. fact_id=F-PFE-0003 concept=RevenueFromContractWithCustomerExcludingAssessedTax value=50914000000 unit=iso4217:USD period=duration:2023-01-01/2023-12-31 dimensions=srt:ProductOrServiceAxis=us-gaap:ProductMember
8. fact_id=F-PFE-0009 concept=RevenueFromContractWithCustomerExcludingAssessedTax value=1058000000 unit=iso4217:USD period=duration:2023-01-01/2023-12-31 dimensions=srt:ProductOrServiceAxis=us-gaap:RoyaltyMember

Relation paths:
1. path_id=X-PFE-0261 relation_type=definition source=us-gaap:EntityWideInformationRevenueFromExternalCustomerLineItems (Revenue from External Customer [Line Items]) -> target=us-gaap:RevenueFromCollaborativeArrangementExcludingRevenueFromContractWithCustomer (Revenue from Collaborative Arrangement, Excluding Revenue from Contract with Customer) arcrole=http://xbrl.org/int/dim/arcrole/domain-member role=http://www.pfizer.com/role/SegmentGeographicandOtherRevenueInformationRevenuesbyProductDetail
2. path_id=X-PFE-0123 relation_type=presentation source=us-gaap:EntityWideInformationRevenueFromExternalCustomerLineItems (Revenue from External Customer [Line Items]) -> target=us-gaap:RevenueFromCollaborativeArrangementExcludingRevenueFromContractWithCustomer (Revenue from Collaborative Arrangement, Excluding Revenue from Contract with Customer) arcrole=http://www.xbrl.org/2003/arcrole/parent-child role=http://www.pfizer.com/role/SegmentGeographicandOtherRevenueInformationRevenuesbyProductDetail
3. path_id=X-PFE-0138 relation_type=calculation source=us-gaap:Revenues (Revenues) -> target=us-gaap:RevenueFromCollaborativeArrangementExcludingRevenueFromContractWithCustomer (Revenue from Collaborative Arrangement, Excluding Revenue from Contract with Customer) arcrole=http://www.xbrl.org/2003/arcrole/summation-item role=http://www.pfizer.com/role/ConsolidatedStatementsofOperations
4. path_id=X-PFE-0262 relation_type=definition source=us-gaap:EntityWideInformationRevenueFromExternalCustomerLineItems (Revenue from External Customer [Line Items]) -> target=us-gaap:RevenueFromContractWithCustomerExcludingAssessedTax (Revenue from Contract with Customer, Excluding Assessed Tax) arcrole=http://xbrl.org/int/dim/arcrole/domain-member role=http://www.pfizer.com/role/SegmentGeographicandOtherRevenueInformationRevenuesbyProductDetail
5. path_id=X-PFE-0269 relation_type=definition source=us-gaap:EntityWideInformationRevenueFromExternalCustomerLineItems (Revenue from External Customer [Line Items]) -> target=us-gaap:RevenueFromContractWithCustomerExcludingAssessedTax (Revenue from Contract with Customer, Excluding Assessed Tax) arcrole=http://xbrl.org/int/dim/arcrole/domain-member role=http://www.pfizer.com/role/SegmentGeographicandOtherRevenueInformationRevenuesbyProductFootnotesDetails
6. path_id=X-PFE-0124 relation_type=presentation source=us-gaap:EntityWideInformationRevenueFromExternalCustomerLineItems (Revenue from External Customer [Line Items]) -> target=us-gaap:RevenueFromContractWithCustomerExcludingAssessedTax (Revenue from Contract with Customer, Excluding Assessed Tax) arcrole=http://www.xbrl.org/2003/arcrole/parent-child role=http://www.pfizer.com/role/SegmentGeographicandOtherRevenueInformationRevenuesbyProductDetail","- Claim: As of December 31, 2025, deferred revenues for Paxlovid and Comirnaty totaled $1.5 billion, comprising $689 million in current liabilities and $826 million in noncurrent liabilities.
  - Claim type: Factual
  - Support used: T-PFE-REVENUE-141
  - Limitation: This measurement is limited to the specific product lines of Paxlovid and Comirnaty and does not encompass all possible deferred revenue streams for the company.

- Claim: The estimation of variable consideration—including chargebacks, rebates, sales allowances, and sales returns—presents a risk to the accuracy of reported net revenues.
  - Claim type: Risk-cue or assertion-mapping
  - Support used: T-PFE-REVENUE-066
  - Inferential bridge: The text explicitly states that these deductions are estimated, require ""knowledge and judgment,"" and that inaccurate estimates could ""materially affect"" results, which maps to the Accuracy and Valuation assertions.
  - Limitation: The provided context does not detail the specific internal controls or the quantitative thresholds used to determine if adjustments to these estimates are ""material.""

- Claim: The process for calculating provisions for pharmaceutical sales returns involves multiple subjective variables that may impact the valuation of revenue.
  - Claim type: Risk-cue or assertion-mapping
  - Support used: T-PFE-REVENUE-093
  - Inferential bridge: The reliance on diverse and subjective inputs—such as ""estimated shelf life,"" ""lag time,"" and ""changing competitive environment""—introduces estimation uncertainty, mapping to the Valuation assertion.
  - Limitation: The context does not provide the specific data sources or the frequency with which these market-specific calculations are updated.

- Claim: The recognition of revenue from the balance of deferred revenues for Paxlovid and Comirnaty presents a risk regarding the timing of revenue recognition.
  - Claim type: Risk-cue or assertion-mapping
  - Support used: T-PFE-REVENUE-141
  - Inferential bridge: Because revenue is recognized as products are delivered to government or government-sponsored customers, the transition from a liability to revenue depends on the verification of delivery, mapping to the Cut-off and Occurrence assertions.
  - Limitation: The context lacks information regarding the specific delivery documentation or the contractual triggers required to move funds from deferred revenue to recognized revenue.

- Claim: For the period ended December 31, 2025, there were 12 countries where revenue from contracts with customers was $500 million or more.
  - Claim type: Factual
  - Support used: F-PFE-0165
  - Limitation: This is a point-in-time measurement that does not identify the specific countries involved or the exact revenue totals for each."
EXT-C106,PFE,Pfizer Inc.,bounded_extension,revenue,hybrid,"The estimation of variable consideration—including chargebacks, rebates, sales allowances, and sales returns—presents a risk to the accuracy of reported net revenues.",T-PFE-REVENUE-066,,"TEXT RETRIEVAL CONTEXT

[Text Chunk 1]
chunk_id: T-PFE-REVENUE-141
source_file: pfe-20251231.htm
construct_tag: revenue
ranking_score: 37
text: Deferred Revenues Our deferred revenues primarily relate to advance payments received or receivable from various government or government sponsored customers for supply of Paxlovid and Comirnaty. The deferred revenues related to Paxlovid and Comirnaty totaled $ 1.5 billion as of December 31 2025 with $ 689 million and $ 826 million recorded in current liabilities and noncurrent liabilities respectively. The deferred revenues related to Paxlovid and Comirnaty totaled $ 2.2 billion as of December 31 2024 with $ 1.4 billion and $ 785 million recorded in current liabilities and noncurrent liabilities respectively. The decrease in Paxlovid and Comirnaty deferred revenues during 2025 was primarily driven by amounts recognized in Product revenues as we delivered the products to our customers. During 2025 we recognized revenue of approximately $ 771 million that was included in the balance of Paxlovid and Comirnaty deferred revenues as of December 31 2024. The Paxlovid and Comirnaty deferred revenues as of December 31 2025 will be recognized ...

[Text Chunk 2]
chunk_id: T-PFE-REVENUE-066
source_file: pfe-20251231.htm
construct_tag: revenue
ranking_score: 10
text: Our gross product revenues are subject to a variety of deductions which generally are estimated and recorded in the same period that the revenues are recognized. Such variable consideration represents chargebacks rebates sales allowances and sales returns. These deductions represent estimates of the related obligations and as such knowledge and judgment are required when estimating the impact of these revenue deductions on gross sales for a reporting period. Historically adjustments to these estimates to reflect actual results or updated expectations have not been material to our overall business and generally have been less than 1% of revenues. Product-specific rebates however can have a significant impact on year-over-year individual product revenue growth trends. If any of our ratios factors assessments experiences or judgments are not indicative or accurate estimates of our future experience our results could be materially affected. The potential of our estimates to vary sensitivity differs by program product type of customer and geographic location. However estimates associated with ...

[Text Chunk 3]
chunk_id: T-PFE-REVENUE-093
source_file: pfe-20251231.htm
construct_tag: revenue
ranking_score: 9
text: Provisions for pharmaceutical sales returns–– Provisions are based on a calculation for each market that incorporates the following, as appropriate: local returns policies and practices; historical returns as a percentage of sales; an understanding of the reasons for past returns; estimated shelf life by product; an estimate of the amount of time between shipment and return or lag time; and any other factors that could impact the estimate of future returns, such as patent-based expirations or loss of regulatory exclusivity, product recalls or a changing competitive environment. Generally, returned products are destroyed, and customers are refunded the sales price in the form of a credit.

XBRL RELATIONAL RETRIEVAL CONTEXT

Facts:
1. fact_id=F-PFE-0167 concept=ConcentrationRiskRevenues500000000orMoreNumberofCountries value=14 unit=pfe:country period=instant:2023-12-31 dimensions=srt:StatementGeographicalAxis=pfe:NonUnitedStatesMember; us-gaap:ConcentrationRiskByBenchmarkAxis=us-gaap:RevenueFromContractWithCustomerMember; us-gaap:ConcentrationRiskByTypeAxis=us-gaap:GeographicConcentrationRiskMember
2. fact_id=F-PFE-0166 concept=ConcentrationRiskRevenues500000000orMoreNumberofCountries value=11 unit=pfe:country period=instant:2024-12-31 dimensions=srt:StatementGeographicalAxis=pfe:NonUnitedStatesMember; us-gaap:ConcentrationRiskByBenchmarkAxis=us-gaap:RevenueFromContractWithCustomerMember; us-gaap:ConcentrationRiskByTypeAxis=us-gaap:GeographicConcentrationRiskMember
3. fact_id=F-PFE-0165 concept=ConcentrationRiskRevenues500000000orMoreNumberofCountries value=12 unit=pfe:country period=instant:2025-12-31 dimensions=srt:StatementGeographicalAxis=pfe:NonUnitedStatesMember; us-gaap:ConcentrationRiskByBenchmarkAxis=us-gaap:RevenueFromContractWithCustomerMember; us-gaap:ConcentrationRiskByTypeAxis=us-gaap:GeographicConcentrationRiskMember
4. fact_id=F-PFE-0006 concept=RevenueFromCollaborativeArrangementExcludingRevenueFromContractWithCustomer value=7582000000 unit=iso4217:USD period=duration:2023-01-01/2023-12-31 dimensions=none
5. fact_id=F-PFE-0057 concept=RevenueFromCollaborativeArrangementExcludingRevenueFromContractWithCustomer value=7582000000 unit=iso4217:USD period=duration:2023-01-01/2023-12-31 dimensions=us-gaap:TypeOfArrangementAxis=us-gaap:CollaborativeArrangementMember
6. fact_id=F-PFE-0317 concept=RevenueFromCollaborativeArrangementExcludingRevenueFromContractWithCustomer value=7582000000 unit=iso4217:USD period=duration:2023-01-01/2023-12-31 dimensions=srt:ProductOrServiceAxis=pfe:TotalAllianceBiopharmaceuticalsMember
7. fact_id=F-PFE-0003 concept=RevenueFromContractWithCustomerExcludingAssessedTax value=50914000000 unit=iso4217:USD period=duration:2023-01-01/2023-12-31 dimensions=srt:ProductOrServiceAxis=us-gaap:ProductMember
8. fact_id=F-PFE-0009 concept=RevenueFromContractWithCustomerExcludingAssessedTax value=1058000000 unit=iso4217:USD period=duration:2023-01-01/2023-12-31 dimensions=srt:ProductOrServiceAxis=us-gaap:RoyaltyMember

Relation paths:
1. path_id=X-PFE-0261 relation_type=definition source=us-gaap:EntityWideInformationRevenueFromExternalCustomerLineItems (Revenue from External Customer [Line Items]) -> target=us-gaap:RevenueFromCollaborativeArrangementExcludingRevenueFromContractWithCustomer (Revenue from Collaborative Arrangement, Excluding Revenue from Contract with Customer) arcrole=http://xbrl.org/int/dim/arcrole/domain-member role=http://www.pfizer.com/role/SegmentGeographicandOtherRevenueInformationRevenuesbyProductDetail
2. path_id=X-PFE-0123 relation_type=presentation source=us-gaap:EntityWideInformationRevenueFromExternalCustomerLineItems (Revenue from External Customer [Line Items]) -> target=us-gaap:RevenueFromCollaborativeArrangementExcludingRevenueFromContractWithCustomer (Revenue from Collaborative Arrangement, Excluding Revenue from Contract with Customer) arcrole=http://www.xbrl.org/2003/arcrole/parent-child role=http://www.pfizer.com/role/SegmentGeographicandOtherRevenueInformationRevenuesbyProductDetail
3. path_id=X-PFE-0138 relation_type=calculation source=us-gaap:Revenues (Revenues) -> target=us-gaap:RevenueFromCollaborativeArrangementExcludingRevenueFromContractWithCustomer (Revenue from Collaborative Arrangement, Excluding Revenue from Contract with Customer) arcrole=http://www.xbrl.org/2003/arcrole/summation-item role=http://www.pfizer.com/role/ConsolidatedStatementsofOperations
4. path_id=X-PFE-0262 relation_type=definition source=us-gaap:EntityWideInformationRevenueFromExternalCustomerLineItems (Revenue from External Customer [Line Items]) -> target=us-gaap:RevenueFromContractWithCustomerExcludingAssessedTax (Revenue from Contract with Customer, Excluding Assessed Tax) arcrole=http://xbrl.org/int/dim/arcrole/domain-member role=http://www.pfizer.com/role/SegmentGeographicandOtherRevenueInformationRevenuesbyProductDetail
5. path_id=X-PFE-0269 relation_type=definition source=us-gaap:EntityWideInformationRevenueFromExternalCustomerLineItems (Revenue from External Customer [Line Items]) -> target=us-gaap:RevenueFromContractWithCustomerExcludingAssessedTax (Revenue from Contract with Customer, Excluding Assessed Tax) arcrole=http://xbrl.org/int/dim/arcrole/domain-member role=http://www.pfizer.com/role/SegmentGeographicandOtherRevenueInformationRevenuesbyProductFootnotesDetails
6. path_id=X-PFE-0124 relation_type=presentation source=us-gaap:EntityWideInformationRevenueFromExternalCustomerLineItems (Revenue from External Customer [Line Items]) -> target=us-gaap:RevenueFromContractWithCustomerExcludingAssessedTax (Revenue from Contract with Customer, Excluding Assessed Tax) arcrole=http://www.xbrl.org/2003/arcrole/parent-child role=http://www.pfizer.com/role/SegmentGeographicandOtherRevenueInformationRevenuesbyProductDetail","- Claim: As of December 31, 2025, deferred revenues for Paxlovid and Comirnaty totaled $1.5 billion, comprising $689 million in current liabilities and $826 million in noncurrent liabilities.
  - Claim type: Factual
  - Support used: T-PFE-REVENUE-141
  - Limitation: This measurement is limited to the specific product lines of Paxlovid and Comirnaty and does not encompass all possible deferred revenue streams for the company.

- Claim: The estimation of variable consideration—including chargebacks, rebates, sales allowances, and sales returns—presents a risk to the accuracy of reported net revenues.
  - Claim type: Risk-cue or assertion-mapping
  - Support used: T-PFE-REVENUE-066
  - Inferential bridge: The text explicitly states that these deductions are estimated, require ""knowledge and judgment,"" and that inaccurate estimates could ""materially affect"" results, which maps to the Accuracy and Valuation assertions.
  - Limitation: The provided context does not detail the specific internal controls or the quantitative thresholds used to determine if adjustments to these estimates are ""material.""

- Claim: The process for calculating provisions for pharmaceutical sales returns involves multiple subjective variables that may impact the valuation of revenue.
  - Claim type: Risk-cue or assertion-mapping
  - Support used: T-PFE-REVENUE-093
  - Inferential bridge: The reliance on diverse and subjective inputs—such as ""estimated shelf life,"" ""lag time,"" and ""changing competitive environment""—introduces estimation uncertainty, mapping to the Valuation assertion.
  - Limitation: The context does not provide the specific data sources or the frequency with which these market-specific calculations are updated.

- Claim: The recognition of revenue from the balance of deferred revenues for Paxlovid and Comirnaty presents a risk regarding the timing of revenue recognition.
  - Claim type: Risk-cue or assertion-mapping
  - Support used: T-PFE-REVENUE-141
  - Inferential bridge: Because revenue is recognized as products are delivered to government or government-sponsored customers, the transition from a liability to revenue depends on the verification of delivery, mapping to the Cut-off and Occurrence assertions.
  - Limitation: The context lacks information regarding the specific delivery documentation or the contractual triggers required to move funds from deferred revenue to recognized revenue.

- Claim: For the period ended December 31, 2025, there were 12 countries where revenue from contracts with customers was $500 million or more.
  - Claim type: Factual
  - Support used: F-PFE-0165
  - Limitation: This is a point-in-time measurement that does not identify the specific countries involved or the exact revenue totals for each."
EXT-C107,PFE,Pfizer Inc.,bounded_extension,revenue,hybrid,The process for calculating provisions for pharmaceutical sales returns involves multiple subjective variables that may impact the valuation of revenue.,T-PFE-REVENUE-093,,"TEXT RETRIEVAL CONTEXT

[Text Chunk 1]
chunk_id: T-PFE-REVENUE-141
source_file: pfe-20251231.htm
construct_tag: revenue
ranking_score: 37
text: Deferred Revenues Our deferred revenues primarily relate to advance payments received or receivable from various government or government sponsored customers for supply of Paxlovid and Comirnaty. The deferred revenues related to Paxlovid and Comirnaty totaled $ 1.5 billion as of December 31 2025 with $ 689 million and $ 826 million recorded in current liabilities and noncurrent liabilities respectively. The deferred revenues related to Paxlovid and Comirnaty totaled $ 2.2 billion as of December 31 2024 with $ 1.4 billion and $ 785 million recorded in current liabilities and noncurrent liabilities respectively. The decrease in Paxlovid and Comirnaty deferred revenues during 2025 was primarily driven by amounts recognized in Product revenues as we delivered the products to our customers. During 2025 we recognized revenue of approximately $ 771 million that was included in the balance of Paxlovid and Comirnaty deferred revenues as of December 31 2024. The Paxlovid and Comirnaty deferred revenues as of December 31 2025 will be recognized ...

[Text Chunk 2]
chunk_id: T-PFE-REVENUE-066
source_file: pfe-20251231.htm
construct_tag: revenue
ranking_score: 10
text: Our gross product revenues are subject to a variety of deductions which generally are estimated and recorded in the same period that the revenues are recognized. Such variable consideration represents chargebacks rebates sales allowances and sales returns. These deductions represent estimates of the related obligations and as such knowledge and judgment are required when estimating the impact of these revenue deductions on gross sales for a reporting period. Historically adjustments to these estimates to reflect actual results or updated expectations have not been material to our overall business and generally have been less than 1% of revenues. Product-specific rebates however can have a significant impact on year-over-year individual product revenue growth trends. If any of our ratios factors assessments experiences or judgments are not indicative or accurate estimates of our future experience our results could be materially affected. The potential of our estimates to vary sensitivity differs by program product type of customer and geographic location. However estimates associated with ...

[Text Chunk 3]
chunk_id: T-PFE-REVENUE-093
source_file: pfe-20251231.htm
construct_tag: revenue
ranking_score: 9
text: Provisions for pharmaceutical sales returns–– Provisions are based on a calculation for each market that incorporates the following, as appropriate: local returns policies and practices; historical returns as a percentage of sales; an understanding of the reasons for past returns; estimated shelf life by product; an estimate of the amount of time between shipment and return or lag time; and any other factors that could impact the estimate of future returns, such as patent-based expirations or loss of regulatory exclusivity, product recalls or a changing competitive environment. Generally, returned products are destroyed, and customers are refunded the sales price in the form of a credit.

XBRL RELATIONAL RETRIEVAL CONTEXT

Facts:
1. fact_id=F-PFE-0167 concept=ConcentrationRiskRevenues500000000orMoreNumberofCountries value=14 unit=pfe:country period=instant:2023-12-31 dimensions=srt:StatementGeographicalAxis=pfe:NonUnitedStatesMember; us-gaap:ConcentrationRiskByBenchmarkAxis=us-gaap:RevenueFromContractWithCustomerMember; us-gaap:ConcentrationRiskByTypeAxis=us-gaap:GeographicConcentrationRiskMember
2. fact_id=F-PFE-0166 concept=ConcentrationRiskRevenues500000000orMoreNumberofCountries value=11 unit=pfe:country period=instant:2024-12-31 dimensions=srt:StatementGeographicalAxis=pfe:NonUnitedStatesMember; us-gaap:ConcentrationRiskByBenchmarkAxis=us-gaap:RevenueFromContractWithCustomerMember; us-gaap:ConcentrationRiskByTypeAxis=us-gaap:GeographicConcentrationRiskMember
3. fact_id=F-PFE-0165 concept=ConcentrationRiskRevenues500000000orMoreNumberofCountries value=12 unit=pfe:country period=instant:2025-12-31 dimensions=srt:StatementGeographicalAxis=pfe:NonUnitedStatesMember; us-gaap:ConcentrationRiskByBenchmarkAxis=us-gaap:RevenueFromContractWithCustomerMember; us-gaap:ConcentrationRiskByTypeAxis=us-gaap:GeographicConcentrationRiskMember
4. fact_id=F-PFE-0006 concept=RevenueFromCollaborativeArrangementExcludingRevenueFromContractWithCustomer value=7582000000 unit=iso4217:USD period=duration:2023-01-01/2023-12-31 dimensions=none
5. fact_id=F-PFE-0057 concept=RevenueFromCollaborativeArrangementExcludingRevenueFromContractWithCustomer value=7582000000 unit=iso4217:USD period=duration:2023-01-01/2023-12-31 dimensions=us-gaap:TypeOfArrangementAxis=us-gaap:CollaborativeArrangementMember
6. fact_id=F-PFE-0317 concept=RevenueFromCollaborativeArrangementExcludingRevenueFromContractWithCustomer value=7582000000 unit=iso4217:USD period=duration:2023-01-01/2023-12-31 dimensions=srt:ProductOrServiceAxis=pfe:TotalAllianceBiopharmaceuticalsMember
7. fact_id=F-PFE-0003 concept=RevenueFromContractWithCustomerExcludingAssessedTax value=50914000000 unit=iso4217:USD period=duration:2023-01-01/2023-12-31 dimensions=srt:ProductOrServiceAxis=us-gaap:ProductMember
8. fact_id=F-PFE-0009 concept=RevenueFromContractWithCustomerExcludingAssessedTax value=1058000000 unit=iso4217:USD period=duration:2023-01-01/2023-12-31 dimensions=srt:ProductOrServiceAxis=us-gaap:RoyaltyMember

Relation paths:
1. path_id=X-PFE-0261 relation_type=definition source=us-gaap:EntityWideInformationRevenueFromExternalCustomerLineItems (Revenue from External Customer [Line Items]) -> target=us-gaap:RevenueFromCollaborativeArrangementExcludingRevenueFromContractWithCustomer (Revenue from Collaborative Arrangement, Excluding Revenue from Contract with Customer) arcrole=http://xbrl.org/int/dim/arcrole/domain-member role=http://www.pfizer.com/role/SegmentGeographicandOtherRevenueInformationRevenuesbyProductDetail
2. path_id=X-PFE-0123 relation_type=presentation source=us-gaap:EntityWideInformationRevenueFromExternalCustomerLineItems (Revenue from External Customer [Line Items]) -> target=us-gaap:RevenueFromCollaborativeArrangementExcludingRevenueFromContractWithCustomer (Revenue from Collaborative Arrangement, Excluding Revenue from Contract with Customer) arcrole=http://www.xbrl.org/2003/arcrole/parent-child role=http://www.pfizer.com/role/SegmentGeographicandOtherRevenueInformationRevenuesbyProductDetail
3. path_id=X-PFE-0138 relation_type=calculation source=us-gaap:Revenues (Revenues) -> target=us-gaap:RevenueFromCollaborativeArrangementExcludingRevenueFromContractWithCustomer (Revenue from Collaborative Arrangement, Excluding Revenue from Contract with Customer) arcrole=http://www.xbrl.org/2003/arcrole/summation-item role=http://www.pfizer.com/role/ConsolidatedStatementsofOperations
4. path_id=X-PFE-0262 relation_type=definition source=us-gaap:EntityWideInformationRevenueFromExternalCustomerLineItems (Revenue from External Customer [Line Items]) -> target=us-gaap:RevenueFromContractWithCustomerExcludingAssessedTax (Revenue from Contract with Customer, Excluding Assessed Tax) arcrole=http://xbrl.org/int/dim/arcrole/domain-member role=http://www.pfizer.com/role/SegmentGeographicandOtherRevenueInformationRevenuesbyProductDetail
5. path_id=X-PFE-0269 relation_type=definition source=us-gaap:EntityWideInformationRevenueFromExternalCustomerLineItems (Revenue from External Customer [Line Items]) -> target=us-gaap:RevenueFromContractWithCustomerExcludingAssessedTax (Revenue from Contract with Customer, Excluding Assessed Tax) arcrole=http://xbrl.org/int/dim/arcrole/domain-member role=http://www.pfizer.com/role/SegmentGeographicandOtherRevenueInformationRevenuesbyProductFootnotesDetails
6. path_id=X-PFE-0124 relation_type=presentation source=us-gaap:EntityWideInformationRevenueFromExternalCustomerLineItems (Revenue from External Customer [Line Items]) -> target=us-gaap:RevenueFromContractWithCustomerExcludingAssessedTax (Revenue from Contract with Customer, Excluding Assessed Tax) arcrole=http://www.xbrl.org/2003/arcrole/parent-child role=http://www.pfizer.com/role/SegmentGeographicandOtherRevenueInformationRevenuesbyProductDetail","- Claim: As of December 31, 2025, deferred revenues for Paxlovid and Comirnaty totaled $1.5 billion, comprising $689 million in current liabilities and $826 million in noncurrent liabilities.
  - Claim type: Factual
  - Support used: T-PFE-REVENUE-141
  - Limitation: This measurement is limited to the specific product lines of Paxlovid and Comirnaty and does not encompass all possible deferred revenue streams for the company.

- Claim: The estimation of variable consideration—including chargebacks, rebates, sales allowances, and sales returns—presents a risk to the accuracy of reported net revenues.
  - Claim type: Risk-cue or assertion-mapping
  - Support used: T-PFE-REVENUE-066
  - Inferential bridge: The text explicitly states that these deductions are estimated, require ""knowledge and judgment,"" and that inaccurate estimates could ""materially affect"" results, which maps to the Accuracy and Valuation assertions.
  - Limitation: The provided context does not detail the specific internal controls or the quantitative thresholds used to determine if adjustments to these estimates are ""material.""

- Claim: The process for calculating provisions for pharmaceutical sales returns involves multiple subjective variables that may impact the valuation of revenue.
  - Claim type: Risk-cue or assertion-mapping
  - Support used: T-PFE-REVENUE-093
  - Inferential bridge: The reliance on diverse and subjective inputs—such as ""estimated shelf life,"" ""lag time,"" and ""changing competitive environment""—introduces estimation uncertainty, mapping to the Valuation assertion.
  - Limitation: The context does not provide the specific data sources or the frequency with which these market-specific calculations are updated.

- Claim: The recognition of revenue from the balance of deferred revenues for Paxlovid and Comirnaty presents a risk regarding the timing of revenue recognition.
  - Claim type: Risk-cue or assertion-mapping
  - Support used: T-PFE-REVENUE-141
  - Inferential bridge: Because revenue is recognized as products are delivered to government or government-sponsored customers, the transition from a liability to revenue depends on the verification of delivery, mapping to the Cut-off and Occurrence assertions.
  - Limitation: The context lacks information regarding the specific delivery documentation or the contractual triggers required to move funds from deferred revenue to recognized revenue.

- Claim: For the period ended December 31, 2025, there were 12 countries where revenue from contracts with customers was $500 million or more.
  - Claim type: Factual
  - Support used: F-PFE-0165
  - Limitation: This is a point-in-time measurement that does not identify the specific countries involved or the exact revenue totals for each."
EXT-C108,PFE,Pfizer Inc.,bounded_extension,revenue,hybrid,The recognition of revenue from the balance of deferred revenues for Paxlovid and Comirnaty presents a risk regarding the timing of revenue recognition.,T-PFE-REVENUE-141,,"TEXT RETRIEVAL CONTEXT

[Text Chunk 1]
chunk_id: T-PFE-REVENUE-141
source_file: pfe-20251231.htm
construct_tag: revenue
ranking_score: 37
text: Deferred Revenues Our deferred revenues primarily relate to advance payments received or receivable from various government or government sponsored customers for supply of Paxlovid and Comirnaty. The deferred revenues related to Paxlovid and Comirnaty totaled $ 1.5 billion as of December 31 2025 with $ 689 million and $ 826 million recorded in current liabilities and noncurrent liabilities respectively. The deferred revenues related to Paxlovid and Comirnaty totaled $ 2.2 billion as of December 31 2024 with $ 1.4 billion and $ 785 million recorded in current liabilities and noncurrent liabilities respectively. The decrease in Paxlovid and Comirnaty deferred revenues during 2025 was primarily driven by amounts recognized in Product revenues as we delivered the products to our customers. During 2025 we recognized revenue of approximately $ 771 million that was included in the balance of Paxlovid and Comirnaty deferred revenues as of December 31 2024. The Paxlovid and Comirnaty deferred revenues as of December 31 2025 will be recognized ...

[Text Chunk 2]
chunk_id: T-PFE-REVENUE-066
source_file: pfe-20251231.htm
construct_tag: revenue
ranking_score: 10
text: Our gross product revenues are subject to a variety of deductions which generally are estimated and recorded in the same period that the revenues are recognized. Such variable consideration represents chargebacks rebates sales allowances and sales returns. These deductions represent estimates of the related obligations and as such knowledge and judgment are required when estimating the impact of these revenue deductions on gross sales for a reporting period. Historically adjustments to these estimates to reflect actual results or updated expectations have not been material to our overall business and generally have been less than 1% of revenues. Product-specific rebates however can have a significant impact on year-over-year individual product revenue growth trends. If any of our ratios factors assessments experiences or judgments are not indicative or accurate estimates of our future experience our results could be materially affected. The potential of our estimates to vary sensitivity differs by program product type of customer and geographic location. However estimates associated with ...

[Text Chunk 3]
chunk_id: T-PFE-REVENUE-093
source_file: pfe-20251231.htm
construct_tag: revenue
ranking_score: 9
text: Provisions for pharmaceutical sales returns–– Provisions are based on a calculation for each market that incorporates the following, as appropriate: local returns policies and practices; historical returns as a percentage of sales; an understanding of the reasons for past returns; estimated shelf life by product; an estimate of the amount of time between shipment and return or lag time; and any other factors that could impact the estimate of future returns, such as patent-based expirations or loss of regulatory exclusivity, product recalls or a changing competitive environment. Generally, returned products are destroyed, and customers are refunded the sales price in the form of a credit.

XBRL RELATIONAL RETRIEVAL CONTEXT

Facts:
1. fact_id=F-PFE-0167 concept=ConcentrationRiskRevenues500000000orMoreNumberofCountries value=14 unit=pfe:country period=instant:2023-12-31 dimensions=srt:StatementGeographicalAxis=pfe:NonUnitedStatesMember; us-gaap:ConcentrationRiskByBenchmarkAxis=us-gaap:RevenueFromContractWithCustomerMember; us-gaap:ConcentrationRiskByTypeAxis=us-gaap:GeographicConcentrationRiskMember
2. fact_id=F-PFE-0166 concept=ConcentrationRiskRevenues500000000orMoreNumberofCountries value=11 unit=pfe:country period=instant:2024-12-31 dimensions=srt:StatementGeographicalAxis=pfe:NonUnitedStatesMember; us-gaap:ConcentrationRiskByBenchmarkAxis=us-gaap:RevenueFromContractWithCustomerMember; us-gaap:ConcentrationRiskByTypeAxis=us-gaap:GeographicConcentrationRiskMember
3. fact_id=F-PFE-0165 concept=ConcentrationRiskRevenues500000000orMoreNumberofCountries value=12 unit=pfe:country period=instant:2025-12-31 dimensions=srt:StatementGeographicalAxis=pfe:NonUnitedStatesMember; us-gaap:ConcentrationRiskByBenchmarkAxis=us-gaap:RevenueFromContractWithCustomerMember; us-gaap:ConcentrationRiskByTypeAxis=us-gaap:GeographicConcentrationRiskMember
4. fact_id=F-PFE-0006 concept=RevenueFromCollaborativeArrangementExcludingRevenueFromContractWithCustomer value=7582000000 unit=iso4217:USD period=duration:2023-01-01/2023-12-31 dimensions=none
5. fact_id=F-PFE-0057 concept=RevenueFromCollaborativeArrangementExcludingRevenueFromContractWithCustomer value=7582000000 unit=iso4217:USD period=duration:2023-01-01/2023-12-31 dimensions=us-gaap:TypeOfArrangementAxis=us-gaap:CollaborativeArrangementMember
6. fact_id=F-PFE-0317 concept=RevenueFromCollaborativeArrangementExcludingRevenueFromContractWithCustomer value=7582000000 unit=iso4217:USD period=duration:2023-01-01/2023-12-31 dimensions=srt:ProductOrServiceAxis=pfe:TotalAllianceBiopharmaceuticalsMember
7. fact_id=F-PFE-0003 concept=RevenueFromContractWithCustomerExcludingAssessedTax value=50914000000 unit=iso4217:USD period=duration:2023-01-01/2023-12-31 dimensions=srt:ProductOrServiceAxis=us-gaap:ProductMember
8. fact_id=F-PFE-0009 concept=RevenueFromContractWithCustomerExcludingAssessedTax value=1058000000 unit=iso4217:USD period=duration:2023-01-01/2023-12-31 dimensions=srt:ProductOrServiceAxis=us-gaap:RoyaltyMember

Relation paths:
1. path_id=X-PFE-0261 relation_type=definition source=us-gaap:EntityWideInformationRevenueFromExternalCustomerLineItems (Revenue from External Customer [Line Items]) -> target=us-gaap:RevenueFromCollaborativeArrangementExcludingRevenueFromContractWithCustomer (Revenue from Collaborative Arrangement, Excluding Revenue from Contract with Customer) arcrole=http://xbrl.org/int/dim/arcrole/domain-member role=http://www.pfizer.com/role/SegmentGeographicandOtherRevenueInformationRevenuesbyProductDetail
2. path_id=X-PFE-0123 relation_type=presentation source=us-gaap:EntityWideInformationRevenueFromExternalCustomerLineItems (Revenue from External Customer [Line Items]) -> target=us-gaap:RevenueFromCollaborativeArrangementExcludingRevenueFromContractWithCustomer (Revenue from Collaborative Arrangement, Excluding Revenue from Contract with Customer) arcrole=http://www.xbrl.org/2003/arcrole/parent-child role=http://www.pfizer.com/role/SegmentGeographicandOtherRevenueInformationRevenuesbyProductDetail
3. path_id=X-PFE-0138 relation_type=calculation source=us-gaap:Revenues (Revenues) -> target=us-gaap:RevenueFromCollaborativeArrangementExcludingRevenueFromContractWithCustomer (Revenue from Collaborative Arrangement, Excluding Revenue from Contract with Customer) arcrole=http://www.xbrl.org/2003/arcrole/summation-item role=http://www.pfizer.com/role/ConsolidatedStatementsofOperations
4. path_id=X-PFE-0262 relation_type=definition source=us-gaap:EntityWideInformationRevenueFromExternalCustomerLineItems (Revenue from External Customer [Line Items]) -> target=us-gaap:RevenueFromContractWithCustomerExcludingAssessedTax (Revenue from Contract with Customer, Excluding Assessed Tax) arcrole=http://xbrl.org/int/dim/arcrole/domain-member role=http://www.pfizer.com/role/SegmentGeographicandOtherRevenueInformationRevenuesbyProductDetail
5. path_id=X-PFE-0269 relation_type=definition source=us-gaap:EntityWideInformationRevenueFromExternalCustomerLineItems (Revenue from External Customer [Line Items]) -> target=us-gaap:RevenueFromContractWithCustomerExcludingAssessedTax (Revenue from Contract with Customer, Excluding Assessed Tax) arcrole=http://xbrl.org/int/dim/arcrole/domain-member role=http://www.pfizer.com/role/SegmentGeographicandOtherRevenueInformationRevenuesbyProductFootnotesDetails
6. path_id=X-PFE-0124 relation_type=presentation source=us-gaap:EntityWideInformationRevenueFromExternalCustomerLineItems (Revenue from External Customer [Line Items]) -> target=us-gaap:RevenueFromContractWithCustomerExcludingAssessedTax (Revenue from Contract with Customer, Excluding Assessed Tax) arcrole=http://www.xbrl.org/2003/arcrole/parent-child role=http://www.pfizer.com/role/SegmentGeographicandOtherRevenueInformationRevenuesbyProductDetail","- Claim: As of December 31, 2025, deferred revenues for Paxlovid and Comirnaty totaled $1.5 billion, comprising $689 million in current liabilities and $826 million in noncurrent liabilities.
  - Claim type: Factual
  - Support used: T-PFE-REVENUE-141
  - Limitation: This measurement is limited to the specific product lines of Paxlovid and Comirnaty and does not encompass all possible deferred revenue streams for the company.

- Claim: The estimation of variable consideration—including chargebacks, rebates, sales allowances, and sales returns—presents a risk to the accuracy of reported net revenues.
  - Claim type: Risk-cue or assertion-mapping
  - Support used: T-PFE-REVENUE-066
  - Inferential bridge: The text explicitly states that these deductions are estimated, require ""knowledge and judgment,"" and that inaccurate estimates could ""materially affect"" results, which maps to the Accuracy and Valuation assertions.
  - Limitation: The provided context does not detail the specific internal controls or the quantitative thresholds used to determine if adjustments to these estimates are ""material.""

- Claim: The process for calculating provisions for pharmaceutical sales returns involves multiple subjective variables that may impact the valuation of revenue.
  - Claim type: Risk-cue or assertion-mapping
  - Support used: T-PFE-REVENUE-093
  - Inferential bridge: The reliance on diverse and subjective inputs—such as ""estimated shelf life,"" ""lag time,"" and ""changing competitive environment""—introduces estimation uncertainty, mapping to the Valuation assertion.
  - Limitation: The context does not provide the specific data sources or the frequency with which these market-specific calculations are updated.

- Claim: The recognition of revenue from the balance of deferred revenues for Paxlovid and Comirnaty presents a risk regarding the timing of revenue recognition.
  - Claim type: Risk-cue or assertion-mapping
  - Support used: T-PFE-REVENUE-141
  - Inferential bridge: Because revenue is recognized as products are delivered to government or government-sponsored customers, the transition from a liability to revenue depends on the verification of delivery, mapping to the Cut-off and Occurrence assertions.
  - Limitation: The context lacks information regarding the specific delivery documentation or the contractual triggers required to move funds from deferred revenue to recognized revenue.

- Claim: For the period ended December 31, 2025, there were 12 countries where revenue from contracts with customers was $500 million or more.
  - Claim type: Factual
  - Support used: F-PFE-0165
  - Limitation: This is a point-in-time measurement that does not identify the specific countries involved or the exact revenue totals for each."
EXT-C109,PFE,Pfizer Inc.,bounded_extension,revenue,hybrid,"For the period ended December 31, 2025, there were 12 countries where revenue from contracts with customers was $500 million or more.",,F-PFE-0165,"TEXT RETRIEVAL CONTEXT

[Text Chunk 1]
chunk_id: T-PFE-REVENUE-141
source_file: pfe-20251231.htm
construct_tag: revenue
ranking_score: 37
text: Deferred Revenues Our deferred revenues primarily relate to advance payments received or receivable from various government or government sponsored customers for supply of Paxlovid and Comirnaty. The deferred revenues related to Paxlovid and Comirnaty totaled $ 1.5 billion as of December 31 2025 with $ 689 million and $ 826 million recorded in current liabilities and noncurrent liabilities respectively. The deferred revenues related to Paxlovid and Comirnaty totaled $ 2.2 billion as of December 31 2024 with $ 1.4 billion and $ 785 million recorded in current liabilities and noncurrent liabilities respectively. The decrease in Paxlovid and Comirnaty deferred revenues during 2025 was primarily driven by amounts recognized in Product revenues as we delivered the products to our customers. During 2025 we recognized revenue of approximately $ 771 million that was included in the balance of Paxlovid and Comirnaty deferred revenues as of December 31 2024. The Paxlovid and Comirnaty deferred revenues as of December 31 2025 will be recognized ...

[Text Chunk 2]
chunk_id: T-PFE-REVENUE-066
source_file: pfe-20251231.htm
construct_tag: revenue
ranking_score: 10
text: Our gross product revenues are subject to a variety of deductions which generally are estimated and recorded in the same period that the revenues are recognized. Such variable consideration represents chargebacks rebates sales allowances and sales returns. These deductions represent estimates of the related obligations and as such knowledge and judgment are required when estimating the impact of these revenue deductions on gross sales for a reporting period. Historically adjustments to these estimates to reflect actual results or updated expectations have not been material to our overall business and generally have been less than 1% of revenues. Product-specific rebates however can have a significant impact on year-over-year individual product revenue growth trends. If any of our ratios factors assessments experiences or judgments are not indicative or accurate estimates of our future experience our results could be materially affected. The potential of our estimates to vary sensitivity differs by program product type of customer and geographic location. However estimates associated with ...

[Text Chunk 3]
chunk_id: T-PFE-REVENUE-093
source_file: pfe-20251231.htm
construct_tag: revenue
ranking_score: 9
text: Provisions for pharmaceutical sales returns–– Provisions are based on a calculation for each market that incorporates the following, as appropriate: local returns policies and practices; historical returns as a percentage of sales; an understanding of the reasons for past returns; estimated shelf life by product; an estimate of the amount of time between shipment and return or lag time; and any other factors that could impact the estimate of future returns, such as patent-based expirations or loss of regulatory exclusivity, product recalls or a changing competitive environment. Generally, returned products are destroyed, and customers are refunded the sales price in the form of a credit.

XBRL RELATIONAL RETRIEVAL CONTEXT

Facts:
1. fact_id=F-PFE-0167 concept=ConcentrationRiskRevenues500000000orMoreNumberofCountries value=14 unit=pfe:country period=instant:2023-12-31 dimensions=srt:StatementGeographicalAxis=pfe:NonUnitedStatesMember; us-gaap:ConcentrationRiskByBenchmarkAxis=us-gaap:RevenueFromContractWithCustomerMember; us-gaap:ConcentrationRiskByTypeAxis=us-gaap:GeographicConcentrationRiskMember
2. fact_id=F-PFE-0166 concept=ConcentrationRiskRevenues500000000orMoreNumberofCountries value=11 unit=pfe:country period=instant:2024-12-31 dimensions=srt:StatementGeographicalAxis=pfe:NonUnitedStatesMember; us-gaap:ConcentrationRiskByBenchmarkAxis=us-gaap:RevenueFromContractWithCustomerMember; us-gaap:ConcentrationRiskByTypeAxis=us-gaap:GeographicConcentrationRiskMember
3. fact_id=F-PFE-0165 concept=ConcentrationRiskRevenues500000000orMoreNumberofCountries value=12 unit=pfe:country period=instant:2025-12-31 dimensions=srt:StatementGeographicalAxis=pfe:NonUnitedStatesMember; us-gaap:ConcentrationRiskByBenchmarkAxis=us-gaap:RevenueFromContractWithCustomerMember; us-gaap:ConcentrationRiskByTypeAxis=us-gaap:GeographicConcentrationRiskMember
4. fact_id=F-PFE-0006 concept=RevenueFromCollaborativeArrangementExcludingRevenueFromContractWithCustomer value=7582000000 unit=iso4217:USD period=duration:2023-01-01/2023-12-31 dimensions=none
5. fact_id=F-PFE-0057 concept=RevenueFromCollaborativeArrangementExcludingRevenueFromContractWithCustomer value=7582000000 unit=iso4217:USD period=duration:2023-01-01/2023-12-31 dimensions=us-gaap:TypeOfArrangementAxis=us-gaap:CollaborativeArrangementMember
6. fact_id=F-PFE-0317 concept=RevenueFromCollaborativeArrangementExcludingRevenueFromContractWithCustomer value=7582000000 unit=iso4217:USD period=duration:2023-01-01/2023-12-31 dimensions=srt:ProductOrServiceAxis=pfe:TotalAllianceBiopharmaceuticalsMember
7. fact_id=F-PFE-0003 concept=RevenueFromContractWithCustomerExcludingAssessedTax value=50914000000 unit=iso4217:USD period=duration:2023-01-01/2023-12-31 dimensions=srt:ProductOrServiceAxis=us-gaap:ProductMember
8. fact_id=F-PFE-0009 concept=RevenueFromContractWithCustomerExcludingAssessedTax value=1058000000 unit=iso4217:USD period=duration:2023-01-01/2023-12-31 dimensions=srt:ProductOrServiceAxis=us-gaap:RoyaltyMember

Relation paths:
1. path_id=X-PFE-0261 relation_type=definition source=us-gaap:EntityWideInformationRevenueFromExternalCustomerLineItems (Revenue from External Customer [Line Items]) -> target=us-gaap:RevenueFromCollaborativeArrangementExcludingRevenueFromContractWithCustomer (Revenue from Collaborative Arrangement, Excluding Revenue from Contract with Customer) arcrole=http://xbrl.org/int/dim/arcrole/domain-member role=http://www.pfizer.com/role/SegmentGeographicandOtherRevenueInformationRevenuesbyProductDetail
2. path_id=X-PFE-0123 relation_type=presentation source=us-gaap:EntityWideInformationRevenueFromExternalCustomerLineItems (Revenue from External Customer [Line Items]) -> target=us-gaap:RevenueFromCollaborativeArrangementExcludingRevenueFromContractWithCustomer (Revenue from Collaborative Arrangement, Excluding Revenue from Contract with Customer) arcrole=http://www.xbrl.org/2003/arcrole/parent-child role=http://www.pfizer.com/role/SegmentGeographicandOtherRevenueInformationRevenuesbyProductDetail
3. path_id=X-PFE-0138 relation_type=calculation source=us-gaap:Revenues (Revenues) -> target=us-gaap:RevenueFromCollaborativeArrangementExcludingRevenueFromContractWithCustomer (Revenue from Collaborative Arrangement, Excluding Revenue from Contract with Customer) arcrole=http://www.xbrl.org/2003/arcrole/summation-item role=http://www.pfizer.com/role/ConsolidatedStatementsofOperations
4. path_id=X-PFE-0262 relation_type=definition source=us-gaap:EntityWideInformationRevenueFromExternalCustomerLineItems (Revenue from External Customer [Line Items]) -> target=us-gaap:RevenueFromContractWithCustomerExcludingAssessedTax (Revenue from Contract with Customer, Excluding Assessed Tax) arcrole=http://xbrl.org/int/dim/arcrole/domain-member role=http://www.pfizer.com/role/SegmentGeographicandOtherRevenueInformationRevenuesbyProductDetail
5. path_id=X-PFE-0269 relation_type=definition source=us-gaap:EntityWideInformationRevenueFromExternalCustomerLineItems (Revenue from External Customer [Line Items]) -> target=us-gaap:RevenueFromContractWithCustomerExcludingAssessedTax (Revenue from Contract with Customer, Excluding Assessed Tax) arcrole=http://xbrl.org/int/dim/arcrole/domain-member role=http://www.pfizer.com/role/SegmentGeographicandOtherRevenueInformationRevenuesbyProductFootnotesDetails
6. path_id=X-PFE-0124 relation_type=presentation source=us-gaap:EntityWideInformationRevenueFromExternalCustomerLineItems (Revenue from External Customer [Line Items]) -> target=us-gaap:RevenueFromContractWithCustomerExcludingAssessedTax (Revenue from Contract with Customer, Excluding Assessed Tax) arcrole=http://www.xbrl.org/2003/arcrole/parent-child role=http://www.pfizer.com/role/SegmentGeographicandOtherRevenueInformationRevenuesbyProductDetail","- Claim: As of December 31, 2025, deferred revenues for Paxlovid and Comirnaty totaled $1.5 billion, comprising $689 million in current liabilities and $826 million in noncurrent liabilities.
  - Claim type: Factual
  - Support used: T-PFE-REVENUE-141
  - Limitation: This measurement is limited to the specific product lines of Paxlovid and Comirnaty and does not encompass all possible deferred revenue streams for the company.

- Claim: The estimation of variable consideration—including chargebacks, rebates, sales allowances, and sales returns—presents a risk to the accuracy of reported net revenues.
  - Claim type: Risk-cue or assertion-mapping
  - Support used: T-PFE-REVENUE-066
  - Inferential bridge: The text explicitly states that these deductions are estimated, require ""knowledge and judgment,"" and that inaccurate estimates could ""materially affect"" results, which maps to the Accuracy and Valuation assertions.
  - Limitation: The provided context does not detail the specific internal controls or the quantitative thresholds used to determine if adjustments to these estimates are ""material.""

- Claim: The process for calculating provisions for pharmaceutical sales returns involves multiple subjective variables that may impact the valuation of revenue.
  - Claim type: Risk-cue or assertion-mapping
  - Support used: T-PFE-REVENUE-093
  - Inferential bridge: The reliance on diverse and subjective inputs—such as ""estimated shelf life,"" ""lag time,"" and ""changing competitive environment""—introduces estimation uncertainty, mapping to the Valuation assertion.
  - Limitation: The context does not provide the specific data sources or the frequency with which these market-specific calculations are updated.

- Claim: The recognition of revenue from the balance of deferred revenues for Paxlovid and Comirnaty presents a risk regarding the timing of revenue recognition.
  - Claim type: Risk-cue or assertion-mapping
  - Support used: T-PFE-REVENUE-141
  - Inferential bridge: Because revenue is recognized as products are delivered to government or government-sponsored customers, the transition from a liability to revenue depends on the verification of delivery, mapping to the Cut-off and Occurrence assertions.
  - Limitation: The context lacks information regarding the specific delivery documentation or the contractual triggers required to move funds from deferred revenue to recognized revenue.

- Claim: For the period ended December 31, 2025, there were 12 countries where revenue from contracts with customers was $500 million or more.
  - Claim type: Factual
  - Support used: F-PFE-0165
  - Limitation: This is a point-in-time measurement that does not identify the specific countries involved or the exact revenue totals for each."
EXT-C121,PFE,Pfizer Inc.,bounded_extension,inventory,hybrid,"Pfizer records inventories at the lower of cost or net realizable value, with the cost of finished goods, work in process, and raw materials determined using average actual cost.",T-PFE-INVENTORY-011,,"TEXT RETRIEVAL CONTEXT

[Text Chunk 1]
chunk_id: T-PFE-INVENTORY-011
source_file: pfe-20251231.htm
construct_tag: inventory
ranking_score: 10
text: Inventories are recorded at the lower of cost or net realizable value. The cost of finished goods, work in process and raw materials is determined using average actual cost. We regularly review our inventories for impairment and reserves are established when necessary. Inventories that are not expected to be sold within 12 months are classified as Other noncurrent assets . See Note 8A .

[Text Chunk 2]
chunk_id: T-PFE-REVENUE_INVENTORY-035
source_file: pfe-20251231.htm
construct_tag: revenue_inventory
ranking_score: 7
text: (c) Biopharma’s earnings in 2025 reflects credits to Cost of Sales representing favorable revisions of our estimate of accrued royalties. Biopharma’s revenues and earnings in 2024 reflected a non-cash favorable product return adjustment of $ 771 million recorded in the first quarter of 2024 and in 2023 reflected a non-cash revenue reversal of $ 3.5 billion (see Note 1 7C ). In 2023, Biopharma earnings included approximately $ 6.2 billion of inventory write-offs and related charges to Cost of sales mainly due to lower-than-expected demand for our COVID-19 products. Biopharma’s earnings also include dividend income from our investment in ViiV of $ 265 million in 2025, $ 272 million in 2024 and $ 265 million in 2023.

[Text Chunk 3]
chunk_id: T-PFE-REVENUE_INVENTORY-020
source_file: pfe-20251231.htm
construct_tag: revenue_inventory
ranking_score: 6
text: Payments to and from our collaboration partners are presented in our consolidated statements of operations based on the nature of the arrangement including its contractual terms the nature of the payments and applicable accounting guidance. Under co-commercialization agreements we record the amounts received for our share of gross profits from our collaboration partners as Alliance revenues when our collaboration partners are the principal in the transaction and we receive a share of their net sales or profits. Alliance revenues are recorded as we perform co-promotion activities for the collaboration and the collaboration partners sell the products to their customers. The related expenses for selling and marketing these products including reimbursements to or from our collaboration partners for these costs are included in Selling informational and administrative expenses. In collaborative arrangements where we manufacture a product for our collaboration partners we record revenues when we transfer control of the product to our collaboration partners. In collaboration arrangements where we are the ...

XBRL RELATIONAL RETRIEVAL CONTEXT

Facts:
1. fact_id=F-PFE-0037 concept=BusinessCombinationRecognizedIdentifiableAssetsAcquiredAndLiabilitiesAssumedInventory value=3273000000 unit=iso4217:USD period=instant:2023-12-14 dimensions=us-gaap:BusinessAcquisitionAxis=pfe:SeagenMember
2. fact_id=F-PFE-0038 concept=BusinessCombinationRecognizedIdentifiableAssetsAcquiredAndLiabilitiesAssumedInventoryCurrent value=1100000000 unit=iso4217:USD period=instant:2023-12-14 dimensions=us-gaap:BusinessAcquisitionAxis=pfe:SeagenMember
3. fact_id=F-PFE-0039 concept=BusinessCombinationRecognizedIdentifiableAssetsAcquiredAndLiabilitiesAssumedInventoryNoncurrent value=2100000000 unit=iso4217:USD period=instant:2023-12-14 dimensions=us-gaap:BusinessAcquisitionAxis=pfe:SeagenMember
4. fact_id=F-PFE-0134 concept=ContractWithCustomerFavorableAdjustmentForGovernmentEmergencyUseAuthorizationInventoryReturnedToTheCompanyDuringThePeriod value=771000000 unit=iso4217:USD period=duration:2024-01-01/2024-03-31 dimensions=srt:ProductOrServiceAxis=pfe:PaxlovidEUALabeledMember; us-gaap:StatementBusinessSegmentsAxis=pfe:BiopharmaSegmentMember
5. fact_id=F-PFE-0170 concept=ContractWithCustomerFavorableAdjustmentForGovernmentEmergencyUseAuthorizationInventoryReturnedToTheCompanyDuringThePeriod value=771000000 unit=iso4217:USD period=duration:2024-01-01/2024-03-31 dimensions=srt:ProductOrServiceAxis=pfe:PaxlovidEUALabeledMember
6. fact_id=F-PFE-0321 concept=ContractWithCustomerFavorableAdjustmentForGovernmentEmergencyUseAuthorizationInventoryReturnedToTheCompanyDuringThePeriod value=771000000 unit=iso4217:USD period=duration:2024-01-01/2024-12-31 dimensions=srt:ProductOrServiceAxis=pfe:PaxlovidEUALabeledMember
7. fact_id=F-PFE-0171 concept=GovernmentEmergencyUseAuthorizationInventoryReturnedToTheCompanyDuringThePeriodNumberOfTreatmentCourses value=5100000 unit=pfe:treatment_course period=duration:2024-01-01/2024-02-29 dimensions=srt:ProductOrServiceAxis=pfe:PaxlovidEUALabeledMember
8. fact_id=F-PFE-0323 concept=GovernmentEmergencyUseAuthorizationInventoryReturnedToTheCompanyDuringThePeriodNumberOfTreatmentCourses value=5100000 unit=pfe:treatment_course period=duration:2024-01-01/2024-02-29 dimensions=srt:ProductOrServiceAxis=pfe:PaxlovidEUALabeledMember

Relation paths:
1. path_id=X-PFE-0160 relation_type=calculation source=us-gaap:InventoryNet (Inventory, Net) -> target=us-gaap:InventoryFinishedGoodsNetOfReserves (Inventory, Finished Goods, Net of Reserves) arcrole=http://www.xbrl.org/2003/arcrole/summation-item role=http://www.pfizer.com/role/OtherFinancialInformationInventoriesDetails
2. path_id=X-PFE-0162 relation_type=calculation source=us-gaap:InventoryNet (Inventory, Net) -> target=us-gaap:InventoryRawMaterialsAndSuppliesNetOfReserves (Inventory, Raw Materials and Supplies, Net of Reserves) arcrole=http://www.xbrl.org/2003/arcrole/summation-item role=http://www.pfizer.com/role/OtherFinancialInformationInventoriesDetails
3. path_id=X-PFE-0161 relation_type=calculation source=us-gaap:InventoryNet (Inventory, Net) -> target=us-gaap:InventoryWorkInProcessNetOfReserves (Inventory, Work in Process, Net of Reserves) arcrole=http://www.xbrl.org/2003/arcrole/summation-item role=http://www.pfizer.com/role/OtherFinancialInformationInventoriesDetails
4. path_id=X-PFE-0151 relation_type=calculation source=pfe:RestructuringChargesAcquisitionRelatedCostsandImplementationCosts (label unavailable) -> target=us-gaap:InventoryWriteDown (Inventory Write-down) arcrole=http://www.xbrl.org/2003/arcrole/summation-item role=http://www.pfizer.com/role/RestructuringChargesandOtherCostsAssociatedwithAcquisitionsandCostReductionProductivityInitiativesCostsDetail
5. path_id=X-PFE-0141 relation_type=calculation source=us-gaap:AssetsCurrent (Assets, Current) -> target=us-gaap:InventoryNet (Inventory, Net) arcrole=http://www.xbrl.org/2003/arcrole/summation-item role=http://www.pfizer.com/role/ConsolidatedBalanceSheets
6. path_id=X-PFE-0147 relation_type=calculation source=us-gaap:BusinessCombinationRecognizedIdentifiableAssetsAcquiredAndLiabilitiesAssumedNet (Business Combination, Recognized Asset Acquired to Liability Assumed, Excess (Less)) -> target=us-gaap:BusinessCombinationRecognizedIdentifiableAssetsAcquiredAndLiabilitiesAssumedInventory (Business Combination, Recognized Asset Acquired, Inventory, Current) arcrole=http://www.xbrl.org/2003/arcrole/summation-item role=http://www.pfizer.com/role/AcquisitionsDivestituresEquityMethodInvestmentsCollaborativeArrangementsResearchandDevelopmentArrangementsandInLicensingArrangementsPurchasePriceAllocationDetails","- Claim: Pfizer records inventories at the lower of cost or net realizable value, with the cost of finished goods, work in process, and raw materials determined using average actual cost.
  - Claim type: Factual
  - Support used: T-PFE-INVENTORY-011
  - Limitation: This claim is limited to the accounting policies disclosed in the provided text for the 2025 fiscal year.

- Claim: In 2023, Biopharma earnings included approximately $6.2 billion of inventory write-offs and related charges to Cost of sales, primarily due to lower-than-expected demand for COVID-19 products.
  - Claim type: Factual
  - Support used: T-PFE-REVENUE_INVENTORY-035
  - Limitation: This is a historical measurement for the 2023 period and does not provide the specific write-off amounts for the 2025 fiscal year.

- Claim: The occurrence of significant historical inventory write-offs (e.g., $6.2 billion in 2023) and non-cash favorable product return adjustments ($771 million in 2024) suggests a risk regarding the valuation assertion for inventory.
  - Claim type: Risk-cue or assertion-mapping
  - Support used: T-PFE-REVENUE_INVENTORY-035, F-PFE-0134
  - Inferential bridge: Large-scale write-offs driven by demand volatility (specifically for COVID-19 products) and adjustments for returned inventory indicate that the ""lower of cost or net realizable value"" estimate is highly sensitive to demand forecasts, increasing the risk of valuation errors.
  - Limitation: Missing current 2025 demand forecasts and the specific methodology used to calculate the ""net realizable value"" for current inventory.

- Claim: The policy of classifying inventories not expected to be sold within 12 months as ""Other noncurrent assets"" presents a risk to the valuation and classification assertions.
  - Claim type: Risk-cue or assertion-mapping
  - Support used: T-PFE-INVENTORY-011
  - Inferential bridge: The determination of whether inventory will be sold within 12 months requires management judgment; an error in this estimate would result in a classification error and may indicate a failure to recognize a necessary impairment (valuation).
  - Limitation: Missing the internal control details or specific criteria used by management to determine the expected sale timeline for noncurrent inventory.

- Claim: As of 2023-12-14, Pfizer recognized $3.273 billion in inventory from the Seagen acquisition, comprising $1.1 billion in current inventory and $2.1 billion in noncurrent inventory.
  - Claim type: Factual
  - Support used: F-PFE-0037, F-PFE-0038, F-PFE-0039
  - Limitation: This is a point-in-time measurement at the date of acquisition and does not reflect subsequent valuation adjustments or depreciation/write-downs through the 2025 period."
EXT-C122,PFE,Pfizer Inc.,bounded_extension,inventory,hybrid,"In 2023, Biopharma earnings included approximately $6.2 billion of inventory write-offs and related charges to Cost of sales, primarily due to lower-than-expected demand for COVID-19 products.",T-PFE-REVENUE_INVENTORY-035,,"TEXT RETRIEVAL CONTEXT

[Text Chunk 1]
chunk_id: T-PFE-INVENTORY-011
source_file: pfe-20251231.htm
construct_tag: inventory
ranking_score: 10
text: Inventories are recorded at the lower of cost or net realizable value. The cost of finished goods, work in process and raw materials is determined using average actual cost. We regularly review our inventories for impairment and reserves are established when necessary. Inventories that are not expected to be sold within 12 months are classified as Other noncurrent assets . See Note 8A .

[Text Chunk 2]
chunk_id: T-PFE-REVENUE_INVENTORY-035
source_file: pfe-20251231.htm
construct_tag: revenue_inventory
ranking_score: 7
text: (c) Biopharma’s earnings in 2025 reflects credits to Cost of Sales representing favorable revisions of our estimate of accrued royalties. Biopharma’s revenues and earnings in 2024 reflected a non-cash favorable product return adjustment of $ 771 million recorded in the first quarter of 2024 and in 2023 reflected a non-cash revenue reversal of $ 3.5 billion (see Note 1 7C ). In 2023, Biopharma earnings included approximately $ 6.2 billion of inventory write-offs and related charges to Cost of sales mainly due to lower-than-expected demand for our COVID-19 products. Biopharma’s earnings also include dividend income from our investment in ViiV of $ 265 million in 2025, $ 272 million in 2024 and $ 265 million in 2023.

[Text Chunk 3]
chunk_id: T-PFE-REVENUE_INVENTORY-020
source_file: pfe-20251231.htm
construct_tag: revenue_inventory
ranking_score: 6
text: Payments to and from our collaboration partners are presented in our consolidated statements of operations based on the nature of the arrangement including its contractual terms the nature of the payments and applicable accounting guidance. Under co-commercialization agreements we record the amounts received for our share of gross profits from our collaboration partners as Alliance revenues when our collaboration partners are the principal in the transaction and we receive a share of their net sales or profits. Alliance revenues are recorded as we perform co-promotion activities for the collaboration and the collaboration partners sell the products to their customers. The related expenses for selling and marketing these products including reimbursements to or from our collaboration partners for these costs are included in Selling informational and administrative expenses. In collaborative arrangements where we manufacture a product for our collaboration partners we record revenues when we transfer control of the product to our collaboration partners. In collaboration arrangements where we are the ...

XBRL RELATIONAL RETRIEVAL CONTEXT

Facts:
1. fact_id=F-PFE-0037 concept=BusinessCombinationRecognizedIdentifiableAssetsAcquiredAndLiabilitiesAssumedInventory value=3273000000 unit=iso4217:USD period=instant:2023-12-14 dimensions=us-gaap:BusinessAcquisitionAxis=pfe:SeagenMember
2. fact_id=F-PFE-0038 concept=BusinessCombinationRecognizedIdentifiableAssetsAcquiredAndLiabilitiesAssumedInventoryCurrent value=1100000000 unit=iso4217:USD period=instant:2023-12-14 dimensions=us-gaap:BusinessAcquisitionAxis=pfe:SeagenMember
3. fact_id=F-PFE-0039 concept=BusinessCombinationRecognizedIdentifiableAssetsAcquiredAndLiabilitiesAssumedInventoryNoncurrent value=2100000000 unit=iso4217:USD period=instant:2023-12-14 dimensions=us-gaap:BusinessAcquisitionAxis=pfe:SeagenMember
4. fact_id=F-PFE-0134 concept=ContractWithCustomerFavorableAdjustmentForGovernmentEmergencyUseAuthorizationInventoryReturnedToTheCompanyDuringThePeriod value=771000000 unit=iso4217:USD period=duration:2024-01-01/2024-03-31 dimensions=srt:ProductOrServiceAxis=pfe:PaxlovidEUALabeledMember; us-gaap:StatementBusinessSegmentsAxis=pfe:BiopharmaSegmentMember
5. fact_id=F-PFE-0170 concept=ContractWithCustomerFavorableAdjustmentForGovernmentEmergencyUseAuthorizationInventoryReturnedToTheCompanyDuringThePeriod value=771000000 unit=iso4217:USD period=duration:2024-01-01/2024-03-31 dimensions=srt:ProductOrServiceAxis=pfe:PaxlovidEUALabeledMember
6. fact_id=F-PFE-0321 concept=ContractWithCustomerFavorableAdjustmentForGovernmentEmergencyUseAuthorizationInventoryReturnedToTheCompanyDuringThePeriod value=771000000 unit=iso4217:USD period=duration:2024-01-01/2024-12-31 dimensions=srt:ProductOrServiceAxis=pfe:PaxlovidEUALabeledMember
7. fact_id=F-PFE-0171 concept=GovernmentEmergencyUseAuthorizationInventoryReturnedToTheCompanyDuringThePeriodNumberOfTreatmentCourses value=5100000 unit=pfe:treatment_course period=duration:2024-01-01/2024-02-29 dimensions=srt:ProductOrServiceAxis=pfe:PaxlovidEUALabeledMember
8. fact_id=F-PFE-0323 concept=GovernmentEmergencyUseAuthorizationInventoryReturnedToTheCompanyDuringThePeriodNumberOfTreatmentCourses value=5100000 unit=pfe:treatment_course period=duration:2024-01-01/2024-02-29 dimensions=srt:ProductOrServiceAxis=pfe:PaxlovidEUALabeledMember

Relation paths:
1. path_id=X-PFE-0160 relation_type=calculation source=us-gaap:InventoryNet (Inventory, Net) -> target=us-gaap:InventoryFinishedGoodsNetOfReserves (Inventory, Finished Goods, Net of Reserves) arcrole=http://www.xbrl.org/2003/arcrole/summation-item role=http://www.pfizer.com/role/OtherFinancialInformationInventoriesDetails
2. path_id=X-PFE-0162 relation_type=calculation source=us-gaap:InventoryNet (Inventory, Net) -> target=us-gaap:InventoryRawMaterialsAndSuppliesNetOfReserves (Inventory, Raw Materials and Supplies, Net of Reserves) arcrole=http://www.xbrl.org/2003/arcrole/summation-item role=http://www.pfizer.com/role/OtherFinancialInformationInventoriesDetails
3. path_id=X-PFE-0161 relation_type=calculation source=us-gaap:InventoryNet (Inventory, Net) -> target=us-gaap:InventoryWorkInProcessNetOfReserves (Inventory, Work in Process, Net of Reserves) arcrole=http://www.xbrl.org/2003/arcrole/summation-item role=http://www.pfizer.com/role/OtherFinancialInformationInventoriesDetails
4. path_id=X-PFE-0151 relation_type=calculation source=pfe:RestructuringChargesAcquisitionRelatedCostsandImplementationCosts (label unavailable) -> target=us-gaap:InventoryWriteDown (Inventory Write-down) arcrole=http://www.xbrl.org/2003/arcrole/summation-item role=http://www.pfizer.com/role/RestructuringChargesandOtherCostsAssociatedwithAcquisitionsandCostReductionProductivityInitiativesCostsDetail
5. path_id=X-PFE-0141 relation_type=calculation source=us-gaap:AssetsCurrent (Assets, Current) -> target=us-gaap:InventoryNet (Inventory, Net) arcrole=http://www.xbrl.org/2003/arcrole/summation-item role=http://www.pfizer.com/role/ConsolidatedBalanceSheets
6. path_id=X-PFE-0147 relation_type=calculation source=us-gaap:BusinessCombinationRecognizedIdentifiableAssetsAcquiredAndLiabilitiesAssumedNet (Business Combination, Recognized Asset Acquired to Liability Assumed, Excess (Less)) -> target=us-gaap:BusinessCombinationRecognizedIdentifiableAssetsAcquiredAndLiabilitiesAssumedInventory (Business Combination, Recognized Asset Acquired, Inventory, Current) arcrole=http://www.xbrl.org/2003/arcrole/summation-item role=http://www.pfizer.com/role/AcquisitionsDivestituresEquityMethodInvestmentsCollaborativeArrangementsResearchandDevelopmentArrangementsandInLicensingArrangementsPurchasePriceAllocationDetails","- Claim: Pfizer records inventories at the lower of cost or net realizable value, with the cost of finished goods, work in process, and raw materials determined using average actual cost.
  - Claim type: Factual
  - Support used: T-PFE-INVENTORY-011
  - Limitation: This claim is limited to the accounting policies disclosed in the provided text for the 2025 fiscal year.

- Claim: In 2023, Biopharma earnings included approximately $6.2 billion of inventory write-offs and related charges to Cost of sales, primarily due to lower-than-expected demand for COVID-19 products.
  - Claim type: Factual
  - Support used: T-PFE-REVENUE_INVENTORY-035
  - Limitation: This is a historical measurement for the 2023 period and does not provide the specific write-off amounts for the 2025 fiscal year.

- Claim: The occurrence of significant historical inventory write-offs (e.g., $6.2 billion in 2023) and non-cash favorable product return adjustments ($771 million in 2024) suggests a risk regarding the valuation assertion for inventory.
  - Claim type: Risk-cue or assertion-mapping
  - Support used: T-PFE-REVENUE_INVENTORY-035, F-PFE-0134
  - Inferential bridge: Large-scale write-offs driven by demand volatility (specifically for COVID-19 products) and adjustments for returned inventory indicate that the ""lower of cost or net realizable value"" estimate is highly sensitive to demand forecasts, increasing the risk of valuation errors.
  - Limitation: Missing current 2025 demand forecasts and the specific methodology used to calculate the ""net realizable value"" for current inventory.

- Claim: The policy of classifying inventories not expected to be sold within 12 months as ""Other noncurrent assets"" presents a risk to the valuation and classification assertions.
  - Claim type: Risk-cue or assertion-mapping
  - Support used: T-PFE-INVENTORY-011
  - Inferential bridge: The determination of whether inventory will be sold within 12 months requires management judgment; an error in this estimate would result in a classification error and may indicate a failure to recognize a necessary impairment (valuation).
  - Limitation: Missing the internal control details or specific criteria used by management to determine the expected sale timeline for noncurrent inventory.

- Claim: As of 2023-12-14, Pfizer recognized $3.273 billion in inventory from the Seagen acquisition, comprising $1.1 billion in current inventory and $2.1 billion in noncurrent inventory.
  - Claim type: Factual
  - Support used: F-PFE-0037, F-PFE-0038, F-PFE-0039
  - Limitation: This is a point-in-time measurement at the date of acquisition and does not reflect subsequent valuation adjustments or depreciation/write-downs through the 2025 period."
EXT-C123,PFE,Pfizer Inc.,bounded_extension,inventory,hybrid,"The occurrence of significant historical inventory write-offs (e.g., $6.2 billion in 2023) and non-cash favorable product return adjustments ($771 million in 2024) suggests a risk regarding the valuation assertion for inventory.",T-PFE-REVENUE_INVENTORY-035,F-PFE-0134,"TEXT RETRIEVAL CONTEXT

[Text Chunk 1]
chunk_id: T-PFE-INVENTORY-011
source_file: pfe-20251231.htm
construct_tag: inventory
ranking_score: 10
text: Inventories are recorded at the lower of cost or net realizable value. The cost of finished goods, work in process and raw materials is determined using average actual cost. We regularly review our inventories for impairment and reserves are established when necessary. Inventories that are not expected to be sold within 12 months are classified as Other noncurrent assets . See Note 8A .

[Text Chunk 2]
chunk_id: T-PFE-REVENUE_INVENTORY-035
source_file: pfe-20251231.htm
construct_tag: revenue_inventory
ranking_score: 7
text: (c) Biopharma’s earnings in 2025 reflects credits to Cost of Sales representing favorable revisions of our estimate of accrued royalties. Biopharma’s revenues and earnings in 2024 reflected a non-cash favorable product return adjustment of $ 771 million recorded in the first quarter of 2024 and in 2023 reflected a non-cash revenue reversal of $ 3.5 billion (see Note 1 7C ). In 2023, Biopharma earnings included approximately $ 6.2 billion of inventory write-offs and related charges to Cost of sales mainly due to lower-than-expected demand for our COVID-19 products. Biopharma’s earnings also include dividend income from our investment in ViiV of $ 265 million in 2025, $ 272 million in 2024 and $ 265 million in 2023.

[Text Chunk 3]
chunk_id: T-PFE-REVENUE_INVENTORY-020
source_file: pfe-20251231.htm
construct_tag: revenue_inventory
ranking_score: 6
text: Payments to and from our collaboration partners are presented in our consolidated statements of operations based on the nature of the arrangement including its contractual terms the nature of the payments and applicable accounting guidance. Under co-commercialization agreements we record the amounts received for our share of gross profits from our collaboration partners as Alliance revenues when our collaboration partners are the principal in the transaction and we receive a share of their net sales or profits. Alliance revenues are recorded as we perform co-promotion activities for the collaboration and the collaboration partners sell the products to their customers. The related expenses for selling and marketing these products including reimbursements to or from our collaboration partners for these costs are included in Selling informational and administrative expenses. In collaborative arrangements where we manufacture a product for our collaboration partners we record revenues when we transfer control of the product to our collaboration partners. In collaboration arrangements where we are the ...

XBRL RELATIONAL RETRIEVAL CONTEXT

Facts:
1. fact_id=F-PFE-0037 concept=BusinessCombinationRecognizedIdentifiableAssetsAcquiredAndLiabilitiesAssumedInventory value=3273000000 unit=iso4217:USD period=instant:2023-12-14 dimensions=us-gaap:BusinessAcquisitionAxis=pfe:SeagenMember
2. fact_id=F-PFE-0038 concept=BusinessCombinationRecognizedIdentifiableAssetsAcquiredAndLiabilitiesAssumedInventoryCurrent value=1100000000 unit=iso4217:USD period=instant:2023-12-14 dimensions=us-gaap:BusinessAcquisitionAxis=pfe:SeagenMember
3. fact_id=F-PFE-0039 concept=BusinessCombinationRecognizedIdentifiableAssetsAcquiredAndLiabilitiesAssumedInventoryNoncurrent value=2100000000 unit=iso4217:USD period=instant:2023-12-14 dimensions=us-gaap:BusinessAcquisitionAxis=pfe:SeagenMember
4. fact_id=F-PFE-0134 concept=ContractWithCustomerFavorableAdjustmentForGovernmentEmergencyUseAuthorizationInventoryReturnedToTheCompanyDuringThePeriod value=771000000 unit=iso4217:USD period=duration:2024-01-01/2024-03-31 dimensions=srt:ProductOrServiceAxis=pfe:PaxlovidEUALabeledMember; us-gaap:StatementBusinessSegmentsAxis=pfe:BiopharmaSegmentMember
5. fact_id=F-PFE-0170 concept=ContractWithCustomerFavorableAdjustmentForGovernmentEmergencyUseAuthorizationInventoryReturnedToTheCompanyDuringThePeriod value=771000000 unit=iso4217:USD period=duration:2024-01-01/2024-03-31 dimensions=srt:ProductOrServiceAxis=pfe:PaxlovidEUALabeledMember
6. fact_id=F-PFE-0321 concept=ContractWithCustomerFavorableAdjustmentForGovernmentEmergencyUseAuthorizationInventoryReturnedToTheCompanyDuringThePeriod value=771000000 unit=iso4217:USD period=duration:2024-01-01/2024-12-31 dimensions=srt:ProductOrServiceAxis=pfe:PaxlovidEUALabeledMember
7. fact_id=F-PFE-0171 concept=GovernmentEmergencyUseAuthorizationInventoryReturnedToTheCompanyDuringThePeriodNumberOfTreatmentCourses value=5100000 unit=pfe:treatment_course period=duration:2024-01-01/2024-02-29 dimensions=srt:ProductOrServiceAxis=pfe:PaxlovidEUALabeledMember
8. fact_id=F-PFE-0323 concept=GovernmentEmergencyUseAuthorizationInventoryReturnedToTheCompanyDuringThePeriodNumberOfTreatmentCourses value=5100000 unit=pfe:treatment_course period=duration:2024-01-01/2024-02-29 dimensions=srt:ProductOrServiceAxis=pfe:PaxlovidEUALabeledMember

Relation paths:
1. path_id=X-PFE-0160 relation_type=calculation source=us-gaap:InventoryNet (Inventory, Net) -> target=us-gaap:InventoryFinishedGoodsNetOfReserves (Inventory, Finished Goods, Net of Reserves) arcrole=http://www.xbrl.org/2003/arcrole/summation-item role=http://www.pfizer.com/role/OtherFinancialInformationInventoriesDetails
2. path_id=X-PFE-0162 relation_type=calculation source=us-gaap:InventoryNet (Inventory, Net) -> target=us-gaap:InventoryRawMaterialsAndSuppliesNetOfReserves (Inventory, Raw Materials and Supplies, Net of Reserves) arcrole=http://www.xbrl.org/2003/arcrole/summation-item role=http://www.pfizer.com/role/OtherFinancialInformationInventoriesDetails
3. path_id=X-PFE-0161 relation_type=calculation source=us-gaap:InventoryNet (Inventory, Net) -> target=us-gaap:InventoryWorkInProcessNetOfReserves (Inventory, Work in Process, Net of Reserves) arcrole=http://www.xbrl.org/2003/arcrole/summation-item role=http://www.pfizer.com/role/OtherFinancialInformationInventoriesDetails
4. path_id=X-PFE-0151 relation_type=calculation source=pfe:RestructuringChargesAcquisitionRelatedCostsandImplementationCosts (label unavailable) -> target=us-gaap:InventoryWriteDown (Inventory Write-down) arcrole=http://www.xbrl.org/2003/arcrole/summation-item role=http://www.pfizer.com/role/RestructuringChargesandOtherCostsAssociatedwithAcquisitionsandCostReductionProductivityInitiativesCostsDetail
5. path_id=X-PFE-0141 relation_type=calculation source=us-gaap:AssetsCurrent (Assets, Current) -> target=us-gaap:InventoryNet (Inventory, Net) arcrole=http://www.xbrl.org/2003/arcrole/summation-item role=http://www.pfizer.com/role/ConsolidatedBalanceSheets
6. path_id=X-PFE-0147 relation_type=calculation source=us-gaap:BusinessCombinationRecognizedIdentifiableAssetsAcquiredAndLiabilitiesAssumedNet (Business Combination, Recognized Asset Acquired to Liability Assumed, Excess (Less)) -> target=us-gaap:BusinessCombinationRecognizedIdentifiableAssetsAcquiredAndLiabilitiesAssumedInventory (Business Combination, Recognized Asset Acquired, Inventory, Current) arcrole=http://www.xbrl.org/2003/arcrole/summation-item role=http://www.pfizer.com/role/AcquisitionsDivestituresEquityMethodInvestmentsCollaborativeArrangementsResearchandDevelopmentArrangementsandInLicensingArrangementsPurchasePriceAllocationDetails","- Claim: Pfizer records inventories at the lower of cost or net realizable value, with the cost of finished goods, work in process, and raw materials determined using average actual cost.
  - Claim type: Factual
  - Support used: T-PFE-INVENTORY-011
  - Limitation: This claim is limited to the accounting policies disclosed in the provided text for the 2025 fiscal year.

- Claim: In 2023, Biopharma earnings included approximately $6.2 billion of inventory write-offs and related charges to Cost of sales, primarily due to lower-than-expected demand for COVID-19 products.
  - Claim type: Factual
  - Support used: T-PFE-REVENUE_INVENTORY-035
  - Limitation: This is a historical measurement for the 2023 period and does not provide the specific write-off amounts for the 2025 fiscal year.

- Claim: The occurrence of significant historical inventory write-offs (e.g., $6.2 billion in 2023) and non-cash favorable product return adjustments ($771 million in 2024) suggests a risk regarding the valuation assertion for inventory.
  - Claim type: Risk-cue or assertion-mapping
  - Support used: T-PFE-REVENUE_INVENTORY-035, F-PFE-0134
  - Inferential bridge: Large-scale write-offs driven by demand volatility (specifically for COVID-19 products) and adjustments for returned inventory indicate that the ""lower of cost or net realizable value"" estimate is highly sensitive to demand forecasts, increasing the risk of valuation errors.
  - Limitation: Missing current 2025 demand forecasts and the specific methodology used to calculate the ""net realizable value"" for current inventory.

- Claim: The policy of classifying inventories not expected to be sold within 12 months as ""Other noncurrent assets"" presents a risk to the valuation and classification assertions.
  - Claim type: Risk-cue or assertion-mapping
  - Support used: T-PFE-INVENTORY-011
  - Inferential bridge: The determination of whether inventory will be sold within 12 months requires management judgment; an error in this estimate would result in a classification error and may indicate a failure to recognize a necessary impairment (valuation).
  - Limitation: Missing the internal control details or specific criteria used by management to determine the expected sale timeline for noncurrent inventory.

- Claim: As of 2023-12-14, Pfizer recognized $3.273 billion in inventory from the Seagen acquisition, comprising $1.1 billion in current inventory and $2.1 billion in noncurrent inventory.
  - Claim type: Factual
  - Support used: F-PFE-0037, F-PFE-0038, F-PFE-0039
  - Limitation: This is a point-in-time measurement at the date of acquisition and does not reflect subsequent valuation adjustments or depreciation/write-downs through the 2025 period."
EXT-C124,PFE,Pfizer Inc.,bounded_extension,inventory,hybrid,"The policy of classifying inventories not expected to be sold within 12 months as ""Other noncurrent assets"" presents a risk to the valuation and classification assertions.",T-PFE-INVENTORY-011,,"TEXT RETRIEVAL CONTEXT

[Text Chunk 1]
chunk_id: T-PFE-INVENTORY-011
source_file: pfe-20251231.htm
construct_tag: inventory
ranking_score: 10
text: Inventories are recorded at the lower of cost or net realizable value. The cost of finished goods, work in process and raw materials is determined using average actual cost. We regularly review our inventories for impairment and reserves are established when necessary. Inventories that are not expected to be sold within 12 months are classified as Other noncurrent assets . See Note 8A .

[Text Chunk 2]
chunk_id: T-PFE-REVENUE_INVENTORY-035
source_file: pfe-20251231.htm
construct_tag: revenue_inventory
ranking_score: 7
text: (c) Biopharma’s earnings in 2025 reflects credits to Cost of Sales representing favorable revisions of our estimate of accrued royalties. Biopharma’s revenues and earnings in 2024 reflected a non-cash favorable product return adjustment of $ 771 million recorded in the first quarter of 2024 and in 2023 reflected a non-cash revenue reversal of $ 3.5 billion (see Note 1 7C ). In 2023, Biopharma earnings included approximately $ 6.2 billion of inventory write-offs and related charges to Cost of sales mainly due to lower-than-expected demand for our COVID-19 products. Biopharma’s earnings also include dividend income from our investment in ViiV of $ 265 million in 2025, $ 272 million in 2024 and $ 265 million in 2023.

[Text Chunk 3]
chunk_id: T-PFE-REVENUE_INVENTORY-020
source_file: pfe-20251231.htm
construct_tag: revenue_inventory
ranking_score: 6
text: Payments to and from our collaboration partners are presented in our consolidated statements of operations based on the nature of the arrangement including its contractual terms the nature of the payments and applicable accounting guidance. Under co-commercialization agreements we record the amounts received for our share of gross profits from our collaboration partners as Alliance revenues when our collaboration partners are the principal in the transaction and we receive a share of their net sales or profits. Alliance revenues are recorded as we perform co-promotion activities for the collaboration and the collaboration partners sell the products to their customers. The related expenses for selling and marketing these products including reimbursements to or from our collaboration partners for these costs are included in Selling informational and administrative expenses. In collaborative arrangements where we manufacture a product for our collaboration partners we record revenues when we transfer control of the product to our collaboration partners. In collaboration arrangements where we are the ...

XBRL RELATIONAL RETRIEVAL CONTEXT

Facts:
1. fact_id=F-PFE-0037 concept=BusinessCombinationRecognizedIdentifiableAssetsAcquiredAndLiabilitiesAssumedInventory value=3273000000 unit=iso4217:USD period=instant:2023-12-14 dimensions=us-gaap:BusinessAcquisitionAxis=pfe:SeagenMember
2. fact_id=F-PFE-0038 concept=BusinessCombinationRecognizedIdentifiableAssetsAcquiredAndLiabilitiesAssumedInventoryCurrent value=1100000000 unit=iso4217:USD period=instant:2023-12-14 dimensions=us-gaap:BusinessAcquisitionAxis=pfe:SeagenMember
3. fact_id=F-PFE-0039 concept=BusinessCombinationRecognizedIdentifiableAssetsAcquiredAndLiabilitiesAssumedInventoryNoncurrent value=2100000000 unit=iso4217:USD period=instant:2023-12-14 dimensions=us-gaap:BusinessAcquisitionAxis=pfe:SeagenMember
4. fact_id=F-PFE-0134 concept=ContractWithCustomerFavorableAdjustmentForGovernmentEmergencyUseAuthorizationInventoryReturnedToTheCompanyDuringThePeriod value=771000000 unit=iso4217:USD period=duration:2024-01-01/2024-03-31 dimensions=srt:ProductOrServiceAxis=pfe:PaxlovidEUALabeledMember; us-gaap:StatementBusinessSegmentsAxis=pfe:BiopharmaSegmentMember
5. fact_id=F-PFE-0170 concept=ContractWithCustomerFavorableAdjustmentForGovernmentEmergencyUseAuthorizationInventoryReturnedToTheCompanyDuringThePeriod value=771000000 unit=iso4217:USD period=duration:2024-01-01/2024-03-31 dimensions=srt:ProductOrServiceAxis=pfe:PaxlovidEUALabeledMember
6. fact_id=F-PFE-0321 concept=ContractWithCustomerFavorableAdjustmentForGovernmentEmergencyUseAuthorizationInventoryReturnedToTheCompanyDuringThePeriod value=771000000 unit=iso4217:USD period=duration:2024-01-01/2024-12-31 dimensions=srt:ProductOrServiceAxis=pfe:PaxlovidEUALabeledMember
7. fact_id=F-PFE-0171 concept=GovernmentEmergencyUseAuthorizationInventoryReturnedToTheCompanyDuringThePeriodNumberOfTreatmentCourses value=5100000 unit=pfe:treatment_course period=duration:2024-01-01/2024-02-29 dimensions=srt:ProductOrServiceAxis=pfe:PaxlovidEUALabeledMember
8. fact_id=F-PFE-0323 concept=GovernmentEmergencyUseAuthorizationInventoryReturnedToTheCompanyDuringThePeriodNumberOfTreatmentCourses value=5100000 unit=pfe:treatment_course period=duration:2024-01-01/2024-02-29 dimensions=srt:ProductOrServiceAxis=pfe:PaxlovidEUALabeledMember

Relation paths:
1. path_id=X-PFE-0160 relation_type=calculation source=us-gaap:InventoryNet (Inventory, Net) -> target=us-gaap:InventoryFinishedGoodsNetOfReserves (Inventory, Finished Goods, Net of Reserves) arcrole=http://www.xbrl.org/2003/arcrole/summation-item role=http://www.pfizer.com/role/OtherFinancialInformationInventoriesDetails
2. path_id=X-PFE-0162 relation_type=calculation source=us-gaap:InventoryNet (Inventory, Net) -> target=us-gaap:InventoryRawMaterialsAndSuppliesNetOfReserves (Inventory, Raw Materials and Supplies, Net of Reserves) arcrole=http://www.xbrl.org/2003/arcrole/summation-item role=http://www.pfizer.com/role/OtherFinancialInformationInventoriesDetails
3. path_id=X-PFE-0161 relation_type=calculation source=us-gaap:InventoryNet (Inventory, Net) -> target=us-gaap:InventoryWorkInProcessNetOfReserves (Inventory, Work in Process, Net of Reserves) arcrole=http://www.xbrl.org/2003/arcrole/summation-item role=http://www.pfizer.com/role/OtherFinancialInformationInventoriesDetails
4. path_id=X-PFE-0151 relation_type=calculation source=pfe:RestructuringChargesAcquisitionRelatedCostsandImplementationCosts (label unavailable) -> target=us-gaap:InventoryWriteDown (Inventory Write-down) arcrole=http://www.xbrl.org/2003/arcrole/summation-item role=http://www.pfizer.com/role/RestructuringChargesandOtherCostsAssociatedwithAcquisitionsandCostReductionProductivityInitiativesCostsDetail
5. path_id=X-PFE-0141 relation_type=calculation source=us-gaap:AssetsCurrent (Assets, Current) -> target=us-gaap:InventoryNet (Inventory, Net) arcrole=http://www.xbrl.org/2003/arcrole/summation-item role=http://www.pfizer.com/role/ConsolidatedBalanceSheets
6. path_id=X-PFE-0147 relation_type=calculation source=us-gaap:BusinessCombinationRecognizedIdentifiableAssetsAcquiredAndLiabilitiesAssumedNet (Business Combination, Recognized Asset Acquired to Liability Assumed, Excess (Less)) -> target=us-gaap:BusinessCombinationRecognizedIdentifiableAssetsAcquiredAndLiabilitiesAssumedInventory (Business Combination, Recognized Asset Acquired, Inventory, Current) arcrole=http://www.xbrl.org/2003/arcrole/summation-item role=http://www.pfizer.com/role/AcquisitionsDivestituresEquityMethodInvestmentsCollaborativeArrangementsResearchandDevelopmentArrangementsandInLicensingArrangementsPurchasePriceAllocationDetails","- Claim: Pfizer records inventories at the lower of cost or net realizable value, with the cost of finished goods, work in process, and raw materials determined using average actual cost.
  - Claim type: Factual
  - Support used: T-PFE-INVENTORY-011
  - Limitation: This claim is limited to the accounting policies disclosed in the provided text for the 2025 fiscal year.

- Claim: In 2023, Biopharma earnings included approximately $6.2 billion of inventory write-offs and related charges to Cost of sales, primarily due to lower-than-expected demand for COVID-19 products.
  - Claim type: Factual
  - Support used: T-PFE-REVENUE_INVENTORY-035
  - Limitation: This is a historical measurement for the 2023 period and does not provide the specific write-off amounts for the 2025 fiscal year.

- Claim: The occurrence of significant historical inventory write-offs (e.g., $6.2 billion in 2023) and non-cash favorable product return adjustments ($771 million in 2024) suggests a risk regarding the valuation assertion for inventory.
  - Claim type: Risk-cue or assertion-mapping
  - Support used: T-PFE-REVENUE_INVENTORY-035, F-PFE-0134
  - Inferential bridge: Large-scale write-offs driven by demand volatility (specifically for COVID-19 products) and adjustments for returned inventory indicate that the ""lower of cost or net realizable value"" estimate is highly sensitive to demand forecasts, increasing the risk of valuation errors.
  - Limitation: Missing current 2025 demand forecasts and the specific methodology used to calculate the ""net realizable value"" for current inventory.

- Claim: The policy of classifying inventories not expected to be sold within 12 months as ""Other noncurrent assets"" presents a risk to the valuation and classification assertions.
  - Claim type: Risk-cue or assertion-mapping
  - Support used: T-PFE-INVENTORY-011
  - Inferential bridge: The determination of whether inventory will be sold within 12 months requires management judgment; an error in this estimate would result in a classification error and may indicate a failure to recognize a necessary impairment (valuation).
  - Limitation: Missing the internal control details or specific criteria used by management to determine the expected sale timeline for noncurrent inventory.

- Claim: As of 2023-12-14, Pfizer recognized $3.273 billion in inventory from the Seagen acquisition, comprising $1.1 billion in current inventory and $2.1 billion in noncurrent inventory.
  - Claim type: Factual
  - Support used: F-PFE-0037, F-PFE-0038, F-PFE-0039
  - Limitation: This is a point-in-time measurement at the date of acquisition and does not reflect subsequent valuation adjustments or depreciation/write-downs through the 2025 period."
EXT-C125,PFE,Pfizer Inc.,bounded_extension,inventory,hybrid,"As of 2023-12-14, Pfizer recognized $3.273 billion in inventory from the Seagen acquisition, comprising $1.1 billion in current inventory and $2.1 billion in noncurrent inventory.",,F-PFE-0037; F-PFE-0038; F-PFE-0039,"TEXT RETRIEVAL CONTEXT

[Text Chunk 1]
chunk_id: T-PFE-INVENTORY-011
source_file: pfe-20251231.htm
construct_tag: inventory
ranking_score: 10
text: Inventories are recorded at the lower of cost or net realizable value. The cost of finished goods, work in process and raw materials is determined using average actual cost. We regularly review our inventories for impairment and reserves are established when necessary. Inventories that are not expected to be sold within 12 months are classified as Other noncurrent assets . See Note 8A .

[Text Chunk 2]
chunk_id: T-PFE-REVENUE_INVENTORY-035
source_file: pfe-20251231.htm
construct_tag: revenue_inventory
ranking_score: 7
text: (c) Biopharma’s earnings in 2025 reflects credits to Cost of Sales representing favorable revisions of our estimate of accrued royalties. Biopharma’s revenues and earnings in 2024 reflected a non-cash favorable product return adjustment of $ 771 million recorded in the first quarter of 2024 and in 2023 reflected a non-cash revenue reversal of $ 3.5 billion (see Note 1 7C ). In 2023, Biopharma earnings included approximately $ 6.2 billion of inventory write-offs and related charges to Cost of sales mainly due to lower-than-expected demand for our COVID-19 products. Biopharma’s earnings also include dividend income from our investment in ViiV of $ 265 million in 2025, $ 272 million in 2024 and $ 265 million in 2023.

[Text Chunk 3]
chunk_id: T-PFE-REVENUE_INVENTORY-020
source_file: pfe-20251231.htm
construct_tag: revenue_inventory
ranking_score: 6
text: Payments to and from our collaboration partners are presented in our consolidated statements of operations based on the nature of the arrangement including its contractual terms the nature of the payments and applicable accounting guidance. Under co-commercialization agreements we record the amounts received for our share of gross profits from our collaboration partners as Alliance revenues when our collaboration partners are the principal in the transaction and we receive a share of their net sales or profits. Alliance revenues are recorded as we perform co-promotion activities for the collaboration and the collaboration partners sell the products to their customers. The related expenses for selling and marketing these products including reimbursements to or from our collaboration partners for these costs are included in Selling informational and administrative expenses. In collaborative arrangements where we manufacture a product for our collaboration partners we record revenues when we transfer control of the product to our collaboration partners. In collaboration arrangements where we are the ...

XBRL RELATIONAL RETRIEVAL CONTEXT

Facts:
1. fact_id=F-PFE-0037 concept=BusinessCombinationRecognizedIdentifiableAssetsAcquiredAndLiabilitiesAssumedInventory value=3273000000 unit=iso4217:USD period=instant:2023-12-14 dimensions=us-gaap:BusinessAcquisitionAxis=pfe:SeagenMember
2. fact_id=F-PFE-0038 concept=BusinessCombinationRecognizedIdentifiableAssetsAcquiredAndLiabilitiesAssumedInventoryCurrent value=1100000000 unit=iso4217:USD period=instant:2023-12-14 dimensions=us-gaap:BusinessAcquisitionAxis=pfe:SeagenMember
3. fact_id=F-PFE-0039 concept=BusinessCombinationRecognizedIdentifiableAssetsAcquiredAndLiabilitiesAssumedInventoryNoncurrent value=2100000000 unit=iso4217:USD period=instant:2023-12-14 dimensions=us-gaap:BusinessAcquisitionAxis=pfe:SeagenMember
4. fact_id=F-PFE-0134 concept=ContractWithCustomerFavorableAdjustmentForGovernmentEmergencyUseAuthorizationInventoryReturnedToTheCompanyDuringThePeriod value=771000000 unit=iso4217:USD period=duration:2024-01-01/2024-03-31 dimensions=srt:ProductOrServiceAxis=pfe:PaxlovidEUALabeledMember; us-gaap:StatementBusinessSegmentsAxis=pfe:BiopharmaSegmentMember
5. fact_id=F-PFE-0170 concept=ContractWithCustomerFavorableAdjustmentForGovernmentEmergencyUseAuthorizationInventoryReturnedToTheCompanyDuringThePeriod value=771000000 unit=iso4217:USD period=duration:2024-01-01/2024-03-31 dimensions=srt:ProductOrServiceAxis=pfe:PaxlovidEUALabeledMember
6. fact_id=F-PFE-0321 concept=ContractWithCustomerFavorableAdjustmentForGovernmentEmergencyUseAuthorizationInventoryReturnedToTheCompanyDuringThePeriod value=771000000 unit=iso4217:USD period=duration:2024-01-01/2024-12-31 dimensions=srt:ProductOrServiceAxis=pfe:PaxlovidEUALabeledMember
7. fact_id=F-PFE-0171 concept=GovernmentEmergencyUseAuthorizationInventoryReturnedToTheCompanyDuringThePeriodNumberOfTreatmentCourses value=5100000 unit=pfe:treatment_course period=duration:2024-01-01/2024-02-29 dimensions=srt:ProductOrServiceAxis=pfe:PaxlovidEUALabeledMember
8. fact_id=F-PFE-0323 concept=GovernmentEmergencyUseAuthorizationInventoryReturnedToTheCompanyDuringThePeriodNumberOfTreatmentCourses value=5100000 unit=pfe:treatment_course period=duration:2024-01-01/2024-02-29 dimensions=srt:ProductOrServiceAxis=pfe:PaxlovidEUALabeledMember

Relation paths:
1. path_id=X-PFE-0160 relation_type=calculation source=us-gaap:InventoryNet (Inventory, Net) -> target=us-gaap:InventoryFinishedGoodsNetOfReserves (Inventory, Finished Goods, Net of Reserves) arcrole=http://www.xbrl.org/2003/arcrole/summation-item role=http://www.pfizer.com/role/OtherFinancialInformationInventoriesDetails
2. path_id=X-PFE-0162 relation_type=calculation source=us-gaap:InventoryNet (Inventory, Net) -> target=us-gaap:InventoryRawMaterialsAndSuppliesNetOfReserves (Inventory, Raw Materials and Supplies, Net of Reserves) arcrole=http://www.xbrl.org/2003/arcrole/summation-item role=http://www.pfizer.com/role/OtherFinancialInformationInventoriesDetails
3. path_id=X-PFE-0161 relation_type=calculation source=us-gaap:InventoryNet (Inventory, Net) -> target=us-gaap:InventoryWorkInProcessNetOfReserves (Inventory, Work in Process, Net of Reserves) arcrole=http://www.xbrl.org/2003/arcrole/summation-item role=http://www.pfizer.com/role/OtherFinancialInformationInventoriesDetails
4. path_id=X-PFE-0151 relation_type=calculation source=pfe:RestructuringChargesAcquisitionRelatedCostsandImplementationCosts (label unavailable) -> target=us-gaap:InventoryWriteDown (Inventory Write-down) arcrole=http://www.xbrl.org/2003/arcrole/summation-item role=http://www.pfizer.com/role/RestructuringChargesandOtherCostsAssociatedwithAcquisitionsandCostReductionProductivityInitiativesCostsDetail
5. path_id=X-PFE-0141 relation_type=calculation source=us-gaap:AssetsCurrent (Assets, Current) -> target=us-gaap:InventoryNet (Inventory, Net) arcrole=http://www.xbrl.org/2003/arcrole/summation-item role=http://www.pfizer.com/role/ConsolidatedBalanceSheets
6. path_id=X-PFE-0147 relation_type=calculation source=us-gaap:BusinessCombinationRecognizedIdentifiableAssetsAcquiredAndLiabilitiesAssumedNet (Business Combination, Recognized Asset Acquired to Liability Assumed, Excess (Less)) -> target=us-gaap:BusinessCombinationRecognizedIdentifiableAssetsAcquiredAndLiabilitiesAssumedInventory (Business Combination, Recognized Asset Acquired, Inventory, Current) arcrole=http://www.xbrl.org/2003/arcrole/summation-item role=http://www.pfizer.com/role/AcquisitionsDivestituresEquityMethodInvestmentsCollaborativeArrangementsResearchandDevelopmentArrangementsandInLicensingArrangementsPurchasePriceAllocationDetails","- Claim: Pfizer records inventories at the lower of cost or net realizable value, with the cost of finished goods, work in process, and raw materials determined using average actual cost.
  - Claim type: Factual
  - Support used: T-PFE-INVENTORY-011
  - Limitation: This claim is limited to the accounting policies disclosed in the provided text for the 2025 fiscal year.

- Claim: In 2023, Biopharma earnings included approximately $6.2 billion of inventory write-offs and related charges to Cost of sales, primarily due to lower-than-expected demand for COVID-19 products.
  - Claim type: Factual
  - Support used: T-PFE-REVENUE_INVENTORY-035
  - Limitation: This is a historical measurement for the 2023 period and does not provide the specific write-off amounts for the 2025 fiscal year.

- Claim: The occurrence of significant historical inventory write-offs (e.g., $6.2 billion in 2023) and non-cash favorable product return adjustments ($771 million in 2024) suggests a risk regarding the valuation assertion for inventory.
  - Claim type: Risk-cue or assertion-mapping
  - Support used: T-PFE-REVENUE_INVENTORY-035, F-PFE-0134
  - Inferential bridge: Large-scale write-offs driven by demand volatility (specifically for COVID-19 products) and adjustments for returned inventory indicate that the ""lower of cost or net realizable value"" estimate is highly sensitive to demand forecasts, increasing the risk of valuation errors.
  - Limitation: Missing current 2025 demand forecasts and the specific methodology used to calculate the ""net realizable value"" for current inventory.

- Claim: The policy of classifying inventories not expected to be sold within 12 months as ""Other noncurrent assets"" presents a risk to the valuation and classification assertions.
  - Claim type: Risk-cue or assertion-mapping
  - Support used: T-PFE-INVENTORY-011
  - Inferential bridge: The determination of whether inventory will be sold within 12 months requires management judgment; an error in this estimate would result in a classification error and may indicate a failure to recognize a necessary impairment (valuation).
  - Limitation: Missing the internal control details or specific criteria used by management to determine the expected sale timeline for noncurrent inventory.

- Claim: As of 2023-12-14, Pfizer recognized $3.273 billion in inventory from the Seagen acquisition, comprising $1.1 billion in current inventory and $2.1 billion in noncurrent inventory.
  - Claim type: Factual
  - Support used: F-PFE-0037, F-PFE-0038, F-PFE-0039
  - Limitation: This is a point-in-time measurement at the date of acquisition and does not reflect subsequent valuation adjustments or depreciation/write-downs through the 2025 period."
EXT-C136,MSFT,Microsoft Corp.,bounded_extension,revenue,hybrid,"As of 2025-06-30, the current contract liability was $64,555,000,000.",,F-MSFT-0028,"TEXT RETRIEVAL CONTEXT

[Text Chunk 1]
chunk_id: T-MSFT-REVENUE-089
source_file: msft-20250630.htm
construct_tag: revenue
ranking_score: 8
text: Preparing financial statements requires management to make estimates and assumptions that affect the reported amounts of assets, liabilities, revenue, and expenses. Examples of estimates and assumptions include: for revenue recognition, determining the nature and timing of satisfaction of performance obligations, and determining the standalone selling price (""SSP"") of performance obligations, variable consideration, and other obligations such as product returns and refunds; loss contingencies; the fair value of and/or potential impairment of goodwill and intangible assets for our reporting units; product life cycles; useful lives of our tangible and intangible assets; allowances for doubtful accounts; stock-based compensation forfeiture rates; when technological feasibility is achieved for our products; the potential outcome of uncertain tax positions that have been recognized in our consolidated financial statements or tax returns; and determining the timing and amount of impairments for investments. Actual results and outcomes may differ from management’s estimates and assumptions due to risks and uncertainties.

[Text Chunk 2]
chunk_id: T-MSFT-REVENUE-102
source_file: msft-20250630.htm
construct_tag: revenue
ranking_score: 8
text: Timing of revenue recognition may differ from the timing of invoicing to customers. We record a receivable when revenue is recognized prior to invoicing, or unearned revenue when revenue is recognized subsequent to invoicing. For multi-year agreements, we generally invoice customers annually at the beginning of each annual coverage period. We record a receivable related to revenue recognized for multi-year on-premises licenses as we have an unconditional right to invoice and receive payment in the future related to those licenses.

[Text Chunk 3]
chunk_id: T-MSFT-REVENUE-105
source_file: msft-20250630.htm
construct_tag: revenue
ranking_score: 6
text: Payment terms and conditions vary by contract type, although terms generally include a requirement of payment within 30 to 60 days. In instances where the timing of revenue recognition differs from the timing of invoicing, we have determined our contracts generally do not include a significant financing component. The primary purpose of our invoicing terms is to provide customers with simplified and predictable ways of purchasing our products and services, not to receive financing from our customers or to provide customers with financing. Examples include invoicing at the beginning of a subscription term with revenue recognized ratably over the contract period, and multi-year on-premises licenses that are invoiced annually with revenue recognized upfront.

XBRL RELATIONAL RETRIEVAL CONTEXT

Facts:
1. fact_id=F-MSFT-0003 concept=RevenueFromContractWithCustomerExcludingAssessedTax value=64699000000 unit=iso4217:USD period=duration:2022-07-01/2023-06-30 dimensions=srt:ProductOrServiceAxis=us-gaap:ProductMember
2. fact_id=F-MSFT-0006 concept=RevenueFromContractWithCustomerExcludingAssessedTax value=147216000000 unit=iso4217:USD period=duration:2022-07-01/2023-06-30 dimensions=srt:ProductOrServiceAxis=us-gaap:ServiceOtherMember
3. fact_id=F-MSFT-0009 concept=RevenueFromContractWithCustomerExcludingAssessedTax value=211915000000 unit=iso4217:USD period=duration:2022-07-01/2023-06-30 dimensions=none
4. fact_id=F-MSFT-0057 concept=ContractWithCustomerLiability value=43599000000 unit=iso4217:USD period=instant:2024-06-30 dimensions=us-gaap:StatementBusinessSegmentsAxis=msft:ProductivityAndBusinessProcessesMember
5. fact_id=F-MSFT-0059 concept=ContractWithCustomerLiability value=13683000000 unit=iso4217:USD period=instant:2024-06-30 dimensions=us-gaap:StatementBusinessSegmentsAxis=msft:IntelligentCloudMember
6. fact_id=F-MSFT-0061 concept=ContractWithCustomerLiability value=2902000000 unit=iso4217:USD period=instant:2024-06-30 dimensions=us-gaap:StatementBusinessSegmentsAxis=msft:MorePersonalComputingMember
7. fact_id=F-MSFT-0029 concept=ContractWithCustomerLiabilityCurrent value=57582000000 unit=iso4217:USD period=instant:2024-06-30 dimensions=none
8. fact_id=F-MSFT-0028 concept=ContractWithCustomerLiabilityCurrent value=64555000000 unit=iso4217:USD period=instant:2025-06-30 dimensions=none

Relation paths:
No selected XBRL relation paths.","- Claim: As of 2025-06-30, the current contract liability was $64,555,000,000.
  - Claim type: Factual
  - Support used: F-MSFT-0028
  - Limitation: This is a point-in-time measurement based on XBRL data for the specific date of 2025-06-30.

- Claim: Management utilizes estimates and assumptions to determine the standalone selling price (SSP) of performance obligations, variable consideration, and the nature and timing of the satisfaction of performance obligations.
  - Claim type: Factual
  - Support used: T-MSFT-REVENUE-089
  - Limitation: This claim is based on management's qualitative description of their financial statement preparation process in the provided text.

- Claim: The reliance on management estimates for determining the standalone selling price (SSP) and the timing of satisfaction of performance obligations creates a risk related to the Accuracy and Cut-off assertions for revenue.
  - Claim type: Risk-cue or assertion-mapping
  - Support used: T-MSFT-REVENUE-089
  - Inferential bridge: Because the reported revenue amounts and timing are dependent on subjective estimates rather than purely objective triggers, there is a risk that revenue is recorded in the incorrect period or at an incorrect value.
  - Limitation: The provided context does not include the specific controls or validation procedures used to verify the accuracy of the SSP calculations.

- Claim: The practice of decoupling the timing of revenue recognition from the timing of invoicing (e.g., recording receivables for multi-year licenses or unearned revenue for subscriptions) creates a risk related to the Occurrence and Cut-off assertions.
  - Claim type: Risk-cue or assertion-mapping
  - Support used: T-MSFT-REVENUE-102, T-MSFT-REVENUE-105
  - Inferential bridge: When revenue is recognized without a corresponding contemporaneous invoice (or vice versa), there is an increased risk that revenue is recognized before the performance obligation is actually satisfied or that the revenue is recorded in the wrong fiscal period.
  - Limitation: The context lacks information regarding the reconciliation process between the invoicing system and the revenue recognition ledger.

- Claim: Management's judgment that contracts generally do not include a significant financing component creates a risk related to the Accuracy assertion of revenue measurement.
  - Claim type: Risk-cue or assertion-mapping
  - Support used: T-MSFT-REVENUE-105
  - Inferential bridge: If the determination that no significant financing component exists is incorrect, the transaction price would need to be adjusted for the time value of money, meaning the currently reported revenue amount would be inaccurate.
  - Limitation: The provided context does not specify the quantitative thresholds or the specific policy criteria used to determine the absence of a significant financing component."
EXT-C137,MSFT,Microsoft Corp.,bounded_extension,revenue,hybrid,"Management utilizes estimates and assumptions to determine the standalone selling price (SSP) of performance obligations, variable consideration, and the nature and timing of the satisfaction of performance obligations.",T-MSFT-REVENUE-089,,"TEXT RETRIEVAL CONTEXT

[Text Chunk 1]
chunk_id: T-MSFT-REVENUE-089
source_file: msft-20250630.htm
construct_tag: revenue
ranking_score: 8
text: Preparing financial statements requires management to make estimates and assumptions that affect the reported amounts of assets, liabilities, revenue, and expenses. Examples of estimates and assumptions include: for revenue recognition, determining the nature and timing of satisfaction of performance obligations, and determining the standalone selling price (""SSP"") of performance obligations, variable consideration, and other obligations such as product returns and refunds; loss contingencies; the fair value of and/or potential impairment of goodwill and intangible assets for our reporting units; product life cycles; useful lives of our tangible and intangible assets; allowances for doubtful accounts; stock-based compensation forfeiture rates; when technological feasibility is achieved for our products; the potential outcome of uncertain tax positions that have been recognized in our consolidated financial statements or tax returns; and determining the timing and amount of impairments for investments. Actual results and outcomes may differ from management’s estimates and assumptions due to risks and uncertainties.

[Text Chunk 2]
chunk_id: T-MSFT-REVENUE-102
source_file: msft-20250630.htm
construct_tag: revenue
ranking_score: 8
text: Timing of revenue recognition may differ from the timing of invoicing to customers. We record a receivable when revenue is recognized prior to invoicing, or unearned revenue when revenue is recognized subsequent to invoicing. For multi-year agreements, we generally invoice customers annually at the beginning of each annual coverage period. We record a receivable related to revenue recognized for multi-year on-premises licenses as we have an unconditional right to invoice and receive payment in the future related to those licenses.

[Text Chunk 3]
chunk_id: T-MSFT-REVENUE-105
source_file: msft-20250630.htm
construct_tag: revenue
ranking_score: 6
text: Payment terms and conditions vary by contract type, although terms generally include a requirement of payment within 30 to 60 days. In instances where the timing of revenue recognition differs from the timing of invoicing, we have determined our contracts generally do not include a significant financing component. The primary purpose of our invoicing terms is to provide customers with simplified and predictable ways of purchasing our products and services, not to receive financing from our customers or to provide customers with financing. Examples include invoicing at the beginning of a subscription term with revenue recognized ratably over the contract period, and multi-year on-premises licenses that are invoiced annually with revenue recognized upfront.

XBRL RELATIONAL RETRIEVAL CONTEXT

Facts:
1. fact_id=F-MSFT-0003 concept=RevenueFromContractWithCustomerExcludingAssessedTax value=64699000000 unit=iso4217:USD period=duration:2022-07-01/2023-06-30 dimensions=srt:ProductOrServiceAxis=us-gaap:ProductMember
2. fact_id=F-MSFT-0006 concept=RevenueFromContractWithCustomerExcludingAssessedTax value=147216000000 unit=iso4217:USD period=duration:2022-07-01/2023-06-30 dimensions=srt:ProductOrServiceAxis=us-gaap:ServiceOtherMember
3. fact_id=F-MSFT-0009 concept=RevenueFromContractWithCustomerExcludingAssessedTax value=211915000000 unit=iso4217:USD period=duration:2022-07-01/2023-06-30 dimensions=none
4. fact_id=F-MSFT-0057 concept=ContractWithCustomerLiability value=43599000000 unit=iso4217:USD period=instant:2024-06-30 dimensions=us-gaap:StatementBusinessSegmentsAxis=msft:ProductivityAndBusinessProcessesMember
5. fact_id=F-MSFT-0059 concept=ContractWithCustomerLiability value=13683000000 unit=iso4217:USD period=instant:2024-06-30 dimensions=us-gaap:StatementBusinessSegmentsAxis=msft:IntelligentCloudMember
6. fact_id=F-MSFT-0061 concept=ContractWithCustomerLiability value=2902000000 unit=iso4217:USD period=instant:2024-06-30 dimensions=us-gaap:StatementBusinessSegmentsAxis=msft:MorePersonalComputingMember
7. fact_id=F-MSFT-0029 concept=ContractWithCustomerLiabilityCurrent value=57582000000 unit=iso4217:USD period=instant:2024-06-30 dimensions=none
8. fact_id=F-MSFT-0028 concept=ContractWithCustomerLiabilityCurrent value=64555000000 unit=iso4217:USD period=instant:2025-06-30 dimensions=none

Relation paths:
No selected XBRL relation paths.","- Claim: As of 2025-06-30, the current contract liability was $64,555,000,000.
  - Claim type: Factual
  - Support used: F-MSFT-0028
  - Limitation: This is a point-in-time measurement based on XBRL data for the specific date of 2025-06-30.

- Claim: Management utilizes estimates and assumptions to determine the standalone selling price (SSP) of performance obligations, variable consideration, and the nature and timing of the satisfaction of performance obligations.
  - Claim type: Factual
  - Support used: T-MSFT-REVENUE-089
  - Limitation: This claim is based on management's qualitative description of their financial statement preparation process in the provided text.

- Claim: The reliance on management estimates for determining the standalone selling price (SSP) and the timing of satisfaction of performance obligations creates a risk related to the Accuracy and Cut-off assertions for revenue.
  - Claim type: Risk-cue or assertion-mapping
  - Support used: T-MSFT-REVENUE-089
  - Inferential bridge: Because the reported revenue amounts and timing are dependent on subjective estimates rather than purely objective triggers, there is a risk that revenue is recorded in the incorrect period or at an incorrect value.
  - Limitation: The provided context does not include the specific controls or validation procedures used to verify the accuracy of the SSP calculations.

- Claim: The practice of decoupling the timing of revenue recognition from the timing of invoicing (e.g., recording receivables for multi-year licenses or unearned revenue for subscriptions) creates a risk related to the Occurrence and Cut-off assertions.
  - Claim type: Risk-cue or assertion-mapping
  - Support used: T-MSFT-REVENUE-102, T-MSFT-REVENUE-105
  - Inferential bridge: When revenue is recognized without a corresponding contemporaneous invoice (or vice versa), there is an increased risk that revenue is recognized before the performance obligation is actually satisfied or that the revenue is recorded in the wrong fiscal period.
  - Limitation: The context lacks information regarding the reconciliation process between the invoicing system and the revenue recognition ledger.

- Claim: Management's judgment that contracts generally do not include a significant financing component creates a risk related to the Accuracy assertion of revenue measurement.
  - Claim type: Risk-cue or assertion-mapping
  - Support used: T-MSFT-REVENUE-105
  - Inferential bridge: If the determination that no significant financing component exists is incorrect, the transaction price would need to be adjusted for the time value of money, meaning the currently reported revenue amount would be inaccurate.
  - Limitation: The provided context does not specify the quantitative thresholds or the specific policy criteria used to determine the absence of a significant financing component."
EXT-C138,MSFT,Microsoft Corp.,bounded_extension,revenue,hybrid,The reliance on management estimates for determining the standalone selling price (SSP) and the timing of satisfaction of performance obligations creates a risk related to the Accuracy and Cut-off assertions for revenue.,T-MSFT-REVENUE-089,,"TEXT RETRIEVAL CONTEXT

[Text Chunk 1]
chunk_id: T-MSFT-REVENUE-089
source_file: msft-20250630.htm
construct_tag: revenue
ranking_score: 8
text: Preparing financial statements requires management to make estimates and assumptions that affect the reported amounts of assets, liabilities, revenue, and expenses. Examples of estimates and assumptions include: for revenue recognition, determining the nature and timing of satisfaction of performance obligations, and determining the standalone selling price (""SSP"") of performance obligations, variable consideration, and other obligations such as product returns and refunds; loss contingencies; the fair value of and/or potential impairment of goodwill and intangible assets for our reporting units; product life cycles; useful lives of our tangible and intangible assets; allowances for doubtful accounts; stock-based compensation forfeiture rates; when technological feasibility is achieved for our products; the potential outcome of uncertain tax positions that have been recognized in our consolidated financial statements or tax returns; and determining the timing and amount of impairments for investments. Actual results and outcomes may differ from management’s estimates and assumptions due to risks and uncertainties.

[Text Chunk 2]
chunk_id: T-MSFT-REVENUE-102
source_file: msft-20250630.htm
construct_tag: revenue
ranking_score: 8
text: Timing of revenue recognition may differ from the timing of invoicing to customers. We record a receivable when revenue is recognized prior to invoicing, or unearned revenue when revenue is recognized subsequent to invoicing. For multi-year agreements, we generally invoice customers annually at the beginning of each annual coverage period. We record a receivable related to revenue recognized for multi-year on-premises licenses as we have an unconditional right to invoice and receive payment in the future related to those licenses.

[Text Chunk 3]
chunk_id: T-MSFT-REVENUE-105
source_file: msft-20250630.htm
construct_tag: revenue
ranking_score: 6
text: Payment terms and conditions vary by contract type, although terms generally include a requirement of payment within 30 to 60 days. In instances where the timing of revenue recognition differs from the timing of invoicing, we have determined our contracts generally do not include a significant financing component. The primary purpose of our invoicing terms is to provide customers with simplified and predictable ways of purchasing our products and services, not to receive financing from our customers or to provide customers with financing. Examples include invoicing at the beginning of a subscription term with revenue recognized ratably over the contract period, and multi-year on-premises licenses that are invoiced annually with revenue recognized upfront.

XBRL RELATIONAL RETRIEVAL CONTEXT

Facts:
1. fact_id=F-MSFT-0003 concept=RevenueFromContractWithCustomerExcludingAssessedTax value=64699000000 unit=iso4217:USD period=duration:2022-07-01/2023-06-30 dimensions=srt:ProductOrServiceAxis=us-gaap:ProductMember
2. fact_id=F-MSFT-0006 concept=RevenueFromContractWithCustomerExcludingAssessedTax value=147216000000 unit=iso4217:USD period=duration:2022-07-01/2023-06-30 dimensions=srt:ProductOrServiceAxis=us-gaap:ServiceOtherMember
3. fact_id=F-MSFT-0009 concept=RevenueFromContractWithCustomerExcludingAssessedTax value=211915000000 unit=iso4217:USD period=duration:2022-07-01/2023-06-30 dimensions=none
4. fact_id=F-MSFT-0057 concept=ContractWithCustomerLiability value=43599000000 unit=iso4217:USD period=instant:2024-06-30 dimensions=us-gaap:StatementBusinessSegmentsAxis=msft:ProductivityAndBusinessProcessesMember
5. fact_id=F-MSFT-0059 concept=ContractWithCustomerLiability value=13683000000 unit=iso4217:USD period=instant:2024-06-30 dimensions=us-gaap:StatementBusinessSegmentsAxis=msft:IntelligentCloudMember
6. fact_id=F-MSFT-0061 concept=ContractWithCustomerLiability value=2902000000 unit=iso4217:USD period=instant:2024-06-30 dimensions=us-gaap:StatementBusinessSegmentsAxis=msft:MorePersonalComputingMember
7. fact_id=F-MSFT-0029 concept=ContractWithCustomerLiabilityCurrent value=57582000000 unit=iso4217:USD period=instant:2024-06-30 dimensions=none
8. fact_id=F-MSFT-0028 concept=ContractWithCustomerLiabilityCurrent value=64555000000 unit=iso4217:USD period=instant:2025-06-30 dimensions=none

Relation paths:
No selected XBRL relation paths.","- Claim: As of 2025-06-30, the current contract liability was $64,555,000,000.
  - Claim type: Factual
  - Support used: F-MSFT-0028
  - Limitation: This is a point-in-time measurement based on XBRL data for the specific date of 2025-06-30.

- Claim: Management utilizes estimates and assumptions to determine the standalone selling price (SSP) of performance obligations, variable consideration, and the nature and timing of the satisfaction of performance obligations.
  - Claim type: Factual
  - Support used: T-MSFT-REVENUE-089
  - Limitation: This claim is based on management's qualitative description of their financial statement preparation process in the provided text.

- Claim: The reliance on management estimates for determining the standalone selling price (SSP) and the timing of satisfaction of performance obligations creates a risk related to the Accuracy and Cut-off assertions for revenue.
  - Claim type: Risk-cue or assertion-mapping
  - Support used: T-MSFT-REVENUE-089
  - Inferential bridge: Because the reported revenue amounts and timing are dependent on subjective estimates rather than purely objective triggers, there is a risk that revenue is recorded in the incorrect period or at an incorrect value.
  - Limitation: The provided context does not include the specific controls or validation procedures used to verify the accuracy of the SSP calculations.

- Claim: The practice of decoupling the timing of revenue recognition from the timing of invoicing (e.g., recording receivables for multi-year licenses or unearned revenue for subscriptions) creates a risk related to the Occurrence and Cut-off assertions.
  - Claim type: Risk-cue or assertion-mapping
  - Support used: T-MSFT-REVENUE-102, T-MSFT-REVENUE-105
  - Inferential bridge: When revenue is recognized without a corresponding contemporaneous invoice (or vice versa), there is an increased risk that revenue is recognized before the performance obligation is actually satisfied or that the revenue is recorded in the wrong fiscal period.
  - Limitation: The context lacks information regarding the reconciliation process between the invoicing system and the revenue recognition ledger.

- Claim: Management's judgment that contracts generally do not include a significant financing component creates a risk related to the Accuracy assertion of revenue measurement.
  - Claim type: Risk-cue or assertion-mapping
  - Support used: T-MSFT-REVENUE-105
  - Inferential bridge: If the determination that no significant financing component exists is incorrect, the transaction price would need to be adjusted for the time value of money, meaning the currently reported revenue amount would be inaccurate.
  - Limitation: The provided context does not specify the quantitative thresholds or the specific policy criteria used to determine the absence of a significant financing component."
EXT-C139,MSFT,Microsoft Corp.,bounded_extension,revenue,hybrid,"The practice of decoupling the timing of revenue recognition from the timing of invoicing (e.g., recording receivables for multi-year licenses or unearned revenue for subscriptions) creates a risk related to the Occurrence and Cut-off assertions.",T-MSFT-REVENUE-102; T-MSFT-REVENUE-105,,"TEXT RETRIEVAL CONTEXT

[Text Chunk 1]
chunk_id: T-MSFT-REVENUE-089
source_file: msft-20250630.htm
construct_tag: revenue
ranking_score: 8
text: Preparing financial statements requires management to make estimates and assumptions that affect the reported amounts of assets, liabilities, revenue, and expenses. Examples of estimates and assumptions include: for revenue recognition, determining the nature and timing of satisfaction of performance obligations, and determining the standalone selling price (""SSP"") of performance obligations, variable consideration, and other obligations such as product returns and refunds; loss contingencies; the fair value of and/or potential impairment of goodwill and intangible assets for our reporting units; product life cycles; useful lives of our tangible and intangible assets; allowances for doubtful accounts; stock-based compensation forfeiture rates; when technological feasibility is achieved for our products; the potential outcome of uncertain tax positions that have been recognized in our consolidated financial statements or tax returns; and determining the timing and amount of impairments for investments. Actual results and outcomes may differ from management’s estimates and assumptions due to risks and uncertainties.

[Text Chunk 2]
chunk_id: T-MSFT-REVENUE-102
source_file: msft-20250630.htm
construct_tag: revenue
ranking_score: 8
text: Timing of revenue recognition may differ from the timing of invoicing to customers. We record a receivable when revenue is recognized prior to invoicing, or unearned revenue when revenue is recognized subsequent to invoicing. For multi-year agreements, we generally invoice customers annually at the beginning of each annual coverage period. We record a receivable related to revenue recognized for multi-year on-premises licenses as we have an unconditional right to invoice and receive payment in the future related to those licenses.

[Text Chunk 3]
chunk_id: T-MSFT-REVENUE-105
source_file: msft-20250630.htm
construct_tag: revenue
ranking_score: 6
text: Payment terms and conditions vary by contract type, although terms generally include a requirement of payment within 30 to 60 days. In instances where the timing of revenue recognition differs from the timing of invoicing, we have determined our contracts generally do not include a significant financing component. The primary purpose of our invoicing terms is to provide customers with simplified and predictable ways of purchasing our products and services, not to receive financing from our customers or to provide customers with financing. Examples include invoicing at the beginning of a subscription term with revenue recognized ratably over the contract period, and multi-year on-premises licenses that are invoiced annually with revenue recognized upfront.

XBRL RELATIONAL RETRIEVAL CONTEXT

Facts:
1. fact_id=F-MSFT-0003 concept=RevenueFromContractWithCustomerExcludingAssessedTax value=64699000000 unit=iso4217:USD period=duration:2022-07-01/2023-06-30 dimensions=srt:ProductOrServiceAxis=us-gaap:ProductMember
2. fact_id=F-MSFT-0006 concept=RevenueFromContractWithCustomerExcludingAssessedTax value=147216000000 unit=iso4217:USD period=duration:2022-07-01/2023-06-30 dimensions=srt:ProductOrServiceAxis=us-gaap:ServiceOtherMember
3. fact_id=F-MSFT-0009 concept=RevenueFromContractWithCustomerExcludingAssessedTax value=211915000000 unit=iso4217:USD period=duration:2022-07-01/2023-06-30 dimensions=none
4. fact_id=F-MSFT-0057 concept=ContractWithCustomerLiability value=43599000000 unit=iso4217:USD period=instant:2024-06-30 dimensions=us-gaap:StatementBusinessSegmentsAxis=msft:ProductivityAndBusinessProcessesMember
5. fact_id=F-MSFT-0059 concept=ContractWithCustomerLiability value=13683000000 unit=iso4217:USD period=instant:2024-06-30 dimensions=us-gaap:StatementBusinessSegmentsAxis=msft:IntelligentCloudMember
6. fact_id=F-MSFT-0061 concept=ContractWithCustomerLiability value=2902000000 unit=iso4217:USD period=instant:2024-06-30 dimensions=us-gaap:StatementBusinessSegmentsAxis=msft:MorePersonalComputingMember
7. fact_id=F-MSFT-0029 concept=ContractWithCustomerLiabilityCurrent value=57582000000 unit=iso4217:USD period=instant:2024-06-30 dimensions=none
8. fact_id=F-MSFT-0028 concept=ContractWithCustomerLiabilityCurrent value=64555000000 unit=iso4217:USD period=instant:2025-06-30 dimensions=none

Relation paths:
No selected XBRL relation paths.","- Claim: As of 2025-06-30, the current contract liability was $64,555,000,000.
  - Claim type: Factual
  - Support used: F-MSFT-0028
  - Limitation: This is a point-in-time measurement based on XBRL data for the specific date of 2025-06-30.

- Claim: Management utilizes estimates and assumptions to determine the standalone selling price (SSP) of performance obligations, variable consideration, and the nature and timing of the satisfaction of performance obligations.
  - Claim type: Factual
  - Support used: T-MSFT-REVENUE-089
  - Limitation: This claim is based on management's qualitative description of their financial statement preparation process in the provided text.

- Claim: The reliance on management estimates for determining the standalone selling price (SSP) and the timing of satisfaction of performance obligations creates a risk related to the Accuracy and Cut-off assertions for revenue.
  - Claim type: Risk-cue or assertion-mapping
  - Support used: T-MSFT-REVENUE-089
  - Inferential bridge: Because the reported revenue amounts and timing are dependent on subjective estimates rather than purely objective triggers, there is a risk that revenue is recorded in the incorrect period or at an incorrect value.
  - Limitation: The provided context does not include the specific controls or validation procedures used to verify the accuracy of the SSP calculations.

- Claim: The practice of decoupling the timing of revenue recognition from the timing of invoicing (e.g., recording receivables for multi-year licenses or unearned revenue for subscriptions) creates a risk related to the Occurrence and Cut-off assertions.
  - Claim type: Risk-cue or assertion-mapping
  - Support used: T-MSFT-REVENUE-102, T-MSFT-REVENUE-105
  - Inferential bridge: When revenue is recognized without a corresponding contemporaneous invoice (or vice versa), there is an increased risk that revenue is recognized before the performance obligation is actually satisfied or that the revenue is recorded in the wrong fiscal period.
  - Limitation: The context lacks information regarding the reconciliation process between the invoicing system and the revenue recognition ledger.

- Claim: Management's judgment that contracts generally do not include a significant financing component creates a risk related to the Accuracy assertion of revenue measurement.
  - Claim type: Risk-cue or assertion-mapping
  - Support used: T-MSFT-REVENUE-105
  - Inferential bridge: If the determination that no significant financing component exists is incorrect, the transaction price would need to be adjusted for the time value of money, meaning the currently reported revenue amount would be inaccurate.
  - Limitation: The provided context does not specify the quantitative thresholds or the specific policy criteria used to determine the absence of a significant financing component."
EXT-C140,MSFT,Microsoft Corp.,bounded_extension,revenue,hybrid,Management's judgment that contracts generally do not include a significant financing component creates a risk related to the Accuracy assertion of revenue measurement.,T-MSFT-REVENUE-105,,"TEXT RETRIEVAL CONTEXT

[Text Chunk 1]
chunk_id: T-MSFT-REVENUE-089
source_file: msft-20250630.htm
construct_tag: revenue
ranking_score: 8
text: Preparing financial statements requires management to make estimates and assumptions that affect the reported amounts of assets, liabilities, revenue, and expenses. Examples of estimates and assumptions include: for revenue recognition, determining the nature and timing of satisfaction of performance obligations, and determining the standalone selling price (""SSP"") of performance obligations, variable consideration, and other obligations such as product returns and refunds; loss contingencies; the fair value of and/or potential impairment of goodwill and intangible assets for our reporting units; product life cycles; useful lives of our tangible and intangible assets; allowances for doubtful accounts; stock-based compensation forfeiture rates; when technological feasibility is achieved for our products; the potential outcome of uncertain tax positions that have been recognized in our consolidated financial statements or tax returns; and determining the timing and amount of impairments for investments. Actual results and outcomes may differ from management’s estimates and assumptions due to risks and uncertainties.

[Text Chunk 2]
chunk_id: T-MSFT-REVENUE-102
source_file: msft-20250630.htm
construct_tag: revenue
ranking_score: 8
text: Timing of revenue recognition may differ from the timing of invoicing to customers. We record a receivable when revenue is recognized prior to invoicing, or unearned revenue when revenue is recognized subsequent to invoicing. For multi-year agreements, we generally invoice customers annually at the beginning of each annual coverage period. We record a receivable related to revenue recognized for multi-year on-premises licenses as we have an unconditional right to invoice and receive payment in the future related to those licenses.

[Text Chunk 3]
chunk_id: T-MSFT-REVENUE-105
source_file: msft-20250630.htm
construct_tag: revenue
ranking_score: 6
text: Payment terms and conditions vary by contract type, although terms generally include a requirement of payment within 30 to 60 days. In instances where the timing of revenue recognition differs from the timing of invoicing, we have determined our contracts generally do not include a significant financing component. The primary purpose of our invoicing terms is to provide customers with simplified and predictable ways of purchasing our products and services, not to receive financing from our customers or to provide customers with financing. Examples include invoicing at the beginning of a subscription term with revenue recognized ratably over the contract period, and multi-year on-premises licenses that are invoiced annually with revenue recognized upfront.

XBRL RELATIONAL RETRIEVAL CONTEXT

Facts:
1. fact_id=F-MSFT-0003 concept=RevenueFromContractWithCustomerExcludingAssessedTax value=64699000000 unit=iso4217:USD period=duration:2022-07-01/2023-06-30 dimensions=srt:ProductOrServiceAxis=us-gaap:ProductMember
2. fact_id=F-MSFT-0006 concept=RevenueFromContractWithCustomerExcludingAssessedTax value=147216000000 unit=iso4217:USD period=duration:2022-07-01/2023-06-30 dimensions=srt:ProductOrServiceAxis=us-gaap:ServiceOtherMember
3. fact_id=F-MSFT-0009 concept=RevenueFromContractWithCustomerExcludingAssessedTax value=211915000000 unit=iso4217:USD period=duration:2022-07-01/2023-06-30 dimensions=none
4. fact_id=F-MSFT-0057 concept=ContractWithCustomerLiability value=43599000000 unit=iso4217:USD period=instant:2024-06-30 dimensions=us-gaap:StatementBusinessSegmentsAxis=msft:ProductivityAndBusinessProcessesMember
5. fact_id=F-MSFT-0059 concept=ContractWithCustomerLiability value=13683000000 unit=iso4217:USD period=instant:2024-06-30 dimensions=us-gaap:StatementBusinessSegmentsAxis=msft:IntelligentCloudMember
6. fact_id=F-MSFT-0061 concept=ContractWithCustomerLiability value=2902000000 unit=iso4217:USD period=instant:2024-06-30 dimensions=us-gaap:StatementBusinessSegmentsAxis=msft:MorePersonalComputingMember
7. fact_id=F-MSFT-0029 concept=ContractWithCustomerLiabilityCurrent value=57582000000 unit=iso4217:USD period=instant:2024-06-30 dimensions=none
8. fact_id=F-MSFT-0028 concept=ContractWithCustomerLiabilityCurrent value=64555000000 unit=iso4217:USD period=instant:2025-06-30 dimensions=none

Relation paths:
No selected XBRL relation paths.","- Claim: As of 2025-06-30, the current contract liability was $64,555,000,000.
  - Claim type: Factual
  - Support used: F-MSFT-0028
  - Limitation: This is a point-in-time measurement based on XBRL data for the specific date of 2025-06-30.

- Claim: Management utilizes estimates and assumptions to determine the standalone selling price (SSP) of performance obligations, variable consideration, and the nature and timing of the satisfaction of performance obligations.
  - Claim type: Factual
  - Support used: T-MSFT-REVENUE-089
  - Limitation: This claim is based on management's qualitative description of their financial statement preparation process in the provided text.

- Claim: The reliance on management estimates for determining the standalone selling price (SSP) and the timing of satisfaction of performance obligations creates a risk related to the Accuracy and Cut-off assertions for revenue.
  - Claim type: Risk-cue or assertion-mapping
  - Support used: T-MSFT-REVENUE-089
  - Inferential bridge: Because the reported revenue amounts and timing are dependent on subjective estimates rather than purely objective triggers, there is a risk that revenue is recorded in the incorrect period or at an incorrect value.
  - Limitation: The provided context does not include the specific controls or validation procedures used to verify the accuracy of the SSP calculations.

- Claim: The practice of decoupling the timing of revenue recognition from the timing of invoicing (e.g., recording receivables for multi-year licenses or unearned revenue for subscriptions) creates a risk related to the Occurrence and Cut-off assertions.
  - Claim type: Risk-cue or assertion-mapping
  - Support used: T-MSFT-REVENUE-102, T-MSFT-REVENUE-105
  - Inferential bridge: When revenue is recognized without a corresponding contemporaneous invoice (or vice versa), there is an increased risk that revenue is recognized before the performance obligation is actually satisfied or that the revenue is recorded in the wrong fiscal period.
  - Limitation: The context lacks information regarding the reconciliation process between the invoicing system and the revenue recognition ledger.

- Claim: Management's judgment that contracts generally do not include a significant financing component creates a risk related to the Accuracy assertion of revenue measurement.
  - Claim type: Risk-cue or assertion-mapping
  - Support used: T-MSFT-REVENUE-105
  - Inferential bridge: If the determination that no significant financing component exists is incorrect, the transaction price would need to be adjusted for the time value of money, meaning the currently reported revenue amount would be inaccurate.
  - Limitation: The provided context does not specify the quantitative thresholds or the specific policy criteria used to determine the absence of a significant financing component."
EXT-C151,MSFT,Microsoft Corp.,bounded_extension,inventory,hybrid,"As of 2025-06-30, the net inventory (InventoryNet) was $938,000,000.",,F-MSFT-0026,"TEXT RETRIEVAL CONTEXT

[Text Chunk 1]
chunk_id: T-MSFT-INVENTORY-005
source_file: msft-20250630.htm
construct_tag: inventory
ranking_score: 6
text: • Gross margin increased $11.2 billion or 13% driven by growth in Microsoft 365 Commercial cloud. Gross margin percentage decreased slightly primarily driven by the impact of scaling our AI infrastructure, offset in part by efficiency gains in Microsoft 365 Commercial cloud.

[Text Chunk 2]
chunk_id: T-MSFT-INVENTORY-006
source_file: msft-20250630.htm
construct_tag: inventory
ranking_score: 6
text: • Gross margin increased $8.2 billion or 14% driven by growth in Azure. Gross margin percentage decreased driven by the impact of scaling our AI infrastructure, offset in part by efficiency gains in Azure.

[Text Chunk 3]
chunk_id: T-MSFT-INVENTORY-007
source_file: msft-20250630.htm
construct_tag: inventory
ranking_score: 6
text: • Gross margin increased $3.5 billion or 13% with growth across all businesses. Gross margin percentage increased with improvement across all businesses.

XBRL RELATIONAL RETRIEVAL CONTEXT

Facts:
1. fact_id=F-MSFT-0027 concept=InventoryNet value=1246000000 unit=iso4217:USD period=instant:2024-06-30 dimensions=none
2. fact_id=F-MSFT-0026 concept=InventoryNet value=938000000 unit=iso4217:USD period=instant:2025-06-30 dimensions=none
3. fact_id=F-MSFT-0021 concept=GrossProfit value=146052000000 unit=iso4217:USD period=duration:2022-07-01/2023-06-30 dimensions=none
4. fact_id=F-MSFT-0020 concept=GrossProfit value=171008000000 unit=iso4217:USD period=duration:2023-07-01/2024-06-30 dimensions=none
5. fact_id=F-MSFT-0019 concept=GrossProfit value=193893000000 unit=iso4217:USD period=duration:2024-07-01/2025-06-30 dimensions=none
6. fact_id=F-MSFT-0012 concept=CostOfGoodsAndServicesSold value=17804000000 unit=iso4217:USD period=duration:2022-07-01/2023-06-30 dimensions=srt:ProductOrServiceAxis=us-gaap:ProductMember
7. fact_id=F-MSFT-0015 concept=CostOfGoodsAndServicesSold value=48059000000 unit=iso4217:USD period=duration:2022-07-01/2023-06-30 dimensions=srt:ProductOrServiceAxis=us-gaap:ServiceOtherMember
8. fact_id=F-MSFT-0018 concept=CostOfGoodsAndServicesSold value=65863000000 unit=iso4217:USD period=duration:2022-07-01/2023-06-30 dimensions=none

Relation paths:
No selected XBRL relation paths.","- Claim: As of 2025-06-30, the net inventory (InventoryNet) was $938,000,000.
  - Claim type: Factual
  - Support used: F-MSFT-0026
  - Limitation: This claim is limited to the reported XBRL value for the specific instant of 2025-06-30.

- Claim: As of 2024-06-30, the net inventory (InventoryNet) was $1,246,000,000.
  - Claim type: Factual
  - Support used: F-MSFT-0027
  - Limitation: This claim is limited to the reported XBRL value for the specific instant of 2024-06-30.

- Claim: The scaling of AI infrastructure may present a risk to the valuation assertion of inventory due to potential technological obsolescence.
  - Claim type: Risk-cue or assertion-mapping
  - Support used: T-MSFT-INVENTORY-005, T-MSFT-INVENTORY-006
  - Inferential bridge: The text notes that gross margin percentages decreased primarily due to the ""impact of scaling our AI infrastructure."" Rapid scaling of AI infrastructure typically involves high-velocity technological turnover, which increases the risk that existing hardware inventory may become obsolete and require write-downs to net realizable value.
  - Limitation: The provided context does not include an inventory composition breakdown (e.g., hardware vs. software) or specific details on the types of AI infrastructure components held in inventory.

- Claim: The decrease in the net inventory balance between 2024-06-30 and 2025-06-30 requires assessment to determine if valuation adjustments were made.
  - Claim type: Risk-cue or assertion-mapping
  - Support used: F-MSFT-0026, F-MSFT-0027
  - Inferential bridge: There is a decrease in InventoryNet from $1,246,000,000 to $938,000,000. A significant reduction in the carrying value of inventory can be an indicator of valuation write-downs or impairments, necessitating a review of the valuation assertion.
  - Limitation: The context lacks a detailed inventory aging report or a schedule of inventory write-offs and write-downs for the fiscal year 2025."
EXT-C152,MSFT,Microsoft Corp.,bounded_extension,inventory,hybrid,"As of 2024-06-30, the net inventory (InventoryNet) was $1,246,000,000.",,F-MSFT-0027,"TEXT RETRIEVAL CONTEXT

[Text Chunk 1]
chunk_id: T-MSFT-INVENTORY-005
source_file: msft-20250630.htm
construct_tag: inventory
ranking_score: 6
text: • Gross margin increased $11.2 billion or 13% driven by growth in Microsoft 365 Commercial cloud. Gross margin percentage decreased slightly primarily driven by the impact of scaling our AI infrastructure, offset in part by efficiency gains in Microsoft 365 Commercial cloud.

[Text Chunk 2]
chunk_id: T-MSFT-INVENTORY-006
source_file: msft-20250630.htm
construct_tag: inventory
ranking_score: 6
text: • Gross margin increased $8.2 billion or 14% driven by growth in Azure. Gross margin percentage decreased driven by the impact of scaling our AI infrastructure, offset in part by efficiency gains in Azure.

[Text Chunk 3]
chunk_id: T-MSFT-INVENTORY-007
source_file: msft-20250630.htm
construct_tag: inventory
ranking_score: 6
text: • Gross margin increased $3.5 billion or 13% with growth across all businesses. Gross margin percentage increased with improvement across all businesses.

XBRL RELATIONAL RETRIEVAL CONTEXT

Facts:
1. fact_id=F-MSFT-0027 concept=InventoryNet value=1246000000 unit=iso4217:USD period=instant:2024-06-30 dimensions=none
2. fact_id=F-MSFT-0026 concept=InventoryNet value=938000000 unit=iso4217:USD period=instant:2025-06-30 dimensions=none
3. fact_id=F-MSFT-0021 concept=GrossProfit value=146052000000 unit=iso4217:USD period=duration:2022-07-01/2023-06-30 dimensions=none
4. fact_id=F-MSFT-0020 concept=GrossProfit value=171008000000 unit=iso4217:USD period=duration:2023-07-01/2024-06-30 dimensions=none
5. fact_id=F-MSFT-0019 concept=GrossProfit value=193893000000 unit=iso4217:USD period=duration:2024-07-01/2025-06-30 dimensions=none
6. fact_id=F-MSFT-0012 concept=CostOfGoodsAndServicesSold value=17804000000 unit=iso4217:USD period=duration:2022-07-01/2023-06-30 dimensions=srt:ProductOrServiceAxis=us-gaap:ProductMember
7. fact_id=F-MSFT-0015 concept=CostOfGoodsAndServicesSold value=48059000000 unit=iso4217:USD period=duration:2022-07-01/2023-06-30 dimensions=srt:ProductOrServiceAxis=us-gaap:ServiceOtherMember
8. fact_id=F-MSFT-0018 concept=CostOfGoodsAndServicesSold value=65863000000 unit=iso4217:USD period=duration:2022-07-01/2023-06-30 dimensions=none

Relation paths:
No selected XBRL relation paths.","- Claim: As of 2025-06-30, the net inventory (InventoryNet) was $938,000,000.
  - Claim type: Factual
  - Support used: F-MSFT-0026
  - Limitation: This claim is limited to the reported XBRL value for the specific instant of 2025-06-30.

- Claim: As of 2024-06-30, the net inventory (InventoryNet) was $1,246,000,000.
  - Claim type: Factual
  - Support used: F-MSFT-0027
  - Limitation: This claim is limited to the reported XBRL value for the specific instant of 2024-06-30.

- Claim: The scaling of AI infrastructure may present a risk to the valuation assertion of inventory due to potential technological obsolescence.
  - Claim type: Risk-cue or assertion-mapping
  - Support used: T-MSFT-INVENTORY-005, T-MSFT-INVENTORY-006
  - Inferential bridge: The text notes that gross margin percentages decreased primarily due to the ""impact of scaling our AI infrastructure."" Rapid scaling of AI infrastructure typically involves high-velocity technological turnover, which increases the risk that existing hardware inventory may become obsolete and require write-downs to net realizable value.
  - Limitation: The provided context does not include an inventory composition breakdown (e.g., hardware vs. software) or specific details on the types of AI infrastructure components held in inventory.

- Claim: The decrease in the net inventory balance between 2024-06-30 and 2025-06-30 requires assessment to determine if valuation adjustments were made.
  - Claim type: Risk-cue or assertion-mapping
  - Support used: F-MSFT-0026, F-MSFT-0027
  - Inferential bridge: There is a decrease in InventoryNet from $1,246,000,000 to $938,000,000. A significant reduction in the carrying value of inventory can be an indicator of valuation write-downs or impairments, necessitating a review of the valuation assertion.
  - Limitation: The context lacks a detailed inventory aging report or a schedule of inventory write-offs and write-downs for the fiscal year 2025."
EXT-C153,MSFT,Microsoft Corp.,bounded_extension,inventory,hybrid,The scaling of AI infrastructure may present a risk to the valuation assertion of inventory due to potential technological obsolescence.,T-MSFT-INVENTORY-005; T-MSFT-INVENTORY-006,,"TEXT RETRIEVAL CONTEXT

[Text Chunk 1]
chunk_id: T-MSFT-INVENTORY-005
source_file: msft-20250630.htm
construct_tag: inventory
ranking_score: 6
text: • Gross margin increased $11.2 billion or 13% driven by growth in Microsoft 365 Commercial cloud. Gross margin percentage decreased slightly primarily driven by the impact of scaling our AI infrastructure, offset in part by efficiency gains in Microsoft 365 Commercial cloud.

[Text Chunk 2]
chunk_id: T-MSFT-INVENTORY-006
source_file: msft-20250630.htm
construct_tag: inventory
ranking_score: 6
text: • Gross margin increased $8.2 billion or 14% driven by growth in Azure. Gross margin percentage decreased driven by the impact of scaling our AI infrastructure, offset in part by efficiency gains in Azure.

[Text Chunk 3]
chunk_id: T-MSFT-INVENTORY-007
source_file: msft-20250630.htm
construct_tag: inventory
ranking_score: 6
text: • Gross margin increased $3.5 billion or 13% with growth across all businesses. Gross margin percentage increased with improvement across all businesses.

XBRL RELATIONAL RETRIEVAL CONTEXT

Facts:
1. fact_id=F-MSFT-0027 concept=InventoryNet value=1246000000 unit=iso4217:USD period=instant:2024-06-30 dimensions=none
2. fact_id=F-MSFT-0026 concept=InventoryNet value=938000000 unit=iso4217:USD period=instant:2025-06-30 dimensions=none
3. fact_id=F-MSFT-0021 concept=GrossProfit value=146052000000 unit=iso4217:USD period=duration:2022-07-01/2023-06-30 dimensions=none
4. fact_id=F-MSFT-0020 concept=GrossProfit value=171008000000 unit=iso4217:USD period=duration:2023-07-01/2024-06-30 dimensions=none
5. fact_id=F-MSFT-0019 concept=GrossProfit value=193893000000 unit=iso4217:USD period=duration:2024-07-01/2025-06-30 dimensions=none
6. fact_id=F-MSFT-0012 concept=CostOfGoodsAndServicesSold value=17804000000 unit=iso4217:USD period=duration:2022-07-01/2023-06-30 dimensions=srt:ProductOrServiceAxis=us-gaap:ProductMember
7. fact_id=F-MSFT-0015 concept=CostOfGoodsAndServicesSold value=48059000000 unit=iso4217:USD period=duration:2022-07-01/2023-06-30 dimensions=srt:ProductOrServiceAxis=us-gaap:ServiceOtherMember
8. fact_id=F-MSFT-0018 concept=CostOfGoodsAndServicesSold value=65863000000 unit=iso4217:USD period=duration:2022-07-01/2023-06-30 dimensions=none

Relation paths:
No selected XBRL relation paths.","- Claim: As of 2025-06-30, the net inventory (InventoryNet) was $938,000,000.
  - Claim type: Factual
  - Support used: F-MSFT-0026
  - Limitation: This claim is limited to the reported XBRL value for the specific instant of 2025-06-30.

- Claim: As of 2024-06-30, the net inventory (InventoryNet) was $1,246,000,000.
  - Claim type: Factual
  - Support used: F-MSFT-0027
  - Limitation: This claim is limited to the reported XBRL value for the specific instant of 2024-06-30.

- Claim: The scaling of AI infrastructure may present a risk to the valuation assertion of inventory due to potential technological obsolescence.
  - Claim type: Risk-cue or assertion-mapping
  - Support used: T-MSFT-INVENTORY-005, T-MSFT-INVENTORY-006
  - Inferential bridge: The text notes that gross margin percentages decreased primarily due to the ""impact of scaling our AI infrastructure."" Rapid scaling of AI infrastructure typically involves high-velocity technological turnover, which increases the risk that existing hardware inventory may become obsolete and require write-downs to net realizable value.
  - Limitation: The provided context does not include an inventory composition breakdown (e.g., hardware vs. software) or specific details on the types of AI infrastructure components held in inventory.

- Claim: The decrease in the net inventory balance between 2024-06-30 and 2025-06-30 requires assessment to determine if valuation adjustments were made.
  - Claim type: Risk-cue or assertion-mapping
  - Support used: F-MSFT-0026, F-MSFT-0027
  - Inferential bridge: There is a decrease in InventoryNet from $1,246,000,000 to $938,000,000. A significant reduction in the carrying value of inventory can be an indicator of valuation write-downs or impairments, necessitating a review of the valuation assertion.
  - Limitation: The context lacks a detailed inventory aging report or a schedule of inventory write-offs and write-downs for the fiscal year 2025."
EXT-C154,MSFT,Microsoft Corp.,bounded_extension,inventory,hybrid,The decrease in the net inventory balance between 2024-06-30 and 2025-06-30 requires assessment to determine if valuation adjustments were made.,,F-MSFT-0026; F-MSFT-0027,"TEXT RETRIEVAL CONTEXT

[Text Chunk 1]
chunk_id: T-MSFT-INVENTORY-005
source_file: msft-20250630.htm
construct_tag: inventory
ranking_score: 6
text: • Gross margin increased $11.2 billion or 13% driven by growth in Microsoft 365 Commercial cloud. Gross margin percentage decreased slightly primarily driven by the impact of scaling our AI infrastructure, offset in part by efficiency gains in Microsoft 365 Commercial cloud.

[Text Chunk 2]
chunk_id: T-MSFT-INVENTORY-006
source_file: msft-20250630.htm
construct_tag: inventory
ranking_score: 6
text: • Gross margin increased $8.2 billion or 14% driven by growth in Azure. Gross margin percentage decreased driven by the impact of scaling our AI infrastructure, offset in part by efficiency gains in Azure.

[Text Chunk 3]
chunk_id: T-MSFT-INVENTORY-007
source_file: msft-20250630.htm
construct_tag: inventory
ranking_score: 6
text: • Gross margin increased $3.5 billion or 13% with growth across all businesses. Gross margin percentage increased with improvement across all businesses.

XBRL RELATIONAL RETRIEVAL CONTEXT

Facts:
1. fact_id=F-MSFT-0027 concept=InventoryNet value=1246000000 unit=iso4217:USD period=instant:2024-06-30 dimensions=none
2. fact_id=F-MSFT-0026 concept=InventoryNet value=938000000 unit=iso4217:USD period=instant:2025-06-30 dimensions=none
3. fact_id=F-MSFT-0021 concept=GrossProfit value=146052000000 unit=iso4217:USD period=duration:2022-07-01/2023-06-30 dimensions=none
4. fact_id=F-MSFT-0020 concept=GrossProfit value=171008000000 unit=iso4217:USD period=duration:2023-07-01/2024-06-30 dimensions=none
5. fact_id=F-MSFT-0019 concept=GrossProfit value=193893000000 unit=iso4217:USD period=duration:2024-07-01/2025-06-30 dimensions=none
6. fact_id=F-MSFT-0012 concept=CostOfGoodsAndServicesSold value=17804000000 unit=iso4217:USD period=duration:2022-07-01/2023-06-30 dimensions=srt:ProductOrServiceAxis=us-gaap:ProductMember
7. fact_id=F-MSFT-0015 concept=CostOfGoodsAndServicesSold value=48059000000 unit=iso4217:USD period=duration:2022-07-01/2023-06-30 dimensions=srt:ProductOrServiceAxis=us-gaap:ServiceOtherMember
8. fact_id=F-MSFT-0018 concept=CostOfGoodsAndServicesSold value=65863000000 unit=iso4217:USD period=duration:2022-07-01/2023-06-30 dimensions=none

Relation paths:
No selected XBRL relation paths.","- Claim: As of 2025-06-30, the net inventory (InventoryNet) was $938,000,000.
  - Claim type: Factual
  - Support used: F-MSFT-0026
  - Limitation: This claim is limited to the reported XBRL value for the specific instant of 2025-06-30.

- Claim: As of 2024-06-30, the net inventory (InventoryNet) was $1,246,000,000.
  - Claim type: Factual
  - Support used: F-MSFT-0027
  - Limitation: This claim is limited to the reported XBRL value for the specific instant of 2024-06-30.

- Claim: The scaling of AI infrastructure may present a risk to the valuation assertion of inventory due to potential technological obsolescence.
  - Claim type: Risk-cue or assertion-mapping
  - Support used: T-MSFT-INVENTORY-005, T-MSFT-INVENTORY-006
  - Inferential bridge: The text notes that gross margin percentages decreased primarily due to the ""impact of scaling our AI infrastructure."" Rapid scaling of AI infrastructure typically involves high-velocity technological turnover, which increases the risk that existing hardware inventory may become obsolete and require write-downs to net realizable value.
  - Limitation: The provided context does not include an inventory composition breakdown (e.g., hardware vs. software) or specific details on the types of AI infrastructure components held in inventory.

- Claim: The decrease in the net inventory balance between 2024-06-30 and 2025-06-30 requires assessment to determine if valuation adjustments were made.
  - Claim type: Risk-cue or assertion-mapping
  - Support used: F-MSFT-0026, F-MSFT-0027
  - Inferential bridge: There is a decrease in InventoryNet from $1,246,000,000 to $938,000,000. A significant reduction in the carrying value of inventory can be an indicator of valuation write-downs or impairments, necessitating a review of the valuation assertion.
  - Limitation: The context lacks a detailed inventory aging report or a schedule of inventory write-offs and write-downs for the fiscal year 2025."
EXT-C166,CROX,"Crocs, Inc.",bounded_extension,revenue,hybrid,"Crocs recognizes revenue when control of the product transfers to customers, reported net of promotions, discounts, rebates, and other incentives.",Text Chunk 1,,"TEXT RETRIEVAL CONTEXT

[Text Chunk 1]
chunk_id: T-CROX-REVENUE_INVENTORY-015
source_file: crox-20251231.htm
construct_tag: revenue_inventory
ranking_score: 22
text: While our revenue recognition does not involve significant judgment it does represent a key accounting policy as it is important to our results of operations. Revenues are recognized in the amount expected to be received when control of the product transfers to customers. Revenues are reported net of various promotions which range from contractually-fixed percentage price reductions to sales returns discounts rebates and other incentives that may vary in amount must be estimated and are reported as a reduction in revenues. An area of judgment affecting our reported revenues and net income involves estimating reserves for sales returns and allowances which represent a portion of revenues not expected to be realized. Revenues in our direct-to-consumer channels are reduced by an estimate of returns. We may also accept returns from our wholesale customers on an exception basis to ensure that our products are merchandised in the proper assortments and may provide markdown allowances at our sole discretion to key wholesalers and ...

[Text Chunk 2]
chunk_id: T-CROX-REVENUE-090
source_file: crox-20251231.htm
construct_tag: revenue
ranking_score: 17
text: Contract liabilities consist of advance cash deposits received from wholesale customers to secure product orders in connection with selling seasons and payments received in advance of delivery. As products are shipped and control transfers, we recognize the deferred revenue in ‘Revenues’ in the consolidated statements of operations. At December 31, 2025, we did not record any deferred revenues, and at December 31, 2024, we recorded an insignificant amount of deferred revenues associated with advance customer deposits in ‘Accrued expenses and other liabilities’ in the consolidated balance sheets.

[Text Chunk 3]
chunk_id: T-CROX-REVENUE_INVENTORY-028
source_file: crox-20251231.htm
construct_tag: revenue_inventory
ranking_score: 12
text: For the majority of wholesale customers, control transfers and revenues are recognized when the product is shipped or delivered from a manufacturing facility or distribution center to the wholesale customer. In certain cases, control of the product transfers and revenues are recognized when the customer receives the product at the designated delivery point. For certain customers, primarily in international markets, cash payment is required in advance of delivery and revenues continue to be recognized upon the transfer of control to the customer. We may accept returns from our wholesale customers, on an exception basis, to ensure that our products are merchandised in the proper assortments and may provide markdown allowances at our sole discretion to key wholesalers and distributors to facilitate sales of slower moving products. Wholesale revenues are reduced by estimates of returns and allowances based on historical experience, and adjustments to our estimates are made when the expected value changes.

XBRL RELATIONAL RETRIEVAL CONTEXT

Facts:
1. fact_id=F-CROX-0003 concept=RevenueFromContractWithCustomerExcludingAssessedTax value=3962347000 unit=iso4217:USD period=duration:2023-01-01/2023-12-31 dimensions=none
2. fact_id=F-CROX-0059 concept=RevenueFromContractWithCustomerExcludingAssessedTax value=652943000 unit=iso4217:USD period=duration:2023-01-01/2023-12-31 dimensions=srt:StatementGeographicalAxis=srt:NorthAmericaMember; us-gaap:ContractWithCustomerSalesChannelAxis=crox:SalesChannelThroughIntermediaryWholesaleMember; us-gaap:StatementBusinessSegmentsAxis=crox:CrocsBrandSegmentMember
3. fact_id=F-CROX-0062 concept=RevenueFromContractWithCustomerExcludingAssessedTax value=1124942000 unit=iso4217:USD period=duration:2023-01-01/2023-12-31 dimensions=srt:StatementGeographicalAxis=srt:NorthAmericaMember; us-gaap:ContractWithCustomerSalesChannelAxis=us-gaap:SalesChannelDirectlyToConsumerMember; us-gaap:StatementBusinessSegmentsAxis=crox:CrocsBrandSegmentMember
4. fact_id=F-CROX-0051 concept=RevenueFromContractWithCustomerNumberOfDistributionChannels value=2 unit=crox:distribution_channel period=instant:2025-12-31 dimensions=none
5. fact_id=F-CROX-0049 concept=ContractWithCustomerLiabilityCumulativeCatchUpAdjustmentToRevenueChangeInEstimateOfTransactionPrice value=0 unit=iso4217:USD period=duration:2023-01-01/2023-12-31 dimensions=us-gaap:ChangeInAccountingEstimateByTypeAxis=crox:ChangeInEstimateOfProductTransfersMember; us-gaap:ContractWithCustomerSalesChannelAxis=crox:SalesChannelThroughIntermediaryWholesaleMember
6. fact_id=F-CROX-0050 concept=ContractWithCustomerLiabilityCumulativeCatchUpAdjustmentToRevenueChangeInEstimateOfTransactionPrice value=0 unit=iso4217:USD period=duration:2024-01-01/2024-12-31 dimensions=us-gaap:ChangeInAccountingEstimateByTypeAxis=crox:ChangeInEstimateOfProductTransfersMember; us-gaap:ContractWithCustomerSalesChannelAxis=crox:SalesChannelThroughIntermediaryWholesaleMember
7. fact_id=F-CROX-0048 concept=ContractWithCustomerLiabilityCumulativeCatchUpAdjustmentToRevenueChangeInEstimateOfTransactionPrice value=0 unit=iso4217:USD period=duration:2025-01-01/2025-12-31 dimensions=us-gaap:ChangeInAccountingEstimateByTypeAxis=crox:ChangeInEstimateOfProductTransfersMember; us-gaap:ContractWithCustomerSalesChannelAxis=crox:SalesChannelThroughIntermediaryWholesaleMember
8. fact_id=F-CROX-0100 concept=ContractWithCustomerLiabilityCurrent value=34300000 unit=iso4217:USD period=instant:2024-12-31 dimensions=us-gaap:FairValueByLiabilityClassAxis=crox:RefundLiabilityMember

Relation paths:
1. path_id=X-CROX-0013 relation_type=presentation source=us-gaap:RevenueFromContractWithCustomerAbstract (Revenue from Contract with Customer [Abstract]) -> target=us-gaap:RevenueFromContractWithCustomerTextBlock (Revenue from Contract with Customer [Text Block]) arcrole=http://www.xbrl.org/2003/arcrole/parent-child role=http://www.crocs.com/role/REVENUES
2. path_id=X-CROX-0048 relation_type=presentation source=us-gaap:RevenueFromContractWithCustomerAbstract (Revenue from Contract with Customer [Abstract]) -> target=us-gaap:ScheduleOfEntityWideInformationRevenueFromExternalCustomersByProductsAndServicesTable (Segment Reporting, Revenue from External Customer, Product and Service [Table]) arcrole=http://www.xbrl.org/2003/arcrole/parent-child role=http://www.crocs.com/role/REVENUESNarrativeDetails
3. path_id=X-CROX-0097 relation_type=definition source=us-gaap:EntityWideInformationRevenueFromExternalCustomerLineItems (Revenue from External Customer [Line Items]) -> target=us-gaap:ScheduleOfEntityWideInformationRevenueFromExternalCustomersByProductsAndServicesTable (Segment Reporting, Revenue from External Customer, Product and Service [Table]) arcrole=http://xbrl.org/int/dim/arcrole/all role=http://www.crocs.com/role/REVENUESNarrativeDetails
4. path_id=X-CROX-0051 relation_type=presentation source=us-gaap:ScheduleOfEntityWideInformationRevenueFromExternalCustomersByProductsAndServicesTable (Segment Reporting, Revenue from External Customer, Product and Service [Table]) -> target=us-gaap:EntityWideInformationRevenueFromExternalCustomerLineItems (Revenue from External Customer [Line Items]) arcrole=http://www.xbrl.org/2003/arcrole/parent-child role=http://www.crocs.com/role/REVENUESNarrativeDetails
5. path_id=X-CROX-0096 relation_type=definition source=us-gaap:DisaggregationOfRevenueLineItems (Disaggregation of Revenue [Line Items]) -> target=us-gaap:RevenueFromContractWithCustomerExcludingAssessedTax (Revenue from Contract with Customer, Excluding Assessed Tax) arcrole=http://xbrl.org/int/dim/arcrole/domain-member role=http://www.crocs.com/role/REVENUESRevenuesbyReportableOperatingSegmentandbyChannelDetails
6. path_id=X-CROX-0100 relation_type=definition source=us-gaap:EntityWideInformationRevenueFromExternalCustomerLineItems (Revenue from External Customer [Line Items]) -> target=us-gaap:ContractWithCustomerLiabilityCurrent (Contract with Customer, Liability, Current) arcrole=http://xbrl.org/int/dim/arcrole/domain-member role=http://www.crocs.com/role/REVENUESNarrativeDetails","- Claim: Crocs recognizes revenue when control of the product transfers to customers, reported net of promotions, discounts, rebates, and other incentives.
  - Claim type: Factual
  - Support used: Text Chunk 1
  - Limitation: This claim is limited to the company's stated accounting policy as described in the provided text for the period ended 2025-12-31.

- Claim: The estimation of reserves for sales returns and allowances, particularly for direct-to-consumer channels and wholesale exceptions, involves significant judgment.
  - Claim type: Risk-cue or assertion-mapping
  - Support used: Text Chunk 1
  - Inferential bridge: Because the company explicitly identifies the estimation of reserves for sales returns and allowances as an ""area of judgment,"" there is a risk regarding the Accuracy and Valuation assertions of reported revenue and the related refund liability.
  - Limitation: The provided context does not detail the specific quantitative methodology used to calculate these reserves or the internal controls used to validate the estimates.

- Claim: Revenue recognition for wholesale customers occurs either when the product is shipped/delivered from a facility or when the customer receives the product at a designated delivery point.
  - Claim type: Risk-cue or assertion-mapping
  - Support used: Text Chunk 3
  - Inferential bridge: The use of different triggers for revenue recognition (shipping vs. delivery) creates a risk regarding the Cut-off assertion, as revenue may be recorded in the incorrect fiscal period if the transfer of control is not precisely timed.
  - Limitation: The context does not provide the percentage of wholesale contracts tied to each delivery term or the evidence used to verify the date of receipt at designated delivery points.

- Claim: Markdown allowances are provided to key wholesalers and distributors at the company's sole discretion to facilitate the sale of slower-moving products.
  - Claim type: Risk-cue or assertion-mapping
  - Support used: Text Chunk 1, Text Chunk 3
  - Inferential bridge: Since these allowances are granted at ""sole discretion,"" there is a risk that the reduction of revenue may be inconsistently applied or estimated, impacting the Accuracy and Completeness of revenue contra-accounts.
  - Limitation: The context lacks information regarding the authorization process for these discretionary allowances or the criteria used to identify ""slower moving products.""

- Claim: As of December 31, 2025, the company recorded no deferred revenues associated with advance customer deposits.
  - Claim type: Factual
  - Support used: Text Chunk 2
  - Limitation: This is a point-in-time measurement limited to the balance sheet date of 2025-12-31."
EXT-C167,CROX,"Crocs, Inc.",bounded_extension,revenue,hybrid,"The estimation of reserves for sales returns and allowances, particularly for direct-to-consumer channels and wholesale exceptions, involves significant judgment.",Text Chunk 1,,"TEXT RETRIEVAL CONTEXT

[Text Chunk 1]
chunk_id: T-CROX-REVENUE_INVENTORY-015
source_file: crox-20251231.htm
construct_tag: revenue_inventory
ranking_score: 22
text: While our revenue recognition does not involve significant judgment it does represent a key accounting policy as it is important to our results of operations. Revenues are recognized in the amount expected to be received when control of the product transfers to customers. Revenues are reported net of various promotions which range from contractually-fixed percentage price reductions to sales returns discounts rebates and other incentives that may vary in amount must be estimated and are reported as a reduction in revenues. An area of judgment affecting our reported revenues and net income involves estimating reserves for sales returns and allowances which represent a portion of revenues not expected to be realized. Revenues in our direct-to-consumer channels are reduced by an estimate of returns. We may also accept returns from our wholesale customers on an exception basis to ensure that our products are merchandised in the proper assortments and may provide markdown allowances at our sole discretion to key wholesalers and ...

[Text Chunk 2]
chunk_id: T-CROX-REVENUE-090
source_file: crox-20251231.htm
construct_tag: revenue
ranking_score: 17
text: Contract liabilities consist of advance cash deposits received from wholesale customers to secure product orders in connection with selling seasons and payments received in advance of delivery. As products are shipped and control transfers, we recognize the deferred revenue in ‘Revenues’ in the consolidated statements of operations. At December 31, 2025, we did not record any deferred revenues, and at December 31, 2024, we recorded an insignificant amount of deferred revenues associated with advance customer deposits in ‘Accrued expenses and other liabilities’ in the consolidated balance sheets.

[Text Chunk 3]
chunk_id: T-CROX-REVENUE_INVENTORY-028
source_file: crox-20251231.htm
construct_tag: revenue_inventory
ranking_score: 12
text: For the majority of wholesale customers, control transfers and revenues are recognized when the product is shipped or delivered from a manufacturing facility or distribution center to the wholesale customer. In certain cases, control of the product transfers and revenues are recognized when the customer receives the product at the designated delivery point. For certain customers, primarily in international markets, cash payment is required in advance of delivery and revenues continue to be recognized upon the transfer of control to the customer. We may accept returns from our wholesale customers, on an exception basis, to ensure that our products are merchandised in the proper assortments and may provide markdown allowances at our sole discretion to key wholesalers and distributors to facilitate sales of slower moving products. Wholesale revenues are reduced by estimates of returns and allowances based on historical experience, and adjustments to our estimates are made when the expected value changes.

XBRL RELATIONAL RETRIEVAL CONTEXT

Facts:
1. fact_id=F-CROX-0003 concept=RevenueFromContractWithCustomerExcludingAssessedTax value=3962347000 unit=iso4217:USD period=duration:2023-01-01/2023-12-31 dimensions=none
2. fact_id=F-CROX-0059 concept=RevenueFromContractWithCustomerExcludingAssessedTax value=652943000 unit=iso4217:USD period=duration:2023-01-01/2023-12-31 dimensions=srt:StatementGeographicalAxis=srt:NorthAmericaMember; us-gaap:ContractWithCustomerSalesChannelAxis=crox:SalesChannelThroughIntermediaryWholesaleMember; us-gaap:StatementBusinessSegmentsAxis=crox:CrocsBrandSegmentMember
3. fact_id=F-CROX-0062 concept=RevenueFromContractWithCustomerExcludingAssessedTax value=1124942000 unit=iso4217:USD period=duration:2023-01-01/2023-12-31 dimensions=srt:StatementGeographicalAxis=srt:NorthAmericaMember; us-gaap:ContractWithCustomerSalesChannelAxis=us-gaap:SalesChannelDirectlyToConsumerMember; us-gaap:StatementBusinessSegmentsAxis=crox:CrocsBrandSegmentMember
4. fact_id=F-CROX-0051 concept=RevenueFromContractWithCustomerNumberOfDistributionChannels value=2 unit=crox:distribution_channel period=instant:2025-12-31 dimensions=none
5. fact_id=F-CROX-0049 concept=ContractWithCustomerLiabilityCumulativeCatchUpAdjustmentToRevenueChangeInEstimateOfTransactionPrice value=0 unit=iso4217:USD period=duration:2023-01-01/2023-12-31 dimensions=us-gaap:ChangeInAccountingEstimateByTypeAxis=crox:ChangeInEstimateOfProductTransfersMember; us-gaap:ContractWithCustomerSalesChannelAxis=crox:SalesChannelThroughIntermediaryWholesaleMember
6. fact_id=F-CROX-0050 concept=ContractWithCustomerLiabilityCumulativeCatchUpAdjustmentToRevenueChangeInEstimateOfTransactionPrice value=0 unit=iso4217:USD period=duration:2024-01-01/2024-12-31 dimensions=us-gaap:ChangeInAccountingEstimateByTypeAxis=crox:ChangeInEstimateOfProductTransfersMember; us-gaap:ContractWithCustomerSalesChannelAxis=crox:SalesChannelThroughIntermediaryWholesaleMember
7. fact_id=F-CROX-0048 concept=ContractWithCustomerLiabilityCumulativeCatchUpAdjustmentToRevenueChangeInEstimateOfTransactionPrice value=0 unit=iso4217:USD period=duration:2025-01-01/2025-12-31 dimensions=us-gaap:ChangeInAccountingEstimateByTypeAxis=crox:ChangeInEstimateOfProductTransfersMember; us-gaap:ContractWithCustomerSalesChannelAxis=crox:SalesChannelThroughIntermediaryWholesaleMember
8. fact_id=F-CROX-0100 concept=ContractWithCustomerLiabilityCurrent value=34300000 unit=iso4217:USD period=instant:2024-12-31 dimensions=us-gaap:FairValueByLiabilityClassAxis=crox:RefundLiabilityMember

Relation paths:
1. path_id=X-CROX-0013 relation_type=presentation source=us-gaap:RevenueFromContractWithCustomerAbstract (Revenue from Contract with Customer [Abstract]) -> target=us-gaap:RevenueFromContractWithCustomerTextBlock (Revenue from Contract with Customer [Text Block]) arcrole=http://www.xbrl.org/2003/arcrole/parent-child role=http://www.crocs.com/role/REVENUES
2. path_id=X-CROX-0048 relation_type=presentation source=us-gaap:RevenueFromContractWithCustomerAbstract (Revenue from Contract with Customer [Abstract]) -> target=us-gaap:ScheduleOfEntityWideInformationRevenueFromExternalCustomersByProductsAndServicesTable (Segment Reporting, Revenue from External Customer, Product and Service [Table]) arcrole=http://www.xbrl.org/2003/arcrole/parent-child role=http://www.crocs.com/role/REVENUESNarrativeDetails
3. path_id=X-CROX-0097 relation_type=definition source=us-gaap:EntityWideInformationRevenueFromExternalCustomerLineItems (Revenue from External Customer [Line Items]) -> target=us-gaap:ScheduleOfEntityWideInformationRevenueFromExternalCustomersByProductsAndServicesTable (Segment Reporting, Revenue from External Customer, Product and Service [Table]) arcrole=http://xbrl.org/int/dim/arcrole/all role=http://www.crocs.com/role/REVENUESNarrativeDetails
4. path_id=X-CROX-0051 relation_type=presentation source=us-gaap:ScheduleOfEntityWideInformationRevenueFromExternalCustomersByProductsAndServicesTable (Segment Reporting, Revenue from External Customer, Product and Service [Table]) -> target=us-gaap:EntityWideInformationRevenueFromExternalCustomerLineItems (Revenue from External Customer [Line Items]) arcrole=http://www.xbrl.org/2003/arcrole/parent-child role=http://www.crocs.com/role/REVENUESNarrativeDetails
5. path_id=X-CROX-0096 relation_type=definition source=us-gaap:DisaggregationOfRevenueLineItems (Disaggregation of Revenue [Line Items]) -> target=us-gaap:RevenueFromContractWithCustomerExcludingAssessedTax (Revenue from Contract with Customer, Excluding Assessed Tax) arcrole=http://xbrl.org/int/dim/arcrole/domain-member role=http://www.crocs.com/role/REVENUESRevenuesbyReportableOperatingSegmentandbyChannelDetails
6. path_id=X-CROX-0100 relation_type=definition source=us-gaap:EntityWideInformationRevenueFromExternalCustomerLineItems (Revenue from External Customer [Line Items]) -> target=us-gaap:ContractWithCustomerLiabilityCurrent (Contract with Customer, Liability, Current) arcrole=http://xbrl.org/int/dim/arcrole/domain-member role=http://www.crocs.com/role/REVENUESNarrativeDetails","- Claim: Crocs recognizes revenue when control of the product transfers to customers, reported net of promotions, discounts, rebates, and other incentives.
  - Claim type: Factual
  - Support used: Text Chunk 1
  - Limitation: This claim is limited to the company's stated accounting policy as described in the provided text for the period ended 2025-12-31.

- Claim: The estimation of reserves for sales returns and allowances, particularly for direct-to-consumer channels and wholesale exceptions, involves significant judgment.
  - Claim type: Risk-cue or assertion-mapping
  - Support used: Text Chunk 1
  - Inferential bridge: Because the company explicitly identifies the estimation of reserves for sales returns and allowances as an ""area of judgment,"" there is a risk regarding the Accuracy and Valuation assertions of reported revenue and the related refund liability.
  - Limitation: The provided context does not detail the specific quantitative methodology used to calculate these reserves or the internal controls used to validate the estimates.

- Claim: Revenue recognition for wholesale customers occurs either when the product is shipped/delivered from a facility or when the customer receives the product at a designated delivery point.
  - Claim type: Risk-cue or assertion-mapping
  - Support used: Text Chunk 3
  - Inferential bridge: The use of different triggers for revenue recognition (shipping vs. delivery) creates a risk regarding the Cut-off assertion, as revenue may be recorded in the incorrect fiscal period if the transfer of control is not precisely timed.
  - Limitation: The context does not provide the percentage of wholesale contracts tied to each delivery term or the evidence used to verify the date of receipt at designated delivery points.

- Claim: Markdown allowances are provided to key wholesalers and distributors at the company's sole discretion to facilitate the sale of slower-moving products.
  - Claim type: Risk-cue or assertion-mapping
  - Support used: Text Chunk 1, Text Chunk 3
  - Inferential bridge: Since these allowances are granted at ""sole discretion,"" there is a risk that the reduction of revenue may be inconsistently applied or estimated, impacting the Accuracy and Completeness of revenue contra-accounts.
  - Limitation: The context lacks information regarding the authorization process for these discretionary allowances or the criteria used to identify ""slower moving products.""

- Claim: As of December 31, 2025, the company recorded no deferred revenues associated with advance customer deposits.
  - Claim type: Factual
  - Support used: Text Chunk 2
  - Limitation: This is a point-in-time measurement limited to the balance sheet date of 2025-12-31."
EXT-C168,CROX,"Crocs, Inc.",bounded_extension,revenue,hybrid,Revenue recognition for wholesale customers occurs either when the product is shipped/delivered from a facility or when the customer receives the product at a designated delivery point.,Text Chunk 3,,"TEXT RETRIEVAL CONTEXT

[Text Chunk 1]
chunk_id: T-CROX-REVENUE_INVENTORY-015
source_file: crox-20251231.htm
construct_tag: revenue_inventory
ranking_score: 22
text: While our revenue recognition does not involve significant judgment it does represent a key accounting policy as it is important to our results of operations. Revenues are recognized in the amount expected to be received when control of the product transfers to customers. Revenues are reported net of various promotions which range from contractually-fixed percentage price reductions to sales returns discounts rebates and other incentives that may vary in amount must be estimated and are reported as a reduction in revenues. An area of judgment affecting our reported revenues and net income involves estimating reserves for sales returns and allowances which represent a portion of revenues not expected to be realized. Revenues in our direct-to-consumer channels are reduced by an estimate of returns. We may also accept returns from our wholesale customers on an exception basis to ensure that our products are merchandised in the proper assortments and may provide markdown allowances at our sole discretion to key wholesalers and ...

[Text Chunk 2]
chunk_id: T-CROX-REVENUE-090
source_file: crox-20251231.htm
construct_tag: revenue
ranking_score: 17
text: Contract liabilities consist of advance cash deposits received from wholesale customers to secure product orders in connection with selling seasons and payments received in advance of delivery. As products are shipped and control transfers, we recognize the deferred revenue in ‘Revenues’ in the consolidated statements of operations. At December 31, 2025, we did not record any deferred revenues, and at December 31, 2024, we recorded an insignificant amount of deferred revenues associated with advance customer deposits in ‘Accrued expenses and other liabilities’ in the consolidated balance sheets.

[Text Chunk 3]
chunk_id: T-CROX-REVENUE_INVENTORY-028
source_file: crox-20251231.htm
construct_tag: revenue_inventory
ranking_score: 12
text: For the majority of wholesale customers, control transfers and revenues are recognized when the product is shipped or delivered from a manufacturing facility or distribution center to the wholesale customer. In certain cases, control of the product transfers and revenues are recognized when the customer receives the product at the designated delivery point. For certain customers, primarily in international markets, cash payment is required in advance of delivery and revenues continue to be recognized upon the transfer of control to the customer. We may accept returns from our wholesale customers, on an exception basis, to ensure that our products are merchandised in the proper assortments and may provide markdown allowances at our sole discretion to key wholesalers and distributors to facilitate sales of slower moving products. Wholesale revenues are reduced by estimates of returns and allowances based on historical experience, and adjustments to our estimates are made when the expected value changes.

XBRL RELATIONAL RETRIEVAL CONTEXT

Facts:
1. fact_id=F-CROX-0003 concept=RevenueFromContractWithCustomerExcludingAssessedTax value=3962347000 unit=iso4217:USD period=duration:2023-01-01/2023-12-31 dimensions=none
2. fact_id=F-CROX-0059 concept=RevenueFromContractWithCustomerExcludingAssessedTax value=652943000 unit=iso4217:USD period=duration:2023-01-01/2023-12-31 dimensions=srt:StatementGeographicalAxis=srt:NorthAmericaMember; us-gaap:ContractWithCustomerSalesChannelAxis=crox:SalesChannelThroughIntermediaryWholesaleMember; us-gaap:StatementBusinessSegmentsAxis=crox:CrocsBrandSegmentMember
3. fact_id=F-CROX-0062 concept=RevenueFromContractWithCustomerExcludingAssessedTax value=1124942000 unit=iso4217:USD period=duration:2023-01-01/2023-12-31 dimensions=srt:StatementGeographicalAxis=srt:NorthAmericaMember; us-gaap:ContractWithCustomerSalesChannelAxis=us-gaap:SalesChannelDirectlyToConsumerMember; us-gaap:StatementBusinessSegmentsAxis=crox:CrocsBrandSegmentMember
4. fact_id=F-CROX-0051 concept=RevenueFromContractWithCustomerNumberOfDistributionChannels value=2 unit=crox:distribution_channel period=instant:2025-12-31 dimensions=none
5. fact_id=F-CROX-0049 concept=ContractWithCustomerLiabilityCumulativeCatchUpAdjustmentToRevenueChangeInEstimateOfTransactionPrice value=0 unit=iso4217:USD period=duration:2023-01-01/2023-12-31 dimensions=us-gaap:ChangeInAccountingEstimateByTypeAxis=crox:ChangeInEstimateOfProductTransfersMember; us-gaap:ContractWithCustomerSalesChannelAxis=crox:SalesChannelThroughIntermediaryWholesaleMember
6. fact_id=F-CROX-0050 concept=ContractWithCustomerLiabilityCumulativeCatchUpAdjustmentToRevenueChangeInEstimateOfTransactionPrice value=0 unit=iso4217:USD period=duration:2024-01-01/2024-12-31 dimensions=us-gaap:ChangeInAccountingEstimateByTypeAxis=crox:ChangeInEstimateOfProductTransfersMember; us-gaap:ContractWithCustomerSalesChannelAxis=crox:SalesChannelThroughIntermediaryWholesaleMember
7. fact_id=F-CROX-0048 concept=ContractWithCustomerLiabilityCumulativeCatchUpAdjustmentToRevenueChangeInEstimateOfTransactionPrice value=0 unit=iso4217:USD period=duration:2025-01-01/2025-12-31 dimensions=us-gaap:ChangeInAccountingEstimateByTypeAxis=crox:ChangeInEstimateOfProductTransfersMember; us-gaap:ContractWithCustomerSalesChannelAxis=crox:SalesChannelThroughIntermediaryWholesaleMember
8. fact_id=F-CROX-0100 concept=ContractWithCustomerLiabilityCurrent value=34300000 unit=iso4217:USD period=instant:2024-12-31 dimensions=us-gaap:FairValueByLiabilityClassAxis=crox:RefundLiabilityMember

Relation paths:
1. path_id=X-CROX-0013 relation_type=presentation source=us-gaap:RevenueFromContractWithCustomerAbstract (Revenue from Contract with Customer [Abstract]) -> target=us-gaap:RevenueFromContractWithCustomerTextBlock (Revenue from Contract with Customer [Text Block]) arcrole=http://www.xbrl.org/2003/arcrole/parent-child role=http://www.crocs.com/role/REVENUES
2. path_id=X-CROX-0048 relation_type=presentation source=us-gaap:RevenueFromContractWithCustomerAbstract (Revenue from Contract with Customer [Abstract]) -> target=us-gaap:ScheduleOfEntityWideInformationRevenueFromExternalCustomersByProductsAndServicesTable (Segment Reporting, Revenue from External Customer, Product and Service [Table]) arcrole=http://www.xbrl.org/2003/arcrole/parent-child role=http://www.crocs.com/role/REVENUESNarrativeDetails
3. path_id=X-CROX-0097 relation_type=definition source=us-gaap:EntityWideInformationRevenueFromExternalCustomerLineItems (Revenue from External Customer [Line Items]) -> target=us-gaap:ScheduleOfEntityWideInformationRevenueFromExternalCustomersByProductsAndServicesTable (Segment Reporting, Revenue from External Customer, Product and Service [Table]) arcrole=http://xbrl.org/int/dim/arcrole/all role=http://www.crocs.com/role/REVENUESNarrativeDetails
4. path_id=X-CROX-0051 relation_type=presentation source=us-gaap:ScheduleOfEntityWideInformationRevenueFromExternalCustomersByProductsAndServicesTable (Segment Reporting, Revenue from External Customer, Product and Service [Table]) -> target=us-gaap:EntityWideInformationRevenueFromExternalCustomerLineItems (Revenue from External Customer [Line Items]) arcrole=http://www.xbrl.org/2003/arcrole/parent-child role=http://www.crocs.com/role/REVENUESNarrativeDetails
5. path_id=X-CROX-0096 relation_type=definition source=us-gaap:DisaggregationOfRevenueLineItems (Disaggregation of Revenue [Line Items]) -> target=us-gaap:RevenueFromContractWithCustomerExcludingAssessedTax (Revenue from Contract with Customer, Excluding Assessed Tax) arcrole=http://xbrl.org/int/dim/arcrole/domain-member role=http://www.crocs.com/role/REVENUESRevenuesbyReportableOperatingSegmentandbyChannelDetails
6. path_id=X-CROX-0100 relation_type=definition source=us-gaap:EntityWideInformationRevenueFromExternalCustomerLineItems (Revenue from External Customer [Line Items]) -> target=us-gaap:ContractWithCustomerLiabilityCurrent (Contract with Customer, Liability, Current) arcrole=http://xbrl.org/int/dim/arcrole/domain-member role=http://www.crocs.com/role/REVENUESNarrativeDetails","- Claim: Crocs recognizes revenue when control of the product transfers to customers, reported net of promotions, discounts, rebates, and other incentives.
  - Claim type: Factual
  - Support used: Text Chunk 1
  - Limitation: This claim is limited to the company's stated accounting policy as described in the provided text for the period ended 2025-12-31.

- Claim: The estimation of reserves for sales returns and allowances, particularly for direct-to-consumer channels and wholesale exceptions, involves significant judgment.
  - Claim type: Risk-cue or assertion-mapping
  - Support used: Text Chunk 1
  - Inferential bridge: Because the company explicitly identifies the estimation of reserves for sales returns and allowances as an ""area of judgment,"" there is a risk regarding the Accuracy and Valuation assertions of reported revenue and the related refund liability.
  - Limitation: The provided context does not detail the specific quantitative methodology used to calculate these reserves or the internal controls used to validate the estimates.

- Claim: Revenue recognition for wholesale customers occurs either when the product is shipped/delivered from a facility or when the customer receives the product at a designated delivery point.
  - Claim type: Risk-cue or assertion-mapping
  - Support used: Text Chunk 3
  - Inferential bridge: The use of different triggers for revenue recognition (shipping vs. delivery) creates a risk regarding the Cut-off assertion, as revenue may be recorded in the incorrect fiscal period if the transfer of control is not precisely timed.
  - Limitation: The context does not provide the percentage of wholesale contracts tied to each delivery term or the evidence used to verify the date of receipt at designated delivery points.

- Claim: Markdown allowances are provided to key wholesalers and distributors at the company's sole discretion to facilitate the sale of slower-moving products.
  - Claim type: Risk-cue or assertion-mapping
  - Support used: Text Chunk 1, Text Chunk 3
  - Inferential bridge: Since these allowances are granted at ""sole discretion,"" there is a risk that the reduction of revenue may be inconsistently applied or estimated, impacting the Accuracy and Completeness of revenue contra-accounts.
  - Limitation: The context lacks information regarding the authorization process for these discretionary allowances or the criteria used to identify ""slower moving products.""

- Claim: As of December 31, 2025, the company recorded no deferred revenues associated with advance customer deposits.
  - Claim type: Factual
  - Support used: Text Chunk 2
  - Limitation: This is a point-in-time measurement limited to the balance sheet date of 2025-12-31."
EXT-C169,CROX,"Crocs, Inc.",bounded_extension,revenue,hybrid,Markdown allowances are provided to key wholesalers and distributors at the company's sole discretion to facilitate the sale of slower-moving products.,Text Chunk 1; Text Chunk 3,,"TEXT RETRIEVAL CONTEXT

[Text Chunk 1]
chunk_id: T-CROX-REVENUE_INVENTORY-015
source_file: crox-20251231.htm
construct_tag: revenue_inventory
ranking_score: 22
text: While our revenue recognition does not involve significant judgment it does represent a key accounting policy as it is important to our results of operations. Revenues are recognized in the amount expected to be received when control of the product transfers to customers. Revenues are reported net of various promotions which range from contractually-fixed percentage price reductions to sales returns discounts rebates and other incentives that may vary in amount must be estimated and are reported as a reduction in revenues. An area of judgment affecting our reported revenues and net income involves estimating reserves for sales returns and allowances which represent a portion of revenues not expected to be realized. Revenues in our direct-to-consumer channels are reduced by an estimate of returns. We may also accept returns from our wholesale customers on an exception basis to ensure that our products are merchandised in the proper assortments and may provide markdown allowances at our sole discretion to key wholesalers and ...

[Text Chunk 2]
chunk_id: T-CROX-REVENUE-090
source_file: crox-20251231.htm
construct_tag: revenue
ranking_score: 17
text: Contract liabilities consist of advance cash deposits received from wholesale customers to secure product orders in connection with selling seasons and payments received in advance of delivery. As products are shipped and control transfers, we recognize the deferred revenue in ‘Revenues’ in the consolidated statements of operations. At December 31, 2025, we did not record any deferred revenues, and at December 31, 2024, we recorded an insignificant amount of deferred revenues associated with advance customer deposits in ‘Accrued expenses and other liabilities’ in the consolidated balance sheets.

[Text Chunk 3]
chunk_id: T-CROX-REVENUE_INVENTORY-028
source_file: crox-20251231.htm
construct_tag: revenue_inventory
ranking_score: 12
text: For the majority of wholesale customers, control transfers and revenues are recognized when the product is shipped or delivered from a manufacturing facility or distribution center to the wholesale customer. In certain cases, control of the product transfers and revenues are recognized when the customer receives the product at the designated delivery point. For certain customers, primarily in international markets, cash payment is required in advance of delivery and revenues continue to be recognized upon the transfer of control to the customer. We may accept returns from our wholesale customers, on an exception basis, to ensure that our products are merchandised in the proper assortments and may provide markdown allowances at our sole discretion to key wholesalers and distributors to facilitate sales of slower moving products. Wholesale revenues are reduced by estimates of returns and allowances based on historical experience, and adjustments to our estimates are made when the expected value changes.

XBRL RELATIONAL RETRIEVAL CONTEXT

Facts:
1. fact_id=F-CROX-0003 concept=RevenueFromContractWithCustomerExcludingAssessedTax value=3962347000 unit=iso4217:USD period=duration:2023-01-01/2023-12-31 dimensions=none
2. fact_id=F-CROX-0059 concept=RevenueFromContractWithCustomerExcludingAssessedTax value=652943000 unit=iso4217:USD period=duration:2023-01-01/2023-12-31 dimensions=srt:StatementGeographicalAxis=srt:NorthAmericaMember; us-gaap:ContractWithCustomerSalesChannelAxis=crox:SalesChannelThroughIntermediaryWholesaleMember; us-gaap:StatementBusinessSegmentsAxis=crox:CrocsBrandSegmentMember
3. fact_id=F-CROX-0062 concept=RevenueFromContractWithCustomerExcludingAssessedTax value=1124942000 unit=iso4217:USD period=duration:2023-01-01/2023-12-31 dimensions=srt:StatementGeographicalAxis=srt:NorthAmericaMember; us-gaap:ContractWithCustomerSalesChannelAxis=us-gaap:SalesChannelDirectlyToConsumerMember; us-gaap:StatementBusinessSegmentsAxis=crox:CrocsBrandSegmentMember
4. fact_id=F-CROX-0051 concept=RevenueFromContractWithCustomerNumberOfDistributionChannels value=2 unit=crox:distribution_channel period=instant:2025-12-31 dimensions=none
5. fact_id=F-CROX-0049 concept=ContractWithCustomerLiabilityCumulativeCatchUpAdjustmentToRevenueChangeInEstimateOfTransactionPrice value=0 unit=iso4217:USD period=duration:2023-01-01/2023-12-31 dimensions=us-gaap:ChangeInAccountingEstimateByTypeAxis=crox:ChangeInEstimateOfProductTransfersMember; us-gaap:ContractWithCustomerSalesChannelAxis=crox:SalesChannelThroughIntermediaryWholesaleMember
6. fact_id=F-CROX-0050 concept=ContractWithCustomerLiabilityCumulativeCatchUpAdjustmentToRevenueChangeInEstimateOfTransactionPrice value=0 unit=iso4217:USD period=duration:2024-01-01/2024-12-31 dimensions=us-gaap:ChangeInAccountingEstimateByTypeAxis=crox:ChangeInEstimateOfProductTransfersMember; us-gaap:ContractWithCustomerSalesChannelAxis=crox:SalesChannelThroughIntermediaryWholesaleMember
7. fact_id=F-CROX-0048 concept=ContractWithCustomerLiabilityCumulativeCatchUpAdjustmentToRevenueChangeInEstimateOfTransactionPrice value=0 unit=iso4217:USD period=duration:2025-01-01/2025-12-31 dimensions=us-gaap:ChangeInAccountingEstimateByTypeAxis=crox:ChangeInEstimateOfProductTransfersMember; us-gaap:ContractWithCustomerSalesChannelAxis=crox:SalesChannelThroughIntermediaryWholesaleMember
8. fact_id=F-CROX-0100 concept=ContractWithCustomerLiabilityCurrent value=34300000 unit=iso4217:USD period=instant:2024-12-31 dimensions=us-gaap:FairValueByLiabilityClassAxis=crox:RefundLiabilityMember

Relation paths:
1. path_id=X-CROX-0013 relation_type=presentation source=us-gaap:RevenueFromContractWithCustomerAbstract (Revenue from Contract with Customer [Abstract]) -> target=us-gaap:RevenueFromContractWithCustomerTextBlock (Revenue from Contract with Customer [Text Block]) arcrole=http://www.xbrl.org/2003/arcrole/parent-child role=http://www.crocs.com/role/REVENUES
2. path_id=X-CROX-0048 relation_type=presentation source=us-gaap:RevenueFromContractWithCustomerAbstract (Revenue from Contract with Customer [Abstract]) -> target=us-gaap:ScheduleOfEntityWideInformationRevenueFromExternalCustomersByProductsAndServicesTable (Segment Reporting, Revenue from External Customer, Product and Service [Table]) arcrole=http://www.xbrl.org/2003/arcrole/parent-child role=http://www.crocs.com/role/REVENUESNarrativeDetails
3. path_id=X-CROX-0097 relation_type=definition source=us-gaap:EntityWideInformationRevenueFromExternalCustomerLineItems (Revenue from External Customer [Line Items]) -> target=us-gaap:ScheduleOfEntityWideInformationRevenueFromExternalCustomersByProductsAndServicesTable (Segment Reporting, Revenue from External Customer, Product and Service [Table]) arcrole=http://xbrl.org/int/dim/arcrole/all role=http://www.crocs.com/role/REVENUESNarrativeDetails
4. path_id=X-CROX-0051 relation_type=presentation source=us-gaap:ScheduleOfEntityWideInformationRevenueFromExternalCustomersByProductsAndServicesTable (Segment Reporting, Revenue from External Customer, Product and Service [Table]) -> target=us-gaap:EntityWideInformationRevenueFromExternalCustomerLineItems (Revenue from External Customer [Line Items]) arcrole=http://www.xbrl.org/2003/arcrole/parent-child role=http://www.crocs.com/role/REVENUESNarrativeDetails
5. path_id=X-CROX-0096 relation_type=definition source=us-gaap:DisaggregationOfRevenueLineItems (Disaggregation of Revenue [Line Items]) -> target=us-gaap:RevenueFromContractWithCustomerExcludingAssessedTax (Revenue from Contract with Customer, Excluding Assessed Tax) arcrole=http://xbrl.org/int/dim/arcrole/domain-member role=http://www.crocs.com/role/REVENUESRevenuesbyReportableOperatingSegmentandbyChannelDetails
6. path_id=X-CROX-0100 relation_type=definition source=us-gaap:EntityWideInformationRevenueFromExternalCustomerLineItems (Revenue from External Customer [Line Items]) -> target=us-gaap:ContractWithCustomerLiabilityCurrent (Contract with Customer, Liability, Current) arcrole=http://xbrl.org/int/dim/arcrole/domain-member role=http://www.crocs.com/role/REVENUESNarrativeDetails","- Claim: Crocs recognizes revenue when control of the product transfers to customers, reported net of promotions, discounts, rebates, and other incentives.
  - Claim type: Factual
  - Support used: Text Chunk 1
  - Limitation: This claim is limited to the company's stated accounting policy as described in the provided text for the period ended 2025-12-31.

- Claim: The estimation of reserves for sales returns and allowances, particularly for direct-to-consumer channels and wholesale exceptions, involves significant judgment.
  - Claim type: Risk-cue or assertion-mapping
  - Support used: Text Chunk 1
  - Inferential bridge: Because the company explicitly identifies the estimation of reserves for sales returns and allowances as an ""area of judgment,"" there is a risk regarding the Accuracy and Valuation assertions of reported revenue and the related refund liability.
  - Limitation: The provided context does not detail the specific quantitative methodology used to calculate these reserves or the internal controls used to validate the estimates.

- Claim: Revenue recognition for wholesale customers occurs either when the product is shipped/delivered from a facility or when the customer receives the product at a designated delivery point.
  - Claim type: Risk-cue or assertion-mapping
  - Support used: Text Chunk 3
  - Inferential bridge: The use of different triggers for revenue recognition (shipping vs. delivery) creates a risk regarding the Cut-off assertion, as revenue may be recorded in the incorrect fiscal period if the transfer of control is not precisely timed.
  - Limitation: The context does not provide the percentage of wholesale contracts tied to each delivery term or the evidence used to verify the date of receipt at designated delivery points.

- Claim: Markdown allowances are provided to key wholesalers and distributors at the company's sole discretion to facilitate the sale of slower-moving products.
  - Claim type: Risk-cue or assertion-mapping
  - Support used: Text Chunk 1, Text Chunk 3
  - Inferential bridge: Since these allowances are granted at ""sole discretion,"" there is a risk that the reduction of revenue may be inconsistently applied or estimated, impacting the Accuracy and Completeness of revenue contra-accounts.
  - Limitation: The context lacks information regarding the authorization process for these discretionary allowances or the criteria used to identify ""slower moving products.""

- Claim: As of December 31, 2025, the company recorded no deferred revenues associated with advance customer deposits.
  - Claim type: Factual
  - Support used: Text Chunk 2
  - Limitation: This is a point-in-time measurement limited to the balance sheet date of 2025-12-31."
EXT-C170,CROX,"Crocs, Inc.",bounded_extension,revenue,hybrid,"As of December 31, 2025, the company recorded no deferred revenues associated with advance customer deposits.",Text Chunk 2,,"TEXT RETRIEVAL CONTEXT

[Text Chunk 1]
chunk_id: T-CROX-REVENUE_INVENTORY-015
source_file: crox-20251231.htm
construct_tag: revenue_inventory
ranking_score: 22
text: While our revenue recognition does not involve significant judgment it does represent a key accounting policy as it is important to our results of operations. Revenues are recognized in the amount expected to be received when control of the product transfers to customers. Revenues are reported net of various promotions which range from contractually-fixed percentage price reductions to sales returns discounts rebates and other incentives that may vary in amount must be estimated and are reported as a reduction in revenues. An area of judgment affecting our reported revenues and net income involves estimating reserves for sales returns and allowances which represent a portion of revenues not expected to be realized. Revenues in our direct-to-consumer channels are reduced by an estimate of returns. We may also accept returns from our wholesale customers on an exception basis to ensure that our products are merchandised in the proper assortments and may provide markdown allowances at our sole discretion to key wholesalers and ...

[Text Chunk 2]
chunk_id: T-CROX-REVENUE-090
source_file: crox-20251231.htm
construct_tag: revenue
ranking_score: 17
text: Contract liabilities consist of advance cash deposits received from wholesale customers to secure product orders in connection with selling seasons and payments received in advance of delivery. As products are shipped and control transfers, we recognize the deferred revenue in ‘Revenues’ in the consolidated statements of operations. At December 31, 2025, we did not record any deferred revenues, and at December 31, 2024, we recorded an insignificant amount of deferred revenues associated with advance customer deposits in ‘Accrued expenses and other liabilities’ in the consolidated balance sheets.

[Text Chunk 3]
chunk_id: T-CROX-REVENUE_INVENTORY-028
source_file: crox-20251231.htm
construct_tag: revenue_inventory
ranking_score: 12
text: For the majority of wholesale customers, control transfers and revenues are recognized when the product is shipped or delivered from a manufacturing facility or distribution center to the wholesale customer. In certain cases, control of the product transfers and revenues are recognized when the customer receives the product at the designated delivery point. For certain customers, primarily in international markets, cash payment is required in advance of delivery and revenues continue to be recognized upon the transfer of control to the customer. We may accept returns from our wholesale customers, on an exception basis, to ensure that our products are merchandised in the proper assortments and may provide markdown allowances at our sole discretion to key wholesalers and distributors to facilitate sales of slower moving products. Wholesale revenues are reduced by estimates of returns and allowances based on historical experience, and adjustments to our estimates are made when the expected value changes.

XBRL RELATIONAL RETRIEVAL CONTEXT

Facts:
1. fact_id=F-CROX-0003 concept=RevenueFromContractWithCustomerExcludingAssessedTax value=3962347000 unit=iso4217:USD period=duration:2023-01-01/2023-12-31 dimensions=none
2. fact_id=F-CROX-0059 concept=RevenueFromContractWithCustomerExcludingAssessedTax value=652943000 unit=iso4217:USD period=duration:2023-01-01/2023-12-31 dimensions=srt:StatementGeographicalAxis=srt:NorthAmericaMember; us-gaap:ContractWithCustomerSalesChannelAxis=crox:SalesChannelThroughIntermediaryWholesaleMember; us-gaap:StatementBusinessSegmentsAxis=crox:CrocsBrandSegmentMember
3. fact_id=F-CROX-0062 concept=RevenueFromContractWithCustomerExcludingAssessedTax value=1124942000 unit=iso4217:USD period=duration:2023-01-01/2023-12-31 dimensions=srt:StatementGeographicalAxis=srt:NorthAmericaMember; us-gaap:ContractWithCustomerSalesChannelAxis=us-gaap:SalesChannelDirectlyToConsumerMember; us-gaap:StatementBusinessSegmentsAxis=crox:CrocsBrandSegmentMember
4. fact_id=F-CROX-0051 concept=RevenueFromContractWithCustomerNumberOfDistributionChannels value=2 unit=crox:distribution_channel period=instant:2025-12-31 dimensions=none
5. fact_id=F-CROX-0049 concept=ContractWithCustomerLiabilityCumulativeCatchUpAdjustmentToRevenueChangeInEstimateOfTransactionPrice value=0 unit=iso4217:USD period=duration:2023-01-01/2023-12-31 dimensions=us-gaap:ChangeInAccountingEstimateByTypeAxis=crox:ChangeInEstimateOfProductTransfersMember; us-gaap:ContractWithCustomerSalesChannelAxis=crox:SalesChannelThroughIntermediaryWholesaleMember
6. fact_id=F-CROX-0050 concept=ContractWithCustomerLiabilityCumulativeCatchUpAdjustmentToRevenueChangeInEstimateOfTransactionPrice value=0 unit=iso4217:USD period=duration:2024-01-01/2024-12-31 dimensions=us-gaap:ChangeInAccountingEstimateByTypeAxis=crox:ChangeInEstimateOfProductTransfersMember; us-gaap:ContractWithCustomerSalesChannelAxis=crox:SalesChannelThroughIntermediaryWholesaleMember
7. fact_id=F-CROX-0048 concept=ContractWithCustomerLiabilityCumulativeCatchUpAdjustmentToRevenueChangeInEstimateOfTransactionPrice value=0 unit=iso4217:USD period=duration:2025-01-01/2025-12-31 dimensions=us-gaap:ChangeInAccountingEstimateByTypeAxis=crox:ChangeInEstimateOfProductTransfersMember; us-gaap:ContractWithCustomerSalesChannelAxis=crox:SalesChannelThroughIntermediaryWholesaleMember
8. fact_id=F-CROX-0100 concept=ContractWithCustomerLiabilityCurrent value=34300000 unit=iso4217:USD period=instant:2024-12-31 dimensions=us-gaap:FairValueByLiabilityClassAxis=crox:RefundLiabilityMember

Relation paths:
1. path_id=X-CROX-0013 relation_type=presentation source=us-gaap:RevenueFromContractWithCustomerAbstract (Revenue from Contract with Customer [Abstract]) -> target=us-gaap:RevenueFromContractWithCustomerTextBlock (Revenue from Contract with Customer [Text Block]) arcrole=http://www.xbrl.org/2003/arcrole/parent-child role=http://www.crocs.com/role/REVENUES
2. path_id=X-CROX-0048 relation_type=presentation source=us-gaap:RevenueFromContractWithCustomerAbstract (Revenue from Contract with Customer [Abstract]) -> target=us-gaap:ScheduleOfEntityWideInformationRevenueFromExternalCustomersByProductsAndServicesTable (Segment Reporting, Revenue from External Customer, Product and Service [Table]) arcrole=http://www.xbrl.org/2003/arcrole/parent-child role=http://www.crocs.com/role/REVENUESNarrativeDetails
3. path_id=X-CROX-0097 relation_type=definition source=us-gaap:EntityWideInformationRevenueFromExternalCustomerLineItems (Revenue from External Customer [Line Items]) -> target=us-gaap:ScheduleOfEntityWideInformationRevenueFromExternalCustomersByProductsAndServicesTable (Segment Reporting, Revenue from External Customer, Product and Service [Table]) arcrole=http://xbrl.org/int/dim/arcrole/all role=http://www.crocs.com/role/REVENUESNarrativeDetails
4. path_id=X-CROX-0051 relation_type=presentation source=us-gaap:ScheduleOfEntityWideInformationRevenueFromExternalCustomersByProductsAndServicesTable (Segment Reporting, Revenue from External Customer, Product and Service [Table]) -> target=us-gaap:EntityWideInformationRevenueFromExternalCustomerLineItems (Revenue from External Customer [Line Items]) arcrole=http://www.xbrl.org/2003/arcrole/parent-child role=http://www.crocs.com/role/REVENUESNarrativeDetails
5. path_id=X-CROX-0096 relation_type=definition source=us-gaap:DisaggregationOfRevenueLineItems (Disaggregation of Revenue [Line Items]) -> target=us-gaap:RevenueFromContractWithCustomerExcludingAssessedTax (Revenue from Contract with Customer, Excluding Assessed Tax) arcrole=http://xbrl.org/int/dim/arcrole/domain-member role=http://www.crocs.com/role/REVENUESRevenuesbyReportableOperatingSegmentandbyChannelDetails
6. path_id=X-CROX-0100 relation_type=definition source=us-gaap:EntityWideInformationRevenueFromExternalCustomerLineItems (Revenue from External Customer [Line Items]) -> target=us-gaap:ContractWithCustomerLiabilityCurrent (Contract with Customer, Liability, Current) arcrole=http://xbrl.org/int/dim/arcrole/domain-member role=http://www.crocs.com/role/REVENUESNarrativeDetails","- Claim: Crocs recognizes revenue when control of the product transfers to customers, reported net of promotions, discounts, rebates, and other incentives.
  - Claim type: Factual
  - Support used: Text Chunk 1
  - Limitation: This claim is limited to the company's stated accounting policy as described in the provided text for the period ended 2025-12-31.

- Claim: The estimation of reserves for sales returns and allowances, particularly for direct-to-consumer channels and wholesale exceptions, involves significant judgment.
  - Claim type: Risk-cue or assertion-mapping
  - Support used: Text Chunk 1
  - Inferential bridge: Because the company explicitly identifies the estimation of reserves for sales returns and allowances as an ""area of judgment,"" there is a risk regarding the Accuracy and Valuation assertions of reported revenue and the related refund liability.
  - Limitation: The provided context does not detail the specific quantitative methodology used to calculate these reserves or the internal controls used to validate the estimates.

- Claim: Revenue recognition for wholesale customers occurs either when the product is shipped/delivered from a facility or when the customer receives the product at a designated delivery point.
  - Claim type: Risk-cue or assertion-mapping
  - Support used: Text Chunk 3
  - Inferential bridge: The use of different triggers for revenue recognition (shipping vs. delivery) creates a risk regarding the Cut-off assertion, as revenue may be recorded in the incorrect fiscal period if the transfer of control is not precisely timed.
  - Limitation: The context does not provide the percentage of wholesale contracts tied to each delivery term or the evidence used to verify the date of receipt at designated delivery points.

- Claim: Markdown allowances are provided to key wholesalers and distributors at the company's sole discretion to facilitate the sale of slower-moving products.
  - Claim type: Risk-cue or assertion-mapping
  - Support used: Text Chunk 1, Text Chunk 3
  - Inferential bridge: Since these allowances are granted at ""sole discretion,"" there is a risk that the reduction of revenue may be inconsistently applied or estimated, impacting the Accuracy and Completeness of revenue contra-accounts.
  - Limitation: The context lacks information regarding the authorization process for these discretionary allowances or the criteria used to identify ""slower moving products.""

- Claim: As of December 31, 2025, the company recorded no deferred revenues associated with advance customer deposits.
  - Claim type: Factual
  - Support used: Text Chunk 2
  - Limitation: This is a point-in-time measurement limited to the balance sheet date of 2025-12-31."
EXT-C182,CROX,"Crocs, Inc.",bounded_extension,inventory,hybrid,"As of December 31, 2025, Crocs, Inc.'s net inventory was $368,687,000.",,F-CROX-0014,"TEXT RETRIEVAL CONTEXT

[Text Chunk 1]
chunk_id: T-CROX-REVENUE_INVENTORY-022
source_file: crox-20251231.htm
construct_tag: revenue_inventory
ranking_score: 21
text: Inventories are comprised of finished goods, are stated at the lower of cost or net realizable value, and are recognized using the first-in-first-out method of inventory costing. We estimate the market value of inventory based on an analysis of historical sales trends of our individual product lines, the impact of market trends and economic conditions, and a forecast of future demand, giving consideration to the value of current orders in-house for future sales of inventory, as well as plans to sell discontinued or end-of-life inventory through our outlet stores, among other off-price channels. Estimates may differ from actual results due to the quantity, quality, and mix of products in inventory, consumer and retailer preferences, and market conditions. If the estimated net realizable value is less than its carrying value, the carrying value is adjusted to the net realizable value, and the difference is recorded in ‘Cost of sales’ in our consolidated statements of operations.

[Text Chunk 2]
chunk_id: T-CROX-INVENTORY-017
source_file: crox-20251231.htm
construct_tag: inventory
ranking_score: 9
text: Gross margin. Gross margin was 58.3% compared to 58.8% in 2024. This was primarily due to incremental duties of 130 basis points and higher freight and fulfillment costs of 40 basis points, for both brands. The overall decrease in gross margin was offset in part by lower product costs in the Crocs Brand of 70 basis points, and favorable brand mix of 30 basis points.

[Text Chunk 3]
chunk_id: T-CROX-REVENUE_INVENTORY-019
source_file: crox-20251231.htm
construct_tag: revenue_inventory
ranking_score: 7
text: Our consolidated financial statements are prepared in accordance with U.S. GAAP. These accounting principles require us to make certain estimates, judgments, and assumptions. We believe that the estimates, judgments, and assumptions used to determine certain amounts that affect the financial statements are reasonable, based on information available at the time they are made. Management believes that the estimates, judgments, and assumptions made when accounting for items and matters such as, but not limited to, the allowance for doubtful accounts, customer rebates, sales returns and allowances, impairment assessments and charges, recoverability of long-lived assets, deferred tax assets, valuation allowances, uncertain tax positions, income tax expense, share-based compensation expense, the assessment of lower of cost or net realizable value on inventory, goodwill, indefinite-lived intangible assets, and useful lives assigned to long-lived assets.

XBRL RELATIONAL RETRIEVAL CONTEXT

Facts:
1. fact_id=F-CROX-0015 concept=InventoryNet value=356254000 unit=iso4217:USD period=instant:2024-12-31 dimensions=none
2. fact_id=F-CROX-0014 concept=InventoryNet value=368687000 unit=iso4217:USD period=instant:2025-12-31 dimensions=none
3. fact_id=F-CROX-0022 concept=InventoryWriteDown value=2078000 unit=iso4217:USD period=duration:2023-01-01/2023-12-31 dimensions=none
4. fact_id=F-CROX-0021 concept=InventoryWriteDown value=812000 unit=iso4217:USD period=duration:2024-01-01/2024-12-31 dimensions=none
5. fact_id=F-CROX-0020 concept=InventoryWriteDown value=871000 unit=iso4217:USD period=duration:2025-01-01/2025-12-31 dimensions=none
6. fact_id=F-CROX-0009 concept=GrossProfit value=2210010000 unit=iso4217:USD period=duration:2023-01-01/2023-12-31 dimensions=none
7. fact_id=F-CROX-0008 concept=GrossProfit value=2410258000 unit=iso4217:USD period=duration:2024-01-01/2024-12-31 dimensions=none
8. fact_id=F-CROX-0007 concept=GrossProfit value=2357055000 unit=iso4217:USD period=duration:2025-01-01/2025-12-31 dimensions=none

Relation paths:
1. path_id=X-CROX-0057 relation_type=calculation source=us-gaap:GrossProfit (Gross Profit) -> target=us-gaap:CostOfGoodsAndServicesSold (Cost of Product and Service Sold) arcrole=http://www.xbrl.org/2003/arcrole/summation-item role=http://www.crocs.com/role/CONSOLIDATEDSTATEMENTSOFOPERATIONS
2. path_id=X-CROX-0060 relation_type=calculation source=us-gaap:AssetsCurrent (Assets, Current) -> target=us-gaap:InventoryNet (Inventory, Net) arcrole=http://www.xbrl.org/2003/arcrole/summation-item role=http://www.crocs.com/role/CONSOLIDATEDBALANCESHEETS
3. path_id=X-CROX-0065 relation_type=calculation source=us-gaap:NetCashProvidedByUsedInOperatingActivities (Cash Provided by (Used in) Operating Activity, Including Discontinued Operation) -> target=us-gaap:IncreaseDecreaseInInventories (Increase (Decrease) in Inventories) arcrole=http://www.xbrl.org/2003/arcrole/summation-item role=http://www.crocs.com/role/CONSOLIDATEDSTATEMENTSOFCASHFLOWS
4. path_id=X-CROX-0063 relation_type=calculation source=us-gaap:NetCashProvidedByUsedInOperatingActivities (Cash Provided by (Used in) Operating Activity, Including Discontinued Operation) -> target=us-gaap:InventoryWriteDown (Inventory Write-down) arcrole=http://www.xbrl.org/2003/arcrole/summation-item role=http://www.crocs.com/role/CONSOLIDATEDSTATEMENTSOFCASHFLOWS
5. path_id=X-CROX-0102 relation_type=definition source=us-gaap:SegmentReportingInformationLineItems (Segment Reporting Information [Line Items]) -> target=us-gaap:CostOfGoodsAndServicesSold (Cost of Product and Service Sold) arcrole=http://xbrl.org/int/dim/arcrole/domain-member role=http://www.crocs.com/role/OPERATINGSEGMENTSANDGEOGRAPHICINFORMATIONInformationRelatedToReportableOperatingBusinessSegmentsDetails
6. path_id=X-CROX-0009 relation_type=presentation source=us-gaap:AdjustmentsToReconcileNetIncomeLossToCashProvidedByUsedInOperatingActivitiesAbstract (Adjustment to Reconcile Net Income to Cash Provided by (Used in) Operating Activity [Abstract]) -> target=us-gaap:InventoryWriteDown (Inventory Write-down) arcrole=http://www.xbrl.org/2003/arcrole/parent-child role=http://www.crocs.com/role/CONSOLIDATEDSTATEMENTSOFCASHFLOWS","- Claim: As of December 31, 2025, Crocs, Inc.'s net inventory was $368,687,000.
  - Claim type: Factual
  - Support used: F-CROX-0014
  - Limitation: This claim is limited to the reported XBRL value for the specific instant of 2025-12-31.

- Claim: Crocs, Inc. recorded an inventory write-down of $871,000 for the fiscal year 2025.
  - Claim type: Factual
  - Support used: F-CROX-0020
  - Limitation: This claim is limited to the reported XBRL value for the duration period 2025-01-01 to 2025-12-31.

- Claim: The valuation of inventory is subject to significant estimation uncertainty regarding the assessment of the lower of cost or net realizable value (NRV).
  - Claim type: Risk-cue or assertion-mapping
  - Support used: T-CROX-REVENUE_INVENTORY-022, T-CROX-REVENUE_INVENTORY-019
  - Inferential bridge: The company explicitly states that inventories are stated at the lower of cost or NRV and that management must make estimates and judgments to determine this value, which may differ from actual results.
  - Limitation: The provided context does not detail the specific internal controls used to validate these NRV estimates or the historical variance between estimated and actual NRV.

- Claim: Inventory valuation is sensitive to fluctuations in consumer and retailer preferences and general market conditions.
  - Claim type: Risk-cue or assertion-mapping
  - Support used: T-CROX-REVENUE_INVENTORY-022
  - Inferential bridge: The text identifies ""consumer and retailer preferences, and market conditions"" as specific factors that can cause NRV estimates to differ from actual results, which directly impacts the valuation assertion.
  - Limitation: The context does not provide specific data on current market trends or a detailed breakdown of which product lines are most susceptible to these preference shifts.

- Claim: The use of outlet stores and off-price channels to sell discontinued or end-of-life inventory introduces specific valuation considerations for NRV.
  - Claim type: Risk-cue or assertion-mapping
  - Support used: T-CROX-REVENUE_INVENTORY-022
  - Inferential bridge: Because the company estimates market value based on plans to sell end-of-life inventory through off-price channels, the NRV must be mapped to the expected recovery rates of these specific channels rather than standard retail pricing.
  - Limitation: The context lacks information regarding the actual recovery rates from outlet stores relative to the carrying cost of the inventory being diverted to those channels."
EXT-C183,CROX,"Crocs, Inc.",bounded_extension,inventory,hybrid,"Crocs, Inc. recorded an inventory write-down of $871,000 for the fiscal year 2025.",,F-CROX-0020,"TEXT RETRIEVAL CONTEXT

[Text Chunk 1]
chunk_id: T-CROX-REVENUE_INVENTORY-022
source_file: crox-20251231.htm
construct_tag: revenue_inventory
ranking_score: 21
text: Inventories are comprised of finished goods, are stated at the lower of cost or net realizable value, and are recognized using the first-in-first-out method of inventory costing. We estimate the market value of inventory based on an analysis of historical sales trends of our individual product lines, the impact of market trends and economic conditions, and a forecast of future demand, giving consideration to the value of current orders in-house for future sales of inventory, as well as plans to sell discontinued or end-of-life inventory through our outlet stores, among other off-price channels. Estimates may differ from actual results due to the quantity, quality, and mix of products in inventory, consumer and retailer preferences, and market conditions. If the estimated net realizable value is less than its carrying value, the carrying value is adjusted to the net realizable value, and the difference is recorded in ‘Cost of sales’ in our consolidated statements of operations.

[Text Chunk 2]
chunk_id: T-CROX-INVENTORY-017
source_file: crox-20251231.htm
construct_tag: inventory
ranking_score: 9
text: Gross margin. Gross margin was 58.3% compared to 58.8% in 2024. This was primarily due to incremental duties of 130 basis points and higher freight and fulfillment costs of 40 basis points, for both brands. The overall decrease in gross margin was offset in part by lower product costs in the Crocs Brand of 70 basis points, and favorable brand mix of 30 basis points.

[Text Chunk 3]
chunk_id: T-CROX-REVENUE_INVENTORY-019
source_file: crox-20251231.htm
construct_tag: revenue_inventory
ranking_score: 7
text: Our consolidated financial statements are prepared in accordance with U.S. GAAP. These accounting principles require us to make certain estimates, judgments, and assumptions. We believe that the estimates, judgments, and assumptions used to determine certain amounts that affect the financial statements are reasonable, based on information available at the time they are made. Management believes that the estimates, judgments, and assumptions made when accounting for items and matters such as, but not limited to, the allowance for doubtful accounts, customer rebates, sales returns and allowances, impairment assessments and charges, recoverability of long-lived assets, deferred tax assets, valuation allowances, uncertain tax positions, income tax expense, share-based compensation expense, the assessment of lower of cost or net realizable value on inventory, goodwill, indefinite-lived intangible assets, and useful lives assigned to long-lived assets.

XBRL RELATIONAL RETRIEVAL CONTEXT

Facts:
1. fact_id=F-CROX-0015 concept=InventoryNet value=356254000 unit=iso4217:USD period=instant:2024-12-31 dimensions=none
2. fact_id=F-CROX-0014 concept=InventoryNet value=368687000 unit=iso4217:USD period=instant:2025-12-31 dimensions=none
3. fact_id=F-CROX-0022 concept=InventoryWriteDown value=2078000 unit=iso4217:USD period=duration:2023-01-01/2023-12-31 dimensions=none
4. fact_id=F-CROX-0021 concept=InventoryWriteDown value=812000 unit=iso4217:USD period=duration:2024-01-01/2024-12-31 dimensions=none
5. fact_id=F-CROX-0020 concept=InventoryWriteDown value=871000 unit=iso4217:USD period=duration:2025-01-01/2025-12-31 dimensions=none
6. fact_id=F-CROX-0009 concept=GrossProfit value=2210010000 unit=iso4217:USD period=duration:2023-01-01/2023-12-31 dimensions=none
7. fact_id=F-CROX-0008 concept=GrossProfit value=2410258000 unit=iso4217:USD period=duration:2024-01-01/2024-12-31 dimensions=none
8. fact_id=F-CROX-0007 concept=GrossProfit value=2357055000 unit=iso4217:USD period=duration:2025-01-01/2025-12-31 dimensions=none

Relation paths:
1. path_id=X-CROX-0057 relation_type=calculation source=us-gaap:GrossProfit (Gross Profit) -> target=us-gaap:CostOfGoodsAndServicesSold (Cost of Product and Service Sold) arcrole=http://www.xbrl.org/2003/arcrole/summation-item role=http://www.crocs.com/role/CONSOLIDATEDSTATEMENTSOFOPERATIONS
2. path_id=X-CROX-0060 relation_type=calculation source=us-gaap:AssetsCurrent (Assets, Current) -> target=us-gaap:InventoryNet (Inventory, Net) arcrole=http://www.xbrl.org/2003/arcrole/summation-item role=http://www.crocs.com/role/CONSOLIDATEDBALANCESHEETS
3. path_id=X-CROX-0065 relation_type=calculation source=us-gaap:NetCashProvidedByUsedInOperatingActivities (Cash Provided by (Used in) Operating Activity, Including Discontinued Operation) -> target=us-gaap:IncreaseDecreaseInInventories (Increase (Decrease) in Inventories) arcrole=http://www.xbrl.org/2003/arcrole/summation-item role=http://www.crocs.com/role/CONSOLIDATEDSTATEMENTSOFCASHFLOWS
4. path_id=X-CROX-0063 relation_type=calculation source=us-gaap:NetCashProvidedByUsedInOperatingActivities (Cash Provided by (Used in) Operating Activity, Including Discontinued Operation) -> target=us-gaap:InventoryWriteDown (Inventory Write-down) arcrole=http://www.xbrl.org/2003/arcrole/summation-item role=http://www.crocs.com/role/CONSOLIDATEDSTATEMENTSOFCASHFLOWS
5. path_id=X-CROX-0102 relation_type=definition source=us-gaap:SegmentReportingInformationLineItems (Segment Reporting Information [Line Items]) -> target=us-gaap:CostOfGoodsAndServicesSold (Cost of Product and Service Sold) arcrole=http://xbrl.org/int/dim/arcrole/domain-member role=http://www.crocs.com/role/OPERATINGSEGMENTSANDGEOGRAPHICINFORMATIONInformationRelatedToReportableOperatingBusinessSegmentsDetails
6. path_id=X-CROX-0009 relation_type=presentation source=us-gaap:AdjustmentsToReconcileNetIncomeLossToCashProvidedByUsedInOperatingActivitiesAbstract (Adjustment to Reconcile Net Income to Cash Provided by (Used in) Operating Activity [Abstract]) -> target=us-gaap:InventoryWriteDown (Inventory Write-down) arcrole=http://www.xbrl.org/2003/arcrole/parent-child role=http://www.crocs.com/role/CONSOLIDATEDSTATEMENTSOFCASHFLOWS","- Claim: As of December 31, 2025, Crocs, Inc.'s net inventory was $368,687,000.
  - Claim type: Factual
  - Support used: F-CROX-0014
  - Limitation: This claim is limited to the reported XBRL value for the specific instant of 2025-12-31.

- Claim: Crocs, Inc. recorded an inventory write-down of $871,000 for the fiscal year 2025.
  - Claim type: Factual
  - Support used: F-CROX-0020
  - Limitation: This claim is limited to the reported XBRL value for the duration period 2025-01-01 to 2025-12-31.

- Claim: The valuation of inventory is subject to significant estimation uncertainty regarding the assessment of the lower of cost or net realizable value (NRV).
  - Claim type: Risk-cue or assertion-mapping
  - Support used: T-CROX-REVENUE_INVENTORY-022, T-CROX-REVENUE_INVENTORY-019
  - Inferential bridge: The company explicitly states that inventories are stated at the lower of cost or NRV and that management must make estimates and judgments to determine this value, which may differ from actual results.
  - Limitation: The provided context does not detail the specific internal controls used to validate these NRV estimates or the historical variance between estimated and actual NRV.

- Claim: Inventory valuation is sensitive to fluctuations in consumer and retailer preferences and general market conditions.
  - Claim type: Risk-cue or assertion-mapping
  - Support used: T-CROX-REVENUE_INVENTORY-022
  - Inferential bridge: The text identifies ""consumer and retailer preferences, and market conditions"" as specific factors that can cause NRV estimates to differ from actual results, which directly impacts the valuation assertion.
  - Limitation: The context does not provide specific data on current market trends or a detailed breakdown of which product lines are most susceptible to these preference shifts.

- Claim: The use of outlet stores and off-price channels to sell discontinued or end-of-life inventory introduces specific valuation considerations for NRV.
  - Claim type: Risk-cue or assertion-mapping
  - Support used: T-CROX-REVENUE_INVENTORY-022
  - Inferential bridge: Because the company estimates market value based on plans to sell end-of-life inventory through off-price channels, the NRV must be mapped to the expected recovery rates of these specific channels rather than standard retail pricing.
  - Limitation: The context lacks information regarding the actual recovery rates from outlet stores relative to the carrying cost of the inventory being diverted to those channels."
EXT-C184,CROX,"Crocs, Inc.",bounded_extension,inventory,hybrid,The valuation of inventory is subject to significant estimation uncertainty regarding the assessment of the lower of cost or net realizable value (NRV).,T-CROX-REVENUE_INVENTORY-019; T-CROX-REVENUE_INVENTORY-022,,"TEXT RETRIEVAL CONTEXT

[Text Chunk 1]
chunk_id: T-CROX-REVENUE_INVENTORY-022
source_file: crox-20251231.htm
construct_tag: revenue_inventory
ranking_score: 21
text: Inventories are comprised of finished goods, are stated at the lower of cost or net realizable value, and are recognized using the first-in-first-out method of inventory costing. We estimate the market value of inventory based on an analysis of historical sales trends of our individual product lines, the impact of market trends and economic conditions, and a forecast of future demand, giving consideration to the value of current orders in-house for future sales of inventory, as well as plans to sell discontinued or end-of-life inventory through our outlet stores, among other off-price channels. Estimates may differ from actual results due to the quantity, quality, and mix of products in inventory, consumer and retailer preferences, and market conditions. If the estimated net realizable value is less than its carrying value, the carrying value is adjusted to the net realizable value, and the difference is recorded in ‘Cost of sales’ in our consolidated statements of operations.

[Text Chunk 2]
chunk_id: T-CROX-INVENTORY-017
source_file: crox-20251231.htm
construct_tag: inventory
ranking_score: 9
text: Gross margin. Gross margin was 58.3% compared to 58.8% in 2024. This was primarily due to incremental duties of 130 basis points and higher freight and fulfillment costs of 40 basis points, for both brands. The overall decrease in gross margin was offset in part by lower product costs in the Crocs Brand of 70 basis points, and favorable brand mix of 30 basis points.

[Text Chunk 3]
chunk_id: T-CROX-REVENUE_INVENTORY-019
source_file: crox-20251231.htm
construct_tag: revenue_inventory
ranking_score: 7
text: Our consolidated financial statements are prepared in accordance with U.S. GAAP. These accounting principles require us to make certain estimates, judgments, and assumptions. We believe that the estimates, judgments, and assumptions used to determine certain amounts that affect the financial statements are reasonable, based on information available at the time they are made. Management believes that the estimates, judgments, and assumptions made when accounting for items and matters such as, but not limited to, the allowance for doubtful accounts, customer rebates, sales returns and allowances, impairment assessments and charges, recoverability of long-lived assets, deferred tax assets, valuation allowances, uncertain tax positions, income tax expense, share-based compensation expense, the assessment of lower of cost or net realizable value on inventory, goodwill, indefinite-lived intangible assets, and useful lives assigned to long-lived assets.

XBRL RELATIONAL RETRIEVAL CONTEXT

Facts:
1. fact_id=F-CROX-0015 concept=InventoryNet value=356254000 unit=iso4217:USD period=instant:2024-12-31 dimensions=none
2. fact_id=F-CROX-0014 concept=InventoryNet value=368687000 unit=iso4217:USD period=instant:2025-12-31 dimensions=none
3. fact_id=F-CROX-0022 concept=InventoryWriteDown value=2078000 unit=iso4217:USD period=duration:2023-01-01/2023-12-31 dimensions=none
4. fact_id=F-CROX-0021 concept=InventoryWriteDown value=812000 unit=iso4217:USD period=duration:2024-01-01/2024-12-31 dimensions=none
5. fact_id=F-CROX-0020 concept=InventoryWriteDown value=871000 unit=iso4217:USD period=duration:2025-01-01/2025-12-31 dimensions=none
6. fact_id=F-CROX-0009 concept=GrossProfit value=2210010000 unit=iso4217:USD period=duration:2023-01-01/2023-12-31 dimensions=none
7. fact_id=F-CROX-0008 concept=GrossProfit value=2410258000 unit=iso4217:USD period=duration:2024-01-01/2024-12-31 dimensions=none
8. fact_id=F-CROX-0007 concept=GrossProfit value=2357055000 unit=iso4217:USD period=duration:2025-01-01/2025-12-31 dimensions=none

Relation paths:
1. path_id=X-CROX-0057 relation_type=calculation source=us-gaap:GrossProfit (Gross Profit) -> target=us-gaap:CostOfGoodsAndServicesSold (Cost of Product and Service Sold) arcrole=http://www.xbrl.org/2003/arcrole/summation-item role=http://www.crocs.com/role/CONSOLIDATEDSTATEMENTSOFOPERATIONS
2. path_id=X-CROX-0060 relation_type=calculation source=us-gaap:AssetsCurrent (Assets, Current) -> target=us-gaap:InventoryNet (Inventory, Net) arcrole=http://www.xbrl.org/2003/arcrole/summation-item role=http://www.crocs.com/role/CONSOLIDATEDBALANCESHEETS
3. path_id=X-CROX-0065 relation_type=calculation source=us-gaap:NetCashProvidedByUsedInOperatingActivities (Cash Provided by (Used in) Operating Activity, Including Discontinued Operation) -> target=us-gaap:IncreaseDecreaseInInventories (Increase (Decrease) in Inventories) arcrole=http://www.xbrl.org/2003/arcrole/summation-item role=http://www.crocs.com/role/CONSOLIDATEDSTATEMENTSOFCASHFLOWS
4. path_id=X-CROX-0063 relation_type=calculation source=us-gaap:NetCashProvidedByUsedInOperatingActivities (Cash Provided by (Used in) Operating Activity, Including Discontinued Operation) -> target=us-gaap:InventoryWriteDown (Inventory Write-down) arcrole=http://www.xbrl.org/2003/arcrole/summation-item role=http://www.crocs.com/role/CONSOLIDATEDSTATEMENTSOFCASHFLOWS
5. path_id=X-CROX-0102 relation_type=definition source=us-gaap:SegmentReportingInformationLineItems (Segment Reporting Information [Line Items]) -> target=us-gaap:CostOfGoodsAndServicesSold (Cost of Product and Service Sold) arcrole=http://xbrl.org/int/dim/arcrole/domain-member role=http://www.crocs.com/role/OPERATINGSEGMENTSANDGEOGRAPHICINFORMATIONInformationRelatedToReportableOperatingBusinessSegmentsDetails
6. path_id=X-CROX-0009 relation_type=presentation source=us-gaap:AdjustmentsToReconcileNetIncomeLossToCashProvidedByUsedInOperatingActivitiesAbstract (Adjustment to Reconcile Net Income to Cash Provided by (Used in) Operating Activity [Abstract]) -> target=us-gaap:InventoryWriteDown (Inventory Write-down) arcrole=http://www.xbrl.org/2003/arcrole/parent-child role=http://www.crocs.com/role/CONSOLIDATEDSTATEMENTSOFCASHFLOWS","- Claim: As of December 31, 2025, Crocs, Inc.'s net inventory was $368,687,000.
  - Claim type: Factual
  - Support used: F-CROX-0014
  - Limitation: This claim is limited to the reported XBRL value for the specific instant of 2025-12-31.

- Claim: Crocs, Inc. recorded an inventory write-down of $871,000 for the fiscal year 2025.
  - Claim type: Factual
  - Support used: F-CROX-0020
  - Limitation: This claim is limited to the reported XBRL value for the duration period 2025-01-01 to 2025-12-31.

- Claim: The valuation of inventory is subject to significant estimation uncertainty regarding the assessment of the lower of cost or net realizable value (NRV).
  - Claim type: Risk-cue or assertion-mapping
  - Support used: T-CROX-REVENUE_INVENTORY-022, T-CROX-REVENUE_INVENTORY-019
  - Inferential bridge: The company explicitly states that inventories are stated at the lower of cost or NRV and that management must make estimates and judgments to determine this value, which may differ from actual results.
  - Limitation: The provided context does not detail the specific internal controls used to validate these NRV estimates or the historical variance between estimated and actual NRV.

- Claim: Inventory valuation is sensitive to fluctuations in consumer and retailer preferences and general market conditions.
  - Claim type: Risk-cue or assertion-mapping
  - Support used: T-CROX-REVENUE_INVENTORY-022
  - Inferential bridge: The text identifies ""consumer and retailer preferences, and market conditions"" as specific factors that can cause NRV estimates to differ from actual results, which directly impacts the valuation assertion.
  - Limitation: The context does not provide specific data on current market trends or a detailed breakdown of which product lines are most susceptible to these preference shifts.

- Claim: The use of outlet stores and off-price channels to sell discontinued or end-of-life inventory introduces specific valuation considerations for NRV.
  - Claim type: Risk-cue or assertion-mapping
  - Support used: T-CROX-REVENUE_INVENTORY-022
  - Inferential bridge: Because the company estimates market value based on plans to sell end-of-life inventory through off-price channels, the NRV must be mapped to the expected recovery rates of these specific channels rather than standard retail pricing.
  - Limitation: The context lacks information regarding the actual recovery rates from outlet stores relative to the carrying cost of the inventory being diverted to those channels."
EXT-C185,CROX,"Crocs, Inc.",bounded_extension,inventory,hybrid,Inventory valuation is sensitive to fluctuations in consumer and retailer preferences and general market conditions.,T-CROX-REVENUE_INVENTORY-022,,"TEXT RETRIEVAL CONTEXT

[Text Chunk 1]
chunk_id: T-CROX-REVENUE_INVENTORY-022
source_file: crox-20251231.htm
construct_tag: revenue_inventory
ranking_score: 21
text: Inventories are comprised of finished goods, are stated at the lower of cost or net realizable value, and are recognized using the first-in-first-out method of inventory costing. We estimate the market value of inventory based on an analysis of historical sales trends of our individual product lines, the impact of market trends and economic conditions, and a forecast of future demand, giving consideration to the value of current orders in-house for future sales of inventory, as well as plans to sell discontinued or end-of-life inventory through our outlet stores, among other off-price channels. Estimates may differ from actual results due to the quantity, quality, and mix of products in inventory, consumer and retailer preferences, and market conditions. If the estimated net realizable value is less than its carrying value, the carrying value is adjusted to the net realizable value, and the difference is recorded in ‘Cost of sales’ in our consolidated statements of operations.

[Text Chunk 2]
chunk_id: T-CROX-INVENTORY-017
source_file: crox-20251231.htm
construct_tag: inventory
ranking_score: 9
text: Gross margin. Gross margin was 58.3% compared to 58.8% in 2024. This was primarily due to incremental duties of 130 basis points and higher freight and fulfillment costs of 40 basis points, for both brands. The overall decrease in gross margin was offset in part by lower product costs in the Crocs Brand of 70 basis points, and favorable brand mix of 30 basis points.

[Text Chunk 3]
chunk_id: T-CROX-REVENUE_INVENTORY-019
source_file: crox-20251231.htm
construct_tag: revenue_inventory
ranking_score: 7
text: Our consolidated financial statements are prepared in accordance with U.S. GAAP. These accounting principles require us to make certain estimates, judgments, and assumptions. We believe that the estimates, judgments, and assumptions used to determine certain amounts that affect the financial statements are reasonable, based on information available at the time they are made. Management believes that the estimates, judgments, and assumptions made when accounting for items and matters such as, but not limited to, the allowance for doubtful accounts, customer rebates, sales returns and allowances, impairment assessments and charges, recoverability of long-lived assets, deferred tax assets, valuation allowances, uncertain tax positions, income tax expense, share-based compensation expense, the assessment of lower of cost or net realizable value on inventory, goodwill, indefinite-lived intangible assets, and useful lives assigned to long-lived assets.

XBRL RELATIONAL RETRIEVAL CONTEXT

Facts:
1. fact_id=F-CROX-0015 concept=InventoryNet value=356254000 unit=iso4217:USD period=instant:2024-12-31 dimensions=none
2. fact_id=F-CROX-0014 concept=InventoryNet value=368687000 unit=iso4217:USD period=instant:2025-12-31 dimensions=none
3. fact_id=F-CROX-0022 concept=InventoryWriteDown value=2078000 unit=iso4217:USD period=duration:2023-01-01/2023-12-31 dimensions=none
4. fact_id=F-CROX-0021 concept=InventoryWriteDown value=812000 unit=iso4217:USD period=duration:2024-01-01/2024-12-31 dimensions=none
5. fact_id=F-CROX-0020 concept=InventoryWriteDown value=871000 unit=iso4217:USD period=duration:2025-01-01/2025-12-31 dimensions=none
6. fact_id=F-CROX-0009 concept=GrossProfit value=2210010000 unit=iso4217:USD period=duration:2023-01-01/2023-12-31 dimensions=none
7. fact_id=F-CROX-0008 concept=GrossProfit value=2410258000 unit=iso4217:USD period=duration:2024-01-01/2024-12-31 dimensions=none
8. fact_id=F-CROX-0007 concept=GrossProfit value=2357055000 unit=iso4217:USD period=duration:2025-01-01/2025-12-31 dimensions=none

Relation paths:
1. path_id=X-CROX-0057 relation_type=calculation source=us-gaap:GrossProfit (Gross Profit) -> target=us-gaap:CostOfGoodsAndServicesSold (Cost of Product and Service Sold) arcrole=http://www.xbrl.org/2003/arcrole/summation-item role=http://www.crocs.com/role/CONSOLIDATEDSTATEMENTSOFOPERATIONS
2. path_id=X-CROX-0060 relation_type=calculation source=us-gaap:AssetsCurrent (Assets, Current) -> target=us-gaap:InventoryNet (Inventory, Net) arcrole=http://www.xbrl.org/2003/arcrole/summation-item role=http://www.crocs.com/role/CONSOLIDATEDBALANCESHEETS
3. path_id=X-CROX-0065 relation_type=calculation source=us-gaap:NetCashProvidedByUsedInOperatingActivities (Cash Provided by (Used in) Operating Activity, Including Discontinued Operation) -> target=us-gaap:IncreaseDecreaseInInventories (Increase (Decrease) in Inventories) arcrole=http://www.xbrl.org/2003/arcrole/summation-item role=http://www.crocs.com/role/CONSOLIDATEDSTATEMENTSOFCASHFLOWS
4. path_id=X-CROX-0063 relation_type=calculation source=us-gaap:NetCashProvidedByUsedInOperatingActivities (Cash Provided by (Used in) Operating Activity, Including Discontinued Operation) -> target=us-gaap:InventoryWriteDown (Inventory Write-down) arcrole=http://www.xbrl.org/2003/arcrole/summation-item role=http://www.crocs.com/role/CONSOLIDATEDSTATEMENTSOFCASHFLOWS
5. path_id=X-CROX-0102 relation_type=definition source=us-gaap:SegmentReportingInformationLineItems (Segment Reporting Information [Line Items]) -> target=us-gaap:CostOfGoodsAndServicesSold (Cost of Product and Service Sold) arcrole=http://xbrl.org/int/dim/arcrole/domain-member role=http://www.crocs.com/role/OPERATINGSEGMENTSANDGEOGRAPHICINFORMATIONInformationRelatedToReportableOperatingBusinessSegmentsDetails
6. path_id=X-CROX-0009 relation_type=presentation source=us-gaap:AdjustmentsToReconcileNetIncomeLossToCashProvidedByUsedInOperatingActivitiesAbstract (Adjustment to Reconcile Net Income to Cash Provided by (Used in) Operating Activity [Abstract]) -> target=us-gaap:InventoryWriteDown (Inventory Write-down) arcrole=http://www.xbrl.org/2003/arcrole/parent-child role=http://www.crocs.com/role/CONSOLIDATEDSTATEMENTSOFCASHFLOWS","- Claim: As of December 31, 2025, Crocs, Inc.'s net inventory was $368,687,000.
  - Claim type: Factual
  - Support used: F-CROX-0014
  - Limitation: This claim is limited to the reported XBRL value for the specific instant of 2025-12-31.

- Claim: Crocs, Inc. recorded an inventory write-down of $871,000 for the fiscal year 2025.
  - Claim type: Factual
  - Support used: F-CROX-0020
  - Limitation: This claim is limited to the reported XBRL value for the duration period 2025-01-01 to 2025-12-31.

- Claim: The valuation of inventory is subject to significant estimation uncertainty regarding the assessment of the lower of cost or net realizable value (NRV).
  - Claim type: Risk-cue or assertion-mapping
  - Support used: T-CROX-REVENUE_INVENTORY-022, T-CROX-REVENUE_INVENTORY-019
  - Inferential bridge: The company explicitly states that inventories are stated at the lower of cost or NRV and that management must make estimates and judgments to determine this value, which may differ from actual results.
  - Limitation: The provided context does not detail the specific internal controls used to validate these NRV estimates or the historical variance between estimated and actual NRV.

- Claim: Inventory valuation is sensitive to fluctuations in consumer and retailer preferences and general market conditions.
  - Claim type: Risk-cue or assertion-mapping
  - Support used: T-CROX-REVENUE_INVENTORY-022
  - Inferential bridge: The text identifies ""consumer and retailer preferences, and market conditions"" as specific factors that can cause NRV estimates to differ from actual results, which directly impacts the valuation assertion.
  - Limitation: The context does not provide specific data on current market trends or a detailed breakdown of which product lines are most susceptible to these preference shifts.

- Claim: The use of outlet stores and off-price channels to sell discontinued or end-of-life inventory introduces specific valuation considerations for NRV.
  - Claim type: Risk-cue or assertion-mapping
  - Support used: T-CROX-REVENUE_INVENTORY-022
  - Inferential bridge: Because the company estimates market value based on plans to sell end-of-life inventory through off-price channels, the NRV must be mapped to the expected recovery rates of these specific channels rather than standard retail pricing.
  - Limitation: The context lacks information regarding the actual recovery rates from outlet stores relative to the carrying cost of the inventory being diverted to those channels."
EXT-C186,CROX,"Crocs, Inc.",bounded_extension,inventory,hybrid,The use of outlet stores and off-price channels to sell discontinued or end-of-life inventory introduces specific valuation considerations for NRV.,T-CROX-REVENUE_INVENTORY-022,,"TEXT RETRIEVAL CONTEXT

[Text Chunk 1]
chunk_id: T-CROX-REVENUE_INVENTORY-022
source_file: crox-20251231.htm
construct_tag: revenue_inventory
ranking_score: 21
text: Inventories are comprised of finished goods, are stated at the lower of cost or net realizable value, and are recognized using the first-in-first-out method of inventory costing. We estimate the market value of inventory based on an analysis of historical sales trends of our individual product lines, the impact of market trends and economic conditions, and a forecast of future demand, giving consideration to the value of current orders in-house for future sales of inventory, as well as plans to sell discontinued or end-of-life inventory through our outlet stores, among other off-price channels. Estimates may differ from actual results due to the quantity, quality, and mix of products in inventory, consumer and retailer preferences, and market conditions. If the estimated net realizable value is less than its carrying value, the carrying value is adjusted to the net realizable value, and the difference is recorded in ‘Cost of sales’ in our consolidated statements of operations.

[Text Chunk 2]
chunk_id: T-CROX-INVENTORY-017
source_file: crox-20251231.htm
construct_tag: inventory
ranking_score: 9
text: Gross margin. Gross margin was 58.3% compared to 58.8% in 2024. This was primarily due to incremental duties of 130 basis points and higher freight and fulfillment costs of 40 basis points, for both brands. The overall decrease in gross margin was offset in part by lower product costs in the Crocs Brand of 70 basis points, and favorable brand mix of 30 basis points.

[Text Chunk 3]
chunk_id: T-CROX-REVENUE_INVENTORY-019
source_file: crox-20251231.htm
construct_tag: revenue_inventory
ranking_score: 7
text: Our consolidated financial statements are prepared in accordance with U.S. GAAP. These accounting principles require us to make certain estimates, judgments, and assumptions. We believe that the estimates, judgments, and assumptions used to determine certain amounts that affect the financial statements are reasonable, based on information available at the time they are made. Management believes that the estimates, judgments, and assumptions made when accounting for items and matters such as, but not limited to, the allowance for doubtful accounts, customer rebates, sales returns and allowances, impairment assessments and charges, recoverability of long-lived assets, deferred tax assets, valuation allowances, uncertain tax positions, income tax expense, share-based compensation expense, the assessment of lower of cost or net realizable value on inventory, goodwill, indefinite-lived intangible assets, and useful lives assigned to long-lived assets.

XBRL RELATIONAL RETRIEVAL CONTEXT

Facts:
1. fact_id=F-CROX-0015 concept=InventoryNet value=356254000 unit=iso4217:USD period=instant:2024-12-31 dimensions=none
2. fact_id=F-CROX-0014 concept=InventoryNet value=368687000 unit=iso4217:USD period=instant:2025-12-31 dimensions=none
3. fact_id=F-CROX-0022 concept=InventoryWriteDown value=2078000 unit=iso4217:USD period=duration:2023-01-01/2023-12-31 dimensions=none
4. fact_id=F-CROX-0021 concept=InventoryWriteDown value=812000 unit=iso4217:USD period=duration:2024-01-01/2024-12-31 dimensions=none
5. fact_id=F-CROX-0020 concept=InventoryWriteDown value=871000 unit=iso4217:USD period=duration:2025-01-01/2025-12-31 dimensions=none
6. fact_id=F-CROX-0009 concept=GrossProfit value=2210010000 unit=iso4217:USD period=duration:2023-01-01/2023-12-31 dimensions=none
7. fact_id=F-CROX-0008 concept=GrossProfit value=2410258000 unit=iso4217:USD period=duration:2024-01-01/2024-12-31 dimensions=none
8. fact_id=F-CROX-0007 concept=GrossProfit value=2357055000 unit=iso4217:USD period=duration:2025-01-01/2025-12-31 dimensions=none

Relation paths:
1. path_id=X-CROX-0057 relation_type=calculation source=us-gaap:GrossProfit (Gross Profit) -> target=us-gaap:CostOfGoodsAndServicesSold (Cost of Product and Service Sold) arcrole=http://www.xbrl.org/2003/arcrole/summation-item role=http://www.crocs.com/role/CONSOLIDATEDSTATEMENTSOFOPERATIONS
2. path_id=X-CROX-0060 relation_type=calculation source=us-gaap:AssetsCurrent (Assets, Current) -> target=us-gaap:InventoryNet (Inventory, Net) arcrole=http://www.xbrl.org/2003/arcrole/summation-item role=http://www.crocs.com/role/CONSOLIDATEDBALANCESHEETS
3. path_id=X-CROX-0065 relation_type=calculation source=us-gaap:NetCashProvidedByUsedInOperatingActivities (Cash Provided by (Used in) Operating Activity, Including Discontinued Operation) -> target=us-gaap:IncreaseDecreaseInInventories (Increase (Decrease) in Inventories) arcrole=http://www.xbrl.org/2003/arcrole/summation-item role=http://www.crocs.com/role/CONSOLIDATEDSTATEMENTSOFCASHFLOWS
4. path_id=X-CROX-0063 relation_type=calculation source=us-gaap:NetCashProvidedByUsedInOperatingActivities (Cash Provided by (Used in) Operating Activity, Including Discontinued Operation) -> target=us-gaap:InventoryWriteDown (Inventory Write-down) arcrole=http://www.xbrl.org/2003/arcrole/summation-item role=http://www.crocs.com/role/CONSOLIDATEDSTATEMENTSOFCASHFLOWS
5. path_id=X-CROX-0102 relation_type=definition source=us-gaap:SegmentReportingInformationLineItems (Segment Reporting Information [Line Items]) -> target=us-gaap:CostOfGoodsAndServicesSold (Cost of Product and Service Sold) arcrole=http://xbrl.org/int/dim/arcrole/domain-member role=http://www.crocs.com/role/OPERATINGSEGMENTSANDGEOGRAPHICINFORMATIONInformationRelatedToReportableOperatingBusinessSegmentsDetails
6. path_id=X-CROX-0009 relation_type=presentation source=us-gaap:AdjustmentsToReconcileNetIncomeLossToCashProvidedByUsedInOperatingActivitiesAbstract (Adjustment to Reconcile Net Income to Cash Provided by (Used in) Operating Activity [Abstract]) -> target=us-gaap:InventoryWriteDown (Inventory Write-down) arcrole=http://www.xbrl.org/2003/arcrole/parent-child role=http://www.crocs.com/role/CONSOLIDATEDSTATEMENTSOFCASHFLOWS","- Claim: As of December 31, 2025, Crocs, Inc.'s net inventory was $368,687,000.
  - Claim type: Factual
  - Support used: F-CROX-0014
  - Limitation: This claim is limited to the reported XBRL value for the specific instant of 2025-12-31.

- Claim: Crocs, Inc. recorded an inventory write-down of $871,000 for the fiscal year 2025.
  - Claim type: Factual
  - Support used: F-CROX-0020
  - Limitation: This claim is limited to the reported XBRL value for the duration period 2025-01-01 to 2025-12-31.

- Claim: The valuation of inventory is subject to significant estimation uncertainty regarding the assessment of the lower of cost or net realizable value (NRV).
  - Claim type: Risk-cue or assertion-mapping
  - Support used: T-CROX-REVENUE_INVENTORY-022, T-CROX-REVENUE_INVENTORY-019
  - Inferential bridge: The company explicitly states that inventories are stated at the lower of cost or NRV and that management must make estimates and judgments to determine this value, which may differ from actual results.
  - Limitation: The provided context does not detail the specific internal controls used to validate these NRV estimates or the historical variance between estimated and actual NRV.

- Claim: Inventory valuation is sensitive to fluctuations in consumer and retailer preferences and general market conditions.
  - Claim type: Risk-cue or assertion-mapping
  - Support used: T-CROX-REVENUE_INVENTORY-022
  - Inferential bridge: The text identifies ""consumer and retailer preferences, and market conditions"" as specific factors that can cause NRV estimates to differ from actual results, which directly impacts the valuation assertion.
  - Limitation: The context does not provide specific data on current market trends or a detailed breakdown of which product lines are most susceptible to these preference shifts.

- Claim: The use of outlet stores and off-price channels to sell discontinued or end-of-life inventory introduces specific valuation considerations for NRV.
  - Claim type: Risk-cue or assertion-mapping
  - Support used: T-CROX-REVENUE_INVENTORY-022
  - Inferential bridge: Because the company estimates market value based on plans to sell end-of-life inventory through off-price channels, the NRV must be mapped to the expected recovery rates of these specific channels rather than standard retail pricing.
  - Limitation: The context lacks information regarding the actual recovery rates from outlet stores relative to the carrying cost of the inventory being diverted to those channels."
EXT-C094,CAT,Caterpillar Inc.,bounded_extension,inventory,llm_only,The provided context is insufficient to identify any audit-relevant risk cues or assertion-mapping considerations for inventory valuation for Caterpillar Inc. for the specified period.,,,No retrieved filing context is provided in this diagnostic baseline.,The provided context is insufficient to identify any audit-relevant risk cues or assertion-mapping considerations for inventory valuation for Caterpillar Inc. for the specified period.
EXT-C187,CROX,"Crocs, Inc.",bounded_extension,inventory,llm_only,"The provided context is insufficient to identify any audit-relevant risk cues or assertion-mapping considerations for inventory valuation for Crocs, Inc. for the specified period.",,,No retrieved filing context is provided in this diagnostic baseline.,"The provided context is insufficient to identify any audit-relevant risk cues or assertion-mapping considerations for inventory valuation for Crocs, Inc. for the specified period."
EXT-C063,HD,"Home Depot, Inc.",bounded_extension,inventory,llm_only,"The provided context is insufficient to identify any audit-relevant risk cues or assertion-mapping considerations for inventory valuation for Home Depot, Inc. for the specified period.",,,No retrieved filing context is provided in this diagnostic baseline.,"The provided context is insufficient to identify any audit-relevant risk cues or assertion-mapping considerations for inventory valuation for Home Depot, Inc. for the specified period."
EXT-C155,MSFT,Microsoft Corp.,bounded_extension,inventory,llm_only,The provided context is insufficient to identify any audit-relevant risk cues or assertion-mapping considerations for inventory valuation for Microsoft Corp. for the specified period.,,,No retrieved filing context is provided in this diagnostic baseline.,The provided context is insufficient to identify any audit-relevant risk cues or assertion-mapping considerations for inventory valuation for Microsoft Corp. for the specified period.
MAIN-C031,NKE,"Nike, Inc.",main_deep_case,inventory,llm_only,"The provided context is insufficient to identify any audit-relevant risk cues or assertion-mapping considerations for Nike, Inc.'s inventory valuation for the fiscal year ended 2025-05-31.",,,No retrieved filing context is provided in this diagnostic baseline.,"The provided context is insufficient to identify any audit-relevant risk cues or assertion-mapping considerations for Nike, Inc.'s inventory valuation for the fiscal year ended 2025-05-31."
EXT-C126,PFE,Pfizer Inc.,bounded_extension,inventory,llm_only,The provided context is insufficient to identify any audit-relevant risk cues or assertion-mapping considerations for inventory valuation for Pfizer Inc. for the specified period.,,,No retrieved filing context is provided in this diagnostic baseline.,The provided context is insufficient to identify any audit-relevant risk cues or assertion-mapping considerations for inventory valuation for Pfizer Inc. for the specified period.
MAIN-C062,SBUX,Starbucks Corporation,main_deep_case,inventory,llm_only,The provided context is insufficient to identify any audit-relevant risk cues or assertion-mapping considerations for inventory valuation for Starbucks Corporation.,,,No retrieved filing context is provided in this diagnostic baseline.,The provided context is insufficient to identify any audit-relevant risk cues or assertion-mapping considerations for inventory valuation for Starbucks Corporation.
MAIN-C094,TGT,Target Corporation,main_deep_case,inventory,llm_only,The provided context is insufficient to identify any audit-relevant risk cues or assertion-mapping considerations for inventory valuation for Target Corporation.,,,No retrieved filing context is provided in this diagnostic baseline.,The provided context is insufficient to identify any audit-relevant risk cues or assertion-mapping considerations for inventory valuation for Target Corporation.
EXT-C031,WMT,Walmart Inc.,bounded_extension,inventory,llm_only,The provided context is insufficient to identify any audit-relevant risk cues or assertion-mapping considerations for inventory valuation for Walmart Inc. for the specified period.,,,No retrieved filing context is provided in this diagnostic baseline.,The provided context is insufficient to identify any audit-relevant risk cues or assertion-mapping considerations for inventory valuation for Walmart Inc. for the specified period.
EXT-C079,CAT,Caterpillar Inc.,bounded_extension,revenue,llm_only,The provided context is insufficient to identify any audit-relevant risk cues or assertion-mapping considerations for revenue recognition for Caterpillar Inc. for the specified period.,,,No retrieved filing context is provided in this diagnostic baseline.,The provided context is insufficient to identify any audit-relevant risk cues or assertion-mapping considerations for revenue recognition for Caterpillar Inc. for the specified period.
EXT-C171,CROX,"Crocs, Inc.",bounded_extension,revenue,llm_only,"The provided context is insufficient to identify any audit-relevant risk cues or assertion-mapping considerations for revenue recognition for Crocs, Inc. for the fiscal year ended 2025-12-31.",,,No retrieved filing context is provided in this diagnostic baseline.,"The provided context is insufficient to identify any audit-relevant risk cues or assertion-mapping considerations for revenue recognition for Crocs, Inc. for the fiscal year ended 2025-12-31."
EXT-C047,HD,"Home Depot, Inc.",bounded_extension,revenue,llm_only,"The provided context is insufficient to identify any audit-relevant risk cues or assertion-mapping considerations for revenue recognition for Home Depot, Inc. for the specified period.",,,No retrieved filing context is provided in this diagnostic baseline.,"The provided context is insufficient to identify any audit-relevant risk cues or assertion-mapping considerations for revenue recognition for Home Depot, Inc. for the specified period."
EXT-C084,CAT,Caterpillar Inc.,bounded_extension,inventory,xbrl,"As of 2025-12-31, the Inventory, Net balance is 18,135,000,000 USD.",,F-CAT-0018,"XBRL RELATIONAL RETRIEVAL CONTEXT

Facts:
1. fact_id=F-CAT-0802 concept=InventoryFinishedGoodsNetOfReserves value=8329000000 unit=iso4217:USD period=instant:2024-12-31 dimensions=none
2. fact_id=F-CAT-0801 concept=InventoryFinishedGoodsNetOfReserves value=8725000000 unit=iso4217:USD period=instant:2025-12-31 dimensions=none
3. fact_id=F-CAT-0049 concept=InventoryLIFOReserve value=3864000000 unit=iso4217:USD period=instant:2024-12-31 dimensions=none
4. fact_id=F-CAT-0048 concept=InventoryLIFOReserve value=4305000000 unit=iso4217:USD period=instant:2025-12-31 dimensions=none
5. fact_id=F-CAT-1037 concept=InventoryMethodologyDifference value=3560000000 unit=iso4217:USD period=instant:2024-12-31 dimensions=srt:ConsolidationItemsAxis=us-gaap:CorporateNonSegmentMember
6. fact_id=F-CAT-1036 concept=InventoryMethodologyDifference value=3622000000 unit=iso4217:USD period=instant:2025-12-31 dimensions=srt:ConsolidationItemsAxis=us-gaap:CorporateNonSegmentMember
7. fact_id=F-CAT-0019 concept=InventoryNet value=16827000000 unit=iso4217:USD period=instant:2024-12-31 dimensions=none
8. fact_id=F-CAT-0806 concept=InventoryNet value=16827000000 unit=iso4217:USD period=instant:2024-12-31 dimensions=none
9. fact_id=F-CAT-0018 concept=InventoryNet value=18135000000 unit=iso4217:USD period=instant:2025-12-31 dimensions=none
10. fact_id=F-CAT-0798 concept=InventoryRawMaterialsNetOfReserves value=6681000000 unit=iso4217:USD period=instant:2024-12-31 dimensions=none
11. fact_id=F-CAT-0797 concept=InventoryRawMaterialsNetOfReserves value=7434000000 unit=iso4217:USD period=instant:2025-12-31 dimensions=none
12. fact_id=F-CAT-0804 concept=InventorySuppliesNetOfReserves value=379000000 unit=iso4217:USD period=instant:2024-12-31 dimensions=none

Relation paths:
1. path_id=X-CAT-0312 relation_type=calculation source=us-gaap:InventoryNet (Inventory, Net) -> target=us-gaap:InventoryFinishedGoodsNetOfReserves (Inventory, Finished Goods, Net of Reserves) arcrole=http://www.xbrl.org/2003/arcrole/summation-item role=http://www.cat.com/role/InventoriesDetails
2. path_id=X-CAT-0310 relation_type=calculation source=us-gaap:InventoryNet (Inventory, Net) -> target=us-gaap:InventoryRawMaterialsNetOfReserves (Inventory, Raw Materials, Net of Reserves) arcrole=http://www.xbrl.org/2003/arcrole/summation-item role=http://www.cat.com/role/InventoriesDetails
3. path_id=X-CAT-0313 relation_type=calculation source=us-gaap:InventoryNet (Inventory, Net) -> target=us-gaap:InventorySuppliesNetOfReserves (Inventory, Supplies, Net of Reserves) arcrole=http://www.xbrl.org/2003/arcrole/summation-item role=http://www.cat.com/role/InventoriesDetails
4. path_id=X-CAT-0311 relation_type=calculation source=us-gaap:InventoryNet (Inventory, Net) -> target=us-gaap:InventoryWorkInProcessNetOfReserves (Inventory, Work in Process, Net of Reserves) arcrole=http://www.xbrl.org/2003/arcrole/summation-item role=http://www.cat.com/role/InventoriesDetails
5. path_id=X-CAT-0018 relation_type=presentation source=us-gaap:InventoryDisclosureAbstract (Inventory Disclosure [Abstract]) -> target=us-gaap:InventoryDisclosureTextBlock (Inventory Disclosure [Text Block]) arcrole=http://www.xbrl.org/2003/arcrole/parent-child role=http://www.cat.com/role/Inventories
6. path_id=X-CAT-0215 relation_type=presentation source=us-gaap:InventoryDisclosureAbstract (Inventory Disclosure [Abstract]) -> target=us-gaap:InventoryFinishedGoodsNetOfReserves (Inventory, Finished Goods, Net of Reserves) arcrole=http://www.xbrl.org/2003/arcrole/parent-child role=http://www.cat.com/role/InventoriesDetails
7. path_id=X-CAT-0217 relation_type=presentation source=us-gaap:InventoryDisclosureAbstract (Inventory Disclosure [Abstract]) -> target=us-gaap:InventoryNet (Inventory, Net) arcrole=http://www.xbrl.org/2003/arcrole/parent-child role=http://www.cat.com/role/InventoriesDetails
8. path_id=X-CAT-0213 relation_type=presentation source=us-gaap:InventoryDisclosureAbstract (Inventory Disclosure [Abstract]) -> target=us-gaap:InventoryRawMaterialsNetOfReserves (Inventory, Raw Materials, Net of Reserves) arcrole=http://www.xbrl.org/2003/arcrole/parent-child role=http://www.cat.com/role/InventoriesDetails
9. path_id=X-CAT-0216 relation_type=presentation source=us-gaap:InventoryDisclosureAbstract (Inventory Disclosure [Abstract]) -> target=us-gaap:InventorySuppliesNetOfReserves (Inventory, Supplies, Net of Reserves) arcrole=http://www.xbrl.org/2003/arcrole/parent-child role=http://www.cat.com/role/InventoriesDetails
10. path_id=X-CAT-0214 relation_type=presentation source=us-gaap:InventoryDisclosureAbstract (Inventory Disclosure [Abstract]) -> target=us-gaap:InventoryWorkInProcessNetOfReserves (Inventory, Work in Process, Net of Reserves) arcrole=http://www.xbrl.org/2003/arcrole/parent-child role=http://www.cat.com/role/InventoriesDetails","- Claim: As of 2025-12-31, the Inventory, Net balance is 18,135,000,000 USD.
  - Claim type: Factual
  - Support used: F-CAT-0018
  - Limitation: This value is a point-in-time measurement as of the fiscal year-end and is limited to the reported consolidated figure.

- Claim: As of 2025-12-31, the Inventory LIFO Reserve is 4,305,000,000 USD.
  - Claim type: Factual
  - Support used: F-CAT-0048
  - Limitation: This value is limited to the reported LIFO reserve amount as of the specific period end 2025-12-31.

- Claim: The valuation assertion for inventory is impacted by the calculation and maintenance of the LIFO reserve.
  - Claim type: Risk-cue or assertion-mapping
  - Support used: F-CAT-0048, F-CAT-0049
  - Inferential bridge: The existence of a substantial LIFO reserve (increasing from 3.864B to 4.305B) indicates that the reported inventory value is a derivative of a specific cost-flow assumption, requiring verification of the reserve's accuracy to ensure proper valuation.
  - Limitation: Missing the specific LIFO calculation methodology and the underlying price indices used to determine the reserve.

- Claim: The reported ""InventoryMethodologyDifference"" represents a risk cue for the valuation assertion due to the complexity of reconciling different accounting methods.
  - Claim type: Risk-cue or assertion-mapping
  - Support used: F-CAT-1036
  - Inferential bridge: A reported methodology difference of 3,622,000,000 USD suggests that the inventory is valued using a method that differs from another standard (e.g., local GAAP vs. US GAAP), which introduces risk in the mapping and conversion of these values.
  - Limitation: Missing the detailed reconciliation documentation or the specific accounting standards being compared.

- Claim: The increase in total net inventory from 2024 to 2025 suggests a need to assess the valuation assertion for potential obsolescence or impairment.
  - Claim type: Risk-cue or assertion-mapping
  - Support used: F-CAT-0019, F-CAT-0018
  - Inferential bridge: The increase in Inventory, Net from 16,827,000,000 USD to 18,135,000,000 USD increases the total carrying value of the asset, thereby increasing the potential exposure to valuation errors if the inventory is not realizable at the reported cost.
  - Limitation: Missing inventory aging reports or specific data on slow-moving and obsolete stock."
EXT-C085,CAT,Caterpillar Inc.,bounded_extension,inventory,xbrl,"As of 2025-12-31, the Inventory LIFO Reserve is 4,305,000,000 USD.",,F-CAT-0048,"XBRL RELATIONAL RETRIEVAL CONTEXT

Facts:
1. fact_id=F-CAT-0802 concept=InventoryFinishedGoodsNetOfReserves value=8329000000 unit=iso4217:USD period=instant:2024-12-31 dimensions=none
2. fact_id=F-CAT-0801 concept=InventoryFinishedGoodsNetOfReserves value=8725000000 unit=iso4217:USD period=instant:2025-12-31 dimensions=none
3. fact_id=F-CAT-0049 concept=InventoryLIFOReserve value=3864000000 unit=iso4217:USD period=instant:2024-12-31 dimensions=none
4. fact_id=F-CAT-0048 concept=InventoryLIFOReserve value=4305000000 unit=iso4217:USD period=instant:2025-12-31 dimensions=none
5. fact_id=F-CAT-1037 concept=InventoryMethodologyDifference value=3560000000 unit=iso4217:USD period=instant:2024-12-31 dimensions=srt:ConsolidationItemsAxis=us-gaap:CorporateNonSegmentMember
6. fact_id=F-CAT-1036 concept=InventoryMethodologyDifference value=3622000000 unit=iso4217:USD period=instant:2025-12-31 dimensions=srt:ConsolidationItemsAxis=us-gaap:CorporateNonSegmentMember
7. fact_id=F-CAT-0019 concept=InventoryNet value=16827000000 unit=iso4217:USD period=instant:2024-12-31 dimensions=none
8. fact_id=F-CAT-0806 concept=InventoryNet value=16827000000 unit=iso4217:USD period=instant:2024-12-31 dimensions=none
9. fact_id=F-CAT-0018 concept=InventoryNet value=18135000000 unit=iso4217:USD period=instant:2025-12-31 dimensions=none
10. fact_id=F-CAT-0798 concept=InventoryRawMaterialsNetOfReserves value=6681000000 unit=iso4217:USD period=instant:2024-12-31 dimensions=none
11. fact_id=F-CAT-0797 concept=InventoryRawMaterialsNetOfReserves value=7434000000 unit=iso4217:USD period=instant:2025-12-31 dimensions=none
12. fact_id=F-CAT-0804 concept=InventorySuppliesNetOfReserves value=379000000 unit=iso4217:USD period=instant:2024-12-31 dimensions=none

Relation paths:
1. path_id=X-CAT-0312 relation_type=calculation source=us-gaap:InventoryNet (Inventory, Net) -> target=us-gaap:InventoryFinishedGoodsNetOfReserves (Inventory, Finished Goods, Net of Reserves) arcrole=http://www.xbrl.org/2003/arcrole/summation-item role=http://www.cat.com/role/InventoriesDetails
2. path_id=X-CAT-0310 relation_type=calculation source=us-gaap:InventoryNet (Inventory, Net) -> target=us-gaap:InventoryRawMaterialsNetOfReserves (Inventory, Raw Materials, Net of Reserves) arcrole=http://www.xbrl.org/2003/arcrole/summation-item role=http://www.cat.com/role/InventoriesDetails
3. path_id=X-CAT-0313 relation_type=calculation source=us-gaap:InventoryNet (Inventory, Net) -> target=us-gaap:InventorySuppliesNetOfReserves (Inventory, Supplies, Net of Reserves) arcrole=http://www.xbrl.org/2003/arcrole/summation-item role=http://www.cat.com/role/InventoriesDetails
4. path_id=X-CAT-0311 relation_type=calculation source=us-gaap:InventoryNet (Inventory, Net) -> target=us-gaap:InventoryWorkInProcessNetOfReserves (Inventory, Work in Process, Net of Reserves) arcrole=http://www.xbrl.org/2003/arcrole/summation-item role=http://www.cat.com/role/InventoriesDetails
5. path_id=X-CAT-0018 relation_type=presentation source=us-gaap:InventoryDisclosureAbstract (Inventory Disclosure [Abstract]) -> target=us-gaap:InventoryDisclosureTextBlock (Inventory Disclosure [Text Block]) arcrole=http://www.xbrl.org/2003/arcrole/parent-child role=http://www.cat.com/role/Inventories
6. path_id=X-CAT-0215 relation_type=presentation source=us-gaap:InventoryDisclosureAbstract (Inventory Disclosure [Abstract]) -> target=us-gaap:InventoryFinishedGoodsNetOfReserves (Inventory, Finished Goods, Net of Reserves) arcrole=http://www.xbrl.org/2003/arcrole/parent-child role=http://www.cat.com/role/InventoriesDetails
7. path_id=X-CAT-0217 relation_type=presentation source=us-gaap:InventoryDisclosureAbstract (Inventory Disclosure [Abstract]) -> target=us-gaap:InventoryNet (Inventory, Net) arcrole=http://www.xbrl.org/2003/arcrole/parent-child role=http://www.cat.com/role/InventoriesDetails
8. path_id=X-CAT-0213 relation_type=presentation source=us-gaap:InventoryDisclosureAbstract (Inventory Disclosure [Abstract]) -> target=us-gaap:InventoryRawMaterialsNetOfReserves (Inventory, Raw Materials, Net of Reserves) arcrole=http://www.xbrl.org/2003/arcrole/parent-child role=http://www.cat.com/role/InventoriesDetails
9. path_id=X-CAT-0216 relation_type=presentation source=us-gaap:InventoryDisclosureAbstract (Inventory Disclosure [Abstract]) -> target=us-gaap:InventorySuppliesNetOfReserves (Inventory, Supplies, Net of Reserves) arcrole=http://www.xbrl.org/2003/arcrole/parent-child role=http://www.cat.com/role/InventoriesDetails
10. path_id=X-CAT-0214 relation_type=presentation source=us-gaap:InventoryDisclosureAbstract (Inventory Disclosure [Abstract]) -> target=us-gaap:InventoryWorkInProcessNetOfReserves (Inventory, Work in Process, Net of Reserves) arcrole=http://www.xbrl.org/2003/arcrole/parent-child role=http://www.cat.com/role/InventoriesDetails","- Claim: As of 2025-12-31, the Inventory, Net balance is 18,135,000,000 USD.
  - Claim type: Factual
  - Support used: F-CAT-0018
  - Limitation: This value is a point-in-time measurement as of the fiscal year-end and is limited to the reported consolidated figure.

- Claim: As of 2025-12-31, the Inventory LIFO Reserve is 4,305,000,000 USD.
  - Claim type: Factual
  - Support used: F-CAT-0048
  - Limitation: This value is limited to the reported LIFO reserve amount as of the specific period end 2025-12-31.

- Claim: The valuation assertion for inventory is impacted by the calculation and maintenance of the LIFO reserve.
  - Claim type: Risk-cue or assertion-mapping
  - Support used: F-CAT-0048, F-CAT-0049
  - Inferential bridge: The existence of a substantial LIFO reserve (increasing from 3.864B to 4.305B) indicates that the reported inventory value is a derivative of a specific cost-flow assumption, requiring verification of the reserve's accuracy to ensure proper valuation.
  - Limitation: Missing the specific LIFO calculation methodology and the underlying price indices used to determine the reserve.

- Claim: The reported ""InventoryMethodologyDifference"" represents a risk cue for the valuation assertion due to the complexity of reconciling different accounting methods.
  - Claim type: Risk-cue or assertion-mapping
  - Support used: F-CAT-1036
  - Inferential bridge: A reported methodology difference of 3,622,000,000 USD suggests that the inventory is valued using a method that differs from another standard (e.g., local GAAP vs. US GAAP), which introduces risk in the mapping and conversion of these values.
  - Limitation: Missing the detailed reconciliation documentation or the specific accounting standards being compared.

- Claim: The increase in total net inventory from 2024 to 2025 suggests a need to assess the valuation assertion for potential obsolescence or impairment.
  - Claim type: Risk-cue or assertion-mapping
  - Support used: F-CAT-0019, F-CAT-0018
  - Inferential bridge: The increase in Inventory, Net from 16,827,000,000 USD to 18,135,000,000 USD increases the total carrying value of the asset, thereby increasing the potential exposure to valuation errors if the inventory is not realizable at the reported cost.
  - Limitation: Missing inventory aging reports or specific data on slow-moving and obsolete stock."
EXT-C086,CAT,Caterpillar Inc.,bounded_extension,inventory,xbrl,The valuation assertion for inventory is impacted by the calculation and maintenance of the LIFO reserve.,,F-CAT-0048; F-CAT-0049,"XBRL RELATIONAL RETRIEVAL CONTEXT

Facts:
1. fact_id=F-CAT-0802 concept=InventoryFinishedGoodsNetOfReserves value=8329000000 unit=iso4217:USD period=instant:2024-12-31 dimensions=none
2. fact_id=F-CAT-0801 concept=InventoryFinishedGoodsNetOfReserves value=8725000000 unit=iso4217:USD period=instant:2025-12-31 dimensions=none
3. fact_id=F-CAT-0049 concept=InventoryLIFOReserve value=3864000000 unit=iso4217:USD period=instant:2024-12-31 dimensions=none
4. fact_id=F-CAT-0048 concept=InventoryLIFOReserve value=4305000000 unit=iso4217:USD period=instant:2025-12-31 dimensions=none
5. fact_id=F-CAT-1037 concept=InventoryMethodologyDifference value=3560000000 unit=iso4217:USD period=instant:2024-12-31 dimensions=srt:ConsolidationItemsAxis=us-gaap:CorporateNonSegmentMember
6. fact_id=F-CAT-1036 concept=InventoryMethodologyDifference value=3622000000 unit=iso4217:USD period=instant:2025-12-31 dimensions=srt:ConsolidationItemsAxis=us-gaap:CorporateNonSegmentMember
7. fact_id=F-CAT-0019 concept=InventoryNet value=16827000000 unit=iso4217:USD period=instant:2024-12-31 dimensions=none
8. fact_id=F-CAT-0806 concept=InventoryNet value=16827000000 unit=iso4217:USD period=instant:2024-12-31 dimensions=none
9. fact_id=F-CAT-0018 concept=InventoryNet value=18135000000 unit=iso4217:USD period=instant:2025-12-31 dimensions=none
10. fact_id=F-CAT-0798 concept=InventoryRawMaterialsNetOfReserves value=6681000000 unit=iso4217:USD period=instant:2024-12-31 dimensions=none
11. fact_id=F-CAT-0797 concept=InventoryRawMaterialsNetOfReserves value=7434000000 unit=iso4217:USD period=instant:2025-12-31 dimensions=none
12. fact_id=F-CAT-0804 concept=InventorySuppliesNetOfReserves value=379000000 unit=iso4217:USD period=instant:2024-12-31 dimensions=none

Relation paths:
1. path_id=X-CAT-0312 relation_type=calculation source=us-gaap:InventoryNet (Inventory, Net) -> target=us-gaap:InventoryFinishedGoodsNetOfReserves (Inventory, Finished Goods, Net of Reserves) arcrole=http://www.xbrl.org/2003/arcrole/summation-item role=http://www.cat.com/role/InventoriesDetails
2. path_id=X-CAT-0310 relation_type=calculation source=us-gaap:InventoryNet (Inventory, Net) -> target=us-gaap:InventoryRawMaterialsNetOfReserves (Inventory, Raw Materials, Net of Reserves) arcrole=http://www.xbrl.org/2003/arcrole/summation-item role=http://www.cat.com/role/InventoriesDetails
3. path_id=X-CAT-0313 relation_type=calculation source=us-gaap:InventoryNet (Inventory, Net) -> target=us-gaap:InventorySuppliesNetOfReserves (Inventory, Supplies, Net of Reserves) arcrole=http://www.xbrl.org/2003/arcrole/summation-item role=http://www.cat.com/role/InventoriesDetails
4. path_id=X-CAT-0311 relation_type=calculation source=us-gaap:InventoryNet (Inventory, Net) -> target=us-gaap:InventoryWorkInProcessNetOfReserves (Inventory, Work in Process, Net of Reserves) arcrole=http://www.xbrl.org/2003/arcrole/summation-item role=http://www.cat.com/role/InventoriesDetails
5. path_id=X-CAT-0018 relation_type=presentation source=us-gaap:InventoryDisclosureAbstract (Inventory Disclosure [Abstract]) -> target=us-gaap:InventoryDisclosureTextBlock (Inventory Disclosure [Text Block]) arcrole=http://www.xbrl.org/2003/arcrole/parent-child role=http://www.cat.com/role/Inventories
6. path_id=X-CAT-0215 relation_type=presentation source=us-gaap:InventoryDisclosureAbstract (Inventory Disclosure [Abstract]) -> target=us-gaap:InventoryFinishedGoodsNetOfReserves (Inventory, Finished Goods, Net of Reserves) arcrole=http://www.xbrl.org/2003/arcrole/parent-child role=http://www.cat.com/role/InventoriesDetails
7. path_id=X-CAT-0217 relation_type=presentation source=us-gaap:InventoryDisclosureAbstract (Inventory Disclosure [Abstract]) -> target=us-gaap:InventoryNet (Inventory, Net) arcrole=http://www.xbrl.org/2003/arcrole/parent-child role=http://www.cat.com/role/InventoriesDetails
8. path_id=X-CAT-0213 relation_type=presentation source=us-gaap:InventoryDisclosureAbstract (Inventory Disclosure [Abstract]) -> target=us-gaap:InventoryRawMaterialsNetOfReserves (Inventory, Raw Materials, Net of Reserves) arcrole=http://www.xbrl.org/2003/arcrole/parent-child role=http://www.cat.com/role/InventoriesDetails
9. path_id=X-CAT-0216 relation_type=presentation source=us-gaap:InventoryDisclosureAbstract (Inventory Disclosure [Abstract]) -> target=us-gaap:InventorySuppliesNetOfReserves (Inventory, Supplies, Net of Reserves) arcrole=http://www.xbrl.org/2003/arcrole/parent-child role=http://www.cat.com/role/InventoriesDetails
10. path_id=X-CAT-0214 relation_type=presentation source=us-gaap:InventoryDisclosureAbstract (Inventory Disclosure [Abstract]) -> target=us-gaap:InventoryWorkInProcessNetOfReserves (Inventory, Work in Process, Net of Reserves) arcrole=http://www.xbrl.org/2003/arcrole/parent-child role=http://www.cat.com/role/InventoriesDetails","- Claim: As of 2025-12-31, the Inventory, Net balance is 18,135,000,000 USD.
  - Claim type: Factual
  - Support used: F-CAT-0018
  - Limitation: This value is a point-in-time measurement as of the fiscal year-end and is limited to the reported consolidated figure.

- Claim: As of 2025-12-31, the Inventory LIFO Reserve is 4,305,000,000 USD.
  - Claim type: Factual
  - Support used: F-CAT-0048
  - Limitation: This value is limited to the reported LIFO reserve amount as of the specific period end 2025-12-31.

- Claim: The valuation assertion for inventory is impacted by the calculation and maintenance of the LIFO reserve.
  - Claim type: Risk-cue or assertion-mapping
  - Support used: F-CAT-0048, F-CAT-0049
  - Inferential bridge: The existence of a substantial LIFO reserve (increasing from 3.864B to 4.305B) indicates that the reported inventory value is a derivative of a specific cost-flow assumption, requiring verification of the reserve's accuracy to ensure proper valuation.
  - Limitation: Missing the specific LIFO calculation methodology and the underlying price indices used to determine the reserve.

- Claim: The reported ""InventoryMethodologyDifference"" represents a risk cue for the valuation assertion due to the complexity of reconciling different accounting methods.
  - Claim type: Risk-cue or assertion-mapping
  - Support used: F-CAT-1036
  - Inferential bridge: A reported methodology difference of 3,622,000,000 USD suggests that the inventory is valued using a method that differs from another standard (e.g., local GAAP vs. US GAAP), which introduces risk in the mapping and conversion of these values.
  - Limitation: Missing the detailed reconciliation documentation or the specific accounting standards being compared.

- Claim: The increase in total net inventory from 2024 to 2025 suggests a need to assess the valuation assertion for potential obsolescence or impairment.
  - Claim type: Risk-cue or assertion-mapping
  - Support used: F-CAT-0019, F-CAT-0018
  - Inferential bridge: The increase in Inventory, Net from 16,827,000,000 USD to 18,135,000,000 USD increases the total carrying value of the asset, thereby increasing the potential exposure to valuation errors if the inventory is not realizable at the reported cost.
  - Limitation: Missing inventory aging reports or specific data on slow-moving and obsolete stock."
EXT-C087,CAT,Caterpillar Inc.,bounded_extension,inventory,xbrl,"The reported ""InventoryMethodologyDifference"" represents a risk cue for the valuation assertion due to the complexity of reconciling different accounting methods.",,F-CAT-1036,"XBRL RELATIONAL RETRIEVAL CONTEXT

Facts:
1. fact_id=F-CAT-0802 concept=InventoryFinishedGoodsNetOfReserves value=8329000000 unit=iso4217:USD period=instant:2024-12-31 dimensions=none
2. fact_id=F-CAT-0801 concept=InventoryFinishedGoodsNetOfReserves value=8725000000 unit=iso4217:USD period=instant:2025-12-31 dimensions=none
3. fact_id=F-CAT-0049 concept=InventoryLIFOReserve value=3864000000 unit=iso4217:USD period=instant:2024-12-31 dimensions=none
4. fact_id=F-CAT-0048 concept=InventoryLIFOReserve value=4305000000 unit=iso4217:USD period=instant:2025-12-31 dimensions=none
5. fact_id=F-CAT-1037 concept=InventoryMethodologyDifference value=3560000000 unit=iso4217:USD period=instant:2024-12-31 dimensions=srt:ConsolidationItemsAxis=us-gaap:CorporateNonSegmentMember
6. fact_id=F-CAT-1036 concept=InventoryMethodologyDifference value=3622000000 unit=iso4217:USD period=instant:2025-12-31 dimensions=srt:ConsolidationItemsAxis=us-gaap:CorporateNonSegmentMember
7. fact_id=F-CAT-0019 concept=InventoryNet value=16827000000 unit=iso4217:USD period=instant:2024-12-31 dimensions=none
8. fact_id=F-CAT-0806 concept=InventoryNet value=16827000000 unit=iso4217:USD period=instant:2024-12-31 dimensions=none
9. fact_id=F-CAT-0018 concept=InventoryNet value=18135000000 unit=iso4217:USD period=instant:2025-12-31 dimensions=none
10. fact_id=F-CAT-0798 concept=InventoryRawMaterialsNetOfReserves value=6681000000 unit=iso4217:USD period=instant:2024-12-31 dimensions=none
11. fact_id=F-CAT-0797 concept=InventoryRawMaterialsNetOfReserves value=7434000000 unit=iso4217:USD period=instant:2025-12-31 dimensions=none
12. fact_id=F-CAT-0804 concept=InventorySuppliesNetOfReserves value=379000000 unit=iso4217:USD period=instant:2024-12-31 dimensions=none

Relation paths:
1. path_id=X-CAT-0312 relation_type=calculation source=us-gaap:InventoryNet (Inventory, Net) -> target=us-gaap:InventoryFinishedGoodsNetOfReserves (Inventory, Finished Goods, Net of Reserves) arcrole=http://www.xbrl.org/2003/arcrole/summation-item role=http://www.cat.com/role/InventoriesDetails
2. path_id=X-CAT-0310 relation_type=calculation source=us-gaap:InventoryNet (Inventory, Net) -> target=us-gaap:InventoryRawMaterialsNetOfReserves (Inventory, Raw Materials, Net of Reserves) arcrole=http://www.xbrl.org/2003/arcrole/summation-item role=http://www.cat.com/role/InventoriesDetails
3. path_id=X-CAT-0313 relation_type=calculation source=us-gaap:InventoryNet (Inventory, Net) -> target=us-gaap:InventorySuppliesNetOfReserves (Inventory, Supplies, Net of Reserves) arcrole=http://www.xbrl.org/2003/arcrole/summation-item role=http://www.cat.com/role/InventoriesDetails
4. path_id=X-CAT-0311 relation_type=calculation source=us-gaap:InventoryNet (Inventory, Net) -> target=us-gaap:InventoryWorkInProcessNetOfReserves (Inventory, Work in Process, Net of Reserves) arcrole=http://www.xbrl.org/2003/arcrole/summation-item role=http://www.cat.com/role/InventoriesDetails
5. path_id=X-CAT-0018 relation_type=presentation source=us-gaap:InventoryDisclosureAbstract (Inventory Disclosure [Abstract]) -> target=us-gaap:InventoryDisclosureTextBlock (Inventory Disclosure [Text Block]) arcrole=http://www.xbrl.org/2003/arcrole/parent-child role=http://www.cat.com/role/Inventories
6. path_id=X-CAT-0215 relation_type=presentation source=us-gaap:InventoryDisclosureAbstract (Inventory Disclosure [Abstract]) -> target=us-gaap:InventoryFinishedGoodsNetOfReserves (Inventory, Finished Goods, Net of Reserves) arcrole=http://www.xbrl.org/2003/arcrole/parent-child role=http://www.cat.com/role/InventoriesDetails
7. path_id=X-CAT-0217 relation_type=presentation source=us-gaap:InventoryDisclosureAbstract (Inventory Disclosure [Abstract]) -> target=us-gaap:InventoryNet (Inventory, Net) arcrole=http://www.xbrl.org/2003/arcrole/parent-child role=http://www.cat.com/role/InventoriesDetails
8. path_id=X-CAT-0213 relation_type=presentation source=us-gaap:InventoryDisclosureAbstract (Inventory Disclosure [Abstract]) -> target=us-gaap:InventoryRawMaterialsNetOfReserves (Inventory, Raw Materials, Net of Reserves) arcrole=http://www.xbrl.org/2003/arcrole/parent-child role=http://www.cat.com/role/InventoriesDetails
9. path_id=X-CAT-0216 relation_type=presentation source=us-gaap:InventoryDisclosureAbstract (Inventory Disclosure [Abstract]) -> target=us-gaap:InventorySuppliesNetOfReserves (Inventory, Supplies, Net of Reserves) arcrole=http://www.xbrl.org/2003/arcrole/parent-child role=http://www.cat.com/role/InventoriesDetails
10. path_id=X-CAT-0214 relation_type=presentation source=us-gaap:InventoryDisclosureAbstract (Inventory Disclosure [Abstract]) -> target=us-gaap:InventoryWorkInProcessNetOfReserves (Inventory, Work in Process, Net of Reserves) arcrole=http://www.xbrl.org/2003/arcrole/parent-child role=http://www.cat.com/role/InventoriesDetails","- Claim: As of 2025-12-31, the Inventory, Net balance is 18,135,000,000 USD.
  - Claim type: Factual
  - Support used: F-CAT-0018
  - Limitation: This value is a point-in-time measurement as of the fiscal year-end and is limited to the reported consolidated figure.

- Claim: As of 2025-12-31, the Inventory LIFO Reserve is 4,305,000,000 USD.
  - Claim type: Factual
  - Support used: F-CAT-0048
  - Limitation: This value is limited to the reported LIFO reserve amount as of the specific period end 2025-12-31.

- Claim: The valuation assertion for inventory is impacted by the calculation and maintenance of the LIFO reserve.
  - Claim type: Risk-cue or assertion-mapping
  - Support used: F-CAT-0048, F-CAT-0049
  - Inferential bridge: The existence of a substantial LIFO reserve (increasing from 3.864B to 4.305B) indicates that the reported inventory value is a derivative of a specific cost-flow assumption, requiring verification of the reserve's accuracy to ensure proper valuation.
  - Limitation: Missing the specific LIFO calculation methodology and the underlying price indices used to determine the reserve.

- Claim: The reported ""InventoryMethodologyDifference"" represents a risk cue for the valuation assertion due to the complexity of reconciling different accounting methods.
  - Claim type: Risk-cue or assertion-mapping
  - Support used: F-CAT-1036
  - Inferential bridge: A reported methodology difference of 3,622,000,000 USD suggests that the inventory is valued using a method that differs from another standard (e.g., local GAAP vs. US GAAP), which introduces risk in the mapping and conversion of these values.
  - Limitation: Missing the detailed reconciliation documentation or the specific accounting standards being compared.

- Claim: The increase in total net inventory from 2024 to 2025 suggests a need to assess the valuation assertion for potential obsolescence or impairment.
  - Claim type: Risk-cue or assertion-mapping
  - Support used: F-CAT-0019, F-CAT-0018
  - Inferential bridge: The increase in Inventory, Net from 16,827,000,000 USD to 18,135,000,000 USD increases the total carrying value of the asset, thereby increasing the potential exposure to valuation errors if the inventory is not realizable at the reported cost.
  - Limitation: Missing inventory aging reports or specific data on slow-moving and obsolete stock."
EXT-C088,CAT,Caterpillar Inc.,bounded_extension,inventory,xbrl,The increase in total net inventory from 2024 to 2025 suggests a need to assess the valuation assertion for potential obsolescence or impairment.,,F-CAT-0018; F-CAT-0019,"XBRL RELATIONAL RETRIEVAL CONTEXT

Facts:
1. fact_id=F-CAT-0802 concept=InventoryFinishedGoodsNetOfReserves value=8329000000 unit=iso4217:USD period=instant:2024-12-31 dimensions=none
2. fact_id=F-CAT-0801 concept=InventoryFinishedGoodsNetOfReserves value=8725000000 unit=iso4217:USD period=instant:2025-12-31 dimensions=none
3. fact_id=F-CAT-0049 concept=InventoryLIFOReserve value=3864000000 unit=iso4217:USD period=instant:2024-12-31 dimensions=none
4. fact_id=F-CAT-0048 concept=InventoryLIFOReserve value=4305000000 unit=iso4217:USD period=instant:2025-12-31 dimensions=none
5. fact_id=F-CAT-1037 concept=InventoryMethodologyDifference value=3560000000 unit=iso4217:USD period=instant:2024-12-31 dimensions=srt:ConsolidationItemsAxis=us-gaap:CorporateNonSegmentMember
6. fact_id=F-CAT-1036 concept=InventoryMethodologyDifference value=3622000000 unit=iso4217:USD period=instant:2025-12-31 dimensions=srt:ConsolidationItemsAxis=us-gaap:CorporateNonSegmentMember
7. fact_id=F-CAT-0019 concept=InventoryNet value=16827000000 unit=iso4217:USD period=instant:2024-12-31 dimensions=none
8. fact_id=F-CAT-0806 concept=InventoryNet value=16827000000 unit=iso4217:USD period=instant:2024-12-31 dimensions=none
9. fact_id=F-CAT-0018 concept=InventoryNet value=18135000000 unit=iso4217:USD period=instant:2025-12-31 dimensions=none
10. fact_id=F-CAT-0798 concept=InventoryRawMaterialsNetOfReserves value=6681000000 unit=iso4217:USD period=instant:2024-12-31 dimensions=none
11. fact_id=F-CAT-0797 concept=InventoryRawMaterialsNetOfReserves value=7434000000 unit=iso4217:USD period=instant:2025-12-31 dimensions=none
12. fact_id=F-CAT-0804 concept=InventorySuppliesNetOfReserves value=379000000 unit=iso4217:USD period=instant:2024-12-31 dimensions=none

Relation paths:
1. path_id=X-CAT-0312 relation_type=calculation source=us-gaap:InventoryNet (Inventory, Net) -> target=us-gaap:InventoryFinishedGoodsNetOfReserves (Inventory, Finished Goods, Net of Reserves) arcrole=http://www.xbrl.org/2003/arcrole/summation-item role=http://www.cat.com/role/InventoriesDetails
2. path_id=X-CAT-0310 relation_type=calculation source=us-gaap:InventoryNet (Inventory, Net) -> target=us-gaap:InventoryRawMaterialsNetOfReserves (Inventory, Raw Materials, Net of Reserves) arcrole=http://www.xbrl.org/2003/arcrole/summation-item role=http://www.cat.com/role/InventoriesDetails
3. path_id=X-CAT-0313 relation_type=calculation source=us-gaap:InventoryNet (Inventory, Net) -> target=us-gaap:InventorySuppliesNetOfReserves (Inventory, Supplies, Net of Reserves) arcrole=http://www.xbrl.org/2003/arcrole/summation-item role=http://www.cat.com/role/InventoriesDetails
4. path_id=X-CAT-0311 relation_type=calculation source=us-gaap:InventoryNet (Inventory, Net) -> target=us-gaap:InventoryWorkInProcessNetOfReserves (Inventory, Work in Process, Net of Reserves) arcrole=http://www.xbrl.org/2003/arcrole/summation-item role=http://www.cat.com/role/InventoriesDetails
5. path_id=X-CAT-0018 relation_type=presentation source=us-gaap:InventoryDisclosureAbstract (Inventory Disclosure [Abstract]) -> target=us-gaap:InventoryDisclosureTextBlock (Inventory Disclosure [Text Block]) arcrole=http://www.xbrl.org/2003/arcrole/parent-child role=http://www.cat.com/role/Inventories
6. path_id=X-CAT-0215 relation_type=presentation source=us-gaap:InventoryDisclosureAbstract (Inventory Disclosure [Abstract]) -> target=us-gaap:InventoryFinishedGoodsNetOfReserves (Inventory, Finished Goods, Net of Reserves) arcrole=http://www.xbrl.org/2003/arcrole/parent-child role=http://www.cat.com/role/InventoriesDetails
7. path_id=X-CAT-0217 relation_type=presentation source=us-gaap:InventoryDisclosureAbstract (Inventory Disclosure [Abstract]) -> target=us-gaap:InventoryNet (Inventory, Net) arcrole=http://www.xbrl.org/2003/arcrole/parent-child role=http://www.cat.com/role/InventoriesDetails
8. path_id=X-CAT-0213 relation_type=presentation source=us-gaap:InventoryDisclosureAbstract (Inventory Disclosure [Abstract]) -> target=us-gaap:InventoryRawMaterialsNetOfReserves (Inventory, Raw Materials, Net of Reserves) arcrole=http://www.xbrl.org/2003/arcrole/parent-child role=http://www.cat.com/role/InventoriesDetails
9. path_id=X-CAT-0216 relation_type=presentation source=us-gaap:InventoryDisclosureAbstract (Inventory Disclosure [Abstract]) -> target=us-gaap:InventorySuppliesNetOfReserves (Inventory, Supplies, Net of Reserves) arcrole=http://www.xbrl.org/2003/arcrole/parent-child role=http://www.cat.com/role/InventoriesDetails
10. path_id=X-CAT-0214 relation_type=presentation source=us-gaap:InventoryDisclosureAbstract (Inventory Disclosure [Abstract]) -> target=us-gaap:InventoryWorkInProcessNetOfReserves (Inventory, Work in Process, Net of Reserves) arcrole=http://www.xbrl.org/2003/arcrole/parent-child role=http://www.cat.com/role/InventoriesDetails","- Claim: As of 2025-12-31, the Inventory, Net balance is 18,135,000,000 USD.
  - Claim type: Factual
  - Support used: F-CAT-0018
  - Limitation: This value is a point-in-time measurement as of the fiscal year-end and is limited to the reported consolidated figure.

- Claim: As of 2025-12-31, the Inventory LIFO Reserve is 4,305,000,000 USD.
  - Claim type: Factual
  - Support used: F-CAT-0048
  - Limitation: This value is limited to the reported LIFO reserve amount as of the specific period end 2025-12-31.

- Claim: The valuation assertion for inventory is impacted by the calculation and maintenance of the LIFO reserve.
  - Claim type: Risk-cue or assertion-mapping
  - Support used: F-CAT-0048, F-CAT-0049
  - Inferential bridge: The existence of a substantial LIFO reserve (increasing from 3.864B to 4.305B) indicates that the reported inventory value is a derivative of a specific cost-flow assumption, requiring verification of the reserve's accuracy to ensure proper valuation.
  - Limitation: Missing the specific LIFO calculation methodology and the underlying price indices used to determine the reserve.

- Claim: The reported ""InventoryMethodologyDifference"" represents a risk cue for the valuation assertion due to the complexity of reconciling different accounting methods.
  - Claim type: Risk-cue or assertion-mapping
  - Support used: F-CAT-1036
  - Inferential bridge: A reported methodology difference of 3,622,000,000 USD suggests that the inventory is valued using a method that differs from another standard (e.g., local GAAP vs. US GAAP), which introduces risk in the mapping and conversion of these values.
  - Limitation: Missing the detailed reconciliation documentation or the specific accounting standards being compared.

- Claim: The increase in total net inventory from 2024 to 2025 suggests a need to assess the valuation assertion for potential obsolescence or impairment.
  - Claim type: Risk-cue or assertion-mapping
  - Support used: F-CAT-0019, F-CAT-0018
  - Inferential bridge: The increase in Inventory, Net from 16,827,000,000 USD to 18,135,000,000 USD increases the total carrying value of the asset, thereby increasing the potential exposure to valuation errors if the inventory is not realizable at the reported cost.
  - Limitation: Missing inventory aging reports or specific data on slow-moving and obsolete stock."
EXT-C177,CROX,"Crocs, Inc.",bounded_extension,inventory,xbrl,"As of 2025-12-31, the net inventory balance for Crocs, Inc. was 368,687,000 USD.",,F-CROX-0014,"XBRL RELATIONAL RETRIEVAL CONTEXT

Facts:
1. fact_id=F-CROX-0015 concept=InventoryNet value=356254000 unit=iso4217:USD period=instant:2024-12-31 dimensions=none
2. fact_id=F-CROX-0014 concept=InventoryNet value=368687000 unit=iso4217:USD period=instant:2025-12-31 dimensions=none
3. fact_id=F-CROX-0022 concept=InventoryWriteDown value=2078000 unit=iso4217:USD period=duration:2023-01-01/2023-12-31 dimensions=none
4. fact_id=F-CROX-0021 concept=InventoryWriteDown value=812000 unit=iso4217:USD period=duration:2024-01-01/2024-12-31 dimensions=none
5. fact_id=F-CROX-0020 concept=InventoryWriteDown value=871000 unit=iso4217:USD period=duration:2025-01-01/2025-12-31 dimensions=none
6. fact_id=F-CROX-0009 concept=GrossProfit value=2210010000 unit=iso4217:USD period=duration:2023-01-01/2023-12-31 dimensions=none
7. fact_id=F-CROX-0008 concept=GrossProfit value=2410258000 unit=iso4217:USD period=duration:2024-01-01/2024-12-31 dimensions=none
8. fact_id=F-CROX-0007 concept=GrossProfit value=2357055000 unit=iso4217:USD period=duration:2025-01-01/2025-12-31 dimensions=none
9. fact_id=F-CROX-0006 concept=CostOfGoodsAndServicesSold value=1752337000 unit=iso4217:USD period=duration:2023-01-01/2023-12-31 dimensions=none
10. fact_id=F-CROX-0108 concept=CostOfGoodsAndServicesSold value=1205670000 unit=iso4217:USD period=duration:2023-01-01/2023-12-31 dimensions=srt:ConsolidationItemsAxis=us-gaap:OperatingSegmentsMember; us-gaap:StatementBusinessSegmentsAxis=crox:CrocsBrandSegmentMember
11. fact_id=F-CROX-0114 concept=CostOfGoodsAndServicesSold value=531414000 unit=iso4217:USD period=duration:2023-01-01/2023-12-31 dimensions=srt:ConsolidationItemsAxis=us-gaap:OperatingSegmentsMember; us-gaap:StatementBusinessSegmentsAxis=crox:HEYDUDEBrandSegmentMember
12. fact_id=F-CROX-0028 concept=IncreaseDecreaseInInventories value=-86350000 unit=iso4217:USD period=duration:2023-01-01/2023-12-31 dimensions=none

Relation paths:
1. path_id=X-CROX-0057 relation_type=calculation source=us-gaap:GrossProfit (Gross Profit) -> target=us-gaap:CostOfGoodsAndServicesSold (Cost of Product and Service Sold) arcrole=http://www.xbrl.org/2003/arcrole/summation-item role=http://www.crocs.com/role/CONSOLIDATEDSTATEMENTSOFOPERATIONS
2. path_id=X-CROX-0060 relation_type=calculation source=us-gaap:AssetsCurrent (Assets, Current) -> target=us-gaap:InventoryNet (Inventory, Net) arcrole=http://www.xbrl.org/2003/arcrole/summation-item role=http://www.crocs.com/role/CONSOLIDATEDBALANCESHEETS
3. path_id=X-CROX-0065 relation_type=calculation source=us-gaap:NetCashProvidedByUsedInOperatingActivities (Cash Provided by (Used in) Operating Activity, Including Discontinued Operation) -> target=us-gaap:IncreaseDecreaseInInventories (Increase (Decrease) in Inventories) arcrole=http://www.xbrl.org/2003/arcrole/summation-item role=http://www.crocs.com/role/CONSOLIDATEDSTATEMENTSOFCASHFLOWS
4. path_id=X-CROX-0063 relation_type=calculation source=us-gaap:NetCashProvidedByUsedInOperatingActivities (Cash Provided by (Used in) Operating Activity, Including Discontinued Operation) -> target=us-gaap:InventoryWriteDown (Inventory Write-down) arcrole=http://www.xbrl.org/2003/arcrole/summation-item role=http://www.crocs.com/role/CONSOLIDATEDSTATEMENTSOFCASHFLOWS
5. path_id=X-CROX-0102 relation_type=definition source=us-gaap:SegmentReportingInformationLineItems (Segment Reporting Information [Line Items]) -> target=us-gaap:CostOfGoodsAndServicesSold (Cost of Product and Service Sold) arcrole=http://xbrl.org/int/dim/arcrole/domain-member role=http://www.crocs.com/role/OPERATINGSEGMENTSANDGEOGRAPHICINFORMATIONInformationRelatedToReportableOperatingBusinessSegmentsDetails
6. path_id=X-CROX-0009 relation_type=presentation source=us-gaap:AdjustmentsToReconcileNetIncomeLossToCashProvidedByUsedInOperatingActivitiesAbstract (Adjustment to Reconcile Net Income to Cash Provided by (Used in) Operating Activity [Abstract]) -> target=us-gaap:InventoryWriteDown (Inventory Write-down) arcrole=http://www.xbrl.org/2003/arcrole/parent-child role=http://www.crocs.com/role/CONSOLIDATEDSTATEMENTSOFCASHFLOWS
7. path_id=X-CROX-0005 relation_type=presentation source=us-gaap:AssetsCurrentAbstract (Assets, Current [Abstract]) -> target=us-gaap:InventoryNet (Inventory, Net) arcrole=http://www.xbrl.org/2003/arcrole/parent-child role=http://www.crocs.com/role/CONSOLIDATEDBALANCESHEETS
8. path_id=X-CROX-0002 relation_type=presentation source=us-gaap:IncomeStatementAbstract (Income Statement [Abstract]) -> target=us-gaap:CostOfGoodsAndServicesSold (Cost of Product and Service Sold) arcrole=http://www.xbrl.org/2003/arcrole/parent-child role=http://www.crocs.com/role/CONSOLIDATEDSTATEMENTSOFOPERATIONS
9. path_id=X-CROX-0011 relation_type=presentation source=us-gaap:IncreaseDecreaseInOperatingCapitalAbstract (Adjustment to Reconcile Net Income to Cash Provided by (Used in) Operating Activity, Increase (Decrease) in Operating Capital [Abstract]) -> target=us-gaap:IncreaseDecreaseInInventories (Increase (Decrease) in Inventories) arcrole=http://www.xbrl.org/2003/arcrole/parent-child role=http://www.crocs.com/role/CONSOLIDATEDSTATEMENTSOFCASHFLOWS
10. path_id=X-CROX-0015 relation_type=presentation source=us-gaap:OrganizationConsolidationAndPresentationOfFinancialStatementsAbstract (Organization, Consolidation and Presentation of Financial Statements [Abstract]) -> target=us-gaap:InventoryPolicyTextBlock (Inventory, Policy [Policy Text Block]) arcrole=http://www.xbrl.org/2003/arcrole/parent-child role=http://www.crocs.com/role/BASISOFPRESENTATIONANDSUMMARYOFSIGNIFICANTACCOUNTINGPOLICIESPolicies","- Claim: As of 2025-12-31, the net inventory balance for Crocs, Inc. was 368,687,000 USD.
  - Claim type: Factual
  - Support used: F-CROX-0014
  - Limitation: This measurement is limited to the reported balance at the specific instant of 2025-12-31.

- Claim: For the period 2025-01-01 to 2025-12-31, Crocs, Inc. recorded an inventory write-down of 871,000 USD.
  - Claim type: Factual
  - Support used: F-CROX-0020
  - Limitation: This figure represents an aggregate annual amount and does not provide a monthly or quarterly breakdown.

- Claim: The company has recorded inventory write-downs for three consecutive years (2023: 2,078,000 USD; 2024: 812,000 USD; 2025: 871,000 USD).
  - Claim type: Risk-cue or assertion-mapping
  - Support used: F-CROX-0022, F-CROX-0021, F-CROX-0020
  - Inferential bridge: The recurring recognition of write-downs across multiple periods indicates a persistent risk that inventory may become obsolete or fall below net realizable value, necessitating a focus on the valuation assertion.
  - Limitation: Missing the specific underlying causes for these write-downs (e.g., product obsolescence, damage, or pricing changes) and the internal controls used to trigger these adjustments.

- Claim: InventoryNet increased from 356,254,000 USD at 2024-12-31 to 368,687,000 USD at 2025-12-31, while a write-down of 871,000 USD was recognized in 2025.
  - Claim type: Risk-cue or assertion-mapping
  - Support used: F-CROX-0015, F-CROX-0014, F-CROX-0020
  - Inferential bridge: An increase in the total inventory asset base alongside the recognition of write-downs suggests a risk that the current write-down amount may not be sufficient to cover potential obsolescence within the larger inventory pool.
  - Limitation: Missing inventory aging reports or inventory turnover ratios to determine if the increase in inventory is commensurate with sales volume.

- Claim: Cost of Goods and Services Sold is distributed across different business segments (Crocs Brand and HEYDUDE Brand).
  - Claim type: Risk-cue or assertion-mapping
  - Support used: F-CROX-0108, F-CROX-0114
  - Inferential bridge: Because different brands typically have different product lifecycles and market demand profiles, the valuation risk (specifically the risk of obsolescence) may vary significantly between the Crocs and HEYDUDE segments.
  - Limitation: The provided context lacks 2025 segment-specific inventory balances or segment-specific write-down data to assess current valuation risks by brand."
EXT-C178,CROX,"Crocs, Inc.",bounded_extension,inventory,xbrl,"For the period 2025-01-01 to 2025-12-31, Crocs, Inc. recorded an inventory write-down of 871,000 USD.",,F-CROX-0020,"XBRL RELATIONAL RETRIEVAL CONTEXT

Facts:
1. fact_id=F-CROX-0015 concept=InventoryNet value=356254000 unit=iso4217:USD period=instant:2024-12-31 dimensions=none
2. fact_id=F-CROX-0014 concept=InventoryNet value=368687000 unit=iso4217:USD period=instant:2025-12-31 dimensions=none
3. fact_id=F-CROX-0022 concept=InventoryWriteDown value=2078000 unit=iso4217:USD period=duration:2023-01-01/2023-12-31 dimensions=none
4. fact_id=F-CROX-0021 concept=InventoryWriteDown value=812000 unit=iso4217:USD period=duration:2024-01-01/2024-12-31 dimensions=none
5. fact_id=F-CROX-0020 concept=InventoryWriteDown value=871000 unit=iso4217:USD period=duration:2025-01-01/2025-12-31 dimensions=none
6. fact_id=F-CROX-0009 concept=GrossProfit value=2210010000 unit=iso4217:USD period=duration:2023-01-01/2023-12-31 dimensions=none
7. fact_id=F-CROX-0008 concept=GrossProfit value=2410258000 unit=iso4217:USD period=duration:2024-01-01/2024-12-31 dimensions=none
8. fact_id=F-CROX-0007 concept=GrossProfit value=2357055000 unit=iso4217:USD period=duration:2025-01-01/2025-12-31 dimensions=none
9. fact_id=F-CROX-0006 concept=CostOfGoodsAndServicesSold value=1752337000 unit=iso4217:USD period=duration:2023-01-01/2023-12-31 dimensions=none
10. fact_id=F-CROX-0108 concept=CostOfGoodsAndServicesSold value=1205670000 unit=iso4217:USD period=duration:2023-01-01/2023-12-31 dimensions=srt:ConsolidationItemsAxis=us-gaap:OperatingSegmentsMember; us-gaap:StatementBusinessSegmentsAxis=crox:CrocsBrandSegmentMember
11. fact_id=F-CROX-0114 concept=CostOfGoodsAndServicesSold value=531414000 unit=iso4217:USD period=duration:2023-01-01/2023-12-31 dimensions=srt:ConsolidationItemsAxis=us-gaap:OperatingSegmentsMember; us-gaap:StatementBusinessSegmentsAxis=crox:HEYDUDEBrandSegmentMember
12. fact_id=F-CROX-0028 concept=IncreaseDecreaseInInventories value=-86350000 unit=iso4217:USD period=duration:2023-01-01/2023-12-31 dimensions=none

Relation paths:
1. path_id=X-CROX-0057 relation_type=calculation source=us-gaap:GrossProfit (Gross Profit) -> target=us-gaap:CostOfGoodsAndServicesSold (Cost of Product and Service Sold) arcrole=http://www.xbrl.org/2003/arcrole/summation-item role=http://www.crocs.com/role/CONSOLIDATEDSTATEMENTSOFOPERATIONS
2. path_id=X-CROX-0060 relation_type=calculation source=us-gaap:AssetsCurrent (Assets, Current) -> target=us-gaap:InventoryNet (Inventory, Net) arcrole=http://www.xbrl.org/2003/arcrole/summation-item role=http://www.crocs.com/role/CONSOLIDATEDBALANCESHEETS
3. path_id=X-CROX-0065 relation_type=calculation source=us-gaap:NetCashProvidedByUsedInOperatingActivities (Cash Provided by (Used in) Operating Activity, Including Discontinued Operation) -> target=us-gaap:IncreaseDecreaseInInventories (Increase (Decrease) in Inventories) arcrole=http://www.xbrl.org/2003/arcrole/summation-item role=http://www.crocs.com/role/CONSOLIDATEDSTATEMENTSOFCASHFLOWS
4. path_id=X-CROX-0063 relation_type=calculation source=us-gaap:NetCashProvidedByUsedInOperatingActivities (Cash Provided by (Used in) Operating Activity, Including Discontinued Operation) -> target=us-gaap:InventoryWriteDown (Inventory Write-down) arcrole=http://www.xbrl.org/2003/arcrole/summation-item role=http://www.crocs.com/role/CONSOLIDATEDSTATEMENTSOFCASHFLOWS
5. path_id=X-CROX-0102 relation_type=definition source=us-gaap:SegmentReportingInformationLineItems (Segment Reporting Information [Line Items]) -> target=us-gaap:CostOfGoodsAndServicesSold (Cost of Product and Service Sold) arcrole=http://xbrl.org/int/dim/arcrole/domain-member role=http://www.crocs.com/role/OPERATINGSEGMENTSANDGEOGRAPHICINFORMATIONInformationRelatedToReportableOperatingBusinessSegmentsDetails
6. path_id=X-CROX-0009 relation_type=presentation source=us-gaap:AdjustmentsToReconcileNetIncomeLossToCashProvidedByUsedInOperatingActivitiesAbstract (Adjustment to Reconcile Net Income to Cash Provided by (Used in) Operating Activity [Abstract]) -> target=us-gaap:InventoryWriteDown (Inventory Write-down) arcrole=http://www.xbrl.org/2003/arcrole/parent-child role=http://www.crocs.com/role/CONSOLIDATEDSTATEMENTSOFCASHFLOWS
7. path_id=X-CROX-0005 relation_type=presentation source=us-gaap:AssetsCurrentAbstract (Assets, Current [Abstract]) -> target=us-gaap:InventoryNet (Inventory, Net) arcrole=http://www.xbrl.org/2003/arcrole/parent-child role=http://www.crocs.com/role/CONSOLIDATEDBALANCESHEETS
8. path_id=X-CROX-0002 relation_type=presentation source=us-gaap:IncomeStatementAbstract (Income Statement [Abstract]) -> target=us-gaap:CostOfGoodsAndServicesSold (Cost of Product and Service Sold) arcrole=http://www.xbrl.org/2003/arcrole/parent-child role=http://www.crocs.com/role/CONSOLIDATEDSTATEMENTSOFOPERATIONS
9. path_id=X-CROX-0011 relation_type=presentation source=us-gaap:IncreaseDecreaseInOperatingCapitalAbstract (Adjustment to Reconcile Net Income to Cash Provided by (Used in) Operating Activity, Increase (Decrease) in Operating Capital [Abstract]) -> target=us-gaap:IncreaseDecreaseInInventories (Increase (Decrease) in Inventories) arcrole=http://www.xbrl.org/2003/arcrole/parent-child role=http://www.crocs.com/role/CONSOLIDATEDSTATEMENTSOFCASHFLOWS
10. path_id=X-CROX-0015 relation_type=presentation source=us-gaap:OrganizationConsolidationAndPresentationOfFinancialStatementsAbstract (Organization, Consolidation and Presentation of Financial Statements [Abstract]) -> target=us-gaap:InventoryPolicyTextBlock (Inventory, Policy [Policy Text Block]) arcrole=http://www.xbrl.org/2003/arcrole/parent-child role=http://www.crocs.com/role/BASISOFPRESENTATIONANDSUMMARYOFSIGNIFICANTACCOUNTINGPOLICIESPolicies","- Claim: As of 2025-12-31, the net inventory balance for Crocs, Inc. was 368,687,000 USD.
  - Claim type: Factual
  - Support used: F-CROX-0014
  - Limitation: This measurement is limited to the reported balance at the specific instant of 2025-12-31.

- Claim: For the period 2025-01-01 to 2025-12-31, Crocs, Inc. recorded an inventory write-down of 871,000 USD.
  - Claim type: Factual
  - Support used: F-CROX-0020
  - Limitation: This figure represents an aggregate annual amount and does not provide a monthly or quarterly breakdown.

- Claim: The company has recorded inventory write-downs for three consecutive years (2023: 2,078,000 USD; 2024: 812,000 USD; 2025: 871,000 USD).
  - Claim type: Risk-cue or assertion-mapping
  - Support used: F-CROX-0022, F-CROX-0021, F-CROX-0020
  - Inferential bridge: The recurring recognition of write-downs across multiple periods indicates a persistent risk that inventory may become obsolete or fall below net realizable value, necessitating a focus on the valuation assertion.
  - Limitation: Missing the specific underlying causes for these write-downs (e.g., product obsolescence, damage, or pricing changes) and the internal controls used to trigger these adjustments.

- Claim: InventoryNet increased from 356,254,000 USD at 2024-12-31 to 368,687,000 USD at 2025-12-31, while a write-down of 871,000 USD was recognized in 2025.
  - Claim type: Risk-cue or assertion-mapping
  - Support used: F-CROX-0015, F-CROX-0014, F-CROX-0020
  - Inferential bridge: An increase in the total inventory asset base alongside the recognition of write-downs suggests a risk that the current write-down amount may not be sufficient to cover potential obsolescence within the larger inventory pool.
  - Limitation: Missing inventory aging reports or inventory turnover ratios to determine if the increase in inventory is commensurate with sales volume.

- Claim: Cost of Goods and Services Sold is distributed across different business segments (Crocs Brand and HEYDUDE Brand).
  - Claim type: Risk-cue or assertion-mapping
  - Support used: F-CROX-0108, F-CROX-0114
  - Inferential bridge: Because different brands typically have different product lifecycles and market demand profiles, the valuation risk (specifically the risk of obsolescence) may vary significantly between the Crocs and HEYDUDE segments.
  - Limitation: The provided context lacks 2025 segment-specific inventory balances or segment-specific write-down data to assess current valuation risks by brand."
EXT-C179,CROX,"Crocs, Inc.",bounded_extension,inventory,xbrl,"The company has recorded inventory write-downs for three consecutive years (2023: 2,078,000 USD; 2024: 812,000 USD; 2025: 871,000 USD).",,F-CROX-0020; F-CROX-0021; F-CROX-0022,"XBRL RELATIONAL RETRIEVAL CONTEXT

Facts:
1. fact_id=F-CROX-0015 concept=InventoryNet value=356254000 unit=iso4217:USD period=instant:2024-12-31 dimensions=none
2. fact_id=F-CROX-0014 concept=InventoryNet value=368687000 unit=iso4217:USD period=instant:2025-12-31 dimensions=none
3. fact_id=F-CROX-0022 concept=InventoryWriteDown value=2078000 unit=iso4217:USD period=duration:2023-01-01/2023-12-31 dimensions=none
4. fact_id=F-CROX-0021 concept=InventoryWriteDown value=812000 unit=iso4217:USD period=duration:2024-01-01/2024-12-31 dimensions=none
5. fact_id=F-CROX-0020 concept=InventoryWriteDown value=871000 unit=iso4217:USD period=duration:2025-01-01/2025-12-31 dimensions=none
6. fact_id=F-CROX-0009 concept=GrossProfit value=2210010000 unit=iso4217:USD period=duration:2023-01-01/2023-12-31 dimensions=none
7. fact_id=F-CROX-0008 concept=GrossProfit value=2410258000 unit=iso4217:USD period=duration:2024-01-01/2024-12-31 dimensions=none
8. fact_id=F-CROX-0007 concept=GrossProfit value=2357055000 unit=iso4217:USD period=duration:2025-01-01/2025-12-31 dimensions=none
9. fact_id=F-CROX-0006 concept=CostOfGoodsAndServicesSold value=1752337000 unit=iso4217:USD period=duration:2023-01-01/2023-12-31 dimensions=none
10. fact_id=F-CROX-0108 concept=CostOfGoodsAndServicesSold value=1205670000 unit=iso4217:USD period=duration:2023-01-01/2023-12-31 dimensions=srt:ConsolidationItemsAxis=us-gaap:OperatingSegmentsMember; us-gaap:StatementBusinessSegmentsAxis=crox:CrocsBrandSegmentMember
11. fact_id=F-CROX-0114 concept=CostOfGoodsAndServicesSold value=531414000 unit=iso4217:USD period=duration:2023-01-01/2023-12-31 dimensions=srt:ConsolidationItemsAxis=us-gaap:OperatingSegmentsMember; us-gaap:StatementBusinessSegmentsAxis=crox:HEYDUDEBrandSegmentMember
12. fact_id=F-CROX-0028 concept=IncreaseDecreaseInInventories value=-86350000 unit=iso4217:USD period=duration:2023-01-01/2023-12-31 dimensions=none

Relation paths:
1. path_id=X-CROX-0057 relation_type=calculation source=us-gaap:GrossProfit (Gross Profit) -> target=us-gaap:CostOfGoodsAndServicesSold (Cost of Product and Service Sold) arcrole=http://www.xbrl.org/2003/arcrole/summation-item role=http://www.crocs.com/role/CONSOLIDATEDSTATEMENTSOFOPERATIONS
2. path_id=X-CROX-0060 relation_type=calculation source=us-gaap:AssetsCurrent (Assets, Current) -> target=us-gaap:InventoryNet (Inventory, Net) arcrole=http://www.xbrl.org/2003/arcrole/summation-item role=http://www.crocs.com/role/CONSOLIDATEDBALANCESHEETS
3. path_id=X-CROX-0065 relation_type=calculation source=us-gaap:NetCashProvidedByUsedInOperatingActivities (Cash Provided by (Used in) Operating Activity, Including Discontinued Operation) -> target=us-gaap:IncreaseDecreaseInInventories (Increase (Decrease) in Inventories) arcrole=http://www.xbrl.org/2003/arcrole/summation-item role=http://www.crocs.com/role/CONSOLIDATEDSTATEMENTSOFCASHFLOWS
4. path_id=X-CROX-0063 relation_type=calculation source=us-gaap:NetCashProvidedByUsedInOperatingActivities (Cash Provided by (Used in) Operating Activity, Including Discontinued Operation) -> target=us-gaap:InventoryWriteDown (Inventory Write-down) arcrole=http://www.xbrl.org/2003/arcrole/summation-item role=http://www.crocs.com/role/CONSOLIDATEDSTATEMENTSOFCASHFLOWS
5. path_id=X-CROX-0102 relation_type=definition source=us-gaap:SegmentReportingInformationLineItems (Segment Reporting Information [Line Items]) -> target=us-gaap:CostOfGoodsAndServicesSold (Cost of Product and Service Sold) arcrole=http://xbrl.org/int/dim/arcrole/domain-member role=http://www.crocs.com/role/OPERATINGSEGMENTSANDGEOGRAPHICINFORMATIONInformationRelatedToReportableOperatingBusinessSegmentsDetails
6. path_id=X-CROX-0009 relation_type=presentation source=us-gaap:AdjustmentsToReconcileNetIncomeLossToCashProvidedByUsedInOperatingActivitiesAbstract (Adjustment to Reconcile Net Income to Cash Provided by (Used in) Operating Activity [Abstract]) -> target=us-gaap:InventoryWriteDown (Inventory Write-down) arcrole=http://www.xbrl.org/2003/arcrole/parent-child role=http://www.crocs.com/role/CONSOLIDATEDSTATEMENTSOFCASHFLOWS
7. path_id=X-CROX-0005 relation_type=presentation source=us-gaap:AssetsCurrentAbstract (Assets, Current [Abstract]) -> target=us-gaap:InventoryNet (Inventory, Net) arcrole=http://www.xbrl.org/2003/arcrole/parent-child role=http://www.crocs.com/role/CONSOLIDATEDBALANCESHEETS
8. path_id=X-CROX-0002 relation_type=presentation source=us-gaap:IncomeStatementAbstract (Income Statement [Abstract]) -> target=us-gaap:CostOfGoodsAndServicesSold (Cost of Product and Service Sold) arcrole=http://www.xbrl.org/2003/arcrole/parent-child role=http://www.crocs.com/role/CONSOLIDATEDSTATEMENTSOFOPERATIONS
9. path_id=X-CROX-0011 relation_type=presentation source=us-gaap:IncreaseDecreaseInOperatingCapitalAbstract (Adjustment to Reconcile Net Income to Cash Provided by (Used in) Operating Activity, Increase (Decrease) in Operating Capital [Abstract]) -> target=us-gaap:IncreaseDecreaseInInventories (Increase (Decrease) in Inventories) arcrole=http://www.xbrl.org/2003/arcrole/parent-child role=http://www.crocs.com/role/CONSOLIDATEDSTATEMENTSOFCASHFLOWS
10. path_id=X-CROX-0015 relation_type=presentation source=us-gaap:OrganizationConsolidationAndPresentationOfFinancialStatementsAbstract (Organization, Consolidation and Presentation of Financial Statements [Abstract]) -> target=us-gaap:InventoryPolicyTextBlock (Inventory, Policy [Policy Text Block]) arcrole=http://www.xbrl.org/2003/arcrole/parent-child role=http://www.crocs.com/role/BASISOFPRESENTATIONANDSUMMARYOFSIGNIFICANTACCOUNTINGPOLICIESPolicies","- Claim: As of 2025-12-31, the net inventory balance for Crocs, Inc. was 368,687,000 USD.
  - Claim type: Factual
  - Support used: F-CROX-0014
  - Limitation: This measurement is limited to the reported balance at the specific instant of 2025-12-31.

- Claim: For the period 2025-01-01 to 2025-12-31, Crocs, Inc. recorded an inventory write-down of 871,000 USD.
  - Claim type: Factual
  - Support used: F-CROX-0020
  - Limitation: This figure represents an aggregate annual amount and does not provide a monthly or quarterly breakdown.

- Claim: The company has recorded inventory write-downs for three consecutive years (2023: 2,078,000 USD; 2024: 812,000 USD; 2025: 871,000 USD).
  - Claim type: Risk-cue or assertion-mapping
  - Support used: F-CROX-0022, F-CROX-0021, F-CROX-0020
  - Inferential bridge: The recurring recognition of write-downs across multiple periods indicates a persistent risk that inventory may become obsolete or fall below net realizable value, necessitating a focus on the valuation assertion.
  - Limitation: Missing the specific underlying causes for these write-downs (e.g., product obsolescence, damage, or pricing changes) and the internal controls used to trigger these adjustments.

- Claim: InventoryNet increased from 356,254,000 USD at 2024-12-31 to 368,687,000 USD at 2025-12-31, while a write-down of 871,000 USD was recognized in 2025.
  - Claim type: Risk-cue or assertion-mapping
  - Support used: F-CROX-0015, F-CROX-0014, F-CROX-0020
  - Inferential bridge: An increase in the total inventory asset base alongside the recognition of write-downs suggests a risk that the current write-down amount may not be sufficient to cover potential obsolescence within the larger inventory pool.
  - Limitation: Missing inventory aging reports or inventory turnover ratios to determine if the increase in inventory is commensurate with sales volume.

- Claim: Cost of Goods and Services Sold is distributed across different business segments (Crocs Brand and HEYDUDE Brand).
  - Claim type: Risk-cue or assertion-mapping
  - Support used: F-CROX-0108, F-CROX-0114
  - Inferential bridge: Because different brands typically have different product lifecycles and market demand profiles, the valuation risk (specifically the risk of obsolescence) may vary significantly between the Crocs and HEYDUDE segments.
  - Limitation: The provided context lacks 2025 segment-specific inventory balances or segment-specific write-down data to assess current valuation risks by brand."
EXT-C180,CROX,"Crocs, Inc.",bounded_extension,inventory,xbrl,"InventoryNet increased from 356,254,000 USD at 2024-12-31 to 368,687,000 USD at 2025-12-31, while a write-down of 871,000 USD was recognized in 2025.",,F-CROX-0014; F-CROX-0015; F-CROX-0020,"XBRL RELATIONAL RETRIEVAL CONTEXT

Facts:
1. fact_id=F-CROX-0015 concept=InventoryNet value=356254000 unit=iso4217:USD period=instant:2024-12-31 dimensions=none
2. fact_id=F-CROX-0014 concept=InventoryNet value=368687000 unit=iso4217:USD period=instant:2025-12-31 dimensions=none
3. fact_id=F-CROX-0022 concept=InventoryWriteDown value=2078000 unit=iso4217:USD period=duration:2023-01-01/2023-12-31 dimensions=none
4. fact_id=F-CROX-0021 concept=InventoryWriteDown value=812000 unit=iso4217:USD period=duration:2024-01-01/2024-12-31 dimensions=none
5. fact_id=F-CROX-0020 concept=InventoryWriteDown value=871000 unit=iso4217:USD period=duration:2025-01-01/2025-12-31 dimensions=none
6. fact_id=F-CROX-0009 concept=GrossProfit value=2210010000 unit=iso4217:USD period=duration:2023-01-01/2023-12-31 dimensions=none
7. fact_id=F-CROX-0008 concept=GrossProfit value=2410258000 unit=iso4217:USD period=duration:2024-01-01/2024-12-31 dimensions=none
8. fact_id=F-CROX-0007 concept=GrossProfit value=2357055000 unit=iso4217:USD period=duration:2025-01-01/2025-12-31 dimensions=none
9. fact_id=F-CROX-0006 concept=CostOfGoodsAndServicesSold value=1752337000 unit=iso4217:USD period=duration:2023-01-01/2023-12-31 dimensions=none
10. fact_id=F-CROX-0108 concept=CostOfGoodsAndServicesSold value=1205670000 unit=iso4217:USD period=duration:2023-01-01/2023-12-31 dimensions=srt:ConsolidationItemsAxis=us-gaap:OperatingSegmentsMember; us-gaap:StatementBusinessSegmentsAxis=crox:CrocsBrandSegmentMember
11. fact_id=F-CROX-0114 concept=CostOfGoodsAndServicesSold value=531414000 unit=iso4217:USD period=duration:2023-01-01/2023-12-31 dimensions=srt:ConsolidationItemsAxis=us-gaap:OperatingSegmentsMember; us-gaap:StatementBusinessSegmentsAxis=crox:HEYDUDEBrandSegmentMember
12. fact_id=F-CROX-0028 concept=IncreaseDecreaseInInventories value=-86350000 unit=iso4217:USD period=duration:2023-01-01/2023-12-31 dimensions=none

Relation paths:
1. path_id=X-CROX-0057 relation_type=calculation source=us-gaap:GrossProfit (Gross Profit) -> target=us-gaap:CostOfGoodsAndServicesSold (Cost of Product and Service Sold) arcrole=http://www.xbrl.org/2003/arcrole/summation-item role=http://www.crocs.com/role/CONSOLIDATEDSTATEMENTSOFOPERATIONS
2. path_id=X-CROX-0060 relation_type=calculation source=us-gaap:AssetsCurrent (Assets, Current) -> target=us-gaap:InventoryNet (Inventory, Net) arcrole=http://www.xbrl.org/2003/arcrole/summation-item role=http://www.crocs.com/role/CONSOLIDATEDBALANCESHEETS
3. path_id=X-CROX-0065 relation_type=calculation source=us-gaap:NetCashProvidedByUsedInOperatingActivities (Cash Provided by (Used in) Operating Activity, Including Discontinued Operation) -> target=us-gaap:IncreaseDecreaseInInventories (Increase (Decrease) in Inventories) arcrole=http://www.xbrl.org/2003/arcrole/summation-item role=http://www.crocs.com/role/CONSOLIDATEDSTATEMENTSOFCASHFLOWS
4. path_id=X-CROX-0063 relation_type=calculation source=us-gaap:NetCashProvidedByUsedInOperatingActivities (Cash Provided by (Used in) Operating Activity, Including Discontinued Operation) -> target=us-gaap:InventoryWriteDown (Inventory Write-down) arcrole=http://www.xbrl.org/2003/arcrole/summation-item role=http://www.crocs.com/role/CONSOLIDATEDSTATEMENTSOFCASHFLOWS
5. path_id=X-CROX-0102 relation_type=definition source=us-gaap:SegmentReportingInformationLineItems (Segment Reporting Information [Line Items]) -> target=us-gaap:CostOfGoodsAndServicesSold (Cost of Product and Service Sold) arcrole=http://xbrl.org/int/dim/arcrole/domain-member role=http://www.crocs.com/role/OPERATINGSEGMENTSANDGEOGRAPHICINFORMATIONInformationRelatedToReportableOperatingBusinessSegmentsDetails
6. path_id=X-CROX-0009 relation_type=presentation source=us-gaap:AdjustmentsToReconcileNetIncomeLossToCashProvidedByUsedInOperatingActivitiesAbstract (Adjustment to Reconcile Net Income to Cash Provided by (Used in) Operating Activity [Abstract]) -> target=us-gaap:InventoryWriteDown (Inventory Write-down) arcrole=http://www.xbrl.org/2003/arcrole/parent-child role=http://www.crocs.com/role/CONSOLIDATEDSTATEMENTSOFCASHFLOWS
7. path_id=X-CROX-0005 relation_type=presentation source=us-gaap:AssetsCurrentAbstract (Assets, Current [Abstract]) -> target=us-gaap:InventoryNet (Inventory, Net) arcrole=http://www.xbrl.org/2003/arcrole/parent-child role=http://www.crocs.com/role/CONSOLIDATEDBALANCESHEETS
8. path_id=X-CROX-0002 relation_type=presentation source=us-gaap:IncomeStatementAbstract (Income Statement [Abstract]) -> target=us-gaap:CostOfGoodsAndServicesSold (Cost of Product and Service Sold) arcrole=http://www.xbrl.org/2003/arcrole/parent-child role=http://www.crocs.com/role/CONSOLIDATEDSTATEMENTSOFOPERATIONS
9. path_id=X-CROX-0011 relation_type=presentation source=us-gaap:IncreaseDecreaseInOperatingCapitalAbstract (Adjustment to Reconcile Net Income to Cash Provided by (Used in) Operating Activity, Increase (Decrease) in Operating Capital [Abstract]) -> target=us-gaap:IncreaseDecreaseInInventories (Increase (Decrease) in Inventories) arcrole=http://www.xbrl.org/2003/arcrole/parent-child role=http://www.crocs.com/role/CONSOLIDATEDSTATEMENTSOFCASHFLOWS
10. path_id=X-CROX-0015 relation_type=presentation source=us-gaap:OrganizationConsolidationAndPresentationOfFinancialStatementsAbstract (Organization, Consolidation and Presentation of Financial Statements [Abstract]) -> target=us-gaap:InventoryPolicyTextBlock (Inventory, Policy [Policy Text Block]) arcrole=http://www.xbrl.org/2003/arcrole/parent-child role=http://www.crocs.com/role/BASISOFPRESENTATIONANDSUMMARYOFSIGNIFICANTACCOUNTINGPOLICIESPolicies","- Claim: As of 2025-12-31, the net inventory balance for Crocs, Inc. was 368,687,000 USD.
  - Claim type: Factual
  - Support used: F-CROX-0014
  - Limitation: This measurement is limited to the reported balance at the specific instant of 2025-12-31.

- Claim: For the period 2025-01-01 to 2025-12-31, Crocs, Inc. recorded an inventory write-down of 871,000 USD.
  - Claim type: Factual
  - Support used: F-CROX-0020
  - Limitation: This figure represents an aggregate annual amount and does not provide a monthly or quarterly breakdown.

- Claim: The company has recorded inventory write-downs for three consecutive years (2023: 2,078,000 USD; 2024: 812,000 USD; 2025: 871,000 USD).
  - Claim type: Risk-cue or assertion-mapping
  - Support used: F-CROX-0022, F-CROX-0021, F-CROX-0020
  - Inferential bridge: The recurring recognition of write-downs across multiple periods indicates a persistent risk that inventory may become obsolete or fall below net realizable value, necessitating a focus on the valuation assertion.
  - Limitation: Missing the specific underlying causes for these write-downs (e.g., product obsolescence, damage, or pricing changes) and the internal controls used to trigger these adjustments.

- Claim: InventoryNet increased from 356,254,000 USD at 2024-12-31 to 368,687,000 USD at 2025-12-31, while a write-down of 871,000 USD was recognized in 2025.
  - Claim type: Risk-cue or assertion-mapping
  - Support used: F-CROX-0015, F-CROX-0014, F-CROX-0020
  - Inferential bridge: An increase in the total inventory asset base alongside the recognition of write-downs suggests a risk that the current write-down amount may not be sufficient to cover potential obsolescence within the larger inventory pool.
  - Limitation: Missing inventory aging reports or inventory turnover ratios to determine if the increase in inventory is commensurate with sales volume.

- Claim: Cost of Goods and Services Sold is distributed across different business segments (Crocs Brand and HEYDUDE Brand).
  - Claim type: Risk-cue or assertion-mapping
  - Support used: F-CROX-0108, F-CROX-0114
  - Inferential bridge: Because different brands typically have different product lifecycles and market demand profiles, the valuation risk (specifically the risk of obsolescence) may vary significantly between the Crocs and HEYDUDE segments.
  - Limitation: The provided context lacks 2025 segment-specific inventory balances or segment-specific write-down data to assess current valuation risks by brand."
EXT-C181,CROX,"Crocs, Inc.",bounded_extension,inventory,xbrl,Cost of Goods and Services Sold is distributed across different business segments (Crocs Brand and HEYDUDE Brand).,,F-CROX-0108; F-CROX-0114,"XBRL RELATIONAL RETRIEVAL CONTEXT

Facts:
1. fact_id=F-CROX-0015 concept=InventoryNet value=356254000 unit=iso4217:USD period=instant:2024-12-31 dimensions=none
2. fact_id=F-CROX-0014 concept=InventoryNet value=368687000 unit=iso4217:USD period=instant:2025-12-31 dimensions=none
3. fact_id=F-CROX-0022 concept=InventoryWriteDown value=2078000 unit=iso4217:USD period=duration:2023-01-01/2023-12-31 dimensions=none
4. fact_id=F-CROX-0021 concept=InventoryWriteDown value=812000 unit=iso4217:USD period=duration:2024-01-01/2024-12-31 dimensions=none
5. fact_id=F-CROX-0020 concept=InventoryWriteDown value=871000 unit=iso4217:USD period=duration:2025-01-01/2025-12-31 dimensions=none
6. fact_id=F-CROX-0009 concept=GrossProfit value=2210010000 unit=iso4217:USD period=duration:2023-01-01/2023-12-31 dimensions=none
7. fact_id=F-CROX-0008 concept=GrossProfit value=2410258000 unit=iso4217:USD period=duration:2024-01-01/2024-12-31 dimensions=none
8. fact_id=F-CROX-0007 concept=GrossProfit value=2357055000 unit=iso4217:USD period=duration:2025-01-01/2025-12-31 dimensions=none
9. fact_id=F-CROX-0006 concept=CostOfGoodsAndServicesSold value=1752337000 unit=iso4217:USD period=duration:2023-01-01/2023-12-31 dimensions=none
10. fact_id=F-CROX-0108 concept=CostOfGoodsAndServicesSold value=1205670000 unit=iso4217:USD period=duration:2023-01-01/2023-12-31 dimensions=srt:ConsolidationItemsAxis=us-gaap:OperatingSegmentsMember; us-gaap:StatementBusinessSegmentsAxis=crox:CrocsBrandSegmentMember
11. fact_id=F-CROX-0114 concept=CostOfGoodsAndServicesSold value=531414000 unit=iso4217:USD period=duration:2023-01-01/2023-12-31 dimensions=srt:ConsolidationItemsAxis=us-gaap:OperatingSegmentsMember; us-gaap:StatementBusinessSegmentsAxis=crox:HEYDUDEBrandSegmentMember
12. fact_id=F-CROX-0028 concept=IncreaseDecreaseInInventories value=-86350000 unit=iso4217:USD period=duration:2023-01-01/2023-12-31 dimensions=none

Relation paths:
1. path_id=X-CROX-0057 relation_type=calculation source=us-gaap:GrossProfit (Gross Profit) -> target=us-gaap:CostOfGoodsAndServicesSold (Cost of Product and Service Sold) arcrole=http://www.xbrl.org/2003/arcrole/summation-item role=http://www.crocs.com/role/CONSOLIDATEDSTATEMENTSOFOPERATIONS
2. path_id=X-CROX-0060 relation_type=calculation source=us-gaap:AssetsCurrent (Assets, Current) -> target=us-gaap:InventoryNet (Inventory, Net) arcrole=http://www.xbrl.org/2003/arcrole/summation-item role=http://www.crocs.com/role/CONSOLIDATEDBALANCESHEETS
3. path_id=X-CROX-0065 relation_type=calculation source=us-gaap:NetCashProvidedByUsedInOperatingActivities (Cash Provided by (Used in) Operating Activity, Including Discontinued Operation) -> target=us-gaap:IncreaseDecreaseInInventories (Increase (Decrease) in Inventories) arcrole=http://www.xbrl.org/2003/arcrole/summation-item role=http://www.crocs.com/role/CONSOLIDATEDSTATEMENTSOFCASHFLOWS
4. path_id=X-CROX-0063 relation_type=calculation source=us-gaap:NetCashProvidedByUsedInOperatingActivities (Cash Provided by (Used in) Operating Activity, Including Discontinued Operation) -> target=us-gaap:InventoryWriteDown (Inventory Write-down) arcrole=http://www.xbrl.org/2003/arcrole/summation-item role=http://www.crocs.com/role/CONSOLIDATEDSTATEMENTSOFCASHFLOWS
5. path_id=X-CROX-0102 relation_type=definition source=us-gaap:SegmentReportingInformationLineItems (Segment Reporting Information [Line Items]) -> target=us-gaap:CostOfGoodsAndServicesSold (Cost of Product and Service Sold) arcrole=http://xbrl.org/int/dim/arcrole/domain-member role=http://www.crocs.com/role/OPERATINGSEGMENTSANDGEOGRAPHICINFORMATIONInformationRelatedToReportableOperatingBusinessSegmentsDetails
6. path_id=X-CROX-0009 relation_type=presentation source=us-gaap:AdjustmentsToReconcileNetIncomeLossToCashProvidedByUsedInOperatingActivitiesAbstract (Adjustment to Reconcile Net Income to Cash Provided by (Used in) Operating Activity [Abstract]) -> target=us-gaap:InventoryWriteDown (Inventory Write-down) arcrole=http://www.xbrl.org/2003/arcrole/parent-child role=http://www.crocs.com/role/CONSOLIDATEDSTATEMENTSOFCASHFLOWS
7. path_id=X-CROX-0005 relation_type=presentation source=us-gaap:AssetsCurrentAbstract (Assets, Current [Abstract]) -> target=us-gaap:InventoryNet (Inventory, Net) arcrole=http://www.xbrl.org/2003/arcrole/parent-child role=http://www.crocs.com/role/CONSOLIDATEDBALANCESHEETS
8. path_id=X-CROX-0002 relation_type=presentation source=us-gaap:IncomeStatementAbstract (Income Statement [Abstract]) -> target=us-gaap:CostOfGoodsAndServicesSold (Cost of Product and Service Sold) arcrole=http://www.xbrl.org/2003/arcrole/parent-child role=http://www.crocs.com/role/CONSOLIDATEDSTATEMENTSOFOPERATIONS
9. path_id=X-CROX-0011 relation_type=presentation source=us-gaap:IncreaseDecreaseInOperatingCapitalAbstract (Adjustment to Reconcile Net Income to Cash Provided by (Used in) Operating Activity, Increase (Decrease) in Operating Capital [Abstract]) -> target=us-gaap:IncreaseDecreaseInInventories (Increase (Decrease) in Inventories) arcrole=http://www.xbrl.org/2003/arcrole/parent-child role=http://www.crocs.com/role/CONSOLIDATEDSTATEMENTSOFCASHFLOWS
10. path_id=X-CROX-0015 relation_type=presentation source=us-gaap:OrganizationConsolidationAndPresentationOfFinancialStatementsAbstract (Organization, Consolidation and Presentation of Financial Statements [Abstract]) -> target=us-gaap:InventoryPolicyTextBlock (Inventory, Policy [Policy Text Block]) arcrole=http://www.xbrl.org/2003/arcrole/parent-child role=http://www.crocs.com/role/BASISOFPRESENTATIONANDSUMMARYOFSIGNIFICANTACCOUNTINGPOLICIESPolicies","- Claim: As of 2025-12-31, the net inventory balance for Crocs, Inc. was 368,687,000 USD.
  - Claim type: Factual
  - Support used: F-CROX-0014
  - Limitation: This measurement is limited to the reported balance at the specific instant of 2025-12-31.

- Claim: For the period 2025-01-01 to 2025-12-31, Crocs, Inc. recorded an inventory write-down of 871,000 USD.
  - Claim type: Factual
  - Support used: F-CROX-0020
  - Limitation: This figure represents an aggregate annual amount and does not provide a monthly or quarterly breakdown.

- Claim: The company has recorded inventory write-downs for three consecutive years (2023: 2,078,000 USD; 2024: 812,000 USD; 2025: 871,000 USD).
  - Claim type: Risk-cue or assertion-mapping
  - Support used: F-CROX-0022, F-CROX-0021, F-CROX-0020
  - Inferential bridge: The recurring recognition of write-downs across multiple periods indicates a persistent risk that inventory may become obsolete or fall below net realizable value, necessitating a focus on the valuation assertion.
  - Limitation: Missing the specific underlying causes for these write-downs (e.g., product obsolescence, damage, or pricing changes) and the internal controls used to trigger these adjustments.

- Claim: InventoryNet increased from 356,254,000 USD at 2024-12-31 to 368,687,000 USD at 2025-12-31, while a write-down of 871,000 USD was recognized in 2025.
  - Claim type: Risk-cue or assertion-mapping
  - Support used: F-CROX-0015, F-CROX-0014, F-CROX-0020
  - Inferential bridge: An increase in the total inventory asset base alongside the recognition of write-downs suggests a risk that the current write-down amount may not be sufficient to cover potential obsolescence within the larger inventory pool.
  - Limitation: Missing inventory aging reports or inventory turnover ratios to determine if the increase in inventory is commensurate with sales volume.

- Claim: Cost of Goods and Services Sold is distributed across different business segments (Crocs Brand and HEYDUDE Brand).
  - Claim type: Risk-cue or assertion-mapping
  - Support used: F-CROX-0108, F-CROX-0114
  - Inferential bridge: Because different brands typically have different product lifecycles and market demand profiles, the valuation risk (specifically the risk of obsolescence) may vary significantly between the Crocs and HEYDUDE segments.
  - Limitation: The provided context lacks 2025 segment-specific inventory balances or segment-specific write-down data to assess current valuation risks by brand."
EXT-C080,CAT,Caterpillar Inc.,bounded_extension,inventory,text,"Caterpillar Inc. states inventories at the lower of cost or net realizable value, primarily determining cost using the last-in, first-out (LIFO) method.",T-CAT-INVENTORY-016,,"TEXT RETRIEVAL CONTEXT

[Text Chunk 1]
chunk_id: T-CAT-INVENTORY-016
source_file: cat-20251231.htm
construct_tag: inventory
ranking_score: 9
text: We state inventories at the lower of cost or net realizable value. We principally determine cost using the last-in, first-out (LIFO) method. The value of inventories on the LIFO basis represented about 70 percent and 65 percent of total inventories at December 31, 2025 and 2024, respectively.

[Text Chunk 2]
chunk_id: T-CAT-INVENTORY-008
source_file: cat-20251231.htm
construct_tag: inventory
ranking_score: 6
text: Restructuring costs also include other exit-related costs, which may consist of accelerated depreciation, inventory write-downs, building demolition, equipment relocation and project management costs and LIFO inventory decrement benefits from inventory liquidations at closed facilities, all of which are primarily included in Cost of goods sold.

[Text Chunk 3]
chunk_id: T-CAT-INVENTORY-023
source_file: cat-20251231.htm
construct_tag: inventory
ranking_score: 6
text: • Restructuring income/costs: May include costs for employee separation, long-lived asset impairments, contract terminations and (gains)/losses on divestitures. These costs are included in Other operating (income) expenses except for defined-benefit plan curtailment losses and special termination benefits, which are included in Other income (expense). Restructuring costs also include other exit-related costs, which may consist of accelerated depreciation, inventory write-downs, building demolition, equipment relocation and project management costs and LIFO inventory decrement benefits from inventory liquidations at closed facilities, all of which are primarily included in Cost of goods sold. See Note 24 for more information.

[Text Chunk 4]
chunk_id: T-CAT-REVENUE_INVENTORY-003
source_file: cat-20251231.htm
construct_tag: revenue_inventory
ranking_score: 6
text: We sell finished products primarily through an independent dealer network and directly to OEMs and are subject to risks relating to their inventory management decisions and operational and sourcing practices. Both carry inventories of finished products as part of ongoing operations and adjust those inventories based on their assessments of future needs and market conditions, including levels of used equipment inventory and machine rental usage rates. Such adjustments may impact our results positively or negatively. If the inventory levels of our dealers and OEM customers are higher than they desire, they may postpone product purchases from us, which could cause our sales to be lower than the end-user demand for our products and negatively impact our results. Similarly, our results could be negatively impacted through the loss of time-sensitive sales if our dealers and OEM customers do not maintain inventory levels sufficient to meet customer demand.

[Text Chunk 5]
chunk_id: T-CAT-INVENTORY-011
source_file: cat-20251231.htm
construct_tag: inventory
ranking_score: 5
text: Product liability and insurance loss reserve — We determine these reserves based upon reported claims in process of settlement and actuarial estimates for losses incurred but not reported. Loss reserves, including incurred but not reported reserves, are based on estimates, and ultimate settlements may vary significantly from such estimates due to increased claims frequency or severity over historical levels. The amount of these reserves totaled $1.6 billion and $1.5 billion at December 31, 2025 and 2024, respectively. The majority of the balance in both 2025 and 2024 consisted of unearned insurance premiums.","- Claim: Caterpillar Inc. states inventories at the lower of cost or net realizable value, primarily determining cost using the last-in, first-out (LIFO) method.
  - Claim type: Factual
  - Support used: T-CAT-INVENTORY-016
  - Limitation: This claim is limited to the accounting policies disclosed in the source file cat-20251231.htm for the period ended December 31, 2025.

- Claim: Inventories valued on the LIFO basis represented approximately 70 percent of total inventories at December 31, 2025, and 65 percent at December 31, 2024.
  - Claim type: Factual
  - Support used: T-CAT-INVENTORY-016
  - Limitation: This claim is based on approximate percentage measurements provided in the source file cat-20251231.htm.

- Claim: The identification of inventory write-downs and LIFO inventory decrement benefits arising from liquidations at closed facilities presents a risk to the inventory valuation assertion.
  - Claim type: Risk-cue or assertion-mapping
  - Support used: T-CAT-INVENTORY-008, T-CAT-INVENTORY-023
  - Inferential bridge: The explicit mention of ""inventory write-downs"" and ""LIFO inventory decrement benefits"" in the context of ""closed facilities"" indicates that the company must perform valuation adjustments when facilities are shuttered, which directly maps to the valuation assertion.
  - Limitation: The provided context does not detail the specific controls used to trigger these write-downs or the quantitative impact of these liquidations on the total inventory balance.

- Claim: The inventory management decisions of independent dealers and OEMs, influenced by market conditions and used equipment inventory levels, may create valuation risks for Caterpillar's finished products.
  - Claim type: Risk-cue or assertion-mapping
  - Support used: T-CAT-REVENUE_INVENTORY-003
  - Inferential bridge: Because dealers may postpone purchases if their own inventory levels are too high, Caterpillar may experience a buildup of finished goods; such a buildup, coupled with shifting market conditions, increases the risk that the carrying value of inventory may exceed its net realizable value.
  - Limitation: The context lacks specific data on current dealer inventory levels or the company's internal process for monitoring dealer stock to determine if a valuation reserve is required."
EXT-C081,CAT,Caterpillar Inc.,bounded_extension,inventory,text,"Inventories valued on the LIFO basis represented approximately 70 percent of total inventories at December 31, 2025, and 65 percent at December 31, 2024.",T-CAT-INVENTORY-016,,"TEXT RETRIEVAL CONTEXT

[Text Chunk 1]
chunk_id: T-CAT-INVENTORY-016
source_file: cat-20251231.htm
construct_tag: inventory
ranking_score: 9
text: We state inventories at the lower of cost or net realizable value. We principally determine cost using the last-in, first-out (LIFO) method. The value of inventories on the LIFO basis represented about 70 percent and 65 percent of total inventories at December 31, 2025 and 2024, respectively.

[Text Chunk 2]
chunk_id: T-CAT-INVENTORY-008
source_file: cat-20251231.htm
construct_tag: inventory
ranking_score: 6
text: Restructuring costs also include other exit-related costs, which may consist of accelerated depreciation, inventory write-downs, building demolition, equipment relocation and project management costs and LIFO inventory decrement benefits from inventory liquidations at closed facilities, all of which are primarily included in Cost of goods sold.

[Text Chunk 3]
chunk_id: T-CAT-INVENTORY-023
source_file: cat-20251231.htm
construct_tag: inventory
ranking_score: 6
text: • Restructuring income/costs: May include costs for employee separation, long-lived asset impairments, contract terminations and (gains)/losses on divestitures. These costs are included in Other operating (income) expenses except for defined-benefit plan curtailment losses and special termination benefits, which are included in Other income (expense). Restructuring costs also include other exit-related costs, which may consist of accelerated depreciation, inventory write-downs, building demolition, equipment relocation and project management costs and LIFO inventory decrement benefits from inventory liquidations at closed facilities, all of which are primarily included in Cost of goods sold. See Note 24 for more information.

[Text Chunk 4]
chunk_id: T-CAT-REVENUE_INVENTORY-003
source_file: cat-20251231.htm
construct_tag: revenue_inventory
ranking_score: 6
text: We sell finished products primarily through an independent dealer network and directly to OEMs and are subject to risks relating to their inventory management decisions and operational and sourcing practices. Both carry inventories of finished products as part of ongoing operations and adjust those inventories based on their assessments of future needs and market conditions, including levels of used equipment inventory and machine rental usage rates. Such adjustments may impact our results positively or negatively. If the inventory levels of our dealers and OEM customers are higher than they desire, they may postpone product purchases from us, which could cause our sales to be lower than the end-user demand for our products and negatively impact our results. Similarly, our results could be negatively impacted through the loss of time-sensitive sales if our dealers and OEM customers do not maintain inventory levels sufficient to meet customer demand.

[Text Chunk 5]
chunk_id: T-CAT-INVENTORY-011
source_file: cat-20251231.htm
construct_tag: inventory
ranking_score: 5
text: Product liability and insurance loss reserve — We determine these reserves based upon reported claims in process of settlement and actuarial estimates for losses incurred but not reported. Loss reserves, including incurred but not reported reserves, are based on estimates, and ultimate settlements may vary significantly from such estimates due to increased claims frequency or severity over historical levels. The amount of these reserves totaled $1.6 billion and $1.5 billion at December 31, 2025 and 2024, respectively. The majority of the balance in both 2025 and 2024 consisted of unearned insurance premiums.","- Claim: Caterpillar Inc. states inventories at the lower of cost or net realizable value, primarily determining cost using the last-in, first-out (LIFO) method.
  - Claim type: Factual
  - Support used: T-CAT-INVENTORY-016
  - Limitation: This claim is limited to the accounting policies disclosed in the source file cat-20251231.htm for the period ended December 31, 2025.

- Claim: Inventories valued on the LIFO basis represented approximately 70 percent of total inventories at December 31, 2025, and 65 percent at December 31, 2024.
  - Claim type: Factual
  - Support used: T-CAT-INVENTORY-016
  - Limitation: This claim is based on approximate percentage measurements provided in the source file cat-20251231.htm.

- Claim: The identification of inventory write-downs and LIFO inventory decrement benefits arising from liquidations at closed facilities presents a risk to the inventory valuation assertion.
  - Claim type: Risk-cue or assertion-mapping
  - Support used: T-CAT-INVENTORY-008, T-CAT-INVENTORY-023
  - Inferential bridge: The explicit mention of ""inventory write-downs"" and ""LIFO inventory decrement benefits"" in the context of ""closed facilities"" indicates that the company must perform valuation adjustments when facilities are shuttered, which directly maps to the valuation assertion.
  - Limitation: The provided context does not detail the specific controls used to trigger these write-downs or the quantitative impact of these liquidations on the total inventory balance.

- Claim: The inventory management decisions of independent dealers and OEMs, influenced by market conditions and used equipment inventory levels, may create valuation risks for Caterpillar's finished products.
  - Claim type: Risk-cue or assertion-mapping
  - Support used: T-CAT-REVENUE_INVENTORY-003
  - Inferential bridge: Because dealers may postpone purchases if their own inventory levels are too high, Caterpillar may experience a buildup of finished goods; such a buildup, coupled with shifting market conditions, increases the risk that the carrying value of inventory may exceed its net realizable value.
  - Limitation: The context lacks specific data on current dealer inventory levels or the company's internal process for monitoring dealer stock to determine if a valuation reserve is required."
EXT-C082,CAT,Caterpillar Inc.,bounded_extension,inventory,text,The identification of inventory write-downs and LIFO inventory decrement benefits arising from liquidations at closed facilities presents a risk to the inventory valuation assertion.,T-CAT-INVENTORY-008; T-CAT-INVENTORY-023,,"TEXT RETRIEVAL CONTEXT

[Text Chunk 1]
chunk_id: T-CAT-INVENTORY-016
source_file: cat-20251231.htm
construct_tag: inventory
ranking_score: 9
text: We state inventories at the lower of cost or net realizable value. We principally determine cost using the last-in, first-out (LIFO) method. The value of inventories on the LIFO basis represented about 70 percent and 65 percent of total inventories at December 31, 2025 and 2024, respectively.

[Text Chunk 2]
chunk_id: T-CAT-INVENTORY-008
source_file: cat-20251231.htm
construct_tag: inventory
ranking_score: 6
text: Restructuring costs also include other exit-related costs, which may consist of accelerated depreciation, inventory write-downs, building demolition, equipment relocation and project management costs and LIFO inventory decrement benefits from inventory liquidations at closed facilities, all of which are primarily included in Cost of goods sold.

[Text Chunk 3]
chunk_id: T-CAT-INVENTORY-023
source_file: cat-20251231.htm
construct_tag: inventory
ranking_score: 6
text: • Restructuring income/costs: May include costs for employee separation, long-lived asset impairments, contract terminations and (gains)/losses on divestitures. These costs are included in Other operating (income) expenses except for defined-benefit plan curtailment losses and special termination benefits, which are included in Other income (expense). Restructuring costs also include other exit-related costs, which may consist of accelerated depreciation, inventory write-downs, building demolition, equipment relocation and project management costs and LIFO inventory decrement benefits from inventory liquidations at closed facilities, all of which are primarily included in Cost of goods sold. See Note 24 for more information.

[Text Chunk 4]
chunk_id: T-CAT-REVENUE_INVENTORY-003
source_file: cat-20251231.htm
construct_tag: revenue_inventory
ranking_score: 6
text: We sell finished products primarily through an independent dealer network and directly to OEMs and are subject to risks relating to their inventory management decisions and operational and sourcing practices. Both carry inventories of finished products as part of ongoing operations and adjust those inventories based on their assessments of future needs and market conditions, including levels of used equipment inventory and machine rental usage rates. Such adjustments may impact our results positively or negatively. If the inventory levels of our dealers and OEM customers are higher than they desire, they may postpone product purchases from us, which could cause our sales to be lower than the end-user demand for our products and negatively impact our results. Similarly, our results could be negatively impacted through the loss of time-sensitive sales if our dealers and OEM customers do not maintain inventory levels sufficient to meet customer demand.

[Text Chunk 5]
chunk_id: T-CAT-INVENTORY-011
source_file: cat-20251231.htm
construct_tag: inventory
ranking_score: 5
text: Product liability and insurance loss reserve — We determine these reserves based upon reported claims in process of settlement and actuarial estimates for losses incurred but not reported. Loss reserves, including incurred but not reported reserves, are based on estimates, and ultimate settlements may vary significantly from such estimates due to increased claims frequency or severity over historical levels. The amount of these reserves totaled $1.6 billion and $1.5 billion at December 31, 2025 and 2024, respectively. The majority of the balance in both 2025 and 2024 consisted of unearned insurance premiums.","- Claim: Caterpillar Inc. states inventories at the lower of cost or net realizable value, primarily determining cost using the last-in, first-out (LIFO) method.
  - Claim type: Factual
  - Support used: T-CAT-INVENTORY-016
  - Limitation: This claim is limited to the accounting policies disclosed in the source file cat-20251231.htm for the period ended December 31, 2025.

- Claim: Inventories valued on the LIFO basis represented approximately 70 percent of total inventories at December 31, 2025, and 65 percent at December 31, 2024.
  - Claim type: Factual
  - Support used: T-CAT-INVENTORY-016
  - Limitation: This claim is based on approximate percentage measurements provided in the source file cat-20251231.htm.

- Claim: The identification of inventory write-downs and LIFO inventory decrement benefits arising from liquidations at closed facilities presents a risk to the inventory valuation assertion.
  - Claim type: Risk-cue or assertion-mapping
  - Support used: T-CAT-INVENTORY-008, T-CAT-INVENTORY-023
  - Inferential bridge: The explicit mention of ""inventory write-downs"" and ""LIFO inventory decrement benefits"" in the context of ""closed facilities"" indicates that the company must perform valuation adjustments when facilities are shuttered, which directly maps to the valuation assertion.
  - Limitation: The provided context does not detail the specific controls used to trigger these write-downs or the quantitative impact of these liquidations on the total inventory balance.

- Claim: The inventory management decisions of independent dealers and OEMs, influenced by market conditions and used equipment inventory levels, may create valuation risks for Caterpillar's finished products.
  - Claim type: Risk-cue or assertion-mapping
  - Support used: T-CAT-REVENUE_INVENTORY-003
  - Inferential bridge: Because dealers may postpone purchases if their own inventory levels are too high, Caterpillar may experience a buildup of finished goods; such a buildup, coupled with shifting market conditions, increases the risk that the carrying value of inventory may exceed its net realizable value.
  - Limitation: The context lacks specific data on current dealer inventory levels or the company's internal process for monitoring dealer stock to determine if a valuation reserve is required."
EXT-C083,CAT,Caterpillar Inc.,bounded_extension,inventory,text,"The inventory management decisions of independent dealers and OEMs, influenced by market conditions and used equipment inventory levels, may create valuation risks for Caterpillar's finished products.",T-CAT-REVENUE_INVENTORY-003,,"TEXT RETRIEVAL CONTEXT

[Text Chunk 1]
chunk_id: T-CAT-INVENTORY-016
source_file: cat-20251231.htm
construct_tag: inventory
ranking_score: 9
text: We state inventories at the lower of cost or net realizable value. We principally determine cost using the last-in, first-out (LIFO) method. The value of inventories on the LIFO basis represented about 70 percent and 65 percent of total inventories at December 31, 2025 and 2024, respectively.

[Text Chunk 2]
chunk_id: T-CAT-INVENTORY-008
source_file: cat-20251231.htm
construct_tag: inventory
ranking_score: 6
text: Restructuring costs also include other exit-related costs, which may consist of accelerated depreciation, inventory write-downs, building demolition, equipment relocation and project management costs and LIFO inventory decrement benefits from inventory liquidations at closed facilities, all of which are primarily included in Cost of goods sold.

[Text Chunk 3]
chunk_id: T-CAT-INVENTORY-023
source_file: cat-20251231.htm
construct_tag: inventory
ranking_score: 6
text: • Restructuring income/costs: May include costs for employee separation, long-lived asset impairments, contract terminations and (gains)/losses on divestitures. These costs are included in Other operating (income) expenses except for defined-benefit plan curtailment losses and special termination benefits, which are included in Other income (expense). Restructuring costs also include other exit-related costs, which may consist of accelerated depreciation, inventory write-downs, building demolition, equipment relocation and project management costs and LIFO inventory decrement benefits from inventory liquidations at closed facilities, all of which are primarily included in Cost of goods sold. See Note 24 for more information.

[Text Chunk 4]
chunk_id: T-CAT-REVENUE_INVENTORY-003
source_file: cat-20251231.htm
construct_tag: revenue_inventory
ranking_score: 6
text: We sell finished products primarily through an independent dealer network and directly to OEMs and are subject to risks relating to their inventory management decisions and operational and sourcing practices. Both carry inventories of finished products as part of ongoing operations and adjust those inventories based on their assessments of future needs and market conditions, including levels of used equipment inventory and machine rental usage rates. Such adjustments may impact our results positively or negatively. If the inventory levels of our dealers and OEM customers are higher than they desire, they may postpone product purchases from us, which could cause our sales to be lower than the end-user demand for our products and negatively impact our results. Similarly, our results could be negatively impacted through the loss of time-sensitive sales if our dealers and OEM customers do not maintain inventory levels sufficient to meet customer demand.

[Text Chunk 5]
chunk_id: T-CAT-INVENTORY-011
source_file: cat-20251231.htm
construct_tag: inventory
ranking_score: 5
text: Product liability and insurance loss reserve — We determine these reserves based upon reported claims in process of settlement and actuarial estimates for losses incurred but not reported. Loss reserves, including incurred but not reported reserves, are based on estimates, and ultimate settlements may vary significantly from such estimates due to increased claims frequency or severity over historical levels. The amount of these reserves totaled $1.6 billion and $1.5 billion at December 31, 2025 and 2024, respectively. The majority of the balance in both 2025 and 2024 consisted of unearned insurance premiums.","- Claim: Caterpillar Inc. states inventories at the lower of cost or net realizable value, primarily determining cost using the last-in, first-out (LIFO) method.
  - Claim type: Factual
  - Support used: T-CAT-INVENTORY-016
  - Limitation: This claim is limited to the accounting policies disclosed in the source file cat-20251231.htm for the period ended December 31, 2025.

- Claim: Inventories valued on the LIFO basis represented approximately 70 percent of total inventories at December 31, 2025, and 65 percent at December 31, 2024.
  - Claim type: Factual
  - Support used: T-CAT-INVENTORY-016
  - Limitation: This claim is based on approximate percentage measurements provided in the source file cat-20251231.htm.

- Claim: The identification of inventory write-downs and LIFO inventory decrement benefits arising from liquidations at closed facilities presents a risk to the inventory valuation assertion.
  - Claim type: Risk-cue or assertion-mapping
  - Support used: T-CAT-INVENTORY-008, T-CAT-INVENTORY-023
  - Inferential bridge: The explicit mention of ""inventory write-downs"" and ""LIFO inventory decrement benefits"" in the context of ""closed facilities"" indicates that the company must perform valuation adjustments when facilities are shuttered, which directly maps to the valuation assertion.
  - Limitation: The provided context does not detail the specific controls used to trigger these write-downs or the quantitative impact of these liquidations on the total inventory balance.

- Claim: The inventory management decisions of independent dealers and OEMs, influenced by market conditions and used equipment inventory levels, may create valuation risks for Caterpillar's finished products.
  - Claim type: Risk-cue or assertion-mapping
  - Support used: T-CAT-REVENUE_INVENTORY-003
  - Inferential bridge: Because dealers may postpone purchases if their own inventory levels are too high, Caterpillar may experience a buildup of finished goods; such a buildup, coupled with shifting market conditions, increases the risk that the carrying value of inventory may exceed its net realizable value.
  - Limitation: The context lacks specific data on current dealer inventory levels or the company's internal process for monitoring dealer stock to determine if a valuation reserve is required."
EXT-C172,CROX,"Crocs, Inc.",bounded_extension,inventory,text,Inventories consist of finished goods and are valued at the lower of cost or net realizable value (NRV) using the first-in-first-out (FIFO) costing method.,Text Chunk 1,,"TEXT RETRIEVAL CONTEXT

[Text Chunk 1]
chunk_id: T-CROX-REVENUE_INVENTORY-022
source_file: crox-20251231.htm
construct_tag: revenue_inventory
ranking_score: 21
text: Inventories are comprised of finished goods, are stated at the lower of cost or net realizable value, and are recognized using the first-in-first-out method of inventory costing. We estimate the market value of inventory based on an analysis of historical sales trends of our individual product lines, the impact of market trends and economic conditions, and a forecast of future demand, giving consideration to the value of current orders in-house for future sales of inventory, as well as plans to sell discontinued or end-of-life inventory through our outlet stores, among other off-price channels. Estimates may differ from actual results due to the quantity, quality, and mix of products in inventory, consumer and retailer preferences, and market conditions. If the estimated net realizable value is less than its carrying value, the carrying value is adjusted to the net realizable value, and the difference is recorded in ‘Cost of sales’ in our consolidated statements of operations.

[Text Chunk 2]
chunk_id: T-CROX-INVENTORY-017
source_file: crox-20251231.htm
construct_tag: inventory
ranking_score: 9
text: Gross margin. Gross margin was 58.3% compared to 58.8% in 2024. This was primarily due to incremental duties of 130 basis points and higher freight and fulfillment costs of 40 basis points, for both brands. The overall decrease in gross margin was offset in part by lower product costs in the Crocs Brand of 70 basis points, and favorable brand mix of 30 basis points.

[Text Chunk 3]
chunk_id: T-CROX-REVENUE_INVENTORY-019
source_file: crox-20251231.htm
construct_tag: revenue_inventory
ranking_score: 7
text: Our consolidated financial statements are prepared in accordance with U.S. GAAP. These accounting principles require us to make certain estimates, judgments, and assumptions. We believe that the estimates, judgments, and assumptions used to determine certain amounts that affect the financial statements are reasonable, based on information available at the time they are made. Management believes that the estimates, judgments, and assumptions made when accounting for items and matters such as, but not limited to, the allowance for doubtful accounts, customer rebates, sales returns and allowances, impairment assessments and charges, recoverability of long-lived assets, deferred tax assets, valuation allowances, uncertain tax positions, income tax expense, share-based compensation expense, the assessment of lower of cost or net realizable value on inventory, goodwill, indefinite-lived intangible assets, and useful lives assigned to long-lived assets.

[Text Chunk 4]
chunk_id: T-CROX-INVENTORY-019
source_file: crox-20251231.htm
construct_tag: inventory
ranking_score: 6
text: Income from Operations. During the year ended December 31, 2025, income from operations for our Crocs Brand segment was $1,111.7 million, a decrease of $70.3 million, or 6.0% from 2024. Gross margin was 61.3% for the year ended December 31, 2025, a decrease of 30 basis points compared to 2024. The decrease in gross margin was primarily due to unfavorable duties and higher freight and fulfillment costs, partially offset by lower product costs.

[Text Chunk 5]
chunk_id: T-CROX-REVENUE_INVENTORY-005
source_file: crox-20251231.htm
construct_tag: revenue_inventory
ranking_score: 6
text: Our operations have been in the past and may continue to be impacted by supply chain constraints and raw material shortages resulting in increased material costs longer lead times port congestion and increased freight costs the uncertain economic environment tariffs and macroeconomic trends. In addition current or future governmental policies may increase the risk of inflation which could further increase the costs of raw materials and components for our business. Similarly if costs of goods continue to increase our suppliers may seek price increases from us. If we are unable to mitigate the impact of supply chain constraints and inflationary pressure through price increases or other measures our gross margins results of operations and financial condition could be negatively impacted. Even if we are able to raise the prices of our products consumers might react negatively to such price increases which could have a material adverse effect on among other things our brands reputation and sales. If our competitors substantially lower their prices we may lose customers and mark down prices. Our profitability may be impacted by lower prices which may negatively impact gross margins. We are unable to predict the impact of these constraints on the timing of revenue and operating costs of our business in the near future. Raw material supply shortages and supply chain constraints including cost ...","- Claim: Inventories consist of finished goods and are valued at the lower of cost or net realizable value (NRV) using the first-in-first-out (FIFO) costing method.
  - Claim type: Factual
  - Support used: [Text Chunk 1]
  - Limitation: This claim is limited to the accounting policies disclosed in the filing for the period ended 2025-12-31.

- Claim: The valuation of inventory is subject to risk due to the reliance on management estimates regarding historical sales trends, market trends, economic conditions, and future demand forecasts.
  - Claim type: Risk-cue / Assertion-mapping
  - Support used: [Text Chunk 1], [Text Chunk 3]
  - Inferential bridge: Because NRV is determined through subjective forecasts and external market analyses rather than fixed values, there is a risk that the carrying value of inventory may not accurately reflect its recoverable amount if these estimates are biased or inaccurate.
  - Limitation: The provided context lacks detail on the specific internal controls or validation processes used to review the accuracy of the demand forecasts and market trend analyses.

- Claim: Competitive pricing pressures and the potential need to mark down prices to maintain customers may impact inventory valuation.
  - Claim type: Risk-cue / Assertion-mapping
  - Support used: [Text Chunk 5]
  - Inferential bridge: If competitors substantially lower prices, Crocs may be forced to reduce its own selling prices; if these reduced prices (minus costs to sell) fall below the carrying cost, a write-down to NRV is required.
  - Limitation: The context does not provide data on the current volume of inventory held in ""end-of-life"" status or the specific pricing delta between Crocs and its competitors.

- Claim: Supply chain constraints, raw material shortages, and increased freight and material costs may influence the cost basis of inventory.
  - Claim type: Risk-cue / Assertion-mapping
  - Support used: [Text Chunk 5], [Text Chunk 2], [Text Chunk 4]
  - Inferential bridge: Increased input costs (e.g., duties, freight, and raw materials) increase the carrying value of inventory; if these costs cannot be passed to consumers via price increases, the gap between cost and NRV may widen, increasing the risk of valuation impairment.
  - Limitation: The context does not provide the specific magnitude of raw material cost increases relative to the current retail price points of the finished goods.

- Claim: Consolidated gross margin decreased from 58.8% in 2024 to 58.3% in 2025, driven primarily by incremental duties and higher freight and fulfillment costs.
  - Claim type: Factual
  - Support used: [Text Chunk 2]
  - Limitation: This is a high-level percentage measurement and does not provide the absolute dollar value of inventory or a granular breakdown of costs per product line."
EXT-C173,CROX,"Crocs, Inc.",bounded_extension,inventory,text,"The valuation of inventory is subject to risk due to the reliance on management estimates regarding historical sales trends, market trends, economic conditions, and future demand forecasts.",Text Chunk 1; Text Chunk 3,,"TEXT RETRIEVAL CONTEXT

[Text Chunk 1]
chunk_id: T-CROX-REVENUE_INVENTORY-022
source_file: crox-20251231.htm
construct_tag: revenue_inventory
ranking_score: 21
text: Inventories are comprised of finished goods, are stated at the lower of cost or net realizable value, and are recognized using the first-in-first-out method of inventory costing. We estimate the market value of inventory based on an analysis of historical sales trends of our individual product lines, the impact of market trends and economic conditions, and a forecast of future demand, giving consideration to the value of current orders in-house for future sales of inventory, as well as plans to sell discontinued or end-of-life inventory through our outlet stores, among other off-price channels. Estimates may differ from actual results due to the quantity, quality, and mix of products in inventory, consumer and retailer preferences, and market conditions. If the estimated net realizable value is less than its carrying value, the carrying value is adjusted to the net realizable value, and the difference is recorded in ‘Cost of sales’ in our consolidated statements of operations.

[Text Chunk 2]
chunk_id: T-CROX-INVENTORY-017
source_file: crox-20251231.htm
construct_tag: inventory
ranking_score: 9
text: Gross margin. Gross margin was 58.3% compared to 58.8% in 2024. This was primarily due to incremental duties of 130 basis points and higher freight and fulfillment costs of 40 basis points, for both brands. The overall decrease in gross margin was offset in part by lower product costs in the Crocs Brand of 70 basis points, and favorable brand mix of 30 basis points.

[Text Chunk 3]
chunk_id: T-CROX-REVENUE_INVENTORY-019
source_file: crox-20251231.htm
construct_tag: revenue_inventory
ranking_score: 7
text: Our consolidated financial statements are prepared in accordance with U.S. GAAP. These accounting principles require us to make certain estimates, judgments, and assumptions. We believe that the estimates, judgments, and assumptions used to determine certain amounts that affect the financial statements are reasonable, based on information available at the time they are made. Management believes that the estimates, judgments, and assumptions made when accounting for items and matters such as, but not limited to, the allowance for doubtful accounts, customer rebates, sales returns and allowances, impairment assessments and charges, recoverability of long-lived assets, deferred tax assets, valuation allowances, uncertain tax positions, income tax expense, share-based compensation expense, the assessment of lower of cost or net realizable value on inventory, goodwill, indefinite-lived intangible assets, and useful lives assigned to long-lived assets.

[Text Chunk 4]
chunk_id: T-CROX-INVENTORY-019
source_file: crox-20251231.htm
construct_tag: inventory
ranking_score: 6
text: Income from Operations. During the year ended December 31, 2025, income from operations for our Crocs Brand segment was $1,111.7 million, a decrease of $70.3 million, or 6.0% from 2024. Gross margin was 61.3% for the year ended December 31, 2025, a decrease of 30 basis points compared to 2024. The decrease in gross margin was primarily due to unfavorable duties and higher freight and fulfillment costs, partially offset by lower product costs.

[Text Chunk 5]
chunk_id: T-CROX-REVENUE_INVENTORY-005
source_file: crox-20251231.htm
construct_tag: revenue_inventory
ranking_score: 6
text: Our operations have been in the past and may continue to be impacted by supply chain constraints and raw material shortages resulting in increased material costs longer lead times port congestion and increased freight costs the uncertain economic environment tariffs and macroeconomic trends. In addition current or future governmental policies may increase the risk of inflation which could further increase the costs of raw materials and components for our business. Similarly if costs of goods continue to increase our suppliers may seek price increases from us. If we are unable to mitigate the impact of supply chain constraints and inflationary pressure through price increases or other measures our gross margins results of operations and financial condition could be negatively impacted. Even if we are able to raise the prices of our products consumers might react negatively to such price increases which could have a material adverse effect on among other things our brands reputation and sales. If our competitors substantially lower their prices we may lose customers and mark down prices. Our profitability may be impacted by lower prices which may negatively impact gross margins. We are unable to predict the impact of these constraints on the timing of revenue and operating costs of our business in the near future. Raw material supply shortages and supply chain constraints including cost ...","- Claim: Inventories consist of finished goods and are valued at the lower of cost or net realizable value (NRV) using the first-in-first-out (FIFO) costing method.
  - Claim type: Factual
  - Support used: [Text Chunk 1]
  - Limitation: This claim is limited to the accounting policies disclosed in the filing for the period ended 2025-12-31.

- Claim: The valuation of inventory is subject to risk due to the reliance on management estimates regarding historical sales trends, market trends, economic conditions, and future demand forecasts.
  - Claim type: Risk-cue / Assertion-mapping
  - Support used: [Text Chunk 1], [Text Chunk 3]
  - Inferential bridge: Because NRV is determined through subjective forecasts and external market analyses rather than fixed values, there is a risk that the carrying value of inventory may not accurately reflect its recoverable amount if these estimates are biased or inaccurate.
  - Limitation: The provided context lacks detail on the specific internal controls or validation processes used to review the accuracy of the demand forecasts and market trend analyses.

- Claim: Competitive pricing pressures and the potential need to mark down prices to maintain customers may impact inventory valuation.
  - Claim type: Risk-cue / Assertion-mapping
  - Support used: [Text Chunk 5]
  - Inferential bridge: If competitors substantially lower prices, Crocs may be forced to reduce its own selling prices; if these reduced prices (minus costs to sell) fall below the carrying cost, a write-down to NRV is required.
  - Limitation: The context does not provide data on the current volume of inventory held in ""end-of-life"" status or the specific pricing delta between Crocs and its competitors.

- Claim: Supply chain constraints, raw material shortages, and increased freight and material costs may influence the cost basis of inventory.
  - Claim type: Risk-cue / Assertion-mapping
  - Support used: [Text Chunk 5], [Text Chunk 2], [Text Chunk 4]
  - Inferential bridge: Increased input costs (e.g., duties, freight, and raw materials) increase the carrying value of inventory; if these costs cannot be passed to consumers via price increases, the gap between cost and NRV may widen, increasing the risk of valuation impairment.
  - Limitation: The context does not provide the specific magnitude of raw material cost increases relative to the current retail price points of the finished goods.

- Claim: Consolidated gross margin decreased from 58.8% in 2024 to 58.3% in 2025, driven primarily by incremental duties and higher freight and fulfillment costs.
  - Claim type: Factual
  - Support used: [Text Chunk 2]
  - Limitation: This is a high-level percentage measurement and does not provide the absolute dollar value of inventory or a granular breakdown of costs per product line."
EXT-C174,CROX,"Crocs, Inc.",bounded_extension,inventory,text,Competitive pricing pressures and the potential need to mark down prices to maintain customers may impact inventory valuation.,Text Chunk 5,,"TEXT RETRIEVAL CONTEXT

[Text Chunk 1]
chunk_id: T-CROX-REVENUE_INVENTORY-022
source_file: crox-20251231.htm
construct_tag: revenue_inventory
ranking_score: 21
text: Inventories are comprised of finished goods, are stated at the lower of cost or net realizable value, and are recognized using the first-in-first-out method of inventory costing. We estimate the market value of inventory based on an analysis of historical sales trends of our individual product lines, the impact of market trends and economic conditions, and a forecast of future demand, giving consideration to the value of current orders in-house for future sales of inventory, as well as plans to sell discontinued or end-of-life inventory through our outlet stores, among other off-price channels. Estimates may differ from actual results due to the quantity, quality, and mix of products in inventory, consumer and retailer preferences, and market conditions. If the estimated net realizable value is less than its carrying value, the carrying value is adjusted to the net realizable value, and the difference is recorded in ‘Cost of sales’ in our consolidated statements of operations.

[Text Chunk 2]
chunk_id: T-CROX-INVENTORY-017
source_file: crox-20251231.htm
construct_tag: inventory
ranking_score: 9
text: Gross margin. Gross margin was 58.3% compared to 58.8% in 2024. This was primarily due to incremental duties of 130 basis points and higher freight and fulfillment costs of 40 basis points, for both brands. The overall decrease in gross margin was offset in part by lower product costs in the Crocs Brand of 70 basis points, and favorable brand mix of 30 basis points.

[Text Chunk 3]
chunk_id: T-CROX-REVENUE_INVENTORY-019
source_file: crox-20251231.htm
construct_tag: revenue_inventory
ranking_score: 7
text: Our consolidated financial statements are prepared in accordance with U.S. GAAP. These accounting principles require us to make certain estimates, judgments, and assumptions. We believe that the estimates, judgments, and assumptions used to determine certain amounts that affect the financial statements are reasonable, based on information available at the time they are made. Management believes that the estimates, judgments, and assumptions made when accounting for items and matters such as, but not limited to, the allowance for doubtful accounts, customer rebates, sales returns and allowances, impairment assessments and charges, recoverability of long-lived assets, deferred tax assets, valuation allowances, uncertain tax positions, income tax expense, share-based compensation expense, the assessment of lower of cost or net realizable value on inventory, goodwill, indefinite-lived intangible assets, and useful lives assigned to long-lived assets.

[Text Chunk 4]
chunk_id: T-CROX-INVENTORY-019
source_file: crox-20251231.htm
construct_tag: inventory
ranking_score: 6
text: Income from Operations. During the year ended December 31, 2025, income from operations for our Crocs Brand segment was $1,111.7 million, a decrease of $70.3 million, or 6.0% from 2024. Gross margin was 61.3% for the year ended December 31, 2025, a decrease of 30 basis points compared to 2024. The decrease in gross margin was primarily due to unfavorable duties and higher freight and fulfillment costs, partially offset by lower product costs.

[Text Chunk 5]
chunk_id: T-CROX-REVENUE_INVENTORY-005
source_file: crox-20251231.htm
construct_tag: revenue_inventory
ranking_score: 6
text: Our operations have been in the past and may continue to be impacted by supply chain constraints and raw material shortages resulting in increased material costs longer lead times port congestion and increased freight costs the uncertain economic environment tariffs and macroeconomic trends. In addition current or future governmental policies may increase the risk of inflation which could further increase the costs of raw materials and components for our business. Similarly if costs of goods continue to increase our suppliers may seek price increases from us. If we are unable to mitigate the impact of supply chain constraints and inflationary pressure through price increases or other measures our gross margins results of operations and financial condition could be negatively impacted. Even if we are able to raise the prices of our products consumers might react negatively to such price increases which could have a material adverse effect on among other things our brands reputation and sales. If our competitors substantially lower their prices we may lose customers and mark down prices. Our profitability may be impacted by lower prices which may negatively impact gross margins. We are unable to predict the impact of these constraints on the timing of revenue and operating costs of our business in the near future. Raw material supply shortages and supply chain constraints including cost ...","- Claim: Inventories consist of finished goods and are valued at the lower of cost or net realizable value (NRV) using the first-in-first-out (FIFO) costing method.
  - Claim type: Factual
  - Support used: [Text Chunk 1]
  - Limitation: This claim is limited to the accounting policies disclosed in the filing for the period ended 2025-12-31.

- Claim: The valuation of inventory is subject to risk due to the reliance on management estimates regarding historical sales trends, market trends, economic conditions, and future demand forecasts.
  - Claim type: Risk-cue / Assertion-mapping
  - Support used: [Text Chunk 1], [Text Chunk 3]
  - Inferential bridge: Because NRV is determined through subjective forecasts and external market analyses rather than fixed values, there is a risk that the carrying value of inventory may not accurately reflect its recoverable amount if these estimates are biased or inaccurate.
  - Limitation: The provided context lacks detail on the specific internal controls or validation processes used to review the accuracy of the demand forecasts and market trend analyses.

- Claim: Competitive pricing pressures and the potential need to mark down prices to maintain customers may impact inventory valuation.
  - Claim type: Risk-cue / Assertion-mapping
  - Support used: [Text Chunk 5]
  - Inferential bridge: If competitors substantially lower prices, Crocs may be forced to reduce its own selling prices; if these reduced prices (minus costs to sell) fall below the carrying cost, a write-down to NRV is required.
  - Limitation: The context does not provide data on the current volume of inventory held in ""end-of-life"" status or the specific pricing delta between Crocs and its competitors.

- Claim: Supply chain constraints, raw material shortages, and increased freight and material costs may influence the cost basis of inventory.
  - Claim type: Risk-cue / Assertion-mapping
  - Support used: [Text Chunk 5], [Text Chunk 2], [Text Chunk 4]
  - Inferential bridge: Increased input costs (e.g., duties, freight, and raw materials) increase the carrying value of inventory; if these costs cannot be passed to consumers via price increases, the gap between cost and NRV may widen, increasing the risk of valuation impairment.
  - Limitation: The context does not provide the specific magnitude of raw material cost increases relative to the current retail price points of the finished goods.

- Claim: Consolidated gross margin decreased from 58.8% in 2024 to 58.3% in 2025, driven primarily by incremental duties and higher freight and fulfillment costs.
  - Claim type: Factual
  - Support used: [Text Chunk 2]
  - Limitation: This is a high-level percentage measurement and does not provide the absolute dollar value of inventory or a granular breakdown of costs per product line."
EXT-C175,CROX,"Crocs, Inc.",bounded_extension,inventory,text,"Supply chain constraints, raw material shortages, and increased freight and material costs may influence the cost basis of inventory.",Text Chunk 2; Text Chunk 4; Text Chunk 5,,"TEXT RETRIEVAL CONTEXT

[Text Chunk 1]
chunk_id: T-CROX-REVENUE_INVENTORY-022
source_file: crox-20251231.htm
construct_tag: revenue_inventory
ranking_score: 21
text: Inventories are comprised of finished goods, are stated at the lower of cost or net realizable value, and are recognized using the first-in-first-out method of inventory costing. We estimate the market value of inventory based on an analysis of historical sales trends of our individual product lines, the impact of market trends and economic conditions, and a forecast of future demand, giving consideration to the value of current orders in-house for future sales of inventory, as well as plans to sell discontinued or end-of-life inventory through our outlet stores, among other off-price channels. Estimates may differ from actual results due to the quantity, quality, and mix of products in inventory, consumer and retailer preferences, and market conditions. If the estimated net realizable value is less than its carrying value, the carrying value is adjusted to the net realizable value, and the difference is recorded in ‘Cost of sales’ in our consolidated statements of operations.

[Text Chunk 2]
chunk_id: T-CROX-INVENTORY-017
source_file: crox-20251231.htm
construct_tag: inventory
ranking_score: 9
text: Gross margin. Gross margin was 58.3% compared to 58.8% in 2024. This was primarily due to incremental duties of 130 basis points and higher freight and fulfillment costs of 40 basis points, for both brands. The overall decrease in gross margin was offset in part by lower product costs in the Crocs Brand of 70 basis points, and favorable brand mix of 30 basis points.

[Text Chunk 3]
chunk_id: T-CROX-REVENUE_INVENTORY-019
source_file: crox-20251231.htm
construct_tag: revenue_inventory
ranking_score: 7
text: Our consolidated financial statements are prepared in accordance with U.S. GAAP. These accounting principles require us to make certain estimates, judgments, and assumptions. We believe that the estimates, judgments, and assumptions used to determine certain amounts that affect the financial statements are reasonable, based on information available at the time they are made. Management believes that the estimates, judgments, and assumptions made when accounting for items and matters such as, but not limited to, the allowance for doubtful accounts, customer rebates, sales returns and allowances, impairment assessments and charges, recoverability of long-lived assets, deferred tax assets, valuation allowances, uncertain tax positions, income tax expense, share-based compensation expense, the assessment of lower of cost or net realizable value on inventory, goodwill, indefinite-lived intangible assets, and useful lives assigned to long-lived assets.

[Text Chunk 4]
chunk_id: T-CROX-INVENTORY-019
source_file: crox-20251231.htm
construct_tag: inventory
ranking_score: 6
text: Income from Operations. During the year ended December 31, 2025, income from operations for our Crocs Brand segment was $1,111.7 million, a decrease of $70.3 million, or 6.0% from 2024. Gross margin was 61.3% for the year ended December 31, 2025, a decrease of 30 basis points compared to 2024. The decrease in gross margin was primarily due to unfavorable duties and higher freight and fulfillment costs, partially offset by lower product costs.

[Text Chunk 5]
chunk_id: T-CROX-REVENUE_INVENTORY-005
source_file: crox-20251231.htm
construct_tag: revenue_inventory
ranking_score: 6
text: Our operations have been in the past and may continue to be impacted by supply chain constraints and raw material shortages resulting in increased material costs longer lead times port congestion and increased freight costs the uncertain economic environment tariffs and macroeconomic trends. In addition current or future governmental policies may increase the risk of inflation which could further increase the costs of raw materials and components for our business. Similarly if costs of goods continue to increase our suppliers may seek price increases from us. If we are unable to mitigate the impact of supply chain constraints and inflationary pressure through price increases or other measures our gross margins results of operations and financial condition could be negatively impacted. Even if we are able to raise the prices of our products consumers might react negatively to such price increases which could have a material adverse effect on among other things our brands reputation and sales. If our competitors substantially lower their prices we may lose customers and mark down prices. Our profitability may be impacted by lower prices which may negatively impact gross margins. We are unable to predict the impact of these constraints on the timing of revenue and operating costs of our business in the near future. Raw material supply shortages and supply chain constraints including cost ...","- Claim: Inventories consist of finished goods and are valued at the lower of cost or net realizable value (NRV) using the first-in-first-out (FIFO) costing method.
  - Claim type: Factual
  - Support used: [Text Chunk 1]
  - Limitation: This claim is limited to the accounting policies disclosed in the filing for the period ended 2025-12-31.

- Claim: The valuation of inventory is subject to risk due to the reliance on management estimates regarding historical sales trends, market trends, economic conditions, and future demand forecasts.
  - Claim type: Risk-cue / Assertion-mapping
  - Support used: [Text Chunk 1], [Text Chunk 3]
  - Inferential bridge: Because NRV is determined through subjective forecasts and external market analyses rather than fixed values, there is a risk that the carrying value of inventory may not accurately reflect its recoverable amount if these estimates are biased or inaccurate.
  - Limitation: The provided context lacks detail on the specific internal controls or validation processes used to review the accuracy of the demand forecasts and market trend analyses.

- Claim: Competitive pricing pressures and the potential need to mark down prices to maintain customers may impact inventory valuation.
  - Claim type: Risk-cue / Assertion-mapping
  - Support used: [Text Chunk 5]
  - Inferential bridge: If competitors substantially lower prices, Crocs may be forced to reduce its own selling prices; if these reduced prices (minus costs to sell) fall below the carrying cost, a write-down to NRV is required.
  - Limitation: The context does not provide data on the current volume of inventory held in ""end-of-life"" status or the specific pricing delta between Crocs and its competitors.

- Claim: Supply chain constraints, raw material shortages, and increased freight and material costs may influence the cost basis of inventory.
  - Claim type: Risk-cue / Assertion-mapping
  - Support used: [Text Chunk 5], [Text Chunk 2], [Text Chunk 4]
  - Inferential bridge: Increased input costs (e.g., duties, freight, and raw materials) increase the carrying value of inventory; if these costs cannot be passed to consumers via price increases, the gap between cost and NRV may widen, increasing the risk of valuation impairment.
  - Limitation: The context does not provide the specific magnitude of raw material cost increases relative to the current retail price points of the finished goods.

- Claim: Consolidated gross margin decreased from 58.8% in 2024 to 58.3% in 2025, driven primarily by incremental duties and higher freight and fulfillment costs.
  - Claim type: Factual
  - Support used: [Text Chunk 2]
  - Limitation: This is a high-level percentage measurement and does not provide the absolute dollar value of inventory or a granular breakdown of costs per product line."
EXT-C176,CROX,"Crocs, Inc.",bounded_extension,inventory,text,"Consolidated gross margin decreased from 58.8% in 2024 to 58.3% in 2025, driven primarily by incremental duties and higher freight and fulfillment costs.",Text Chunk 2,,"TEXT RETRIEVAL CONTEXT

[Text Chunk 1]
chunk_id: T-CROX-REVENUE_INVENTORY-022
source_file: crox-20251231.htm
construct_tag: revenue_inventory
ranking_score: 21
text: Inventories are comprised of finished goods, are stated at the lower of cost or net realizable value, and are recognized using the first-in-first-out method of inventory costing. We estimate the market value of inventory based on an analysis of historical sales trends of our individual product lines, the impact of market trends and economic conditions, and a forecast of future demand, giving consideration to the value of current orders in-house for future sales of inventory, as well as plans to sell discontinued or end-of-life inventory through our outlet stores, among other off-price channels. Estimates may differ from actual results due to the quantity, quality, and mix of products in inventory, consumer and retailer preferences, and market conditions. If the estimated net realizable value is less than its carrying value, the carrying value is adjusted to the net realizable value, and the difference is recorded in ‘Cost of sales’ in our consolidated statements of operations.

[Text Chunk 2]
chunk_id: T-CROX-INVENTORY-017
source_file: crox-20251231.htm
construct_tag: inventory
ranking_score: 9
text: Gross margin. Gross margin was 58.3% compared to 58.8% in 2024. This was primarily due to incremental duties of 130 basis points and higher freight and fulfillment costs of 40 basis points, for both brands. The overall decrease in gross margin was offset in part by lower product costs in the Crocs Brand of 70 basis points, and favorable brand mix of 30 basis points.

[Text Chunk 3]
chunk_id: T-CROX-REVENUE_INVENTORY-019
source_file: crox-20251231.htm
construct_tag: revenue_inventory
ranking_score: 7
text: Our consolidated financial statements are prepared in accordance with U.S. GAAP. These accounting principles require us to make certain estimates, judgments, and assumptions. We believe that the estimates, judgments, and assumptions used to determine certain amounts that affect the financial statements are reasonable, based on information available at the time they are made. Management believes that the estimates, judgments, and assumptions made when accounting for items and matters such as, but not limited to, the allowance for doubtful accounts, customer rebates, sales returns and allowances, impairment assessments and charges, recoverability of long-lived assets, deferred tax assets, valuation allowances, uncertain tax positions, income tax expense, share-based compensation expense, the assessment of lower of cost or net realizable value on inventory, goodwill, indefinite-lived intangible assets, and useful lives assigned to long-lived assets.

[Text Chunk 4]
chunk_id: T-CROX-INVENTORY-019
source_file: crox-20251231.htm
construct_tag: inventory
ranking_score: 6
text: Income from Operations. During the year ended December 31, 2025, income from operations for our Crocs Brand segment was $1,111.7 million, a decrease of $70.3 million, or 6.0% from 2024. Gross margin was 61.3% for the year ended December 31, 2025, a decrease of 30 basis points compared to 2024. The decrease in gross margin was primarily due to unfavorable duties and higher freight and fulfillment costs, partially offset by lower product costs.

[Text Chunk 5]
chunk_id: T-CROX-REVENUE_INVENTORY-005
source_file: crox-20251231.htm
construct_tag: revenue_inventory
ranking_score: 6
text: Our operations have been in the past and may continue to be impacted by supply chain constraints and raw material shortages resulting in increased material costs longer lead times port congestion and increased freight costs the uncertain economic environment tariffs and macroeconomic trends. In addition current or future governmental policies may increase the risk of inflation which could further increase the costs of raw materials and components for our business. Similarly if costs of goods continue to increase our suppliers may seek price increases from us. If we are unable to mitigate the impact of supply chain constraints and inflationary pressure through price increases or other measures our gross margins results of operations and financial condition could be negatively impacted. Even if we are able to raise the prices of our products consumers might react negatively to such price increases which could have a material adverse effect on among other things our brands reputation and sales. If our competitors substantially lower their prices we may lose customers and mark down prices. Our profitability may be impacted by lower prices which may negatively impact gross margins. We are unable to predict the impact of these constraints on the timing of revenue and operating costs of our business in the near future. Raw material supply shortages and supply chain constraints including cost ...","- Claim: Inventories consist of finished goods and are valued at the lower of cost or net realizable value (NRV) using the first-in-first-out (FIFO) costing method.
  - Claim type: Factual
  - Support used: [Text Chunk 1]
  - Limitation: This claim is limited to the accounting policies disclosed in the filing for the period ended 2025-12-31.

- Claim: The valuation of inventory is subject to risk due to the reliance on management estimates regarding historical sales trends, market trends, economic conditions, and future demand forecasts.
  - Claim type: Risk-cue / Assertion-mapping
  - Support used: [Text Chunk 1], [Text Chunk 3]
  - Inferential bridge: Because NRV is determined through subjective forecasts and external market analyses rather than fixed values, there is a risk that the carrying value of inventory may not accurately reflect its recoverable amount if these estimates are biased or inaccurate.
  - Limitation: The provided context lacks detail on the specific internal controls or validation processes used to review the accuracy of the demand forecasts and market trend analyses.

- Claim: Competitive pricing pressures and the potential need to mark down prices to maintain customers may impact inventory valuation.
  - Claim type: Risk-cue / Assertion-mapping
  - Support used: [Text Chunk 5]
  - Inferential bridge: If competitors substantially lower prices, Crocs may be forced to reduce its own selling prices; if these reduced prices (minus costs to sell) fall below the carrying cost, a write-down to NRV is required.
  - Limitation: The context does not provide data on the current volume of inventory held in ""end-of-life"" status or the specific pricing delta between Crocs and its competitors.

- Claim: Supply chain constraints, raw material shortages, and increased freight and material costs may influence the cost basis of inventory.
  - Claim type: Risk-cue / Assertion-mapping
  - Support used: [Text Chunk 5], [Text Chunk 2], [Text Chunk 4]
  - Inferential bridge: Increased input costs (e.g., duties, freight, and raw materials) increase the carrying value of inventory; if these costs cannot be passed to consumers via price increases, the gap between cost and NRV may widen, increasing the risk of valuation impairment.
  - Limitation: The context does not provide the specific magnitude of raw material cost increases relative to the current retail price points of the finished goods.

- Claim: Consolidated gross margin decreased from 58.8% in 2024 to 58.3% in 2025, driven primarily by incremental duties and higher freight and fulfillment costs.
  - Claim type: Factual
  - Support used: [Text Chunk 2]
  - Limitation: This is a high-level percentage measurement and does not provide the absolute dollar value of inventory or a granular breakdown of costs per product line."
